seed,pin_set,star-class,tidally-locked,day-length-hours,year-std-days,year-local-days,obliquity-degrees,obliquity-range,moons-admitted,refused-a-moon,total-tide,months-per-year-innermost,neighbor-count,brightest-neighbor-class,figure-count,largest-figure-members,ecliptic-figure-count,genesis-note-count,eclipse-year-days,brightening-per-gyr,alignment-drift-deg-per-kyr,solar-eclipses-per-century,lunar-eclipses-per-century,coincidence-days-per-century,plate-count,ocean-fraction,mountain-coverage,band-count,habitable-fraction,unrest-coverage,dominant-rock,karst-fraction,hydro-variant-coverage,aquifer-fraction,mean-depth-to-basement,unconformity-fraction,mean-geothermal-gradient,cave-fraction,deposit-density,dominant-commodity,mean-ore-grade,vestige-density,forgotten-fraction,dominant-hazard,mean-warning-legibility,dominant-land-biome,mean-land-temperature-c,dominant-soil-order,fertile-land-fraction,settlement-count,mean-population,total-population,capacity-by-abs-latitude,per-cell-diversity,composition-variance,pop-weighted-abs-latitude,rank-size-slope,flagship-subsistence,flagship-biome,flagship-coastal,flagship-structure-size,endorheic-coverage,pantheon-size,cult-form,pantheon-verticality,head-deity-periodicity,goblin-flagship-roles,kobold-flagship-roles,goblin-flagship-population,kobold-flagship-population,goblin-flagship-surplus,kobold-flagship-surplus,goblin-flagship-coastal,kobold-flagship-coastal,goblin-settlement-count,kobold-settlement-count,head-deity-domain-goblin,head-deity-domain-kobold,pantheon-size-goblin,pantheon-size-kobold,cult-form-goblin,cult-form-kobold,belief-kind-bugbear,belief-kind-goblin,belief-kind-hobgoblin,belief-kind-kobold,blind-attribution-correct,phonotactic-validity-goblin,phonotactic-validity-kobold,epithet-honorific-goblin,epithet-honorific-kobold,name-length-goblin,name-length-kobold,name-syllables-goblin,name-syllables-kobold,name-transparency,name-collision-rate,head-deity-domain-goblin-twin,pantheon-size-goblin-twin,cult-form-goblin-twin,name-length-goblin-twin,pantheon-cyclic-share-goblin,pantheon-cyclic-share-goblin-twin,name-gloss-true,lexicon-regular-goblin,cascade-rules-fired-goblin,cascade-rules-fired-bugbear,name-pattern-signatures,peoples-placed,name-people-recoverability,name-prefix-settlement-scope,name-prefix-region-scope,name-prefix-region-full-stack,lexicon-regular-kobold,exposure-sound-goblin,exposure-sound-kobold,hue-depth-goblin,hue-depth-kobold,shoreline-development,coast-roughness-slope,hypsometric-bimodality,shelf-fraction,continent-count,largest-continent-share,plate-size-gini,landmass-count,shelf-width-passive-median,shelf-width-active-median,sediment-volume,waterfall-count,delta-count,rerouted-flow-fraction,lexicon-regular-family,monophyly-goblinoid,monophyly-dwarf,clean-outgroup-kobold,inventory-closure-goblin,inventory-closure-hobgoblin,inventory-closure-bugbear,inventory-closure-kobold,divergence-magnitude-goblin,divergence-magnitude-hobgoblin,divergence-magnitude-bugbear,divergence-real,homophony-count-goblin,homophony-count-hobgoblin,homophony-count-bugbear,homophony-count-kobold,core-homophony-goblin,core-homophony-hobgoblin,core-homophony-bugbear,core-homophony-kobold,homophony-merger-share-goblin,homophony-merger-share-hobgoblin,homophony-merger-share-bugbear,homophony-merger-share-kobold,confusable-homophony-goblin,confusable-homophony-hobgoblin,confusable-homophony-bugbear,confusable-homophony-kobold,tone-count-goblin,tone-count-kobold,distinguishable-capacity-goblin,distinguishable-capacity-bugbear,distinguishable-capacity-kobold,lifespan-years-goblin,lifespan-years-kobold,age-at-maturity-years-goblin,age-at-maturity-years-kobold,basal-metabolic-rate-w-goblin,basal-metabolic-rate-w-kobold,reproductive-tempo-goblin,reproductive-tempo-kobold,generation-length-years-goblin,generation-length-years-kobold,pace-of-life-goblin,pace-of-life-kobold,chorus-distortion,chorus-distinctiveness,chorus-recoverability,chorus-variance,chorus-param-spread,chorus-sky-calibration,peoples-alive-at-bake-end,largest-holding-share,defensibility-capacity-rank-corr,toponymic-core-size,toponymic-roots-won,crisis-fires,refusal
0,goblin-solo,orange dwarf (K),false,39.468465,210.22422,127.83322,0.50286208,0.2341928,1,false,2.1014552,10.915751,2,sun-like,1,3,0,0,197.81964,0.039366628,0.014173324,414,260,0,24,0.57047996,0.57883369,3,0.13575997,0.021727455,shale,0.090258043,aquifer+aquitard+spring+runoff+karst,0.11503922,31.33123,0.35904286,24.939626,0.12993066,0.39183813,salt,0.072751503,0.0023303399,0.73170732,numinous,0.33471145,ice,-14.057515,leptosol,0.031942708,15,25.133333,377,27.682658,1,0,13.983199,-0.44474596,farming,temperate-forest,false,3,0.22536092,5,organized,flat,cyclic,"farmer,shaman,chief",,40,,0.45488698,,false,,15,0,solar,,5,,organized,,,cyclic,,,,true,,true,,9.8,,2.64,,0.8,0.15,,,,,1,,true,true,2,,1,1,,1,1,0,,true,,4,,7.6868647,0.15296167,2.5580607,0.128607,9,0.34454928,0.50274848,67,2,1,1586190.3,1,5,0.10787094,true,true,,,true,,,,4,,,,3,,,,0,,,,1,,,,0,,,,1,,180,,,49.210287,,9.8420574,,29.835811,,0.41922619,,21.652526,,0.27948413,,0.46666667,,0.4,,,,1,0.10875332,-0.23997414,7,4,true,
1,goblin-solo,yellow-white dwarf (F),false,37.217271,538.08417,346.98998,26.018308,0.53924504,2,false,6.9558867,154.48781,2,sun-like,0,0,0,0,535.50476,0.13584927,0.044659184,4010,2462,4,12,0.64857673,0.56450156,3,0.19193399,0.011864655,evaporite,0.14324418,aquifer+aquitard+spring+runoff+karst,0.12837791,24.688138,0.41125391,25.364034,0.11260854,0.39722126,salt,0.041249897,0.0011809656,0.64705882,structural,0.42119823,ice,-2.5442753,leptosol,0.053421327,8,40.25,322,40.361767,1,0,14.923495,-0.069149142,farming,temperate-forest,false,3,0.2550191,10,organized,flat,cyclic,"farmer,shaman,chief",,42,,0.5127755,,false,,8,0,solar,,10,,organized,,,cyclic,,,,true,,true,,7.5,,2.8214286,,0.75,0.27777778,,,,,1,,true,true,1,,1,1,,0.8,1,0.2,,true,,4,,6.3948803,0.10976272,2.8998282,0.088569894,9,0.30670372,0.74607767,40,2,2,1316923.2,0,4,0.061901574,true,true,,,true,,,,2,,,,0,,,,0,,,,,,,,0,,,,1,,132,,,49.210287,,9.8420574,,29.835811,,0.41922619,,21.652526,,0.27948413,,0.46666667,,0.4,,,,1,0.13043478,-0.056562507,7,2,true,
2,goblin-solo,yellow-white dwarf (F),false,30.984018,713.81569,552.91655,7.9774105,0.18925526,1,false,0.25711486,9.2551863,4,orange-giant,8,4,3,0,665.66644,0.19622325,0.011486745,49,32,0,21,0.7010644,0.4924459,3,0.17135394,0.033909477,andesite,0.13515721,aquifer+aquitard+spring+runoff+karst,0.16880359,38.819578,0.17991017,25.690957,0.069334422,0.30208248,salt,0.057644839,0.00081665986,0.7,numinous,0.3,alpine,3.2332155,leptosol,0.092527562,3,42,126,20.592181,1,0,16.975468,0,farming,temperate-forest,false,3,0.20155165,5,organized,flat,cyclic,"farmer,shaman,chief",,42,,0.49590016,,false,,3,0,solar,,5,,organized,,,cyclic,,,,true,,true,,8.2307692,,2.6153846,,0.66666667,0,,,,,1,,true,true,1,,1,1,,1,1,0,,true,,4,,6.8741607,0.16239582,3.6808297,0.063961721,9,0.37329522,0.73512268,101,1,2,1123295.8,0,5,0.042400918,true,true,,,true,,,,5,,,,7,,,,0,,,,1,,,,0,,,,1,,30,,,49.210287,,9.8420574,,29.835811,,0.41922619,,21.652526,,0.27948413,,0.46666667,,0.4,,,,1,0.33333333,-0.033686892,7,2,true,
3,goblin-solo,orange dwarf (K),false,18.362052,167.9366,219.50044,9.8012403,0.5945975,1,false,2.5858069,6.898721,3,sun-like,4,3,0,0,160.18629,0.036504615,0.043948338,32,21,0,35,0.49851081,0.6072437,5,0.21031688,0.016771642,evaporite,0.11259858,aquifer+aquitard+spring+runoff+karst,0.08485055,29.656188,0.15563236,25.513614,0.1476974,0.46456041,salt,0.058634829,0.00048680752,0.3,structural,0.75053046,alpine,3.412073,leptosol,0.04858339,9,40.777778,367,17.912778,1,0,10.241866,-0.038760686,farming,tropical-seasonal-forest,false,3,0.32767014,5,organized,flat,cyclic,"farmer,shaman,chief",,41,,0.50443857,,false,,9,0,solar,,5,,organized,,,cyclic,,,,true,,true,,7.4210526,,2,,1,0.14285714,,,,,1,,true,true,1,,1,1,,0.81818182,1,0.18181818,,true,,4,,7.07411,0.16498824,2.6092917,0.13641912,5,0.32825431,0.8227221,50,2,2,1652283.9,1,6,0.089483597,true,true,,,true,,,,1,,,,0,,,,0,,,,,,,,0,,,,1,,108,,,49.210287,,9.8420574,,29.835811,,0.41922619,,21.652526,,0.27948413,,0.46666667,,0.4,,,,1,0.11444142,-0.1380988,7,2,true,
4,goblin-solo,yellow-white dwarf (F),false,21.322605,594.82946,669.51985,19.640048,0.00098276344,2,false,2.0754212,22.939414,2,red-dwarf,4,4,0,0,576.76028,0.13342177,0.000078289589,2067,1718,82,15,0.59481959,0.52075676,3,0.15092037,0.022655144,evaporite,0.12610713,aquifer+aquitard+spring+runoff+karst,0.11399651,22.865197,0.43315057,25.098619,0.096101705,0.41019461,salt,0.056961532,0.0012050371,0.85,numinous,0.15,ice,-12.917805,leptosol,0.03934446,3,41.666667,125,32.215939,1,0,11.211028,-0.019572581,farming,temperate-forest,false,3,0.27294089,10,organized,flat,cyclic,"farmer,shaman,chief",,42,,0.52041253,,false,,3,0,solar,,10,,organized,,,cyclic,,,,true,,true,,7.2608696,,2.6521739,,1,0.38461538,,,,,1,,true,true,1,,1,1,,1,1,0,,true,,4,,6.8332566,0.14025968,2.7486131,0.1020458,9,0.21208652,0.62965676,53,2,2,1321924.1,0,4,0.053378947,true,true,,,true,,,,3,,,,13,,,,0,,,,1,,,,0,,,,1,,108,,,49.210287,,9.8420574,,29.835811,,0.41922619,,21.652526,,0.27948413,,0.44444444,,0.33333333,,,,1,0.336,-0.12156995,7,2,false,
5,goblin-solo,orange dwarf (K),false,38.510487,230.57971,143.69886,6.7765897,1.1873016,1,false,3.1306029,12.143922,3,orange-giant,2,3,0,0,218.21728,0.045276023,0.0036103012,304,196,0,12,0.73621893,0.46210088,3,0.16879059,0.0073970998,shale,0.17130958,aquifer+aquitard+spring+runoff+karst,0.24858862,20.436188,0.57371587,24.406991,0.090050902,0.31105969,salt,0.05623223,0.0059231837,0.421875,structural,0.75272469,temperate-forest,-1.1112149,leptosol,0.086626562,56,31.642857,1772,36.393091,1,0,11.978884,-0.35434783,farming,temperate-forest,false,3,0.19787136,6,organized,flat,cyclic,"farmer,shaman,chief",,41,,0.52005061,,false,,56,0,solar,,6,,organized,,,cyclic,,,,true,,true,,9.4117647,,2.8676471,,1,0.5,,,,,0.83333333,,true,true,1,,1,1,,0.95604396,1,0.043956044,,true,,4,,6.5606369,0.13360778,3.388722,0.068771056,10,0.27616844,0.65102615,39,2,2,935953.83,1,5,0.069354655,true,true,,,true,,,,4,,,,2,,,,0,,,,1,,,,0,,,,1,,126,,,49.210287,,9.8420574,,29.835811,,0.41922619,,21.652526,,0.27948413,,0.46666667,,0.4,,,,1,0.023702032,0.042501871,7,3,true,
6,goblin-solo,yellow dwarf (G),false,29.322238,515.0707,421.58094,25.027395,0.21160642,3,false,5.4776329,95.225183,3,sun-like,7,3,1,0,511.08717,0.089692091,0.012861431,6869,6832,52,35,0.62343147,0.55183144,3,0.046506518,0.020116205,gneiss,0.13011345,aquifer+aquitard+spring+runoff+karst,0.10450567,23.367679,0.37666126,24.772346,0.13024311,0.3482658,salt,0.074774187,0.0013614263,0.71428571,numinous,0.28571429,ice,-27.570138,leptosol,0.00726094,6,26.5,159,9.8867019,1,0,5.3150287,-0.14902296,farming,taiga,true,3,0.18100486,15,organized,flat,cyclic,"farmer,shaman,chief",,23,,0.40337381,,true,,6,0,solar,,15,,organized,,,cyclic,,,,true,,true,,7.5277778,,2.8611111,,1,0.57142857,,,,,0.93333333,,true,true,1,,1,1,,1,1,0,,true,,4,,6.9164442,0.13948751,3.4196126,0.078267663,8,0.23293355,0.58883704,71,2,2,1285543.5,2,5,0.092632304,true,true,,,true,,,,3,,,,3,,,,0,,,,1,,,,0,,,,1,,6,,,49.210287,,9.8420574,,29.835811,,0.41922619,,21.652526,,0.27948413,,0.46666667,,0.4,,,,1,0.18867925,-0.26718649,7,2,false,
7,goblin-solo,orange dwarf (K),false,20.044465,214.48447,256.81041,19.948296,1.1594465,1,false,3.0424187,19.449863,3,sun-like,0,0,0,0,206.93712,0.054361849,0.029419136,616,387,0,30,0.53503247,0.57786412,3,0.21715248,0.019530296,shale,0.11808254,aquifer+aquitard+spring+runoff+karst,0.17394729,27.673637,0.23926284,25.164853,0.087157408,0.40596451,salt,0.067985183,0.00094508033,0.33333333,structural,0.72865048,alpine,10.597801,leptosol,0.060327628,14,34.785714,487,7.6538082,1,0,18.492693,-0.33976222,farming,tropical-seasonal-forest,false,3,0.25611677,8,organized,flat,cyclic,"farmer,shaman,chief",,42,,0.52001468,,false,,14,0,solar,,8,,organized,,,cyclic,,,,true,,true,,6.9333333,,2.8,,1,0.27272727,,,,,1,,true,true,2,,1,1,,1,1,0,,true,,4,,7.1477727,0.15700659,2.8713505,0.10966261,6,0.36170324,0.65919145,51,2,2,1592832.7,0,5,0.087469269,true,true,,,true,,,,4,,,,3,,,,0,,,,1,,,,0,,,,1,,21,,,49.210287,,9.8420574,,29.835811,,0.41922619,,21.652526,,0.27948413,,0.46666667,,0.4,,,,1,0.0862423,-0.046771548,7,3,true,
8,goblin-solo,orange dwarf (K),true,,236.08395,,21.786886,0.24637259,2,false,6.8177564,37.87817,3,red-giant,3,3,2,0,231.61841,0.052770421,,4367,2397,42,30,0.59206093,0.52998205,locked,0.14032518,0.021825106,evaporite,0.11585877,aquifer+aquitard+spring+runoff+karst,0.19263914,23.211573,0.38725314,24.849602,0.1374626,0.37241173,salt,0.060288077,0.0041891083,0.72857143,structural,0.34993906,ice,-21.127327,leptosol,0.065110712,30,27.366667,821,1.7589254,1,0,31.658591,-0.44055811,farming,temperate-forest,true,3,0.23698384,6,organized,flat,eternal,"farmer,shaman,chief",,37,,0.61825825,,true,,30,0,solar,,6,,organized,,,eternal,,,,true,,true,,8.5952381,,2.5952381,,0.9,0.58333333,,,,,0.83333333,,true,true,2,,1,1,,0.9375,1,0.0625,,true,,4,,6.2316238,0.12655556,3.5629404,0.075801963,7,0.29096349,0.73426265,48,2,2,1309513.5,1,4,0.078021894,true,true,,,true,,,,3,,,,5,,,,0,,,,1,,,,0,,,,1,,720,,,49.210287,,9.8420574,,29.835811,,0.41922619,,21.652526,,0.27948413,,0.46666667,,0.4,,,,1,0.049939099,0.19938357,7,5,true,
9,goblin-solo,yellow dwarf (G),false,39.283304,457.07157,279.24631,20.663642,3.2220241,0,false,-0,,4,red-giant,9,4,3,0,,0.090839609,0.055531276,0,0,0,24,0.60780724,0.55287893,3,0.09967775,0.019066452,shale,0.10669157,aquifer+aquitard+spring+runoff+karst,0.1902272,31.177443,0.4422658,25.531908,0.10936819,0.35082477,salt,0.05261379,0.0017429194,0.89285714,structural,0.17001492,ice,-19.980263,leptosol,0.025147837,7,9.5714286,67,24.102264,1,0,2.9747936,-0.31559497,farming,temperate-forest,true,3,0.22103953,2,organized,flat,cyclic,"farmer,shaman,chief",,12,,0.63,,true,,7,0,solar,,2,,organized,,,cyclic,,,,true,,true,,10.454545,,2.9090909,,0.85714286,0.22222222,,,,,1,,true,true,1,,1,1,,1,1,0,,true,,4,,7.3018938,0.11944366,2.7683409,0.10978468,9,0.24102085,0.74787811,45,2,1.5,1525805.2,1,3,0.10070638,true,true,,,true,,,,4,,,,1,,,,0,,,,1,,,,0,,,,1,,360,,,49.210287,,9.8420574,,29.835811,,0.41922619,,21.652526,,0.27948413,,0.46666667,,0.4,,,,1,0.17910448,-0.20110775,7,3,false,
10,goblin-solo,yellow-white dwarf (F),false,30.954571,558.93974,433.36262,15.912464,0.47068695,1,false,1.6402643,29.528595,4,orange-giant,3,3,0,0,545.6353,0.18025142,0.035855189,273,173,0,39,0.69681656,0.52492149,3,0.14425565,0.027879498,shale,0.11820597,aquifer+aquitard+spring+runoff+karst,0.019486271,34.203864,0.1231178,26.640751,0.17102826,0.34785409,salt,0.067972603,0.00064417425,0.375,structural,0.6673174,alpine,17.198739,leptosol,0.033577583,6,40.666667,244,4.5864436,1,0,19.064497,-0.048969553,farming,tropical-seasonal-forest,false,3,0.21241646,6,organized,flat,cyclic,"farmer,shaman,chief",,41,,0.54,,false,,6,0,solar,,6,,organized,,,cyclic,,,,true,,true,,7.7777778,,2.6666667,,1,0.5,,,,,0.83333333,,true,true,0,,1,1,,1,1,0,,true,,4,,7.3348358,0.14159403,2.7750224,0.083784971,7,0.36613254,0.54891776,59,2,1,1317594.9,1,5,0.079525293,true,true,,,true,,,,1,,,,1,,,,0,,,,1,,,,0,,,,1,,126,,,49.210287,,9.8420574,,29.835811,,0.41922619,,21.652526,,0.27948413,,0.46666667,,0.4,,,,1,0.17213115,-0.072125046,7,3,true,
11,goblin-solo,yellow-white dwarf (F),false,24.024689,531.39276,530.84666,19.973192,2.0899473,0,false,-0,,3,red-giant,14,6,2,0,,0.15237887,0.044830239,0,0,0,34,0.71788487,0.48476982,3,0.1500415,0.0263659,gneiss,0.12123572,aquifer+aquitard+spring+runoff+karst,0.099515403,41.330952,0.26817238,25.939934,0.13110073,0.3347179,salt,0.068853288,0.0044998269,0.42307692,structural,0.6520232,alpine,10.831619,leptosol,0.040238837,45,31.977778,1439,9.428013,1,0,11.55543,-0.30120664,farming,tropical-seasonal-forest,false,3,0.176099,3,organized,flat,cyclic,"farmer,shaman,chief",,41,,0.54,,false,,45,0,solar,,3,,organized,,,cyclic,,,,true,,true,,8.627451,,2.4117647,,1,0.60416667,,,,,0.66666667,,true,true,2,,1,1,,0.87654321,1,0.13580247,,true,,4,,7.0915957,0.1354944,3.2168944,0.07135882,11,0.20006923,0.68159155,79,2,2,1293233.5,0,6,0.056698069,true,true,,,true,,,,4,,,,8,,,,0,,,,1,,,,0,,,,1,,48,,,49.210287,,9.8420574,,29.835811,,0.41922619,,21.652526,,0.27948413,,0.46666667,,0.4,,,,1,0.029186935,0.039416482,7,3,false,
12,goblin-solo,yellow-white dwarf (F),false,17.668131,747.07687,1014.8127,12.03345,0.76141959,1,false,2.0158435,28.629893,4,blue-giant,8,9,2,0,728.72254,0.22013259,0.055735628,242,153,0,31,0.55370832,0.55341612,5,0.17396611,0.053513012,shale,0.10201849,aquifer+aquitard+spring+runoff+karst,0.14200536,36.050257,0.48268694,25.042597,0.11038783,0.41567748,salt,0.075196049,0.0019145561,0.6,structural,0.59374561,alpine,3.9002069,leptosol,0.034297905,25,28.44,711,9.020094,1,0,4.5985957,-0.42070839,farming,tropical-seasonal-forest,false,3,0.24320333,9,organized,flat,cyclic,"farmer,shaman,chief",,41,,0.50243015,,false,,25,0,solar,,9,,organized,,,cyclic,,,,true,,true,,9.1627907,,3.0697674,,0.84,0.47058824,,,,,0.77777778,,true,true,3,,1,1,,0.90243902,1,0.097560976,,true,,4,,8.1592637,0.18939977,2.666833,0.12228407,6,0.31212735,0.70742041,94,2,1,1704498.2,1,5,0.068152252,true,true,,,true,,,,3,,,,9,,,,0,,,,1,,,,0,,,,1,,276,,,49.210287,,9.8420574,,29.835811,,0.41922619,,21.652526,,0.27948413,,0.46666667,,0.4,,,,1,0.05907173,-0.015240257,7,3,true,
13,goblin-solo,yellow dwarf (G),true,,442.32165,,26.269825,0.33714496,2,false,2.5753945,20.368416,2,orange-giant,8,5,2,0,427.41681,0.10162251,,364,195,1,28,0.63224452,0.55270844,locked,0.082881695,0.02424198,shale,0.12825279,aquifer+aquitard+spring+runoff+karst,0.14776952,26.541656,0.46521508,25.297677,0.14352098,0.37719065,salt,0.058550064,0.003850239,0.5862069,structural,0.51715876,ice,-26.292767,leptosol,0.022902284,40,32.6,1304,0.71937251,1,0,48.359862,-0.3000822,farming,temperate-forest,false,3,0.23320499,5,organized,flat,eternal,"farmer,shaman,chief",,41,,0.48241993,,false,,40,0,solar,,5,,organized,,,eternal,,,,true,,true,,12.94,,3.08,,1,0.31111111,,,,,0.8,,true,true,1,,1,1,,0.94285714,1,0.057142857,,true,,4,,6.4305229,0.1214945,3.0626915,0.082002832,9,0.21541423,0.75509357,41,2,2,1315261.3,1,7,0.047281565,true,true,,,true,,,,1,,,,5,,,,0,,,,1,,,,0,,,,1,,216,,,49.210287,,9.8420574,,29.835811,,0.41922619,,21.652526,,0.27948413,,0.5,,0.5,,,,1,0.032208589,0.1461161,7,4,true,
14,goblin-solo,yellow-white dwarf (F),false,32.445774,470.80404,348.25173,5.3469141,0.8556946,1,false,0.21532032,6.4290248,5,orange-giant,2,5,1,0,483.78674,0.12684924,0.031211531,7,6,0,34,0.72933451,0.41336701,3,0.17618769,0.028221278,gneiss,0.17696401,aquifer+aquitard+spring+runoff+karst,0.17344638,37.506677,0.50266077,24.362882,0.12753675,0.30053215,salt,0.074798067,0.0021646974,0.75,numinous,0.25,tropical-seasonal-forest,11.786326,leptosol,0.085956526,6,41.833333,251,15.878768,1,0,8.5371237,-0.0076306897,farming,tropical-seasonal-forest,false,3,0.19572472,5,organized,flat,cyclic,"farmer,shaman,chief",,42,,0.48990023,,false,,6,0,solar,,5,,organized,,,cyclic,,,,true,,true,,6.75,,2.75,,1,0.18181818,,,,,1,,true,true,2,,1,1,,1,1,0,,true,,4,,6.838258,0.15642516,3.6952052,0.062203994,9,0.19328944,0.74667626,100,1,2,991171.61,0,3,0.064444309,true,true,,,true,,,,5,,,,9,,,,0,,,,1,,,,0,,,,1,,192,,,49.210287,,9.8420574,,29.835811,,0.41922619,,21.652526,,0.27948413,,0.46666667,,0.4,,,,1,0.16733068,-0.043523564,7,3,false,
15,goblin-solo,yellow dwarf (G),false,33.830953,253.68267,179.9649,24.108515,0.033936237,2,false,7.4000931,19.591595,5,blue-giant,7,4,1,0,256.24205,0.063124792,0.0017622169,157,120,0,18,0.57597285,0.5723991,3,0.21663981,0.031956447,evaporite,0.11526282,aquifer+aquitard+spring+runoff+karst,0.18872704,29.228204,0.36300305,25.246391,0.091024239,0.36254246,salt,0.06014679,0.00011514768,0,structural,1,alpine,6.0097031,leptosol,0.056825379,2,42,84,15.190372,1,0,16.52952,0,farming,tropical-seasonal-forest,false,3,0.23179227,11,organized,flat,cyclic,"farmer,shaman,chief",,42,,0.54,,false,,2,0,solar,,11,,organized,,,cyclic,,,,true,,true,,8.8333333,,2.2083333,,1,0.46153846,,,,,0.90909091,,true,true,0,,1,1,,1,1,0,,true,,4,,6.9917752,0.13346872,3.0241876,0.10116694,7,0.3607001,0.66732039,52,2,2,1665605.6,0,6,0.084506674,true,true,,,true,,,,6,,,,0,,,,0,,,,,,,,0,,,,1,,576,,,49.210287,,9.8420574,,29.835811,,0.41922619,,21.652526,,0.27948413,,0.44444444,,0.33333333,,,,1,0.5,0.083489088,7,2,true,
16,goblin-solo,orange dwarf (K),false,31.939094,197.1304,148.12974,16.414617,3.7893679,0,false,-0,,3,sun-like,2,3,1,0,,0.03806513,0.094502644,0,0,0,16,0.49897466,0.49904985,3,0.20133294,0.047360969,shale,0.12045023,aquifer+aquitard+spring+runoff+karst,0.18715587,30.710192,0.48477318,25.367101,0.12863616,0.41173318,salt,0.057108013,0.0060420017,0.65322581,structural,0.45008735,ice,-10.175745,leptosol,0.040734785,61,33.918033,2069,33.832833,1,0,12.637969,-0.29733181,farming,temperate-forest,false,3,0.27539833,3,organized,flat,cyclic,"farmer,shaman,chief",,42,,0.53826029,,false,,61,0,solar,,3,,organized,,,cyclic,,,,true,,true,,9.5970149,,2.5373134,,1,0.53125,,,,,1,,true,true,0,,1,1,,0.86,1,0.14,,true,,4,,8.0970006,0.14329262,2.6030964,0.13893365,2,0.50908737,0.63502453,41,2,1,1770962.2,0,4,0.13741008,true,true,,,true,,,,2,,,,0,,,,0,,,,,,,,0,,,,1,,192,,,49.210287,,9.8420574,,29.835811,,0.41922619,,21.652526,,0.27948413,,0.46666667,,0.4,,,,1,0.020299662,-0.067546376,7,5,false,
17,goblin-solo,yellow-white dwarf (F),false,17.125658,667.93999,936.05512,1.8370222,1.0411647,1,false,0.64132242,20.294936,2,red-dwarf,0,0,0,0,645.21797,0.17202915,0.079361058,1110,1110,0,29,0.6229188,0.5183219,5,0.1638836,0.010521947,gneiss,0.11718244,aquifer+aquitard+spring+runoff+karst,0.082027709,27.998414,0.39563641,25.282428,0.10306876,0.3960896,salt,0.079893604,0.0052440761,0.59259259,structural,0.49875424,ice,-6.2208672,leptosol,0.068626182,57,24.947368,1422,30.584022,1,0,13.494626,-0.46746288,farming,tropical-seasonal-forest,true,3,0.26440502,5,organized,flat,cyclic,"farmer,shaman,chief",,42,,0.57978102,,true,,57,0,solar,,5,,organized,,,cyclic,,,,true,,true,,8.5223881,,2.4179104,,0.94736842,0.56451613,,,,,1,,true,true,3,,1,1,,0.90825688,2,0.19266055,,true,,4,,6.5762486,0.15156181,3.387045,0.077339974,8,0.34656222,0.7047962,53,2,2,1267448,0,5,0.062813538,true,true,,,true,,,,3,,,,1,,,,0,,,,1,,,,0,,,,1,,6,,,49.210287,,9.8420574,,29.835811,,0.41922619,,21.652526,,0.27948413,,0.46666667,,0.4,,,,1,0.029535865,-0.045297124,7,3,false,
18,goblin-solo,yellow-white dwarf (F),false,24.175235,675.48079,670.58455,12.624555,0.51690659,3,false,6.0072609,28.762159,2,red-dwarf,12,5,2,0,658.89968,0.14527943,0.033674743,724,466,8,30,0.66791172,0.55134897,3,0.1456716,0.035081295,shale,0.16047931,aquifer+aquitard+spring+runoff+karst,0.087480703,36.688155,0.30015438,25.392817,0.16643387,0.36786003,salt,0.072544386,0.0028670146,0.71794872,structural,0.23897748,taiga,-14.360027,leptosol,0.043005219,26,24.153846,628,26.038237,1,0,3.7961815,-0.39584489,farming,temperate-forest,false,3,0.24053518,16,organized,flat,cyclic,"farmer,shaman,chief",,36,,0.42859354,,false,,26,0,solar,,16,,organized,,,cyclic,,,,true,,true,,6.4482759,,2.637931,,1,0.5,,,,,1,,true,true,1,,1,1,,0.98230088,1,0.017699115,,true,,4,,6.7789576,0.14061001,3.0032089,0.077925883,11,0.26949938,0.67643995,61,2,2,1410636.7,0,6,0.090901707,true,true,,,true,,,,2,,,,0,,,,0,,,,,,,,0,,,,1,,480,,,49.210287,,9.8420574,,29.835811,,0.41922619,,21.652526,,0.27948413,,0.44444444,,0.33333333,,,,1,0.062101911,0.012037977,7,3,true,
19,goblin-solo,yellow-white dwarf (F),false,17.486359,618.39543,848.74675,11.478861,2.8024763,0,false,-0,,5,red-giant,10,5,0,0,,0.16887051,0.038064053,0,0,0,38,0.59545432,0.57190272,5,0.15065182,0.045505591,gneiss,0.10095951,aquifer+aquitard+spring+runoff+karst,0.12099451,45.839707,0.36449219,25.45734,0.15002112,0.38820832,salt,0.075738449,0.00030173194,0.4,structural,0.6,alpine,0.25540821,leptosol,0.054794521,3,16.666667,50,17.109001,1,0,6.0433948,-0.049240701,farming,tropical-seasonal-forest,false,3,0.24778227,1,organized,flat,cyclic,"farmer,shaman,chief",,17,,0.46247254,,false,,3,0,solar,,1,,organized,,,cyclic,,,,true,,true,,7,,2,,1,0,,,,,1,,true,true,2,,1,1,,1,1,0,,true,,4,,6.8896509,0.12976861,2.9965686,0.086348323,7,0.35706958,0.67582021,57,2,2,1769291.6,1,5,0.099192623,true,true,,,true,,,,3,,,,1,,,,0,,,,1,,,,0,,,,1,,720,,,49.210287,,9.8420574,,29.835811,,0.41922619,,21.652526,,0.27948413,,0.46666667,,0.4,,,,1,0.34,-0.18455608,7,3,false,
20,goblin-solo,yellow dwarf (G),false,39.305102,491.1334,299.88986,20.64228,1.9584304,1,false,0.14636774,10.580246,3,sun-like,14,6,2,0,461.28605,0.10726699,0.062673997,290,177,0,24,0.72191299,0.54411377,3,0.09950686,0.017723744,shale,0.094987271,aquifer+aquitard+spring+runoff+karst,0.11184268,32.26252,0.35835309,25.464126,0.08559389,0.31595119,salt,0.06302475,0.00070230884,0.375,structural,0.46422274,ice,-15.619478,leptosol,0.02519533,6,13,78,33.976974,1,0,12.32053,-0.45729476,farming,temperate-forest,false,3,0.17417259,10,organized,flat,cyclic,"farmer,shaman,chief",,17,,0.54,,false,,6,0,solar,,10,,organized,,,cyclic,,,,true,,true,,7.5769231,,2.6153846,,1,0,,,,,1,,true,true,0,,1,1,,1,1,0,,true,,4,,7.1221235,0.11060222,3.033582,0.074556906,13,0.34325345,0.75040281,48,2,2,1204629.3,1,3,0.052828752,true,true,,,true,,,,2,,,,1,,,,0,,,,1,,,,0,,,,1,,168,,,49.210287,,9.8420574,,29.835811,,0.41922619,,21.652526,,0.27948413,,0.46666667,,0.4,,,,1,0.21794872,-0.1455375,7,2,true,
21,goblin-solo,orange dwarf (K),false,21.632194,184.41637,204.60212,4.35263,0.049798714,1,false,7.0015151,19.017449,5,red-giant,7,7,1,0,177.75748,0.028586916,0.003815787,3767,3766,0,36,0.58363849,0.55291703,3,0.076339046,0.028074801,shale,0.10888303,aquifer+aquitard+spring+runoff+karst,0.18880094,31.160949,0.49070654,24.974287,0.13948989,0.40287306,salt,0.070446726,0.00076223981,0,structural,1,ice,-24.54873,leptosol,0.019349164,13,30.846154,401,14.346928,1,0,5.3571539,-0.23642604,farming,temperate-forest,false,3,0.2544122,6,organized,flat,cyclic,"farmer,shaman,chief",,37,,0.41796877,,false,,13,0,solar,,6,,organized,,,cyclic,,,,true,,true,,8.52,,2.4,,1,0.47368421,,,,,0.83333333,,true,true,2,,1,1,,1,1,0,,true,,4,,7.4099583,0.15137996,2.6741667,0.11886627,7,0.21536206,0.73812721,56,2,1,1506923.1,1,6,0.058136071,true,true,,,true,,,,4,,,,4,,,,0,,,,1,,,,0,,,,1,,72,,,49.210287,,9.8420574,,29.835811,,0.41922619,,21.652526,,0.27948413,,0.46666667,,0.4,,,,1,0.097256858,-0.3613916,7,3,false,
22,goblin-solo,yellow-white dwarf (F),false,21.89133,897.74666,984.22162,18.26454,0.65336805,3,false,4.7322358,92.981154,5,orange-giant,7,3,0,0,890.65799,0.21457767,0.046693507,1267,799,34,28,0.58815488,0.55180794,3,0.15267809,0.022996924,evaporite,0.12335507,aquifer+aquitard+spring+runoff+karst,0.26247777,25.765744,0.44694724,24.782094,0.13449911,0.37794902,salt,0.065714888,0.0022525193,0.81578947,structural,0.32721171,ice,-12.44086,leptosol,0.039419087,19,24,456,28.912619,1,0,2.403394,-0.46012424,farming,temperate-forest,false,3,0.25637226,15,organized,flat,cyclic,"farmer,shaman,chief",,32,,0.53378432,,false,,19,0,solar,,15,,organized,,,cyclic,,,,true,,true,,6.5510204,,2.3673469,,1,0.52941176,,,,,1,,true,true,2,,1,1,,0.97058824,1,0.029411765,,true,,4,,6.6506432,0.11892402,3.062345,0.092939798,7,0.51132187,0.66649403,46,2,2,1476250.5,0,6,0.09086482,true,true,,,true,,,,2,,,,7,,,,0,,,,1,,,,0,,,,1,,480,,,49.210287,,9.8420574,,29.835811,,0.41922619,,21.652526,,0.27948413,,0.46666667,,0.4,,,,1,0.076754386,0.035165334,7,4,true,
23,goblin-solo,orange dwarf (K),false,36.643213,135.56155,88.787987,21.513696,0.41491956,1,true,5.7234221,10.932209,3,sun-like,0,0,0,1,127.57335,0.028835526,0.010802601,730,463,0,30,0.6020458,0.59254033,3,0.21261169,0.021288023,sandstone,0.11784553,aquifer+aquitard+spring+runoff+karst,0.098705601,28.070503,0.36488559,25.418948,0.088583522,0.36960923,salt,0.058427128,0.00073615116,0.75,numinous,0.30843507,alpine,3.5461927,leptosol,0.086375069,4,41.75,167,13.85787,1,0,10.494883,-0.013152898,farming,tropical-seasonal-forest,false,3,0.23225569,7,organized,flat,cyclic,"farmer,shaman,chief",,41,,0.49592146,,false,,4,0,solar,,7,,organized,,,cyclic,,,,true,,true,,8.1111111,,2.3888889,,1,0,,,,,1,,true,true,1,,1,1,,0.66666667,1,0.33333333,,true,,4,,6.4566395,0.12122511,3.0620135,0.086079781,9,0.23526164,0.73622056,50,2,2,1487993.8,1,5,0.083280304,true,true,,,true,,,,2,,,,4,,,,0,,,,1,,,,0,,,,1,,2160,,,49.210287,,9.8420574,,29.835811,,0.41922619,,21.652526,,0.27948413,,0.46666667,,0.4,,,,1,0.25149701,-0.034961911,7,2,false,
24,goblin-solo,yellow-white dwarf (F),false,25.395143,757.4138,715.80345,6.3045318,0.65216598,2,false,2.9133166,30.509042,5,orange-giant,11,7,3,0,739.80612,0.18894438,0.0079565232,2057,2055,96,30,0.56798984,0.57945298,3,0.20816855,0.018065524,gneiss,0.13664105,aquifer+aquitard+spring+runoff+karst,0.097479656,25.848652,0.31187839,25.19548,0.1386189,0.37822107,salt,0.063808517,0.00090415913,0.8125,numinous,0.1875,ice,-6.2398726,leptosol,0.061369801,3,41.666667,125,32.320904,1,0,17.663205,-0.019572581,farming,temperate-forest,false,3,0.24434901,10,organized,flat,cyclic,"farmer,shaman,chief",,42,,0.51258494,,false,,3,0,solar,,10,,organized,,,cyclic,,,,true,,true,,8.0434783,,2.6086957,,1,0.38461538,,,,,1,,true,true,2,,1,1,,1,1,0,,true,,4,,6.6502228,0.10935951,3.2375705,0.091133245,8,0.41224005,0.76749996,45,2,2,1546411.9,2,4,0.076215803,true,true,,,true,,,,3,,,,4,,,,0,,,,1,,,,0,,,,1,,120,,,49.210287,,9.8420574,,29.835811,,0.41922619,,21.652526,,0.27948413,,0.44444444,,0.33333333,,,,1,0.336,0.071272281,7,2,false,
25,goblin-solo,yellow-white dwarf (F),false,20.615434,518.35026,603.45109,34.627306,0.98975313,2,false,4.0368294,33.483907,3,red-giant,9,5,2,0,507.39083,0.13112835,0.043685752,387,251,0,29,0.56664714,0.60576869,3,0.20304184,0.0080562473,evaporite,0.10348713,aquifer+aquitard+spring+runoff+karst,0.092389161,25.050466,0.22381838,25.874359,0.1060222,0.3875838,salt,0.058453966,0.0049574672,0.39772727,structural,0.73663706,ice,-3.8958572,leptosol,0.047771957,79,29.924051,2364,27.273799,1,0,13.474947,-0.38856313,farming,temperate-forest,false,3,0.25976001,11,organized,flat,cyclic,"farmer,shaman,chief",,41,,0.53810486,,false,,79,0,solar,,11,,organized,,,cyclic,,,,true,,true,,7.7128713,,2.8613861,,1,0.48888889,,,,,1,,true,true,2,,1,1,,0.86554622,1,0.13445378,,true,,4,,6.1470173,0.11178449,3.0197434,0.088667546,5,0.73083207,0.69813907,47,2,2,1453859,0,5,0.071875416,true,true,,,true,,,,3,,,,24,,,,0,,,,1,,,,0,,,,1,,324,,,49.210287,,9.8420574,,29.835811,,0.41922619,,21.652526,,0.27948413,,0.44444444,,0.33333333,,,,1,0.017766497,0.0075379028,7,4,true,
26,goblin-solo,orange dwarf (K),false,17.831834,210.60119,283.44973,14.952708,0.11471706,1,false,1.1534936,10.080006,2,sun-like,15,6,3,0,205.89315,0.035263184,0.0080881814,32,22,0,15,0.51528246,0.61833291,5,0.082637567,0.010106928,evaporite,0.096549987,aquifer+aquitard+spring+runoff+karst,0.19355326,23.535944,0.19022916,25.746576,0.072576177,0.4199446,salt,0.050547462,0.00060438177,0.75,structural,0.34000784,ice,-24.67192,leptosol,0.018030723,6,37.166667,223,16.789872,1,0,14.636742,-0.06387735,farming,taiga,false,3,0.29685218,5,organized,flat,cyclic,"farmer,shaman,chief",,38,,0.52634488,,false,,6,0,solar,,5,,organized,,,cyclic,,,,true,,true,,6.875,,2.25,,1,0.27272727,,,,,1,,true,true,2,,1,1,,0.76470588,1,0.23529412,,true,,4,,7.0209804,0.15602944,2.6419125,0.13815243,8,0.28133971,0.77023257,64,2,1,1512288.5,1,3,0.066363782,true,true,,,true,,,,4,,,,3,,,,0,,,,1,,,,0,,,,1,,24,,,49.210287,,9.8420574,,29.835811,,0.41922619,,21.652526,,0.27948413,,0.46666667,,0.4,,,,1,0.17488789,-0.15127346,7,2,true,
27,goblin-solo,yellow-white dwarf (F),false,19.147265,717.87433,899.81436,11.817192,3.4058996,1,false,0.37978858,45.505501,4,blue-giant,15,5,2,0,706.52679,0.1334245,0.067990063,392,250,0,30,0.68741761,0.55631053,5,0.03393389,0.017381964,andesite,0.13003749,aquifer+aquitard+spring+runoff+karst,0.060762262,33.946113,0.19431428,26.373824,0.14229928,0.35613871,salt,0.057301442,0.00031240237,0,structural,1,ice,-27.872122,leptosol,0.0064042487,4,35.25,141,9.3985264,1,0,5.9778747,-0.094829328,farming,taiga,false,3,0.22071228,5,organized,flat,cyclic,"farmer,shaman,chief",,37,,0.53260051,,false,,4,0,solar,,5,,organized,,,cyclic,,,,true,,true,,7.2142857,,2.4285714,,1,0,,,,,1,,true,true,1,,1,1,,1,1,0,,true,,4,,6.6368695,0.12170229,3.0723818,0.074093062,10,0.20228054,0.76457692,51,2,2,1352601.9,0,6,0.10448876,true,true,,,true,,,,6,,,,6,,,,0,,,,1,,,,0,,,,1,,180,,,49.210287,,9.8420574,,29.835811,,0.41922619,,21.652526,,0.27948413,,0.46666667,,0.4,,,,1,0.26241135,-0.27575936,7,2,true,
28,goblin-solo,yellow dwarf (G),false,33.087197,428.26931,310.64776,17.882228,0.23277889,3,false,5.7324249,41.480007,3,red-giant,6,4,0,0,420.85011,0.088317213,0.018446736,1616,1021,43,35,0.74049119,0.49369708,3,0.08717836,0.016381036,shale,0.10084666,aquifer+aquitard+spring+runoff+karst,0.046284102,29.436105,0.17883349,26.805954,0.090874882,0.32079022,salt,0.05758646,0.0044214487,0.42553191,structural,0.63081219,ice,-16.395262,leptosol,0.031796802,54,26.314815,1421,31.33434,1,0,14.306984,-0.28849888,farming,temperate-forest,true,3,0.16669802,18,organized,flat,cyclic,"farmer,shaman,chief",,42,,0.5392957,,true,,54,0,solar,,18,,organized,,,cyclic,,,,true,,true,,11.466667,,3.0777778,,1,0.36111111,,,,,1,,true,true,2,,1,1,,0.97826087,1,0.02173913,,true,,4,,7.0738667,0.1224899,2.6536593,0.084297642,10,0.24233302,0.72044613,43,2,1,1106108.4,0,4,0.1231841,true,true,,,true,,,,2,,,,1,,,,0,,,,1,,,,0,,,,1,,18,,,49.210287,,9.8420574,,29.835811,,0.41922619,,21.652526,,0.27948413,,0.44444444,,0.33333333,,,,1,0.02955665,-0.11102555,7,5,true,
29,goblin-solo,yellow dwarf (G),false,24.010308,331.32169,331.17945,17.743611,0.88342039,0,false,-0,,2,sun-like,10,5,0,0,,0.0597861,0.049870217,0,0,0,20,0.5667692,0.59348586,3,0.087129535,0.026390313,evaporite,0.11196889,aquifer+aquitard+spring+runoff+karst,0.13665051,28.241222,0.44607235,25.355085,0.1591908,0.43322439,salt,0.070607568,0.001239716,0.59090909,structural,0.48366411,ice,-19.900599,leptosol,0.016848867,16,23.125,370,15.45888,1,0,11.23605,-0.59902325,farming,temperate-forest,false,3,0.30840753,2,organized,flat,cyclic,"farmer,shaman,chief",,36,,0.54,,false,,16,0,solar,,2,,organized,,,cyclic,,,,true,,true,,8.3,,3.4,,1,0.33333333,,,,,1,,true,true,2,,1,1,,0.83333333,1,0.16666667,,true,,4,,6.3843645,0.14183783,2.966342,0.095112543,4,0.56395808,0.50911821,47,2,1,1475143.6,1,6,0.081664735,true,true,,,true,,,,2,,,,8,,,,0,,,,1,,,,0,,,,1,,1596,,,49.210287,,9.8420574,,29.835811,,0.41922619,,21.652526,,0.27948413,,0.46666667,,0.4,,,,1,0.097297297,-0.070810259,7,3,false,
30,goblin-solo,yellow-white dwarf (F),false,31.184414,906.62394,697.7516,28.303073,3.7270843,0,false,-0,,4,red-giant,0,0,0,0,,0.20987901,0.16722105,0,0,0,39,0.57829208,0.53977075,3,0.13492994,0.015233631,gneiss,0.098008568,aquifer+aquitard+spring+runoff+karst,0.087935626,33.52444,0.27069584,25.968211,0.1099919,0.38323492,salt,0.064843974,0.00057890471,0.5,structural,0.58356387,ice,-17.073164,leptosol,0.030971402,7,40.428571,283,24.881948,1,0,8.7266568,-0.036766209,farming,temperate-forest,false,3,0.25193933,2,organized,flat,cyclic,"farmer,shaman,chief",,42,,0.53919536,,false,,7,0,solar,,2,,organized,,,cyclic,,,,true,,true,,11.181818,,3.3636364,,1,0,,,,,1,,true,true,2,,1,1,,1,1,0,,true,,4,,7.0593988,0.12685456,2.9555269,0.09652849,6,0.56570568,0.67767374,36,2,2,1623534.7,1,4,0.054310252,true,true,,,true,,,,1,,,,12,,,,0,,,,1,,,,0,,,,1,,336,,,49.210287,,9.8420574,,29.835811,,0.41922619,,21.652526,,0.27948413,,0.46666667,,0.4,,,,1,0.14840989,-0.049421927,7,3,false,
31,goblin-solo,yellow-white dwarf (F),false,29.360295,809.8111,661.96427,25.124644,0.76539585,2,false,2.7647099,55.72716,5,orange-giant,17,8,6,0,799.33122,0.20015628,0.06066047,437,291,7,37,0.64821054,0.59083969,3,0.13634588,0.044675553,gneiss,0.092158223,aquifer+aquitard+spring+runoff+karst,0.050312283,54.699659,0.12470507,26.633545,0.15482304,0.34489938,salt,0.070543027,0.0026370576,0.23684211,structural,0.83119588,ice,-12.401368,leptosol,0.028105482,36,36.222222,1304,30.201381,1,0,12.116115,-0.21179151,farming,taiga,false,3,0.1981263,10,organized,flat,cyclic,"farmer,shaman,chief",,41,,0.52446109,,false,,36,0,solar,,10,,organized,,,cyclic,,,,true,,true,,9.3571429,,2.5892857,,0.94444444,0.34782609,,,,,1,,true,true,0,,1,1,,0.86956522,1,0.13043478,,true,,4,,7.1788501,0.14237854,2.8001284,0.08981495,10,0.19354615,0.77674496,61,2,2,1772198.6,0,5,0.10367225,true,true,,,true,,,,2,,,,4,,,,0,,,,1,,,,0,,,,1,,108,,,49.210287,,9.8420574,,29.835811,,0.41922619,,21.652526,,0.27948413,,0.46666667,,0.4,,,,1,0.032208589,-0.10276297,7,4,true,
32,goblin-solo,yellow-white dwarf (F),false,30.947686,700.37069,543.13904,30.49692,4.4626664,0,false,-0,,4,blue-giant,10,6,3,0,,0.14243151,0.2737558,0,0,0,37,0.70992627,0.53652584,3,0.069088423,0.027733021,shale,0.14660832,aquifer+aquitard+spring+runoff+karst,0.16116815,24.553038,0.48863828,25.332603,0.16074735,0.37998653,salt,0.0677691,0.00058912641,0.28571429,structural,0.75040852,ice,-17.826724,leptosol,0.021208551,6,37.666667,226,15.994077,1,0,8.3101346,-0.084784645,farming,taiga,false,3,0.26855748,3,organized,flat,cyclic,"farmer,shaman,chief",,39,,0.44855166,,false,,6,0,solar,,3,,organized,,,cyclic,,,,true,,true,,8.9166667,,2.9166667,,1,0.44444444,,,,,0.66666667,,true,true,0,,1,1,,0.75,1,0.25,,true,,4,,6.0981691,0.13860889,3.2263948,0.064083785,11,0.24726477,0.73356321,60,2,2,976335.75,0,4,0.062307256,true,true,,,true,,,,2,,,,0,,,,0,,,,,,,,0,,,,1,,168,,,49.210287,,9.8420574,,29.835811,,0.41922619,,21.652526,,0.27948413,,0.46666667,,0.4,,,,1,0.17699115,-0.12283986,7,4,false,
33,goblin-solo,yellow dwarf (G),false,34.207894,431.65614,302.84669,22.103478,0.37864482,2,false,5.5979459,34.704087,4,red-giant,7,4,2,0,422.79812,0.085252026,0.0022741589,958,595,7,26,0.72718617,0.40402685,3,0.10321762,0.018993213,andesite,0.16751678,aquifer+aquitard+spring+runoff+karst,0.23391499,24.902936,0.52769575,24.859379,0.12501119,0.29136465,salt,0.043369466,0.00062639821,0.42857143,structural,0.55703159,ice,-10.635455,leptosol,0.044205817,5,40.2,201,27.97817,1,0,1.0494863,-0.028893009,farming,temperate-forest,false,3,0.19534676,10,organized,flat,cyclic,"farmer,shaman,chief",,40,,0.40522001,,false,,5,0,solar,,10,,organized,,,cyclic,,,,true,,true,,8.12,,2.2,,1,0.33333333,,,,,1,,true,true,1,,1,1,,0.77777778,1,0.22222222,,true,,4,,6.6438105,0.16363679,3.8168645,0.062692251,7,0.21852349,0.76734534,73,1,2,878088.07,1,7,0.09728626,true,true,,,true,,,,5,,,,0,,,,0,,,,,,,,0,,,,1,,1596,,,49.210287,,9.8420574,,29.835811,,0.41922619,,21.652526,,0.27948413,,0.46666667,,0.4,,,,1,0.2039801,-0.16644641,7,2,true,
34,goblin-solo,yellow-white dwarf (F),false,38.888037,880.38193,543.33333,16.012443,0.71742693,2,false,4.8832254,107.0367,3,red-dwarf,5,5,1,0,874.31345,0.18403781,0.044902085,4451,3628,3,18,0.7276256,0.48660034,3,0.089106977,0.0098627997,andesite,0.17289594,aquifer+aquitard+spring+runoff+karst,0.32069553,20.011944,0.64820292,24.113148,0.071524603,0.28251322,salt,0.056874771,0.0012548176,0.64285714,structural,0.43768793,taiga,-17.179495,leptosol,0.025544501,7,35.857143,251,20.318346,1,0,4.0516157,-0.065891495,farming,temperate-forest,false,3,0.17020704,10,organized,flat,cyclic,"farmer,shaman,chief",,37,,0.46689421,,false,,7,0,solar,,10,,organized,,,cyclic,,,,true,,true,,7.5185185,,2.4074074,,0.85714286,0.35294118,,,,,1,,true,true,1,,1,1,,0.77777778,1,0.22222222,,true,,4,,6.2544187,0.12375447,3.8783763,0.058444412,9,0.15541812,0.71848705,64,1,2,919275.26,2,5,0.078270004,true,true,,,true,,,,4,,,,0,,,,0,,,,,,,,0,,,,1,,36,,,49.210287,,9.8420574,,29.835811,,0.41922619,,21.652526,,0.27948413,,0.46666667,,0.4,,,,1,0.15139442,-0.030736039,7,3,false,
35,goblin-solo,orange dwarf (K),false,33.981773,309.75913,218.77078,2.8267815,1.6177503,0,false,-0,,2,white-dwarf,5,5,3,0,,0.047421132,0.052416111,0,0,0,17,0.64613544,0.58544326,3,0.028196865,0.011986719,evaporite,0.10817523,aquifer+aquitard+spring+runoff+karst,0.18109693,19.160199,0.35405312,25.190219,0.051672991,0.43973784,salt,0.048330036,0.001793722,0.61538462,structural,0.468082,ice,-32.429488,leptosol,0.0013107968,14,32.357143,453,7.6403013,1,0,6.6247562,-0.073445505,farming,taiga,true,3,0.32114522,1,organized,flat,cyclic,"farmer,shaman,chief",,35,,0.59360161,,true,,14,0,solar,,1,,organized,,,cyclic,,,,true,,true,,7.0625,,2.9375,,0.57142857,0.13333333,,,,,1,,true,true,1,,1,1,,0.8,1,0.2,,true,,4,,5.8284335,0.11524074,3.114246,0.07646111,9,0.25146602,0.65502316,34,2,2,1188643.9,0,5,0.083834894,true,true,,,true,,,,2,,,,0,,,,0,,,,,,,,0,,,,1,,12,,,49.210287,,9.8420574,,29.835811,,0.41922619,,21.652526,,0.27948413,,0.46666667,,0.4,,,,1,0.077262693,-0.25855739,7,3,false,
36,goblin-solo,yellow-white dwarf (F),false,16.891725,1066.5243,1515.3328,32.816732,0.66232758,3,false,2.4366398,100.85607,5,red-giant,1,3,1,0,1058.8086,0.20431895,0.0035032037,2025,1876,57,10,0.6386651,0.43145733,5,0.038743225,0.027830672,evaporite,0.12526181,aquifer+aquitard+spring+runoff+karst,0.17897439,36.187496,0.23383555,25.28817,0.063644348,0.30612796,salt,0.063997543,0.0016890751,0.28,structural,0.67361595,ice,-31.059404,leptosol,0.0035132761,25,23.48,587,9.961715,1,0,2.5597818,-0.34817213,farming,taiga,true,3,0.22464698,15,organized,flat,cyclic,"farmer,shaman,chief",,35,,0.63,,true,,25,0,solar,,15,,organized,,,cyclic,,,,true,,true,,7.3090909,,2.5636364,,1,0.5,,,,,0.93333333,,true,true,2,,1,1,,0.95,1,0.05,,true,,4,,6.9709789,0.20968326,3.889701,0.07050437,7,0.23086278,0.66605146,126,1,2,1161310.6,0,4,0.067777676,true,true,,,true,,,,6,,,,9,,,,0,,,,1,,,,0,,,,1,,240,,,49.210287,,9.8420574,,29.835811,,0.41922619,,21.652526,,0.27948413,,0.44444444,,0.33333333,,,,1,0.059625213,-0.13262766,7,3,false,
37,goblin-solo,orange dwarf (K),false,26.63299,335.50736,302.33844,18.689662,0.31190668,2,false,3.7647175,21.925019,4,sun-like,6,4,3,0,324.97516,0.05398384,0.011595124,335,213,1,14,0.69449734,0.56169091,3,0.032029686,0.022728382,evaporite,0.11435193,aquifer+aquitard+spring+runoff+karst,0.14567684,24.093476,0.31260988,25.218241,0.071599808,0.39699537,salt,0.059947451,0.002237494,0.60714286,structural,0.53048572,ice,-30.620773,leptosol,0.007671408,19,27.157895,516,10.035405,1,0,7.0238314,-0.29106035,farming,taiga,true,3,0.278568,10,organized,flat,cyclic,"farmer,shaman,chief",,36,,0.58210025,,true,,19,0,solar,,10,,organized,,,cyclic,,,,true,,true,,7.1538462,,2.7692308,,0.73684211,0.55172414,,,,,1,,true,true,2,,1,1,,0.94871795,1,0.051282051,,true,,4,,5.3724279,0.10173582,3.6158787,0.06098335,7,0.28520058,0.4933039,41,2,2,1039243.1,0,4,0.071780163,true,true,,,true,,,,2,,,,0,,,,0,,,,,,,,0,,,,1,,27,,,49.210287,,9.8420574,,29.835811,,0.41922619,,21.652526,,0.27948413,,0.44444444,,0.33333333,,,,1,0.069767442,-0.1468996,7,3,true,
38,goblin-solo,yellow dwarf (G),false,20.200098,266.16895,316.23881,15.753202,0.51107711,3,false,4.9268212,28.35539,4,orange-giant,3,4,0,0,259.55145,0.068332273,0.028327357,1252,780,7,12,0.73394854,0.48394201,3,0.13781065,0.014208291,sandstone,0.094145715,aquifer+aquitard+spring+runoff+karst,0.17783079,38.170801,0.31666361,25.992971,0.088731877,0.32593136,salt,0.050794349,0.002110479,0.52173913,numinous,0.47826087,alpine,8.8526513,leptosol,0.060102771,11,38.545455,424,9.7157714,1,0,1.1539047,-0.1004309,farming,tropical-seasonal-forest,false,3,0.19012663,15,organized,flat,cyclic,"farmer,shaman,chief",,41,,0.4750949,,false,,11,0,solar,,15,,organized,,,cyclic,,,,true,,true,,6.6341463,,2.3902439,,0.90909091,0.38461538,,,,,0.93333333,,true,true,2,,1,1,,1,1,0,,true,,4,,7.1201444,0.17751399,3.5744859,0.061886627,9,0.23646541,0.5061317,126,1,2,1101622,1,6,0.077476293,true,true,,,true,,,,4,,,,2,,,,0,,,,1,,,,0,,,,1,,60,,,49.210287,,9.8420574,,29.835811,,0.41922619,,21.652526,,0.27948413,,0.44444444,,0.33333333,,,,1,0.099056604,0.018387574,7,2,true,
39,goblin-solo,yellow dwarf (G),false,28.984705,459.0317,380.08877,30.347629,1.7121121,1,false,1.7252418,20.714688,2,orange-giant,2,3,1,0,443.77715,0.079820565,0.057315143,296,183,0,39,0.61810947,0.53678962,3,0.044699966,0.040183585,gneiss,0.12082081,aquifer+aquitard+spring+runoff+karst,0.12702167,36.387214,0.28683756,25.87112,0.1011315,0.32576871,salt,0.074046904,0.0014063799,1,structural,0.048537381,ice,-29.12288,leptosol,0.0066483411,6,3.5,21,10.797247,1,0,5.9106471,-0.47738606,farming,taiga,true,3,0.18909416,6,organized,flat,cyclic,"farmer,shaman,chief",,5,,0.63,,true,,6,0,solar,,6,,organized,,,cyclic,,,,true,,true,,11.388889,,2.5,,0.83333333,0,,,,,1,,true,true,1,,1,1,,1,1,0,,true,,4,,7.5569082,0.13548415,3.0445273,0.089985841,11,0.20219907,0.73708465,46,2,2,1591988.5,2,3,0.051760246,true,true,,,true,,,,1,,,,0,,,,0,,,,,,,,0,,,,1,,360,,,49.210287,,9.8420574,,29.835811,,0.41922619,,21.652526,,0.27948413,,0.46666667,,0.4,,,,1,0.23809524,-0.2422426,7,3,true,
40,goblin-solo,yellow-white dwarf (F),false,35.322824,407.52318,276.89055,32.441977,1.5207381,2,false,0.8499224,28.14596,5,sun-like,23,6,4,0,397.34081,0.1238627,0.1126314,479,305,2,20,0.68331624,0.48334875,3,0.15634002,0.033738587,shale,0.14885908,aquifer+aquitard+spring+runoff+karst,0.2450663,24.541579,0.69989208,24.053443,0.080635214,0.31984274,salt,0.062618919,0.00046253469,0.66666667,numinous,0.33333333,alpine,20.70265,leptosol,0.066836263,2,41.5,83,4.2757979,1,0,13.269251,-0.034765418,farming,tropical-rainforest,true,3,0.17221708,14,organized,flat,cyclic,"farmer,shaman,chief",,41,,0.63,,true,,2,0,solar,,14,,organized,,,cyclic,,,,true,,true,,8.9333333,,2.2333333,,1,0.3125,,,,,0.92857143,,true,true,0,,1,1,,1,1,0,,true,,4,,7.1485186,0.12207335,3.3094551,0.079463893,10,0.16551033,0.80673063,81,2,2,1194772.4,1,5,0.084134889,true,true,,,true,,,,4,,,,0,,,,0,,,,,,,,0,,,,1,,576,,,49.210287,,9.8420574,,29.835811,,0.41922619,,21.652526,,0.27948413,,0.44444444,,0.33333333,,,,1,0.5060241,-0.053314565,7,2,true,
41,goblin-solo,yellow-white dwarf (F),false,29.232728,785.69124,645.05064,3.9968108,1.3822485,1,false,0.86060394,21.032897,3,red-giant,5,5,1,0,759.82764,0.20017167,0.095095049,978,978,0,23,0.73551096,0.49335426,3,0.1246277,0.03232264,sandstone,0.13365331,aquifer+aquitard+spring+runoff+karst,0.064334502,39.660067,0.2934281,26.083087,0.12146945,0.32388776,salt,0.071011101,0.0010153221,0.63636364,numinous,0.36363636,ice,-6.6619054,leptosol,0.067749677,4,38,152,35.537271,1,0,15.735404,-0.17460453,farming,tropical-seasonal-forest,false,3,0.19558796,5,organized,flat,cyclic,"farmer,shaman,chief",,42,,0.5301203,,false,,4,0,solar,,5,,organized,,,cyclic,,,,true,,true,,8.6428571,,2.2857143,,1,0.33333333,,,,,1,,true,true,1,,1,1,,1,1,0,,true,,4,,7.0128333,0.13054742,3.0910876,0.066940091,11,0.21894037,0.73075364,72,1,1,1227808.8,0,5,0.081015728,true,true,,,true,,,,2,,,,1,,,,0,,,,1,,,,0,,,,1,,576,,,49.210287,,9.8420574,,29.835811,,0.41922619,,21.652526,,0.27948413,,0.46666667,,0.4,,,,1,0.27631579,-0.12767286,7,3,false,
42,goblin-solo,yellow dwarf (G),false,21.11712,368.05357,418.29974,0.95930567,0.253804,2,false,4.7005903,22.012258,5,red-giant,2,3,1,0,356.47412,0.077572545,0.016459572,535,339,0,16,0.72984718,0.49394542,3,0.10275377,0.020335921,shale,0.12326044,aquifer+aquitard+spring+runoff+karst,0.1749503,18.47109,0.40249413,24.788488,0.056750407,0.30986806,salt,0.053247157,0.00063256823,0.42857143,structural,0.62540852,ice,-12.157681,leptosol,0.058557744,5,37.8,189,35.357849,1,0,6.8392047,-0.062262897,farming,temperate-forest,false,3,0.18326405,10,organized,flat,cyclic,"farmer,shaman,chief",,34,,0.51807375,,false,,5,0,solar,,10,,organized,,,cyclic,,,,true,,true,,6.48,,2.2,,1,0.46666667,,,,,1,,true,true,0,,1,1,,0.71428571,1,0.28571429,,true,,4,,6.2601992,0.1056785,3.1526699,0.075972853,11,0.18019158,0.74173929,30,2,1,1009469.5,0,7,0.069852308,true,true,,,true,,,,3,,,,1,,,,0,,,,1,,,,0,,,,1,,132,,,49.210287,,9.8420574,,29.835811,,0.41922619,,21.652526,,0.27948413,,0.44444444,,0.33333333,,,,1,0.20634921,0.020084678,7,2,true,
43,goblin-solo,orange dwarf (K),false,32.014807,229.78901,172.26205,17.486596,4.4009505,0,false,-0,,4,sun-like,3,3,1,0,,0.048084454,0.16532016,0,0,0,16,0.67814072,0.52093447,3,0.18231532,0.038840877,shale,0.12393811,aquifer+aquitard+spring+runoff+karst,0.17164745,33.833707,0.46776396,25.273095,0.069326456,0.36976638,salt,0.063983615,0.00045509709,0.5,structural,0.5007256,ice,-2.0611342,leptosol,0.049302184,4,16,64,33.342541,1,0,10.047041,-0.23199838,farming,tropical-seasonal-forest,false,3,0.20069782,2,organized,flat,cyclic,"farmer,shaman,chief",,18,,0.53586282,,false,,4,0,solar,,2,,organized,,,cyclic,,,,true,,true,,7.625,,1.875,,1,0.33333333,,,,,1,,true,true,1,,1,1,,1,1,0,,true,,4,,7.4278179,0.14232524,2.6492429,0.10133783,11,0.26433556,0.68800962,57,2,1,1352673.7,0,6,0.07810912,true,true,,,true,,,,2,,,,5,,,,0,,,,1,,,,0,,,,1,,54,,,49.210287,,9.8420574,,29.835811,,0.41922619,,21.652526,,0.27948413,,0.46666667,,0.4,,,,1,0.28125,0.1297467,7,2,false,
44,goblin-solo,yellow dwarf (G),false,38.456168,347.55298,216.90334,20.990588,2.4555922,1,false,0.4926356,7.8238561,3,sun-like,13,6,3,0,320.55282,0.099651332,0.12493326,102,64,0,35,0.51166935,0.59881018,3,0.20890093,0.03325033,evaporite,0.11888217,aquifer+aquitard+spring+runoff+karst,0.16857471,28.589851,0.49527571,25.015487,0.083487477,0.4186372,salt,0.074286437,0.0021496775,0.37209302,structural,0.71526027,alpine,13.594815,leptosol,0.044843274,38,30.578947,1162,5.3164992,1,0,10.46181,-0.36270181,farming,tropical-seasonal-forest,false,3,0.28215768,7,organized,flat,cyclic,"farmer,shaman,chief",,42,,0.52717258,,false,,38,0,solar,,7,,organized,,,cyclic,,,,true,,true,,9.0192308,,2.6538462,,0.73684211,0.42222222,,,,,0.85714286,,true,true,0,,1,1,,0.92307692,1,0.076923077,,true,,4,,6.4128364,0.1242498,3.1564639,0.095722865,5,0.34249863,0.6694874,34,2,1,1714944.6,4,8,0.099342883,true,true,,,true,,,,3,,,,0,,,,0,,,,,,,,0,,,,1,,90,,,49.210287,,9.8420574,,29.835811,,0.41922619,,21.652526,,0.27948413,,0.46666667,,0.4,,,,1,0.036144578,-0.072098469,7,4,true,
45,goblin-solo,orange dwarf (K),false,23.459299,219.60728,224.66889,0.33645571,1.5535757,1,false,2.1233431,8.3579438,5,red-giant,3,4,0,0,227.21595,0.036747455,0.0094016555,27,20,0,23,0.7056052,0.47118335,3,0.095796104,0.023509594,evaporite,0.16610001,aquifer+aquitard+spring+runoff+karst,0.20532382,32.317564,0.37399453,24.831265,0.074384277,0.33808774,salt,0.072260374,0.0013268099,1,structural,0.14356693,taiga,-13.813953,leptosol,0.026121569,6,6,36,21.086595,1,0,12.287712,-0.66933573,farming,temperate-forest,true,3,0.21345053,7,organized,flat,cyclic,"farmer,shaman,chief",,7,,0.63,,true,,6,0,solar,,7,,organized,,,cyclic,,,,true,,true,,11.2,,4.15,,1,0,,,,,0.85714286,,true,true,0,,1,1,,1,1,0,,true,,4,,7.2787819,0.1742107,3.6025578,0.068063083,9,0.24272328,0.59195055,112,1,2,1109354.9,0,4,0.12209285,true,true,,,true,,,,0,,,,0,,,,0,,,,,,,,0,,,,1,,720,,,49.210287,,9.8420574,,29.835811,,0.41922619,,21.652526,,0.27948413,,0.46666667,,0.4,,,,1,0.30555556,-0.081149244,7,2,true,
46,goblin-solo,yellow-white dwarf (F),false,35.245553,541.34997,368.62521,11.835941,0.26393542,3,false,4.9002027,51.374532,2,orange-giant,14,4,2,0,533.71179,0.1178677,0.020848624,3654,2830,239,35,0.68917533,0.53330192,3,0.11605879,0.038377032,shale,0.10014138,aquifer+aquitard+spring+runoff+karst,0.016336789,42.034175,0.099434496,26.623264,0.13886271,0.40457116,salt,0.070152278,0.0025918944,0.6969697,structural,0.66846206,ice,-12.445733,leptosol,0.032280867,23,24.608696,566,26.895502,1,0,5.9109813,-0.57069047,farming,temperate-forest,false,3,0.24622997,14,organized,flat,cyclic,"farmer,shaman,chief",,42,,0.54,,false,,23,0,solar,,14,,organized,,,cyclic,,,,true,,true,,7.3137255,,2.4901961,,1,0.37837838,,,,,1,,true,true,1,,1,1,,0.92982456,1,0.070175439,,true,,4,,7.662546,0.15148021,2.8033448,0.088521068,8,0.37818096,0.73357467,54,2,1,1472428.8,0,4,0.10783762,true,true,,,true,,,,2,,,,18,,,,0,,,,1,,,,0,,,,1,,72,,,49.210287,,9.8420574,,29.835811,,0.41922619,,21.652526,,0.27948413,,0.44444444,,0.33333333,,,,1,0.074204947,-0.11699063,7,4,true,
47,goblin-solo,yellow-white dwarf (F),false,34.7666,421.40756,290.90511,23.776874,0.37474446,1,false,0.20879261,23.862257,3,red-dwarf,1,4,0,0,409.14683,0.12809273,0.024707802,284,180,0,20,0.67125629,0.52123868,3,0.1399834,0.031834383,evaporite,0.11852072,aquifer+aquitard+spring+runoff+karst,0.1347839,34.804173,0.22010991,25.724791,0.10760434,0.37108273,salt,0.065491077,0.00037130551,0.4,structural,0.6,alpine,17.560766,leptosol,0.06133967,3,40.666667,122,4.7149654,1,0,5.1097435,-0.020055903,farming,tropical-seasonal-forest,false,3,0.2615476,9,organized,flat,cyclic,"farmer,shaman,chief",,41,,0.43086885,,false,,3,0,solar,,9,,organized,,,cyclic,,,,true,,true,,6.3809524,,2.2380952,,1,0.16666667,,,,,0.88888889,,true,true,1,,1,1,,1,1,0,,true,,4,,6.6842262,0.12644596,3.1304141,0.073116547,8,0.25961681,0.74315463,54,2,2,1350259.5,0,6,0.087971644,true,true,,,true,,,,3,,,,2,,,,0,,,,1,,,,0,,,,1,,165,,,49.210287,,9.8420574,,29.835811,,0.41922619,,21.652526,,0.27948413,,0.46666667,,0.4,,,,1,0.33606557,-0.1550312,7,2,true,
48,goblin-solo,yellow-white dwarf (F),false,33.280165,752.73819,542.83736,1.1639289,0.91634022,1,false,4.1094547,45.663378,4,blue-giant,1,3,1,0,740.94427,0.1835787,0.069937663,289,180,0,11,0.6274596,0.49560944,3,0.16366388,0.006591475,shale,0.12365662,aquifer+aquitard+spring+runoff+karst,0.21074705,18.361648,0.51743119,24.584663,0.092726081,0.38964613,salt,0.048910504,0.0005242464,0.875,structural,0.2837045,ice,-7.8900429,leptosol,0.05,3,38.333333,115,34.264696,1,0,9.5687975,-0.025133235,farming,tropical-seasonal-forest,false,3,0.26002621,8,organized,flat,cyclic,"farmer,shaman,chief",,38,,0.54,,false,,3,0,solar,,8,,organized,,,cyclic,,,,true,,true,,8.1578947,,2.4210526,,1,0,,,,,0.875,,true,true,1,,1,1,,1,1,0,,true,,4,,6.8629574,0.11404062,2.9173857,0.093965138,7,0.21015727,0.6983812,42,2,1,1217621.9,0,5,0.091571906,true,true,,,true,,,,2,,,,4,,,,0,,,,1,,,,0,,,,1,,192,,,49.210287,,9.8420574,,29.835811,,0.41922619,,21.652526,,0.27948413,,0.46666667,,0.4,,,,1,0.33913043,-0.072114315,7,2,true,
49,goblin-solo,orange dwarf (K),false,28.162123,167.26311,142.54304,20.490833,1.9825708,0,false,-0,,2,blue-giant,11,6,4,0,,0.040252696,0.1511406,0,0,0,16,0.60658659,0.62289792,3,0.23004248,0.024095503,evaporite,0.12019857,aquifer+aquitard+spring+runoff+karst,0.12503878,30.937948,0.18032889,25.925433,0.064970524,0.4086255,salt,0.057084864,0.0055848588,0.51111111,structural,0.63012942,alpine,11.509202,leptosol,0.10102389,69,32.753623,2260,9.4591736,1,0,10.401553,-0.26496886,farming,tropical-seasonal-forest,false,3,0.29053677,4,organized,flat,cyclic,"farmer,shaman,chief",,42,,0.50781167,,false,,69,0,solar,,4,,organized,,,cyclic,,,,true,,true,,10.441558,,2.8051948,,0.92753623,0.5890411,,,,,0.5,,true,true,1,,1,1,,0.9137931,1,0.086206897,,true,,4,,6.2033294,0.13072657,3.2161701,0.082515502,8,0.24635433,0.60740748,42,2,2,1479556.3,0,4,0.074399598,true,true,,,true,,,,2,,,,4,,,,0,,,,1,,,,0,,,,1,,120,,,49.210287,,9.8420574,,29.835811,,0.41922619,,21.652526,,0.27948413,,0.46666667,,0.4,,,,1,0.018584071,0.034221635,7,4,false,
50,goblin-solo,yellow dwarf (G),false,34.302101,287.30934,201.02046,18.984492,0.69899186,1,false,0.45055058,6.1690855,3,red-giant,6,4,0,0,268.16388,0.066796498,0.046910547,17,11,0,38,0.51994532,0.5776546,3,0.23209316,0.015966017,evaporite,0.12357608,aquifer+aquitard+spring+runoff+karst,0.17560008,27.860679,0.48810008,24.860729,0.1168633,0.47457282,salt,0.075453775,0.0012713588,0.64,numinous,0.36,alpine,1.5923624,leptosol,0.043124491,9,41.777778,376,18.404829,1,0,25.925208,-0.0091339214,farming,temperate-forest,false,3,0.34626729,8,organized,flat,cyclic,"farmer,shaman,chief",,42,,0.51537418,,false,,9,0,solar,,8,,organized,,,cyclic,,,,true,,true,,6.72,,3.08,,1,0.11764706,,,,,0.875,,true,true,1,,1,1,,1,1,0,,true,,4,,6.711008,0.16169844,2.8466111,0.11652263,6,0.41085232,0.67925857,60,2,1,1509569.3,2,3,0.099156627,true,true,,,true,,,,2,,,,9,,,,0,,,,1,,,,0,,,,1,,168,,,49.210287,,9.8420574,,29.835811,,0.41922619,,21.652526,,0.27948413,,0.46666667,,0.4,,,,1,0.11170213,0.014386358,7,2,true,
51,goblin-solo,yellow-white dwarf (F),false,18.689382,740.76136,951.24989,24.69739,0.074815666,1,false,2.2840534,22.556557,5,orange-giant,4,4,1,0,718.1074,0.22578911,0.00096339536,143,95,0,15,0.74364045,0.50947529,5,0.12340706,0.01054636,sandstone,0.10884678,aquifer+aquitard+spring+runoff+karst,0.1863632,35.988551,0.29359109,25.854537,0.089324826,0.27797353,salt,0.046164753,0.00095229026,0.5,structural,0.5,alpine,7.6893582,leptosol,0.058184935,5,41.8,209,7.5206989,1,0,3.0895627,-0.0097247009,farming,tropical-seasonal-forest,false,3,0.15541377,10,organized,flat,cyclic,"farmer,shaman,chief",,42,,0.52255306,,false,,5,0,solar,,10,,organized,,,cyclic,,,,true,,true,,7.72,,2.28,,1,0.4,,,,,0.9,,true,true,3,,1,1,,1,1,0,,true,,4,,6.5079301,0.17013515,3.7011807,0.054416288,9,0.20807542,0.67396774,107,1,2,1043403.9,1,6,0.093188661,true,true,,,true,,,,4,,,,3,,,,0,,,,1,,,,0,,,,1,,132,,,49.210287,,9.8420574,,29.835811,,0.41922619,,21.652526,,0.27948413,,0.46666667,,0.4,,,,1,0.20095694,0.028603059,7,2,true,
52,goblin-solo,yellow-white dwarf (F),false,39.000531,592.33706,364.51015,32.007475,1.5467714,0,false,-0,,3,red-giant,3,6,1,0,,0.17524017,0.015213834,0,0,0,32,0.52624384,0.5644646,3,0.24930423,0.015966017,shale,0.098938473,aquifer+aquitard+spring+runoff+karst,0.20725549,23.280247,0.6128517,24.128699,0.12367309,0.42023086,salt,0.054539472,0.00087601773,0.52941176,structural,0.61033384,alpine,10.43435,leptosol,0.10522519,9,28.111111,253,9.2562866,1,0,11.354542,-0.39079682,farming,tropical-seasonal-forest,false,3,0.28001649,3,organized,flat,cyclic,"farmer,shaman,chief",,34,,0.52713435,,false,,9,0,solar,,3,,organized,,,cyclic,,,,true,,true,,6.6666667,,2.3333333,,0.88888889,0.5,,,,,0.66666667,,true,true,0,,1,1,,1,1,0,,true,,4,,7.9325069,0.18527456,2.5110732,0.1591475,9,0.35123158,0.6342891,63,2,3,1435374.5,1,6,0.085583698,true,true,,,true,,,,1,,,,0,,,,0,,,,,,,,0,,,,1,,156,,,49.210287,,9.8420574,,29.835811,,0.41922619,,21.652526,,0.27948413,,0.46666667,,0.4,,,,1,0.15019763,0.019461261,7,3,false,
53,goblin-solo,yellow-white dwarf (F),false,24.402809,837.46454,823.6408,28.105163,0.18136033,1,false,5.3752856,58.354009,4,red-giant,5,4,2,0,827.14165,0.206838,0.0013485119,298,189,0,15,0.70187003,0.46749099,3,0.18219325,0.012304087,granite,0.1873567,aquifer+aquitard+spring+runoff+karst,0.30732067,20.461894,0.6695054,23.989163,0.13421225,0.30723878,salt,0.06371933,0.0019652801,0.58333333,structural,0.51174264,ice,-4.3046292,leptosol,0.089010809,15,35.933333,539,42.366333,1,0,3.6657879,-0.20165531,farming,temperate-forest,false,3,0.1799869,7,organized,flat,cyclic,"farmer,shaman,chief",,41,,0.53389135,,false,,15,0,solar,,7,,organized,,,cyclic,,,,true,,true,,6.8275862,,2.2068966,,0.8,0.54545455,,,,,1,,true,true,2,,1,1,,0.82608696,1,0.17391304,,true,,4,,6.3609464,0.085988228,3.6174529,0.07118793,9,0.1787586,0.77810003,45,2,2,1098448,0,3,0.06887507,true,true,,,true,,,,1,,,,6,,,,0,,,,1,,,,0,,,,1,,192,,,49.210287,,9.8420574,,29.835811,,0.41922619,,21.652526,,0.27948413,,0.46666667,,0.4,,,,1,0.077922078,0.081783691,7,3,true,
54,goblin-solo,yellow dwarf (G),false,38.593614,406.70486,252.91533,23.770691,1.213742,3,false,2.3948662,47.065235,3,red-giant,0,0,0,0,400.49726,0.10087115,0.043983283,882,562,11,24,0.49553244,0.56378242,3,0.26810214,0.023851374,shale,0.097996516,aquifer+aquitard+spring+runoff+karst,0.18050716,30.673913,0.46888308,25.515971,0.12001549,0.4193283,salt,0.059688282,0.0035811072,0.59459459,structural,0.51751335,alpine,2.1564752,leptosol,0.048828881,63,20.349206,1282,14.968342,1,0,6.6879203,-0.51838565,farming,tropical-seasonal-forest,false,3,0.28861789,16,organized,flat,cyclic,"farmer,shaman,chief",,38,,0.52653044,,false,,63,0,solar,,16,,organized,,,cyclic,,,,true,,true,,7.6421053,,2.4631579,,0.92063492,0.5443038,,,,,0.9375,,true,true,2,,1,1,,0.92814371,1,0.077844311,,true,,4,,8.2625119,0.18508368,2.4149895,0.15614472,7,0.33570461,0.68426631,61,2,1,1702986.9,0,4,0.098323012,true,true,,,true,,,,5,,,,4,,,,0,,,,1,,,,0,,,,1,,60,,,49.210287,,9.8420574,,29.835811,,0.41922619,,21.652526,,0.27948413,,0.44444444,,0.33333333,,,,1,0.029641186,-0.055767061,7,4,true,
55,goblin-solo,yellow-white dwarf (F),false,39.914032,479.85424,288.53266,17.810897,1.541774,0,false,-0,,3,sun-like,2,4,0,0,,0.1297013,0.054266683,0,0,0,16,0.54064743,0.50775935,3,0.21786046,0.021580977,shale,0.093059099,aquifer+aquitard+spring+runoff+karst,0.079931973,29.643143,0.42203444,25.71192,0.06946216,0.38079294,salt,0.052451474,0.00053146259,0,structural,1,alpine,5.0465954,leptosol,0.027954932,10,37.5,375,21.674887,1,0,9.5859218,-0.14255612,farming,tropical-seasonal-forest,false,3,0.21922832,4,organized,flat,cyclic,"farmer,shaman,chief",,42,,0.53401458,,false,,10,0,solar,,4,,organized,,,cyclic,,,,true,,true,,7.6666667,,2.3888889,,1,0.28571429,,,,,0.75,,true,true,1,,1,1,,1,1,0,,true,,4,,8.6403045,0.15832475,2.1156199,0.19684097,4,0.69010417,0.70140923,54,3,2,1613871.4,0,4,0.089328365,true,true,,,true,,,,5,,,,1,,,,0,,,,1,,,,0,,,,1,,192,,,49.210287,,9.8420574,,29.835811,,0.41922619,,21.652526,,0.27948413,,0.46666667,,0.4,,,,1,0.112,-0.011680807,7,2,false,
56,goblin-solo,yellow-white dwarf (F),false,35.103761,713.48414,487.80013,26.890427,0.79074191,1,false,1.3754083,36.01958,5,orange-giant,5,5,1,0,699.36407,0.14452633,0.060756292,371,234,0,19,0.55920121,0.52625166,3,0.099750989,0.018431717,shale,0.11730173,aquifer+aquitard+spring+runoff+karst,0.11397873,29.00573,0.29319894,25.576348,0.072995126,0.37987373,salt,0.066249904,0.0012184315,0.81818182,numinous,0.18181818,ice,-23.244143,leptosol,0.022707133,4,39.5,158,18.004188,1,0,8.3246718,-0.020920083,farming,taiga,false,3,0.26113203,6,organized,flat,cyclic,"farmer,shaman,chief",,39,,0.54,,false,,4,0,solar,,6,,organized,,,cyclic,,,,true,,true,,7.0625,,2.3125,,1,0,,,,,1,,true,true,2,,1,1,,1,1,0,,true,,4,,8.0151052,0.16297229,2.5383672,0.13048679,7,0.65224856,0.65616399,55,2,1,1580420.7,1,5,0.10267516,true,true,,,true,,,,4,,,,7,,,,0,,,,1,,,,0,,,,1,,168,,,49.210287,,9.8420574,,29.835811,,0.41922619,,21.652526,,0.27948413,,0.46666667,,0.4,,,,1,0.25316456,-0.24853736,7,2,true,
57,goblin-solo,orange dwarf (K),false,33.584714,283.97689,202.93296,5.5605169,1.4524136,2,false,2.3841603,30.83003,4,blue-giant,0,0,0,0,277.52488,0.046632255,0.0026290307,669,426,3,8,0.65253161,0.54106654,3,0.055661345,0.0018553782,andesite,0.13145507,aquifer+aquitard+spring+runoff+karst,0.21204244,19.006887,0.27063866,25.488981,0.055153516,0.31813391,salt,0.049704072,0.00063233331,0.22222222,structural,0.8188108,ice,-23.380221,leptosol,0.014403148,9,37,333,13.791949,1,0,5.5632097,-0.045722111,farming,taiga,false,3,0.18548444,10,organized,flat,cyclic,"farmer,shaman,chief",,38,,0.52009284,,false,,9,0,solar,,10,,organized,,,cyclic,,,,true,,true,,8.5172414,,2.3103448,,1,0.31578947,,,,,1,,true,true,2,,1,1,,1,1,0,,true,,4,,6.5625643,0.11400584,3.1127152,0.085420634,8,0.26726621,0.58902764,35,2,2,1265806.6,0,4,0.069428898,true,true,,,true,,,,4,,,,0,,,,0,,,,,,,,0,,,,1,,240,,,49.210287,,9.8420574,,29.835811,,0.41922619,,21.652526,,0.27948413,,0.46666667,,0.4,,,,1,0.11411411,-0.32161314,7,2,true,
58,goblin-solo,yellow-white dwarf (F),false,30.000967,589.79039,471.8171,12.145118,0.10813173,0,false,-0,,2,orange-giant,7,4,1,0,,0.13125828,0.0043861137,0,0,0,15,0.65590059,0.46527137,3,0.14039842,0.041916899,evaporite,0.15189784,aquifer+aquitard+spring+runoff+karst,0.13458673,36.93909,0.19460802,25.211079,0.091947499,0.37829017,salt,0.06279862,0.0019155729,0.48148148,structural,0.68800096,ice,-9.617114,leptosol,0.038666194,29,25.172414,730,31.135713,1,0,9.0950756,-0.58022032,farming,temperate-forest,false,3,0.28116353,1,organized,flat,cyclic,"farmer,shaman,chief",,41,,0.49468067,,false,,29,0,solar,,1,,organized,,,cyclic,,,,true,,true,,6.6451613,,2.6774194,,0.75862069,0.46666667,,,,,1,,true,true,2,,1,1,,0.92857143,1,0.071428571,,true,,4,,6.4955993,0.11139897,3.5311652,0.06608564,8,0.25448741,0.55225494,73,1,2,1227187.1,0,5,0.097072108,true,true,,,true,,,,6,,,,10,,,,0,,,,1,,,,0,,,,1,,21,,,49.210287,,9.8420574,,29.835811,,0.41922619,,21.652526,,0.27948413,,0.46666667,,0.4,,,,1,0.057534247,-0.082570849,7,3,false,
59,goblin-solo,yellow dwarf (G),false,17.362291,257.2361,355.57903,11.91928,0.43344872,2,true,6.1098531,12.446253,4,blue-giant,2,3,0,1,268.73013,0.06919731,0.0069517496,80,65,0,16,0.67923929,0.38199254,5,0.16520189,0.033958303,gneiss,0.16013395,aquifer+aquitard+spring+runoff+karst,0.2702641,48.626433,0.6363498,24.242135,0.093538321,0.32506279,salt,0.070387297,0.00038054646,0.4,structural,0.6,savanna,18.873914,leptosol,0.081513053,3,37.666667,113,4.7135537,1,0,6.6660591,-0.021660559,farming,tropical-seasonal-forest,false,3,0.19072989,11,organized,flat,cyclic,"farmer,shaman,chief",,38,,0.51315245,,false,,3,0,solar,,11,,organized,,,cyclic,,,,true,,true,,8.88,,2.76,,1,0.35714286,,,,,0.81818182,,true,true,1,,1,1,,1,1,0,,true,,4,,8.3066047,0.24660168,3.7921436,0.075313705,9,0.19209986,0.70285264,212,1,2,1223337.5,0,5,0.062669449,true,true,,,true,,,,4,,,,1,,,,0,,,,1,,,,0,,,,1,,720,,,49.210287,,9.8420574,,29.835811,,0.41922619,,21.652526,,0.27948413,,0.46666667,,0.4,,,,1,0.33628319,-0.24556075,7,2,false,
60,goblin-solo,yellow dwarf (G),false,28.848727,272.56684,226.75538,5.5384029,0.3979564,1,false,5.7768299,34.970417,5,sun-like,1,3,0,0,267.00118,0.070094345,0.029861693,4686,3179,0,39,0.66422538,0.53315399,3,0.19178751,0.062887554,shale,0.12556347,aquifer+aquitard+spring+runoff+karst,0.10665988,37.046945,0.3978479,24.815076,0.18132907,0.43696379,salt,0.070226646,0.001817653,0.28,structural,0.73323208,alpine,12.397717,leptosol,0.074523775,24,28.958333,695,9.2394411,0.99936354,0,11.389224,-0.50346683,farming,tropical-seasonal-forest,false,3,0.26072415,6,organized,flat,cyclic,"farmer,shaman,chief",,42,,0.51213696,,false,,24,0,solar,,6,,organized,,,cyclic,,,,true,,true,,4.7777778,,2,,0.70833333,0.53333333,,,,,0.83333333,,true,true,2,,1,1,,0.94117647,1,0.058823529,,true,,4,,7.9057843,0.17146451,2.8075752,0.097260876,10,0.32921332,0.74085675,81,2,1,1407078.8,0,4,0.047816429,true,true,,,true,,,,3,,,,7,,,,0,,,,1,,,,0,,,,1,,78,,,49.210287,,9.8420574,,29.835811,,0.41922619,,21.652526,,0.27948413,,0.46666667,,0.4,,,,1,0.060431655,0.0059623843,7,4,false,
61,goblin-solo,orange dwarf (K),false,23.928258,221.73022,222.39502,34.027561,0.58880085,2,false,4.0564691,17.684881,4,red-giant,11,6,3,0,213.20314,0.036568744,0.023880002,691,450,2,31,0.69283726,0.58861866,3,0.060226551,0.015502173,andesite,0.10626292,aquifer+aquitard+spring+runoff+karst,0.096487045,31.528808,0.17374026,25.934976,0.10014306,0.37505961,salt,0.059521468,0.0021459227,0.40740741,structural,0.71375781,ice,-22.081264,leptosol,0.016531553,27,30.037037,811,15.21384,1,0,3.3595913,-0.37311572,farming,temperate-forest,false,3,0.25997457,10,organized,flat,cyclic,"farmer,shaman,chief",,39,,0.53270654,,false,,27,0,solar,,10,,organized,,,cyclic,,,,true,,true,,7.7021277,,2.8510638,,1,0.37837838,,,,,1,,true,true,2,,1,1,,0.95121951,1,0.048780488,,true,,4,,6.2404859,0.12434448,3.2820782,0.06574386,7,0.24781434,0.68892648,50,1,2,1228327.7,0,3,0.099181987,true,true,,,true,,,,2,,,,6,,,,0,,,,1,,,,0,,,,1,,432,,,49.210287,,9.8420574,,29.835811,,0.41922619,,21.652526,,0.27948413,,0.44444444,,0.33333333,,,,1,0.049321825,-0.25084262,7,3,true,
62,goblin-solo,yellow dwarf (G),false,33.314842,399.01696,287.45168,22.043868,0.68489265,1,false,2.859991,21.262838,4,red-dwarf,9,8,0,0,386.17229,0.095427664,0.0054677713,222,143,0,20,0.71742102,0.5187041,3,0.16295591,0.012865583,shale,0.12086393,aquifer+aquitard+spring+runoff+karst,0.18064795,25.677335,0.43602592,25.103472,0.11507559,0.35403888,salt,0.045917031,0.0042332613,0.95918367,numinous,0.040816327,ice,-1.5678121,leptosol,0.062116631,2,41.5,83,33.380978,1,0,10.372813,-0.034765418,farming,temperate-forest,false,3,0.2063067,8,organized,flat,cyclic,"farmer,shaman,chief",,41,,0.49548541,,false,,2,0,solar,,8,,organized,,,cyclic,,,,true,,true,,8.3333333,,2.3888889,,1,0,,,,,1,,true,true,1,,1,1,,1,1,0,,true,,4,,6.3798133,0.15474455,3.1472437,0.073385089,12,0.26686825,0.75517065,52,2,2,1111884,0,3,0.070832492,true,true,,,true,,,,2,,,,9,,,,0,,,,1,,,,0,,,,1,,96,,,49.210287,,9.8420574,,29.835811,,0.41922619,,21.652526,,0.27948413,,0.46666667,,0.4,,,,1,0.5060241,0.053572887,7,2,true,
63,goblin-solo,yellow dwarf (G),false,34.791858,361.57392,249.41967,34.732608,0.20185504,3,false,7.901103,28.928604,4,red-giant,5,4,2,0,352.75515,0.076217187,0.0076143507,1056,656,17,35,0.59909184,0.57021069,3,0.18295005,0.038425858,shale,0.11100962,aquifer+aquitard+spring+runoff+karst,0.22268908,34.141579,0.53075143,25.513601,0.097856534,0.393801,salt,0.05893889,0.003166484,0.73076923,structural,0.39190336,ice,-10.252145,leptosol,0.043600049,25,35.04,876,30.27604,1,0,4.8696782,-0.2208732,farming,temperate-forest,false,3,0.26714164,16,organized,flat,cyclic,"farmer,shaman,chief",,41,,0.48341145,,false,,25,0,solar,,16,,organized,,,cyclic,,,,true,,true,,8.8596491,,3.1578947,,1,0.48780488,,,,,0.9375,,true,true,1,,1,1,,0.70212766,1,0.29787234,,true,,4,,6.9163218,0.13362987,2.7683716,0.10646453,9,0.28236512,0.76653205,57,2,1,1473703.8,0,4,0.08875687,true,true,,,true,,,,3,,,,7,,,,0,,,,1,,,,0,,,,1,,60,,,49.210287,,9.8420574,,29.835811,,0.41922619,,21.652526,,0.27948413,,0.44444444,,0.33333333,,,,1,0.047945205,-0.043286285,7,4,true,
64,goblin-solo,orange dwarf (K),false,36.752217,238.9771,156.05726,14.500401,0.19722656,2,false,5.6990934,28.935352,5,blue-giant,5,4,2,0,233.2079,0.035312574,0.01484074,594,378,5,27,0.68419511,0.49683055,3,0.030809043,0.016942532,andesite,0.15545764,aquifer+aquitard+spring+runoff+karst,0.2394867,29.789716,0.50479283,24.583028,0.13458565,0.34562461,salt,0.058615946,0.0017006803,0.68181818,structural,0.50570474,ice,-26.838687,leptosol,0.0027829314,16,25.0625,401,8.7827028,1,0,6.4152599,-0.30946748,farming,taiga,true,2,0.22379406,11,folk,flat,cyclic,"farmer,chief",,32,,0.32380025,,true,,16,0,solar,,11,,folk,,,cyclic,,,,true,,true,,7.8947368,,2.4473684,,0.625,0.44444444,,,,,0.90909091,,true,true,1,,1,1,,0.94285714,1,0.057142857,,true,,4,,6.6965276,0.13294882,3.324069,0.072359748,9,0.31949598,0.71640563,51,2,2,1191445,0,4,0.12381531,true,true,,,true,,,,1,,,,0,,,,0,,,,,,,,0,,,,1,,144,,,49.210287,,9.8420574,,29.835811,,0.41922619,,21.652526,,0.27948413,,0.44444444,,0.33333333,,,,1,0.079800499,-0.17836856,7,3,false,
65,goblin-solo,yellow-white dwarf (F),false,22.500995,581.72508,620.4793,11.854693,0.90272999,3,false,4.0053755,28.587032,3,red-dwarf,0,0,0,0,567.34886,0.18376678,0.067851165,2355,1271,96,22,0.55805381,0.57205988,3,0.17731068,0.038743225,evaporite,0.13080705,aquifer+aquitard+spring+runoff+karst,0.13257471,38.606931,0.30768381,25.593556,0.12605645,0.43026018,salt,0.061966538,0.0012705077,0.43478261,structural,0.66142737,alpine,14.842719,leptosol,0.025299674,19,29.105263,553,4.3680172,1,0,10.879417,-0.41108376,farming,tropical-seasonal-forest,false,3,0.30442468,15,organized,flat,cyclic,"farmer,shaman,chief",,41,,0.49298183,,false,,19,0,solar,,15,,organized,,,cyclic,,,,true,,true,,9.1020408,,2.5714286,,0.68421053,0.41176471,,,,,0.93333333,,true,true,1,,1,1,,0.93103448,1,0.068965517,,true,,4,,7.1400342,0.153173,2.8352543,0.10062985,7,0.3541402,0.75979289,48,2,2,1802893,0,4,0.097569299,true,true,,,true,,,,2,,,,4,,,,0,,,,1,,,,0,,,,1,,72,,,49.210287,,9.8420574,,29.835811,,0.41922619,,21.652526,,0.27948413,,0.44444444,,0.33333333,,,,1,0.075949367,-0.15826642,7,4,true,
66,goblin-solo,orange dwarf (K),false,31.353129,186.18857,142.52248,6.9419511,1.0812104,1,false,3.1454244,14.102429,2,sun-like,9,4,2,0,177.46879,0.040769308,0.017059149,370,237,0,13,0.69122601,0.54214105,3,0.14486597,0.014305942,shale,0.093137255,aquifer+aquitard+spring+runoff+karst,0.17354522,27.887855,0.30036369,25.444858,0.053684377,0.30328906,gold,0.060141946,0.0011859583,0.73333333,numinous,0.26666667,alpine,-1.1393435,leptosol,0.022612271,4,41.25,165,21.608545,1,0,22.607865,-0.03338948,farming,temperate-forest,false,3,0.13828273,5,organized,flat,cyclic,"farmer,shaman,chief",,40,,0.40616474,,false,,4,0,solar,,5,,organized,,,cyclic,,,,true,,true,,8.2142857,,2.5,,1,0,,,,,1,,true,true,2,,1,1,,1,1,0,,true,,4,,7.6193308,0.14106674,2.5793043,0.10673307,12,0.28123023,0.7583539,50,2,1.5,1377668.3,0,3,0.095726441,true,true,,,true,,,,5,,,,4,,,,0,,,,1,,,,0,,,,1,,336,,,49.210287,,9.8420574,,29.835811,,0.41922619,,21.652526,,0.27948413,,0.46666667,,0.4,,,,1,0.25454545,-0.064010311,7,2,true,
67,goblin-solo,orange dwarf (K),false,25.214839,150.00953,142.78214,32.294856,0.73475755,2,true,5.7744546,22.293252,2,red-giant,5,3,2,1,145.38885,0.033458696,0.05002838,729,466,3,35,0.59284215,0.614702,3,0.21768957,0.019652361,evaporite,0.10726706,aquifer+aquitard+spring+runoff+karst,0.10600791,27.126537,0.27761122,25.985779,0.061937882,0.39219331,salt,0.057886434,0.00053963305,0.33333333,structural,0.66666667,alpine,8.1235941,leptosol,0.09473558,6,41,246,12.092646,1,0,3.9055194,-0.038045301,farming,tropical-seasonal-forest,false,3,0.2719151,12,organized,flat,cyclic,"farmer,shaman,chief",,42,,0.50227206,,false,,6,0,solar,,12,,organized,,,cyclic,,,,true,,true,,10.2,,2.6666667,,0.83333333,0.33333333,,,,,0.91666667,,true,true,1,,1,1,,1,1,0,,true,,4,,6.1683767,0.11683237,3.3229084,0.078609443,9,0.33445257,0.77831998,43,2,2,1430472.1,0,6,0.093094236,true,true,,,true,,,,4,,,,0,,,,0,,,,,,,,0,,,,1,,192,,,49.210287,,9.8420574,,29.835811,,0.41922619,,21.652526,,0.27948413,,0.46666667,,0.4,,,,1,0.17073171,-0.034636679,7,2,true,
68,goblin-solo,yellow-white dwarf (F),false,25.315279,688.43487,652.66659,22.407607,0.66529878,0,false,-0,,3,sun-like,13,7,2,0,,0.15067263,0.031608477,0,0,0,22,0.52844099,0.58008905,3,0.13649236,0.019969728,shale,0.11933112,aquifer+aquitard+spring+runoff+karst,0.1248188,31.237758,0.50072479,24.823179,0.11218679,0.43192172,salt,0.068333686,0.0039863326,0.93506494,structural,0.22201008,ice,-16.227479,leptosol,0.034479188,33,18.515152,611,24.756601,1,0,10.771961,-0.36256418,farming,temperate-forest,false,3,0.28556637,2,organized,flat,cyclic,"farmer,shaman,chief",,28,,0.54,,false,,33,0,solar,,2,,organized,,,cyclic,,,,true,,true,,11.243243,,2.8378378,,1,0.48571429,,,,,1,,true,true,1,,1,1,,1,1,0.0058823529,,true,,4,,6.6847824,0.12577122,2.7281241,0.11954983,6,0.2904328,0.74097501,29,2,1,1602410.1,1,3,0.11088406,true,true,,,true,,,,1,,,,6,,,,0,,,,1,,,,0,,,,1,,30,,,49.210287,,9.8420574,,29.835811,,0.41922619,,21.652526,,0.27948413,,0.46666667,,0.4,,,,1,0.045826514,-0.21130061,7,5,false,
69,goblin-solo,yellow-white dwarf (F),false,39.841465,924.26786,556.76739,7.4850083,0.63483269,3,false,3.6573544,121.5509,3,sun-like,7,4,3,0,918.70206,0.18194873,0.046448487,1024,651,36,20,0.67479615,0.41948803,3,0.042429569,0.023070163,evaporite,0.14661061,aquifer+aquitard+spring+runoff+karst,0.18204339,23.677368,0.53119135,24.720222,0.071315967,0.37159372,salt,0.052774817,0.0032279859,0.46511628,structural,0.59943013,ice,-27.073717,leptosol,0.0079573606,40,23.8,952,12.259097,1,0,12.75631,-0.3667524,farming,taiga,true,3,0.28068463,14,organized,flat,cyclic,"farmer,shaman,chief",,36,,0.63,,true,,40,0,solar,,14,,organized,,,cyclic,,,,true,,true,,11.25,,2.8235294,,1,0.5,,,,,1,,true,true,1,,1,1,,0.95061728,1,0.049382716,,true,,4,,7.3935879,0.15144671,3.402226,0.080831014,10,0.2257338,0.75629364,99,1,2,1106511.2,0,4,0.084925299,true,true,,,true,,,,3,,,,0,,,,0,,,,,,,,0,,,,1,,96,,,49.210287,,9.8420574,,29.835811,,0.41922619,,21.652526,,0.27948413,,0.44444444,,0.33333333,,,,1,0.037815126,-0.14145487,7,3,true,
70,goblin-solo,yellow dwarf (G),true,,566.38999,,20.586036,0.13333181,3,false,7.0737646,101.87419,5,red-giant,9,4,3,0,562.3488,0.11198309,,997,633,10,40,0.70787559,0.4991643,locked,0.074117475,0.013817685,shale,0.13438075,aquifer+aquitard+spring+runoff+karst,0.088584322,33.415716,0.34689955,25.27284,0.10997827,0.28647836,gold,0.06442838,0.00016714023,0,structural,1,ice,-31.256298,leptosol,0.018719706,2,39.5,79,0.75699721,1,0,64.231702,-0.036525876,farming,tropical-seasonal-forest,true,3,0.13713856,9,organized,flat,eternal,"farmer,shaman,chief",,39,,0.47941132,,true,,2,0,solar,,9,,organized,,,eternal,,,,true,,true,,11.25,,2.6,,1,0.45454545,,,,,0.77777778,,true,true,1,,1,1,,1,1,0,,true,,4,,7.0743033,0.11315635,3.0329502,0.072530638,10,0.16396457,0.69862556,59,2,2,1302790,0,7,0.075313106,true,true,,,true,,,,4,,,,3,,,,0,,,,1,,,,0,,,,1,,72,,,49.210287,,9.8420574,,29.835811,,0.41922619,,21.652526,,0.27948413,,0.46666667,,0.4,,,,1,0.50632911,0.37089069,7,2,true,
71,goblin-solo,yellow-white dwarf (F),false,19.758205,692.82184,841.56046,21.982855,0.47679433,1,false,0.37454336,13.032512,3,sun-like,9,5,2,0,725.87646,0.19876629,0.031937366,19,14,0,16,0.52797715,0.5090768,5,0.23011572,0.013378253,shale,0.13312645,aquifer+aquitard+spring+runoff+karst,0.18153607,26.994329,0.56855443,24.489533,0.10080166,0.3834497,salt,0.054051654,0.0037238169,0.80555556,numinous,0.30242254,alpine,5.7942232,leptosol,0.045668477,22,26.045455,573,16.076673,1,0,6.15328,-0.53248227,farming,tropical-seasonal-forest,false,3,0.23392811,9,organized,flat,cyclic,"farmer,shaman,chief",,42,,0.53645335,,false,,22,0,solar,,9,,organized,,,cyclic,,,,true,,true,,8.325,,3.075,,1,0.38709677,,,,,0.88888889,,true,true,2,,1,1,,0.94444444,1,0.055555556,,true,,4,,7.8888635,0.15849962,2.5369271,0.14486597,7,0.45135764,0.62326974,39,2,1,1570815.2,4,6,0.079672598,true,true,,,true,,,,5,,,,23,,,,0,,,,1,,,,0,,,,1,,48,,,49.210287,,9.8420574,,29.835811,,0.41922619,,21.652526,,0.27948413,,0.46666667,,0.4,,,,1,0.073298429,-0.13184828,7,4,true,
72,goblin-solo,yellow-white dwarf (F),false,38.692128,663.34914,411.46301,11.614701,0.42759259,0,false,-0,,3,orange-giant,6,5,2,0,,0.12134381,0.012152363,0,0,0,26,0.56381524,0.50366598,3,0.063912895,0.027781847,shale,0.11093077,aquifer+aquitard+spring+runoff+karst,0.12486707,28.835646,0.5041697,25.482033,0.12335591,0.41450719,salt,0.060666465,0.0013992276,0.76,numinous,0.24,ice,-28.074917,leptosol,0.015391504,6,36.666667,220,10.451549,1,0,3.7498365,-0.015076905,farming,taiga,true,3,0.27514412,1,organized,flat,cyclic,"farmer,shaman,chief",,37,,0.60159464,,true,,6,0,solar,,1,,organized,,,cyclic,,,,true,,true,,11.875,,3.125,,1,0,,,,,1,,true,true,3,,1,1,,1,1,0,,true,,4,,9.274118,0.17067623,2.2548303,0.16771642,12,0.16779538,0.59075391,68,2,1,1540712,0,5,0.069979363,true,true,,,true,,,,3,,,,4,,,,0,,,,1,,,,0,,,,1,,18,,,49.210287,,9.8420574,,29.835811,,0.41922619,,21.652526,,0.27948413,,0.46666667,,0.4,,,,1,0.16818182,-0.44325583,7,2,false,
73,goblin-solo,yellow dwarf (G),false,31.945211,486.99557,365.87311,10.664502,1.0663822,2,false,2.4229039,15.319144,4,sun-like,4,4,0,0,465.70256,0.081507784,0.080236897,200,132,0,24,0.65626678,0.49190341,3,0.02023827,0.046506518,gneiss,0.11207386,aquifer+aquitard+spring+runoff+karst,0.16583807,37.122153,0.39098011,25.105928,0.095809659,0.37322443,salt,0.080503546,0.0016335227,0.91304348,structural,0.1484931,ice,-33.544689,leptosol,0.0021306818,5,29.6,148,7.8953244,1,0,3.3517884,-0.27973714,farming,taiga,false,3,0.21235795,10,organized,flat,cyclic,"farmer,shaman,chief",,22,,0.49740195,,false,,5,0,solar,,10,,organized,,,cyclic,,,,true,,true,,7.56,,2.68,,0.8,0.6,,,,,0.9,,true,true,0,,1,1,,0.9047619,1,0.095238095,,true,,4,,7.3145986,0.1534265,3.2791954,0.079219765,7,0.24886364,0.67701976,60,2,2,1395669.6,0,4,0.084243769,true,true,,,true,,,,2,,,,0,,,,0,,,,,,,,0,,,,1,,132,,,49.210287,,9.8420574,,29.835811,,0.41922619,,21.652526,,0.27948413,,0.46666667,,0.4,,,,1,0.23648649,-0.21119265,7,3,true,
74,goblin-solo,yellow dwarf (G),false,27.571992,316.485,275.4839,11.928497,1.0002125,1,false,3.8047191,12.341144,4,white-dwarf,5,4,1,0,299.64788,0.060821403,0.029718567,1127,586,0,12,0.60561008,0.49396472,3,0.13588204,0.014647722,andesite,0.12596719,aquifer+aquitard+spring+runoff+karst,0.17963479,27.65989,0.24834417,25.62694,0.10683999,0.35041783,salt,0.062454348,0.00080470443,0.61538462,structural,0.50867478,ice,-13.852025,leptosol,0.03280718,10,39.7,397,26.158443,1,0,6.819479,-0.047312668,farming,taiga,false,3,0.24673476,6,organized,flat,cyclic,"farmer,shaman,chief",,39,,0.50579229,,false,,10,0,solar,,6,,organized,,,cyclic,,,,true,,true,,10.318182,,2.9545455,,1,0,,,,,1,,true,true,1,,1,1,,1,1,0.055555556,,true,,4,,7.4099333,0.14404035,3.3163249,0.090937942,8,0.36756422,0.57885764,64,2,2,1409044.3,0,4,0.092384384,true,true,,,true,,,,2,,,,5,,,,0,,,,1,,,,0,,,,1,,48,,,49.210287,,9.8420574,,29.835811,,0.41922619,,21.652526,,0.27948413,,0.46666667,,0.4,,,,1,0.10327456,-0.018913803,7,3,true,
75,goblin-solo,yellow-white dwarf (F),false,23.77355,794.74744,802.31765,27.525268,1.4066793,1,false,0.45955971,14.67398,5,orange-giant,9,4,0,0,758.45769,0.20437766,0.10059013,674,674,0,34,0.63710268,0.57147662,3,0.1756506,0.049899907,gneiss,0.099091826,aquifer+aquitard+spring+runoff+karst,0.06485032,40.366068,0.18540195,25.867483,0.11516986,0.40450723,salt,0.075941628,0.0042381433,0.93650794,structural,0.41024521,ice,-7.6857442,leptosol,0.035250589,31,14.580645,452,35.197808,1,0,13.191017,-0.57907615,farming,temperate-forest,false,3,0.25590313,8,organized,flat,cyclic,"farmer,shaman,chief",,12,,0.5014583,,false,,31,0,solar,,8,,organized,,,cyclic,,,,true,,true,,8.8297872,,2.5744681,,1,0.43589744,,,,,1,,true,true,1,,1,1,,0.98809524,1,0.011904762,,true,,4,,7.704194,0.17530566,3.0009502,0.086128607,11,0.18291288,0.63200613,75,1,2,1602362.8,2,3,0.06981967,true,true,,,true,,,,2,,,,11,,,,0,,,,1,,,,0,,,,1,,36,,,49.210287,,9.8420574,,29.835811,,0.41922619,,21.652526,,0.27948413,,0.46666667,,0.4,,,,1,0.064159292,0.082145294,7,4,false,
76,goblin-solo,yellow dwarf (G),false,21.225377,432.18862,488.68516,28.152404,0.23489606,2,false,7.3247517,52.432751,2,sun-like,3,6,1,0,426.21558,0.11102802,0.011463881,1755,1088,15,21,0.58737366,0.57425157,3,0.18439041,0.01811435,evaporite,0.10549047,aquifer+aquitard+spring+runoff+karst,0.13596024,26.83968,0.14885812,26.252017,0.10519465,0.38699562,salt,0.050208441,0.00082830434,0.64285714,structural,0.40370439,alpine,-0.20488703,leptosol,0.043545143,6,41.333333,248,18.853931,0.99960281,0,10.11359,-0.024259659,farming,tropical-seasonal-forest,false,3,0.24204236,12,organized,flat,cyclic,"farmer,shaman,chief",,41,,0.45126166,,false,,6,0,solar,,12,,organized,,,cyclic,,,,true,,true,,5.5666667,,2.3666667,,1,0.22222222,,,,,1,,true,true,2,,1,1,,1,1,0,,true,,4,,6.823768,0.13186668,3.0381703,0.09159709,8,0.26162584,0.75631073,39,2,2,1494621.6,0,5,0.075284167,true,true,,,true,,,,3,,,,6,,,,0,,,,1,,,,0,,,,1,,72,,,49.210287,,9.8420574,,29.835811,,0.41922619,,21.652526,,0.27948413,,0.44444444,,0.33333333,,,,1,0.16935484,0.027437363,7,3,true,
77,goblin-solo,yellow dwarf (G),false,36.483296,353.87835,232.79367,33.405227,0.26122404,2,false,6.0714419,16.870899,2,orange-giant,13,4,4,0,339.74012,0.084953047,0.023793069,275,176,0,27,0.64364533,0.42954032,3,0.20211415,0.013231776,gneiss,0.14112489,aquifer+aquitard+spring+runoff+karst,0.24977735,25.642417,0.78187299,23.477551,0.10741933,0.38357197,salt,0.086810814,0.0022607385,0.87878788,numinous,0.17219945,tundra,2.2845701,leptosol,0.088442831,6,39.5,237,28.390022,1,0,26.756042,-0.089798289,farming,temperate-forest,false,3,0.20922107,11,organized,flat,cyclic,"farmer,shaman,chief",,41,,0.47649604,,false,,6,0,solar,,11,,organized,,,cyclic,,,,true,,true,,6.3571429,,2.4642857,,1,0.47058824,,,,,1,,true,true,3,,1,1,,1,1,0,,true,,4,,6.8504633,0.14682238,3.4774601,0.077877057,8,0.20113722,0.64587775,71,2,2,1208086.9,0,5,0.095628124,true,true,,,true,,,,1,,,,4,,,,0,,,,1,,,,0,,,,1,,96,,,49.210287,,9.8420574,,29.835811,,0.41922619,,21.652526,,0.27948413,,0.44444444,,0.33333333,,,,1,0.17721519,-0.042152091,7,3,true,
78,goblin-solo,yellow dwarf (G),true,,454.89234,,25.525179,0.80351106,3,false,4.1033457,34.228402,5,blue-giant,11,10,4,0,445.49316,0.082372926,,646,412,16,23,0.64474391,0.41224574,locked,0.12406621,0.025096431,granite,0.14231721,aquifer+aquitard+spring+runoff+karst,0.36118747,16.571294,0.69468114,23.593556,0.11297416,0.32442276,salt,0.065776525,0.0052226498,0.93421053,numinous,0.065789474,ice,-16.833203,leptosol,0.065283123,5,41,205,0.47691993,1,0,62.414597,0,foraging,alpine,false,2,0.20656954,8,folk,flat,eternal,"forager,chief",,41,,0.052691479,,false,,5,0,solar,,8,,folk,,,eternal,,,,true,,true,,8.0952381,,2.0952381,,1,0.30769231,,,,,0.875,,true,true,1,,1,1,,1,1,0,,true,,4,,6.6220695,0.11784085,3.5123918,0.083150237,11,0.14857064,0.80430218,63,2,2,1071834.6,0,6,0.13011057,true,true,,,true,,,,6,,,,1,,,,0,,,,1,,,,0,,,,1,,72,,,49.210287,,9.8420574,,29.835811,,0.41922619,,21.652526,,0.27948413,,0.46666667,,0.4,,,,1,0.2,0.31748867,7,2,false,
79,goblin-solo,yellow-white dwarf (F),false,38.870361,723.76248,446.87775,22.037904,1.0211549,1,false,1.214669,23.269014,3,sun-like,9,5,2,0,702.0984,0.20148515,0.057431586,357,223,0,25,0.68941946,0.44851438,3,0.17237928,0.022240125,gneiss,0.16271027,aquifer+aquitard+spring+runoff+karst,0.24744537,34.30764,0.58033328,24.461746,0.15186291,0.30891369,salt,0.068841518,0.0022009118,0.64285714,structural,0.4416654,tundra,5.1965911,leptosol,0.076717497,15,39.4,591,25.037434,1,0,22.500025,-0.070904405,farming,tropical-seasonal-forest,false,3,0.19588115,7,organized,flat,cyclic,"farmer,shaman,chief",,41,,0.51662001,,false,,15,0,solar,,7,,organized,,,cyclic,,,,true,,true,,7.5862069,,2.9310345,,0.53333333,0.36363636,,,,,0.85714286,,true,true,0,,1,1,,1,1,0,,true,,4,,6.4637452,0.13511286,3.5925643,0.065011474,8,0.37478384,0.65178653,72,1,2,1088460.6,0,6,0.059002794,true,true,,,true,,,,1,,,,1,,,,0,,,,1,,,,0,,,,1,,144,,,49.210287,,9.8420574,,29.835811,,0.41922619,,21.652526,,0.27948413,,0.46666667,,0.4,,,,1,0.07106599,-0.1356163,7,3,true,
80,goblin-solo,yellow-white dwarf (F),true,,589.38497,,25.614069,0.65518819,1,false,2.2031813,35.978336,3,blue-giant,8,6,0,0,577.66995,0.11737917,,2230,2230,0,30,0.60207021,0.51840491,locked,0.11376398,0.0070797324,evaporite,0.12441718,aquifer+aquitard+spring+runoff+karst,0.21128834,26.280647,0.35220859,25.190871,0.14441718,0.39509202,salt,0.052614326,0.0033742331,0.74545455,structural,0.38725952,ice,-25.965533,leptosol,0.030858896,25,35.56,889,2.2704006,1,0,38.534034,-0.22564969,farming,tropical-seasonal-forest,false,3,0.26754601,3,organized,flat,eternal,"farmer,shaman,chief",,41,,0.43192004,,false,,25,0,solar,,3,,organized,,,eternal,,,,true,,true,,8.7741935,,3.1290323,,1,0.32142857,,,,,0.66666667,,true,true,2,,1,1,,0.89473684,1,0.10526316,,true,,4,,6.8467881,0.097433416,2.9713335,0.097260876,8,0.28527607,0.79341341,37,2,2,1498637.2,1,4,0.071767663,true,true,,,true,,,,5,,,,6,,,,0,,,,1,,,,0,,,,1,,72,,,49.210287,,9.8420574,,29.835811,,0.41922619,,21.652526,,0.27948413,,0.5,,0.5,,,,1,0.047244094,0.2690532,7,5,false,
81,goblin-solo,yellow dwarf (G),false,37.716216,457.83321,291.3335,5.4887757,0.11890324,3,false,7.0820746,45.424012,4,red-giant,16,6,0,0,450.56183,0.083625658,0.0010461438,1920,1178,35,19,0.73617011,0.45933191,3,0.058517651,0.0064205849,evaporite,0.14481355,aquifer+aquitard+spring+runoff+karst,0.1945961,37.602015,0.23993708,24.962258,0.10372906,0.33515314,salt,0.051221832,0.00046266309,0.2,structural,0.8,taiga,-19.100698,leptosol,0.014527621,4,38.5,154,16.558218,1,0,6.1730731,-0.021463522,farming,taiga,false,3,0.24225039,13,organized,flat,cyclic,"farmer,shaman,chief",,39,,0.5372876,,false,,4,0,solar,,13,,organized,,,cyclic,,,,true,,true,,8.0666667,,3.2,,1,0.35294118,,,,,1,,true,true,2,,1,1,,1,1,0,,true,,4,,7.5645422,0.23561064,4.3055866,0.057956154,6,0.3492181,0.68960706,168,1,2,931179.2,1,5,0.083587762,true,true,,,true,,,,3,,,,3,,,,0,,,,1,,,,0,,,,1,,264,,,49.210287,,9.8420574,,29.835811,,0.41922619,,21.652526,,0.27948413,,0.44444444,,0.33333333,,,,1,0.25324675,-0.20404865,7,3,true,
82,goblin-solo,yellow-white dwarf (F),false,16.47159,968.63231,1411.3498,33.31292,0.39087896,3,false,7.850691,92.39445,5,orange-giant,16,7,3,0,960.97207,0.19797042,0.025015319,1701,1495,58,15,0.67809189,0.52563325,5,0.062179581,0.0094966066,andesite,0.14378887,aquifer+aquitard+spring+runoff+karst,0.07659639,26.530206,0.24965873,25.555628,0.10177461,0.27855301,salt,0.061517938,0.00060670408,0.25,structural,0.80058566,ice,-24.731709,leptosol,0.016987714,8,36.875,295,15.189247,1,0,7.755099,-0.0320803,farming,temperate-forest,true,3,0.15925982,15,organized,flat,cyclic,"farmer,shaman,chief",,38,,0.585,,true,,8,0,solar,,15,,organized,,,cyclic,,,,true,,true,,10.105263,,2.6842105,,0.75,0.30434783,,,,,1,,true,true,1,,1,1,,0.8,1,0.2,,true,,4,,6.8342039,0.14638491,3.6192746,0.068136321,10,0.1486425,0.75382061,100,1,2,1223814.2,0,4,0.078568591,true,true,,,true,,,,4,,,,1,,,,0,,,,1,,,,0,,,,1,,144,,,49.210287,,9.8420574,,29.835811,,0.41922619,,21.652526,,0.27948413,,0.44444444,,0.33333333,,,,1,0.12881356,-0.1186567,7,3,false,
83,goblin-solo,yellow dwarf (G),false,29.11515,398.26123,328.29195,26.545815,0.31941826,1,false,7.5688953,23.158805,4,orange-giant,2,4,0,0,386.33179,0.09425972,0.024077157,413,259,0,16,0.60575655,0.51216794,3,0.22701528,0.031517016,evaporite,0.13573596,aquifer+aquitard+spring+runoff+karst,0.21400706,27.876099,0.39760976,24.778643,0.093999628,0.35153879,salt,0.066190177,0.0025388569,0.41463415,structural,0.61506453,alpine,0.66300575,leptosol,0.081305344,33,32.484848,1072,30.754992,1,0,7.2430422,-0.34627585,farming,tropical-seasonal-forest,false,3,0.23939563,6,organized,flat,cyclic,"farmer,shaman,chief",,41,,0.4583131,,false,,33,0,solar,,6,,organized,,,cyclic,,,,true,,true,,10.022222,,3.0666667,,1,0.25641026,,,,,1,,true,true,3,,1,1,,0.92156863,1,0.078431373,,true,,4,,6.6930966,0.15255943,3.533099,0.082002832,8,0.32800793,0.66120734,80,2,2,1372600.7,0,5,0.079819082,true,true,,,true,,,,1,,,,9,,,,0,,,,1,,,,0,,,,1,,360,,,49.210287,,9.8420574,,29.835811,,0.41922619,,21.652526,,0.27948413,,0.46666667,,0.4,,,,1,0.039179104,0.066248745,7,4,true,
84,goblin-solo,orange dwarf (K),false,26.292466,164.09049,149.78328,32.293198,0.23058286,1,false,7.4189049,12.183516,4,sun-like,6,4,0,0,155.37265,0.032599781,0.017824852,346,222,0,17,0.52822128,0.61428202,3,0.25408916,0.016039256,shale,0.12688228,aquifer+aquitard+spring+runoff+karst,0.093557568,32.367368,0.2814489,25.774525,0.11244502,0.38680466,salt,0.056084128,0.0010349288,0.65,structural,0.40929823,alpine,-4.1501272,leptosol,0.072238034,9,40.888889,368,34.263413,1,0,5.2043297,-0.043155999,farming,temperate-forest,false,3,0.25283312,6,organized,flat,cyclic,"farmer,shaman,chief",,42,,0.49440327,,false,,9,0,solar,,6,,organized,,,cyclic,,,,true,,true,,7.7142857,,2.4761905,,0.66666667,0.13333333,,,,,1,,true,true,1,,1,1,,0.81818182,1,0.18181818,,true,,4,,6.7284016,0.12783264,2.7423957,0.1210146,7,0.22494179,0.76210376,39,2,2,1805264.5,0,5,0.062192288,true,true,,,true,,,,2,,,,5,,,,0,,,,1,,,,0,,,,1,,168,,,49.210287,,9.8420574,,29.835811,,0.41922619,,21.652526,,0.27948413,,0.46666667,,0.4,,,,1,0.11413043,0.02582057,7,2,true,
85,goblin-solo,yellow dwarf (G),false,38.444626,359.41154,224.37146,4.0571312,0.25999947,1,false,2.7430778,15.968133,3,red-giant,4,3,3,0,344.20738,0.084997933,0.020319617,935,544,0,35,0.69947756,0.56328188,3,0.16925443,0.026317074,evaporite,0.12445167,aquifer+aquitard+spring+runoff+karst,0.11194151,31.545597,0.33168156,26.13946,0.13801787,0.35377742,salt,0.048148594,0.00016246954,0,structural,1,alpine,0.94035025,leptosol,0.085783916,2,41.5,83,30.018048,1,0,9.0497779,-0.034765418,farming,tropical-seasonal-forest,false,3,0.23484972,5,organized,flat,cyclic,"farmer,shaman,chief",,41,,0.52805228,,false,,2,0,solar,,5,,organized,,,cyclic,,,,true,,true,,6.25,,2.5,,0,0,,,,,1,,true,true,0,,1,1,,1,1,0,,true,,4,,6.3551972,0.14931834,3.2267476,0.066744788,8,0.28765232,0.72948028,42,2,2,1177930.4,0,4,0.07520073,true,true,,,true,,,,0,,,,0,,,,0,,,,,,,,0,,,,1,,288,,,49.210287,,9.8420574,,29.835811,,0.41922619,,21.652526,,0.27948413,,0.46666667,,0.4,,,,1,0.5060241,-0.040597236,7,2,true,
86,goblin-solo,yellow-white dwarf (F),false,21.87297,510.51734,560.16243,3.2744601,2.7600803,0,false,-0,,5,blue-giant,14,6,3,0,,0.12443739,0.20333893,0,0,0,32,0.68329183,0.3834117,3,0.18614814,0.02917338,gneiss,0.14830802,aquifer+aquitard+spring+runoff+karst,0.21883913,49.828875,0.61435289,24.400604,0.11839975,0.3857242,salt,0.069743026,0.0030062437,0.61538462,structural,0.53201564,ice,-1.1151223,leptosol,0.084251908,26,34.038462,885,41.549485,1,0,10.389231,-0.27958102,farming,tropical-seasonal-forest,false,3,0.25290989,4,organized,flat,cyclic,"farmer,shaman,chief",,42,,0.5308623,,false,,26,0,solar,,4,,organized,,,cyclic,,,,true,,true,,12.205882,,3.5294118,,1,0.33333333,,,,,0.5,,true,true,0,,1,1,,0.91836735,1,0.081632653,,true,,4,,7.9306691,0.22525539,3.7413185,0.071798252,9,0.23703076,0.65335402,147,1,2,1225451.1,0,5,0.069454449,true,true,,,true,,,,1,,,,11,,,,0,,,,1,,,,0,,,,1,,864,,,49.210287,,9.8420574,,29.835811,,0.41922619,,21.652526,,0.27948413,,0.46666667,,0.4,,,,1,0.047457627,-0.057888798,7,5,false,
87,goblin-solo,orange dwarf (K),false,36.217566,268.77411,178.10636,29.55644,1.9186294,1,false,1.0606247,16.297411,5,sun-like,3,4,1,0,257.62309,0.040176718,0.0099490822,672,420,0,34,0.62404179,0.54181818,3,0.032981788,0.011937894,evaporite,0.14201299,aquifer+aquitard+spring+runoff+karst,0.19077922,21.412039,0.53032468,24.611363,0.14597403,0.38616883,salt,0.058536151,0.00097402597,0.2,structural,0.82679799,ice,-27.672934,leptosol,0.0030519481,14,29.642857,415,7.8986949,1,0,2.6246132,-0.26514979,farming,taiga,true,2,0.26493506,6,folk,flat,cyclic,"farmer,chief",,34,,0.32897518,,true,,14,0,solar,,6,,folk,,,cyclic,,,,true,,true,,11.307692,,2.8461538,,1,0.25,,,,,1,,true,true,1,,1,1,,1,1,0,,true,,4,,6.3151825,0.13231745,3.0491868,0.088203701,8,0.34948052,0.74823007,39,2,1,1207809.2,3,4,0.10450687,true,true,,,true,,,,1,,,,0,,,,0,,,,,,,,0,,,,1,,288,,,49.210287,,9.8420574,,29.835811,,0.41922619,,21.652526,,0.27948413,,0.46666667,,0.4,,,,1,0.084337349,-0.28464982,7,3,false,
88,goblin-solo,yellow dwarf (G),false,31.696566,511.84434,387.5582,34.803147,0.57689903,3,false,3.0200805,72.193054,3,blue-giant,4,5,1,0,506.6775,0.10727385,0.013994885,1175,749,16,27,0.5079586,0.56685686,3,0.15277574,0.02602412,shale,0.10528405,aquifer+aquitard+spring+runoff+karst,0.11317291,30.472385,0.39955346,24.960578,0.11004713,0.40798809,salt,0.067758864,0.0013892334,0.64285714,structural,0.63636513,ice,-17.449608,leptosol,0.033341603,17,30.352941,516,24.952941,1,0,8.0473022,-0.57970594,farming,temperate-forest,false,3,0.25631357,15,organized,flat,cyclic,"farmer,shaman,chief",,42,,0.52207084,,false,,17,0,solar,,15,,organized,,,cyclic,,,,true,,true,,7.4255319,,3,,0.88235294,0.375,,,,,1,,true,true,2,,1,1,,0.79310345,1,0.17241379,,true,,4,,7.7260877,0.16091331,2.4895915,0.1460622,6,0.36546763,0.76123128,62,2,1,1764574.2,1,5,0.073689231,true,true,,,true,,,,2,,,,1,,,,0,,,,1,,,,0,,,,1,,9,,,49.210287,,9.8420574,,29.835811,,0.41922619,,21.652526,,0.27948413,,0.44444444,,0.33333333,,,,1,0.081395349,-0.13786326,7,3,true,
89,goblin-solo,orange dwarf (K),false,16.476066,185.5535,270.28807,11.200738,0.43745036,2,false,7.9108103,26.784764,4,sun-like,0,0,0,0,180.68218,0.032335613,0.030319111,2299,1405,7,24,0.64840584,0.47514234,5,0.14230262,0.022850447,sandstone,0.15518678,aquifer+aquitard+spring+runoff+karst,0.21316484,35.60045,0.38112762,25.246318,0.1228996,0.31912234,salt,0.077345601,0.0013192612,0.47368421,structural,0.57655454,ice,-10.475471,leptosol,0.073739758,16,35,560,26.124852,1,0,3.1475832,-0.34589805,farming,temperate-forest,false,3,0.20636023,11,organized,flat,cyclic,"farmer,shaman,chief",,42,,0.50965411,,false,,16,0,solar,,11,,organized,,,cyclic,,,,true,,true,,8.0263158,,2.5789474,,0.9375,0.40740741,,,,,1,,true,true,2,,1,1,,0.71428571,1,0.28571429,,true,,4,,7.0029156,0.18235635,3.8331111,0.070479957,6,0.36106096,0.79912887,128,1,2,1283943.6,1,6,0.086697294,true,true,,,true,,,,3,,,,3,,,,0,,,,1,,,,0,,,,1,,48,,,49.210287,,9.8420574,,29.835811,,0.41922619,,21.652526,,0.27948413,,0.46666667,,0.4,,,,1,0.075,-0.11553396,7,4,true,
90,goblin-solo,yellow-white dwarf (F),false,19.966006,627.96098,754.83618,0.62238986,0.33582249,2,false,3.9947125,42.722268,5,blue-giant,0,0,0,0,617.46279,0.17017008,0.017186151,334,202,0,19,0.66393243,0.54162429,5,0.15699917,0.028514233,shale,0.10678483,aquifer+aquitard+spring+runoff+karst,0.093273282,26.311918,0.3908906,25.773698,0.091457213,0.36662792,salt,0.055123497,0.0015981403,0.090909091,structural,0.91439164,alpine,0.98252522,leptosol,0.036321371,21,39.809524,836,21.060897,1,0,11.363923,-0.058959685,farming,tropical-seasonal-forest,false,3,0.23122185,10,organized,flat,cyclic,"farmer,shaman,chief",,42,,0.52969543,,false,,21,0,solar,,10,,organized,,,cyclic,,,,true,,true,,9.195122,,2.4878049,,0.85714286,0.29032258,,,,,0.9,,true,true,2,,1,1,,0.91304348,1,0.086956522,,true,,4,,7.2072253,0.15807378,2.7975092,0.092231825,9,0.36996949,0.7480489,72,2,2,1293401.8,0,4,0.062437952,true,true,,,true,,,,4,,,,4,,,,0,,,,1,,,,0,,,,1,,21,,,49.210287,,9.8420574,,29.835811,,0.41922619,,21.652526,,0.27948413,,0.44444444,,0.33333333,,,,1,0.050239234,-0.073292731,7,3,true,
91,goblin-solo,yellow-white dwarf (F),false,33.11373,844.71602,612.22896,33.54489,0.024086713,1,false,3.1836876,64.518797,5,red-dwarf,18,7,6,0,835.20262,0.21947086,0.0012555877,498,317,0,27,0.58188077,0.53056577,3,0.19654802,0.020482398,evaporite,0.11584049,aquifer+aquitard+spring+runoff+karst,0.17451976,29.619812,0.3791674,25.210291,0.087581012,0.36182636,salt,0.06570683,0.0012845215,0.86363636,numinous,0.13636364,ice,-5.4217617,leptosol,0.051964734,3,39.666667,119,35.047483,1,0,15.8241,-0.020563701,farming,temperate-forest,false,3,0.22157996,6,organized,flat,cyclic,"farmer,shaman,chief",,40,,0.47863998,,false,,3,0,solar,,6,,organized,,,cyclic,,,,true,,true,,7.8,,2.6666667,,0.66666667,0.55555556,,,,,1,,true,true,1,,1,1,,1,1,0,,true,,4,,6.9861801,0.14445429,3.0740628,0.093135101,9,0.35382729,0.76947017,55,2,2,1459922.5,0,7,0.06183368,true,true,,,true,,,,3,,,,1,,,,0,,,,1,,,,0,,,,1,,24,,,49.210287,,9.8420574,,29.835811,,0.41922619,,21.652526,,0.27948413,,0.46666667,,0.4,,,,1,0.33613445,0.021086212,7,3,true,
92,goblin-solo,yellow-white dwarf (F),false,26.598143,897.54615,809.8726,24.520118,0.30933491,2,false,1.6280582,97.167599,5,blue-giant,10,5,4,0,890.76208,0.18461301,0.022882749,927,590,6,28,0.71671305,0.47931748,3,0.063229335,0.031858796,shale,0.11427094,aquifer+aquitard+spring+runoff+karst,0.14753533,37.588103,0.43786625,25.17294,0.12926577,0.34677697,salt,0.071507801,0.0022406067,0.46153846,structural,0.63201535,ice,-21.806698,leptosol,0.022406067,22,25.954545,571,16.206565,1,0,2.484195,-0.41143535,farming,taiga,false,3,0.23422958,13,organized,flat,cyclic,"farmer,shaman,chief",,36,,0.46124637,,false,,22,0,solar,,13,,organized,,,cyclic,,,,true,,true,,7.1458333,,2.6041667,,0.95454545,0.4,,,,,0.92307692,,true,true,2,,1,1,,0.875,1,0.125,,true,,4,,6.560532,0.13865062,3.0577265,0.076778478,9,0.32230265,0.67728103,36,2,2,1178562.7,0,5,0.11164211,true,true,,,true,,,,1,,,,0,,,,0,,,,,,,,0,,,,1,,42,,,49.210287,,9.8420574,,29.835811,,0.41922619,,21.652526,,0.27948413,,0.46666667,,0.4,,,,1,0.066549912,-0.24050883,7,3,true,
93,goblin-solo,yellow-white dwarf (F),false,30.414183,385.2393,303.99447,6.3275895,1.925867,0,false,-0,,2,red-giant,13,13,3,0,,0.11420326,0.12106989,0,0,0,30,0.66791172,0.50731456,3,0.14198525,0.030271959,evaporite,0.10754981,aquifer+aquitard+spring+runoff+karst,0.12291406,28.296351,0.37712269,25.929764,0.097037418,0.32007645,salt,0.061025961,0.00022053959,0.33333333,structural,0.66666667,alpine,13.164361,leptosol,0.050577079,2,41.5,83,5.7366528,1,0,2.9037312,-0.034765418,farming,tropical-seasonal-forest,false,3,0.21245314,2,organized,flat,cyclic,"farmer,shaman,chief",,42,,0.51755244,,false,,2,0,solar,,2,,organized,,,cyclic,,,,true,,true,,5.5,,2,,0,0,,,,,0.5,,true,true,0,,1,1,,1,1,0,,true,,4,,7.1135541,0.12276114,3.1417864,0.077877057,8,0.26508858,0.74620217,51,1,2,1284103.3,0,6,0.056965699,true,true,,,true,,,,5,,,,1,,,,0,,,,1,,,,0,,,,1,,105,,,49.210287,,9.8420574,,29.835811,,0.41922619,,21.652526,,0.27948413,,0.46666667,,0.4,,,,1,0.5060241,-0.13088207,7,2,false,
94,goblin-solo,orange dwarf (K),false,23.977661,215.97575,216.17697,18.874428,0.049382528,1,true,6.8636722,11.784621,5,red-giant,9,6,1,1,204.0079,0.041395249,0.0035840114,1993,1993,0,17,0.62042869,0.54527914,3,0.15607148,0.0023436356,andesite,0.13120659,aquifer+aquitard+spring+runoff+karst,0.12805506,19.587085,0.13776692,25.959016,0.095124775,0.35830975,salt,0.043518684,0.00019295086,0,structural,1,ice,-10.526602,leptosol,0.034602521,3,42,126,32.344788,1,0,10.55637,0,farming,temperate-forest,false,3,0.24253923,6,organized,flat,cyclic,"farmer,shaman,chief",,42,,0.50733679,,false,,3,0,solar,,6,,organized,,,cyclic,,,,true,,true,,6.2666667,,2.5333333,,1,0.44444444,,,,,1,,true,true,2,,1,1,,1,1,0,,true,,4,,6.2048081,0.098513505,3.2869222,0.077510864,8,0.24498328,0.78778323,38,2,2,1352562.6,1,3,0.061741462,true,true,,,true,,,,2,,,,3,,,,0,,,,1,,,,0,,,,1,,216,,,49.210287,,9.8420574,,29.835811,,0.41922619,,21.652526,,0.27948413,,0.46666667,,0.4,,,,1,0.33333333,-0.017219717,7,2,false,
95,goblin-solo,yellow dwarf (G),true,,373.52003,,0.64254744,2.1425867,1,false,1.2724011,26.024121,2,orange-giant,2,3,0,0,363.51288,0.064003032,,343,219,0,28,0.51435477,0.56758659,locked,0.11774327,0.0090327621,shale,0.098326044,aquifer+aquitard+spring+runoff+karst,0.11194893,25.660154,0.34765998,25.580156,0.13245865,0.42432011,salt,0.049983108,0.00080430302,0.5625,structural,0.46048703,ice,-33.657254,leptosol,0.026139848,13,13.769231,179,0.66409577,1,0,34.134001,-0.44593149,farming,tropical-seasonal-forest,false,3,0.29563163,3,organized,flat,eternal,"farmer,shaman,chief",,27,,0.47219503,,false,,13,0,solar,,3,,organized,,,eternal,,,,true,,true,,9.2105263,,2.4736842,,1,0.25,,,,,0.66666667,,true,true,1,,1,1,,1,1,0,,true,,4,,7.3889152,0.14046203,2.469209,0.14930912,10,0.26707887,0.76248893,47,2,2,1517916.8,1,5,0.078859072,true,true,,,true,,,,2,,,,3,,,,0,,,,1,,,,0,,,,1,,144,,,49.210287,,9.8420574,,29.835811,,0.41922619,,21.652526,,0.27948413,,0.5,,0.5,,,,1,0.15083799,0.075397285,7,3,true,
96,goblin-solo,yellow-white dwarf (F),false,17.071755,579.21527,814.2787,8.1319574,0.38070152,1,false,7.8550778,55.240742,5,blue-giant,6,4,2,0,571.67625,0.11455778,0.023256835,454,288,0,11,0.62030663,0.5370668,5,0.07279918,0.017650505,evaporite,0.13380055,aquifer+aquitard+spring+runoff+karst,0.21609979,21.954132,0.34771427,25.438964,0.072590497,0.33028998,salt,0.050601033,0.0008358516,0.38461538,structural,0.61538462,ice,-19.893726,leptosol,0.017038513,8,34.625,277,15.923708,1,0,2.2977799,-0.29856407,farming,taiga,false,3,0.21699994,6,organized,flat,cyclic,"farmer,shaman,chief",,39,,0.47347247,,false,,8,0,solar,,6,,organized,,,cyclic,,,,true,,true,,10.7,,2.8,,0.875,0.14285714,,,,,0.83333333,,true,true,0,,1,1,,1,1,0,,true,,4,,6.5368721,0.13025183,3.2924383,0.081514574,8,0.35613708,0.64517446,47,2,2,1304038.7,0,4,0.069508316,true,true,,,true,,,,0,,,,0,,,,0,,,,,,,,0,,,,1,,144,,,49.210287,,9.8420574,,29.835811,,0.41922619,,21.652526,,0.27948413,,0.46666667,,0.4,,,,1,0.14440433,-0.14993015,7,2,true,
97,goblin-solo,yellow-white dwarf (F),false,21.170987,513.49673,582.11369,29.500797,1.2588783,2,false,2.5825268,61.004718,3,blue-giant,11,4,5,0,507.36313,0.13363634,0.067589481,2765,1588,10,14,0.53639959,0.60010532,3,0.22081441,0.0076656413,evaporite,0.084518167,aquifer+aquitard+spring+runoff+karst,0.15513428,23.116732,0.23844128,25.970622,0.068720379,0.435703,salt,0.046665429,0.00068457083,0.61538462,structural,0.65348391,alpine,-3.7032799,leptosol,0.033543971,9,25.777778,232,31.456118,1,0,19.499621,-0.87636123,farming,temperate-forest,false,3,0.30500263,12,organized,flat,cyclic,"farmer,shaman,chief",,42,,0.5290199,,false,,9,0,solar,,12,,organized,,,cyclic,,,,true,,true,,9.5454545,,2.9090909,,1,0.33333333,,,,,0.91666667,,true,true,2,,1,1,,0.78947368,1,0.21052632,,true,,4,,6.6919103,0.13422237,2.594435,0.1267028,7,0.37019484,0.76121423,40,2,2,1508923.4,1,4,0.051982996,true,true,,,true,,,,2,,,,3,,,,0,,,,1,,,,0,,,,1,,780,,,49.210287,,9.8420574,,29.835811,,0.41922619,,21.652526,,0.27948413,,0.46666667,,0.4,,,,1,0.18534483,0.038081469,7,3,true,
98,goblin-solo,orange dwarf (K),false,26.723725,161.18885,144.76022,30.941791,0.14164128,1,false,4.2638442,12.816055,2,sun-like,6,4,2,0,152.91881,0.041100667,0.0060156901,691,437,0,33,0.5699917,0.54473714,3,0.1729896,0.013427079,shale,0.10253208,aquifer+aquitard+spring+runoff+karst,0.12972635,23.293434,0.38787328,25.470993,0.10764165,0.40155558,salt,0.068444805,0.0039173385,0.4057971,structural,0.62119733,alpine,13.398169,leptosol,0.033666402,57,35.385965,2017,6.3843968,1,0,14.874155,-0.20107062,farming,tropical-seasonal-forest,false,3,0.27551947,7,organized,flat,cyclic,"farmer,shaman,chief",,42,,0.50781168,,false,,57,0,solar,,7,,organized,,,cyclic,,,,true,,true,,12.732394,,3.3380282,,0.92982456,0.515625,,,,,0.85714286,,true,true,0,,1,1,,0.95238095,1,0.047619048,,true,,4,,6.6189089,0.11577449,3.0436933,0.1005322,7,0.44833655,0.68184112,34,2,1,1429666.3,1,5,0.11418759,true,true,,,true,,,,2,,,,0,,,,0,,,,,,,,0,,,,1,,120,,,49.210287,,9.8420574,,29.835811,,0.41922619,,21.652526,,0.27948413,,0.46666667,,0.4,,,,1,0.020823004,-0.056074166,7,4,true,
99,goblin-solo,yellow-white dwarf (F),false,30.955418,971.57752,753.27234,22.185039,1.8718529,1,false,0.80916093,31.708135,2,sun-like,9,5,1,0,949.87049,0.21763913,0.045574502,231,154,0,28,0.61576583,0.51985514,3,0.10294907,0.019652361,evaporite,0.15820573,aquifer+aquitard+spring+runoff+karst,0.20274477,27.797972,0.37638986,25.249231,0.10140416,0.36806659,salt,0.062182947,0.0031132855,0.69387755,numinous,0.36150143,ice,-16.769559,leptosol,0.025986403,19,23.736842,451,21.928425,1,0,9.3812088,-0.3553752,farming,temperate-forest,false,3,0.2517949,6,organized,flat,cyclic,"farmer,shaman,chief",,39,,0.54,,false,,19,0,solar,,6,,organized,,,cyclic,,,,true,,true,,7.2903226,,3.0967742,,0.73684211,0.24,,,,,1,,true,true,1,,1,1,,1,1,0,,true,,4,,6.7070176,0.13313013,3.3637779,0.077047019,8,0.28839189,0.69861614,86,2,2,1341329.4,1,3,0.064677699,true,true,,,true,,,,2,,,,2,,,,0,,,,1,,,,0,,,,1,,108,,,49.210287,,9.8420574,,29.835811,,0.41922619,,21.652526,,0.27948413,,0.46666667,,0.4,,,,1,0.086474501,-0.19188969,7,5,true,
100,goblin-solo,yellow dwarf (G),false,33.400121,308.46138,221.6481,32.570436,2.0204593,1,false,0.14398117,6.3012804,3,sun-like,6,4,0,0,338.62039,0.082244155,0.044676014,24,16,0,25,0.54474879,0.58386958,3,0.23460769,0.030369611,evaporite,0.12339125,aquifer+aquitard+spring+runoff+karst,0.11100386,33.271126,0.49453024,24.828201,0.12752038,0.4475547,salt,0.076862563,0.00058987559,0.81818182,numinous,0.18181818,alpine,11.219713,leptosol,0.063116688,2,17,34,10.967142,1,0,24.61835,0,farming,tropical-seasonal-forest,false,3,0.30850493,6,organized,flat,cyclic,"farmer,shaman,chief",,17,,0.51754268,,false,,2,0,solar,,6,,organized,,,cyclic,,,,true,,true,,9.2142857,,2.6428571,,0.5,0,,,,,1,,true,true,1,,1,1,,1,1,0,,true,,4,,7.2646791,0.17890663,2.7361965,0.11701089,8,0.33016946,0.63493579,65,2,1,1675393.2,1,5,0.10237226,true,true,,,true,,,,5,,,,3,,,,0,,,,1,,,,0,,,,1,,1440,,,49.210287,,9.8420574,,29.835811,,0.41922619,,21.652526,,0.27948413,,0.46666667,,0.4,,,,1,0.5,-0.059254615,7,2,true,
101,goblin-solo,yellow-white dwarf (F),false,31.876142,538.14483,405.17689,5.4218004,1.0785941,1,false,0.13539676,6.4007782,2,red-dwarf,3,3,0,0,491.44663,0.13875348,0.038920478,19,12,0,11,0.65868366,0.59573707,3,0.19237342,0.017577267,evaporite,0.12824548,aquifer+aquitard+spring+runoff+karst,0.15685573,27.085173,0.45340104,25.223605,0.080967027,0.43580574,salt,0.05060744,0.0029325513,0.58536585,structural,0.6504114,alpine,-0.35390563,leptosol,0.045919462,28,23.357143,654,25.664944,1,0,14.652436,-0.39584244,farming,tropical-seasonal-forest,true,3,0.29161004,6,organized,flat,cyclic,"farmer,shaman,chief",,35,,0.585,,true,,28,0,solar,,6,,organized,,,cyclic,,,,true,,true,,9.425,,3.85,,1,0.38235294,,,,,0.83333333,,true,true,0,,1,1,,0.95744681,1,0.042553191,,true,,4,,5.9939466,0.11546471,2.9585552,0.083223475,8,0.25534654,0.70792886,53,2,2,1290913.9,1,6,0.08765905,true,true,,,true,,,,1,,,,0,,,,0,,,,,,,,0,,,,1,,288,,,49.210287,,9.8420574,,29.835811,,0.41922619,,21.652526,,0.27948413,,0.46666667,,0.4,,,,1,0.05351682,-0.00023969679,7,5,true,
102,goblin-solo,orange dwarf (K),false,30.447104,148.81625,117.30476,34.815317,0.42755718,2,false,7.5085132,27.537312,2,red-dwarf,12,8,0,0,145.01355,0.028864649,0.014111262,2507,1570,73,36,0.58546946,0.5647821,3,0.20416484,0.009618671,shale,0.10418139,aquifer+aquitard+spring+runoff+karst,0.047526502,27.462158,0.26666667,25.761849,0.12025913,0.38904594,salt,0.059281236,0.00035335689,0.33333333,structural,0.66666667,alpine,-5.3467109,leptosol,0.040400471,4,41.5,166,33.563843,1,0,18.873922,-0.019911786,farming,temperate-forest,false,3,0.24564193,11,organized,flat,cyclic,"farmer,shaman,chief",,42,,0.5185022,,false,,4,0,solar,,11,,organized,,,cyclic,,,,true,,true,,7.3461538,,2.5769231,,1,0.4,,,,,1,,true,true,1,,1,1,,1,1,0,,true,,4,,7.4707421,0.14217219,2.5251236,0.12213759,8,0.28727915,0.80282538,39,2,2,1566405.3,1,5,0.11119868,true,true,,,true,,,,4,,,,0,,,,0,,,,,,,,0,,,,1,,117,,,49.210287,,9.8420574,,29.835811,,0.41922619,,21.652526,,0.27948413,,0.44444444,,0.33333333,,,,1,0.25301205,-0.04261727,7,2,true,
103,goblin-solo,orange dwarf (K),false,35.294775,228.31363,155.25038,1.3273248,1.3651226,1,false,1.798123,12.498416,2,red-giant,8,3,0,0,216.41168,0.034102012,0.041392361,254,159,0,24,0.6191104,0.50730676,3,0.037131976,0.013964162,evaporite,0.12075375,aquifer+aquitard+spring+runoff+karst,0.26490194,26.087662,0.62113832,24.143514,0.12966286,0.42917575,salt,0.059157989,0.00147417,1,structural,0.31549079,ice,-30.235715,leptosol,0.0066017177,4,4,16,9.274694,1,0,4.912136,-0.67545996,farming,taiga,false,3,0.31034483,6,organized,flat,cyclic,"farmer,shaman,chief",,4,,0.50741173,,false,,4,0,solar,,6,,organized,,,cyclic,,,,true,,true,,9,,2.375,,1,0.4,,,,,0.83333333,,true,true,1,,1,1,,1,1,0,,true,,4,,6.7961345,0.13213695,3.0641862,0.089668473,10,0.20189719,0.63821957,49,2,2,1325853.1,0,5,0.10628256,true,true,,,true,,,,1,,,,0,,,,0,,,,,,,,0,,,,1,,432,,,49.210287,,9.8420574,,29.835811,,0.41922619,,21.652526,,0.27948413,,0.46666667,,0.4,,,,1,0.375,-0.15666218,7,2,true,
104,goblin-solo,orange dwarf (K),false,19.821128,160.28183,194.07392,28.328823,0.058396495,2,false,6.874385,31.278514,2,red-dwarf,18,5,5,0,156.64319,0.034754736,0.0034208157,7582,4663,232,33,0.53390948,0.5601299,5,0.21065866,0.036936673,evaporite,0.13031636,aquifer+aquitard+spring+runoff+karst,0.13084014,38.691053,0.46752567,24.878057,0.16336686,0.43169914,salt,0.070749878,0.00078566939,0.66666667,structural,0.41197366,alpine,2.4765072,leptosol,0.068143725,7,41.714286,292,16.644024,1,0,1.6535571,-0.01114944,farming,tropical-seasonal-forest,false,3,0.31054892,14,organized,flat,cyclic,"farmer,shaman,chief",,42,,0.51324797,,false,,7,0,solar,,14,,organized,,,cyclic,,,,true,,true,,6.3714286,,2.1428571,,0.85714286,0.33333333,,,,,1,,true,true,1,,1,1,,0.77777778,1,0.22222222,,true,,4,,6.5551481,0.12217378,3.0685513,0.09865241,8,0.43395139,0.6641588,33,2,2,1722244.4,1,4,0.093151049,true,true,,,true,,,,3,,,,6,,,,0,,,,1,,,,0,,,,1,,60,,,49.210287,,9.8420574,,29.835811,,0.41922619,,21.652526,,0.27948413,,0.46666667,,0.4,,,,1,0.14383562,-0.2194891,7,2,false,
105,goblin-solo,yellow-white dwarf (F),false,34.615996,573.22879,397.43161,18.127929,1.3430833,2,false,1.0109995,18.020478,2,red-dwarf,2,6,0,0,551.48786,0.14212459,0.094395085,1156,644,2,21,0.70802207,0.44757525,3,0.13610175,0.036765783,andesite,0.14431438,aquifer+aquitard+spring+runoff+karst,0.30576923,41.968692,0.49331104,23.933751,0.11571906,0.3527592,salt,0.084558542,0.00075250836,0.33333333,structural,0.66666667,tundra,-3.5395092,leptosol,0.068812709,6,41,246,32.340345,1,0,10.47793,-0.038045301,farming,tropical-seasonal-forest,false,3,0.21973244,11,organized,flat,cyclic,"farmer,shaman,chief",,42,,0.51798942,,false,,6,0,solar,,11,,organized,,,cyclic,,,,true,,true,,7.3214286,,2.6428571,,1,0.23529412,,,,,1,,true,true,2,,1,1,,1,1,0,,true,,4,,6.1019611,0.10536476,3.4580784,0.063790831,9,0.15351171,0.58009165,44,1,2,1171126.9,1,7,0.12258645,true,true,,,true,,,,0,,,,0,,,,0,,,,,,,,0,,,,1,,312,,,49.210287,,9.8420574,,29.835811,,0.41922619,,21.652526,,0.27948413,,0.46666667,,0.4,,,,1,0.17073171,-0.19057211,7,3,false,
106,goblin-solo,yellow dwarf (G),false,23.917671,433.83591,435.32926,11.443298,1.0007926,2,false,3.7474933,13.913467,5,blue-giant,2,3,0,0,439.25193,0.1071836,0.076004731,35,22,0,20,0.59674821,0.52918029,3,0.20457985,0.023436356,shale,0.12229083,aquifer+aquitard+spring+runoff+karst,0.15849376,30.131181,0.36893086,24.98498,0.12876862,0.3496186,salt,0.067285078,0.00024216007,0.25,structural,0.75,alpine,-0.90363366,leptosol,0.053638455,3,41.333333,124,29.339669,1,0,3.9074615,-0.023316192,farming,tropical-seasonal-forest,false,3,0.20753118,11,organized,flat,cyclic,"farmer,shaman,chief",,41,,0.5178657,,false,,3,0,solar,,11,,organized,,,cyclic,,,,true,,true,,10.04,,2.64,,1,0.42857143,,,,,0.90909091,,true,true,0,,1,1,,1,1,0,,true,,4,,7.1832267,0.11943713,2.8703923,0.1054636,9,0.20214312,0.66953762,31,2,1,1564906.8,0,4,0.086171708,true,true,,,true,,,,3,,,,2,,,,0,,,,1,,,,0,,,,1,,312,,,49.210287,,9.8420574,,29.835811,,0.41922619,,21.652526,,0.27948413,,0.44444444,,0.33333333,,,,1,0.33870968,-0.084863453,7,2,true,
107,goblin-solo,orange dwarf (K),false,35.496815,237.19159,160.36927,6.690281,0.13726346,2,false,4.128212,62.668882,3,sun-like,6,4,0,0,234.44914,0.043408287,0.0063450492,1590,1012,4,31,0.67936136,0.49566012,3,0.12016015,0.039500024,gneiss,0.15044922,aquifer+aquitard+spring+runoff+karst,0.22864322,30.343272,0.70275621,24.162533,0.091061367,0.37657987,salt,0.08428897,0.0016750419,0.77272727,numinous,0.26098023,ice,-12.291088,leptosol,0.029922339,6,40.666667,244,27.449281,0.9973588,0,10.715492,-0.033640377,farming,taiga,false,3,0.22407492,10,organized,flat,cyclic,"farmer,shaman,chief",,40,,0.40983772,,false,,6,0,solar,,10,,organized,,,cyclic,,,,true,,true,,9.0384615,,2.6538462,,1,0.375,,,,,1,,true,true,3,,1,1,,0.75,1,0.25,,true,,4,,7.1658176,0.12760111,3.4943724,0.072286509,9,0.2469164,0.73387609,69,1,2,1246205.6,0,4,0.084990599,true,true,,,true,,,,4,,,,13,,,,0,,,,1,,,,0,,,,1,,300,,,49.210287,,9.8420574,,29.835811,,0.41922619,,21.652526,,0.27948413,,0.46666667,,0.4,,,,1,0.17213115,-0.14235657,7,2,true,
108,goblin-solo,yellow dwarf (G),false,34.915437,468.03093,321.71278,29.888228,0.18426602,0,false,-0,,4,orange-giant,9,4,1,0,,0.10794926,0.013580233,0,0,0,14,0.64733167,0.51716738,3,0.19989258,0.0067135394,evaporite,0.14751488,aquifer+aquitard+spring+runoff+karst,0.22726014,22.556387,0.35726153,25.139459,0.048594767,0.35193133,salt,0.047246589,0.00083067977,0.58333333,numinous,0.41666667,ice,-3.7748086,leptosol,0.079053025,5,41.2,206,33.846463,1,0,2.7637649,-0.014282589,farming,temperate-forest,false,3,0.23418247,2,organized,flat,cyclic,"farmer,shaman,chief",,41,,0.46170668,,false,,5,0,solar,,2,,organized,,,cyclic,,,,true,,true,,7.7777778,,3.5555556,,1,0.28571429,,,,,1,,true,true,0,,1,1,,1,1,0,,true,,4,,6.6622997,0.1213203,3.1382851,0.082954934,7,0.43105358,0.74298827,51,2,2,1294150.3,0,7,0.057271644,true,true,,,true,,,,2,,,,3,,,,0,,,,1,,,,0,,,,1,,504,,,49.210287,,9.8420574,,29.835811,,0.41922619,,21.652526,,0.27948413,,0.46666667,,0.4,,,,1,0.2038835,0.047273627,7,2,false,
109,goblin-solo,yellow-white dwarf (F),false,30.456982,691.26096,544.71132,22.535193,1.3287766,3,false,2.1098669,38.053202,4,blue-giant,3,3,0,0,678.29157,0.18874484,0.049518164,550,353,12,25,0.70431131,0.54441876,3,0.16468922,0.011840242,shale,0.090488771,aquifer+aquitard+spring+runoff+karst,0.11286328,29.094423,0.27642008,25.985344,0.11269815,0.29070343,gold,0.048541219,0.0040455746,0.51020408,structural,0.54632699,alpine,1.703666,leptosol,0.035089168,55,19.8,1089,25.959739,1,0,18.329956,-0.32702336,farming,tropical-seasonal-forest,false,3,0.12607332,15,organized,flat,cyclic,"farmer,shaman,chief",,26,,0.53363946,,false,,55,0,solar,,15,,organized,,,cyclic,,,,true,,true,,10.329412,,2.6588235,,0.96363636,0.45714286,,,,,0.93333333,,true,true,3,,1,1,,0.9245283,1,0.075471698,,true,,4,,7.145179,0.11374233,2.5115623,0.10458474,12,0.16677675,0.75959182,40,2,1,1243711.5,1,4,0.058931841,true,true,,,true,,,,8,,,,7,,,,0,,,,1,,,,0,,,,1,,336,,,49.210287,,9.8420574,,29.835811,,0.41922619,,21.652526,,0.27948413,,0.44444444,,0.33333333,,,,1,0.028466483,0.0381898,7,6,true,
110,goblin-solo,yellow dwarf (G),false,39.130299,419.79944,257.47789,34.207749,0.43391472,2,false,1.230227,31.496713,4,red-giant,9,6,1,0,410.33778,0.11065704,0.0062087492,1164,716,7,33,0.67169572,0.56893218,3,0.17123187,0.048703677,shale,0.094809637,aquifer+aquitard+spring+runoff+karst,0.14879536,50.615155,0.36994349,25.316322,0.12804878,0.37061273,salt,0.076479432,0.0008179655,0.72727273,structural,0.23902686,alpine,5.9458079,leptosol,0.05361392,5,31.6,158,10.676242,1,0,15.266864,-0.5554399,farming,tropical-seasonal-forest,false,3,0.23535098,12,organized,flat,cyclic,"farmer,shaman,chief",,40,,0.54,,false,,5,0,solar,,12,,organized,,,cyclic,,,,true,,true,,7.3448276,,2.8275862,,1,0.29411765,,,,,0.91666667,,true,true,2,,1,1,,1,1,0,,true,,4,,7.2066531,0.1469062,2.859253,0.088057224,8,0.25505651,0.738115,67,2,1,1597780.6,0,3,0.11502151,true,true,,,true,,,,0,,,,0,,,,0,,,,,,,,0,,,,1,,60,,,49.210287,,9.8420574,,29.835811,,0.41922619,,21.652526,,0.27948413,,0.46666667,,0.4,,,,1,0.25949367,-0.027502021,7,2,true,
111,goblin-solo,yellow-white dwarf (F),false,25.091671,533.36708,510.16172,3.6349893,0.85666988,3,false,4.1718429,30.121332,3,blue-giant,5,4,2,0,520.87762,0.11711269,0.03172311,941,546,18,12,0.7319711,0.55068768,3,0.098969777,0.019701186,evaporite,0.10993715,aquifer+aquitard+spring+runoff+karst,0.077056198,30.831404,0.27115402,25.546518,0.10447217,0.42016577,salt,0.051802319,0.00063758084,0.57142857,structural,0.67555024,ice,-12.871358,leptosol,0.038072684,6,39.333333,236,29.05509,1,0,11.014338,-0.068332773,farming,temperate-forest,false,3,0.2771655,14,organized,flat,cyclic,"farmer,shaman,chief",,40,,0.44191703,,false,,6,0,solar,,14,,organized,,,cyclic,,,,true,,true,,6.7058824,,2.4411765,,0.83333333,0.45,,,,,0.92857143,,true,true,1,,1,1,,1,1,0,,true,,4,,6.2830931,0.1405104,3.2857824,0.06310727,7,0.24574187,0.53866185,54,2,2,1063656.5,1,7,0.092669987,true,true,,,true,,,,3,,,,2,,,,0,,,,1,,,,0,,,,1,,12,,,49.210287,,9.8420574,,29.835811,,0.41922619,,21.652526,,0.27948413,,0.44444444,,0.33333333,,,,1,0.17372881,0.06299983,7,3,true,
112,goblin-solo,yellow-white dwarf (F),false,30.25141,658.55371,522.46453,29.14058,2.4804897,1,false,0.9902227,21.632611,5,red-giant,4,3,2,0,637.57792,0.12407783,0.15913215,160,104,0,17,0.69427762,0.51018127,3,0.045896196,0.026243836,shale,0.11818254,aquifer+aquitard+spring+runoff+karst,0.19875429,31.705022,0.43456041,24.740095,0.12345285,0.38137826,salt,0.058269627,0.0010380899,0.92307692,structural,0.086780519,ice,-24.300257,leptosol,0.0142937,5,24.4,122,12.169376,1,0,12.218125,-0.6665693,farming,taiga,true,3,0.23213288,6,organized,flat,cyclic,"farmer,shaman,chief",,33,,0.585,,true,,5,0,solar,,6,,organized,,,cyclic,,,,true,,true,,7.8235294,,2.2352941,,1,0,,,,,1,,true,true,2,,1,1,,1,1,0,,true,,4,,6.7387787,0.10673746,3.0946028,0.077608515,11,0.18613751,0.65203618,46,2,2,1245844,3,5,0.12849492,true,true,,,true,,,,5,,,,0,,,,0,,,,,,,,0,,,,1,,168,,,49.210287,,9.8420574,,29.835811,,0.41922619,,21.652526,,0.27948413,,0.46666667,,0.4,,,,1,0.2704918,-0.30611394,7,3,true,
113,goblin-solo,yellow-white dwarf (F),false,31.771716,802.8573,606.46945,4.236407,0.024967377,2,false,0.83781325,36.645103,5,red-giant,5,4,2,0,787.18951,0.17494964,0.0016628455,674,426,9,11,0.55771203,0.57735828,3,0.12047752,0.0046628583,evaporite,0.1284981,aquifer+aquitard+spring+runoff+karst,0.092840978,27.093316,0.27879892,25.898204,0.085113429,0.41977149,salt,0.045544926,0.00082795165,0.4,structural,0.77094549,ice,-16.336425,leptosol,0.031738146,14,33,462,19.459818,1,0,11.839499,-0.41291733,farming,taiga,false,3,0.28492576,10,organized,flat,cyclic,"farmer,shaman,chief",,40,,0.51460782,,false,,14,0,solar,,10,,organized,,,cyclic,,,,true,,true,,9.3235294,,2.3235294,,1,0.45833333,,,,,1,,true,true,2,,1,1,,0.90909091,1,0.090909091,,true,,4,,6.799831,0.1127181,2.5289295,0.1268981,7,0.75062096,0.85340293,28,2,2,1584115.7,0,8,0.079443373,true,true,,,true,,,,3,,,,0,,,,0,,,,,,,,0,,,,1,,63,,,49.210287,,9.8420574,,29.835811,,0.41922619,,21.652526,,0.27948413,,0.44444444,,0.33333333,,,,1,0.088744589,-0.28951088,7,2,true,
114,goblin-solo,yellow-white dwarf (F),false,25.494541,632.80601,595.70967,26.568275,0.84311899,2,false,1.2874936,26.689714,4,red-giant,7,6,0,0,616.13247,0.11962118,0.0067487205,654,393,0,37,0.70152825,0.56289874,3,0.048606025,0.038059665,shale,0.07868477,aquifer+aquitard+spring+runoff+karst,0.058318338,38.179473,0.21102568,26.372538,0.16898413,0.41370849,salt,0.05489756,0.0018812367,0.82608696,numinous,0.17391304,ice,-29.725368,leptosol,0.015458858,4,35.5,142,15.209297,1,0,12.868433,-0.059177641,farming,temperate-forest,true,3,0.26435465,10,organized,flat,cyclic,"farmer,shaman,chief",,37,,0.40933809,,true,,4,0,solar,,10,,organized,,,cyclic,,,,true,,true,,7.6666667,,3.0416667,,0.75,0.42857143,,,,,1,,true,true,0,,1,1,,1,1,0,,true,,4,,7.2494301,0.18785844,2.4971017,0.095503149,7,0.33404221,0.62635244,68,2,1,1266175.7,0,4,0.098466208,true,true,,,true,,,,1,,,,3,,,,0,,,,1,,,,0,,,,1,,168,,,49.210287,,9.8420574,,29.835811,,0.41922619,,21.652526,,0.27948413,,0.46666667,,0.4,,,,1,0.26056338,-0.32269786,7,2,true,
115,goblin-solo,orange dwarf (K),false,19.935942,159.62031,192.15984,31.820496,0.45805424,3,false,7.2121071,62.59567,3,sun-like,8,5,1,0,157.76257,0.033848432,0.018540883,7455,4582,774,25,0.50336898,0.60074719,5,0.21934964,0.01913969,evaporite,0.1222042,aquifer+aquitard+spring+runoff+karst,0.1052942,28.721277,0.33436563,25.633085,0.1419653,0.4404955,salt,0.055431107,0.00093398221,0.52631579,numinous,0.47368421,alpine,0.065534065,leptosol,0.02698717,9,39.555556,356,26.50206,1,0,8.4598918,-0.084391414,farming,tropical-seasonal-forest,false,3,0.29862852,16,organized,flat,cyclic,"farmer,shaman,chief",,42,,0.50888942,,false,,9,0,solar,,16,,organized,,,cyclic,,,,true,,true,,7.7804878,,2.804878,,1,0.44,,,,,0.9375,,true,true,0,,1,1,,1,1,0,,true,,4,,6.638331,0.14276957,2.6227247,0.12731312,5,0.40121909,0.77818271,51,2,1,1587962.4,0,5,0.070587173,true,true,,,true,,,,1,,,,0,,,,0,,,,,,,,0,,,,1,,144,,,49.210287,,9.8420574,,29.835811,,0.41922619,,21.652526,,0.27948413,,0.44444444,,0.33333333,,,,1,0.11797753,-0.02050075,7,3,true,
116,goblin-solo,yellow dwarf (G),true,,318.35894,,5.1412034,0.54301635,2,false,5.8348097,37.828929,5,blue-giant,0,0,0,0,312.33894,0.070056265,,2516,2028,143,24,0.66930326,0.51535509,locked,0.063912895,0.035545139,andesite,0.14269895,aquifer+aquitard+spring+runoff+karst,0.18330134,27.44855,0.54798464,25.070154,0.13908165,0.30451794,salt,0.067798393,0.0030267238,0.75609756,structural,0.4420065,ice,-33.488285,leptosol,0.019193858,26,33.769231,878,0.4170642,1,0,63.664503,-0.25109286,farming,tropical-seasonal-forest,false,3,0.20175698,6,organized,flat,eternal,"farmer,shaman,chief",,39,,0.45239469,,false,,26,0,solar,,6,,organized,,,eternal,,,,true,,true,,6.4473684,,1.9473684,,0.96153846,0.5,,,,,0.83333333,,true,true,3,,1,1,,0.95238095,1,0.047619048,,true,,4,,7.201146,0.13716034,3.4329661,0.078902397,9,0.36350214,0.75086869,70,1,2,1260000.3,0,6,0.077095787,true,true,,,true,,,,2,,,,2,,,,0,,,,1,,,,0,,,,1,,102,,,49.210287,,9.8420574,,29.835811,,0.41922619,,21.652526,,0.27948413,,0.5,,0.5,,,,1,0.045558087,0.21180879,7,3,true,
117,goblin-solo,yellow-white dwarf (F),false,28.559068,777.48759,653.37223,0.51163358,0.44845332,3,false,1.7862782,28.885044,2,red-giant,10,6,1,0,758.45972,0.22010756,0.031166701,1477,718,18,13,0.58500561,0.58821107,3,0.20348128,0.01547776,evaporite,0.15218542,aquifer+aquitard+spring+runoff+karst,0.18995235,24.654779,0.52326607,25.073815,0.092123066,0.3799047,salt,0.050403668,0.00017648097,0,structural,1,alpine,3.7344742,leptosol,0.086946291,3,41.666667,125,18.615267,1,0,13.378092,-0.019572581,farming,tropical-seasonal-forest,false,3,0.25919172,13,organized,flat,cyclic,"farmer,shaman,chief",,42,,0.50846855,,false,,3,0,solar,,13,,organized,,,cyclic,,,,true,,true,,6.0689655,,2.4137931,,1,0.375,,,,,1,,true,true,0,,1,1,,1,1,0,,true,,4,,6.4167892,0.13296556,2.9032796,0.10382794,7,0.37778693,0.72356743,39,2,1.5,1457459.5,0,6,0.088018363,true,true,,,true,,,,4,,,,1,,,,0,,,,1,,,,0,,,,1,,120,,,49.210287,,9.8420574,,29.835811,,0.41922619,,21.652526,,0.27948413,,0.44444444,,0.33333333,,,,1,0.336,0.069201749,7,2,true,
118,goblin-solo,yellow dwarf (G),false,26.861273,354.05069,316.33707,20.542143,0.70167598,1,false,0.98469722,6.6196765,3,sun-like,2,3,0,0,380.25224,0.077014912,0.044032756,15,12,0,15,0.54880133,0.51964073,3,0.19850105,0.029734876,evaporite,0.11492263,aquifer+aquitard+spring+runoff+karst,0.081701115,29.021803,0.34195433,25.696637,0.121199,0.41261768,salt,0.063312656,0.00059517368,0.81818182,numinous,0.18181818,ice,-8.7090105,leptosol,0.041229304,2,41.5,83,34.631881,1,0,14.885382,-0.034765418,farming,temperate-forest,false,3,0.26247159,6,organized,flat,cyclic,"farmer,shaman,chief",,41,,0.51740804,,false,,2,0,solar,,6,,organized,,,cyclic,,,,true,,true,,8.7857143,,2.1428571,,1,0.25,,,,,1,,true,true,1,,1,1,,1,1,0,,true,,4,,7.2858412,0.12266943,2.9254669,0.10534154,5,0.32853587,0.60505835,44,2,2,1700921.7,1,6,0.076855147,true,true,,,true,,,,1,,,,18,,,,0,,,,1,,,,0,,,,1,,72,,,49.210287,,9.8420574,,29.835811,,0.41922619,,21.652526,,0.27948413,,0.46666667,,0.4,,,,1,0.5060241,-0.075483234,7,2,true,
119,goblin-solo,yellow dwarf (G),false,18.591646,417.32243,538.72252,31.920056,0.52133595,2,false,1.6862937,15.419185,3,sun-like,9,4,2,0,399.23589,0.10208509,0.036354904,241,157,4,16,0.50517553,0.6053086,5,0.22640496,0.018700259,evaporite,0.10932952,aquifer+aquitard+spring+runoff+karst,0.20780502,32.846374,0.49903794,25.077283,0.11766737,0.45863141,salt,0.057493136,0.0010854014,0.72727273,numinous,0.30476765,ice,-3.0064357,leptosol,0.042824017,7,41.571429,291,28.596114,1,0,3.4559117,-0.014502707,farming,tropical-seasonal-forest,false,3,0.33252751,10,organized,flat,cyclic,"farmer,shaman,chief",,42,,0.52614741,,false,,7,0,solar,,10,,organized,,,cyclic,,,,true,,true,,6.3703704,,2.3333333,,1,0.41176471,,,,,1,,true,true,1,,1,1,,0.77777778,1,0.22222222,,true,,4,,7.5999741,0.17229409,2.549427,0.1500415,5,0.75006167,0.71718605,56,2,1,1728411.4,0,6,0.076253894,true,true,,,true,,,,3,,,,3,,,,0,,,,1,,,,0,,,,1,,27,,,49.210287,,9.8420574,,29.835811,,0.41922619,,21.652526,,0.27948413,,0.46666667,,0.4,,,,1,0.1443299,-0.11324902,7,2,true,
120,goblin-solo,yellow dwarf (G),false,27.301103,500.41399,439.90661,10.575887,0.81137418,1,false,0.60919655,9.2179225,2,red-dwarf,11,4,2,0,515.15944,0.10592798,0.035182769,12,9,0,38,0.57052878,0.59913597,3,0.11061472,0.010082516,evaporite,0.096634834,aquifer+aquitard+spring+runoff+karst,0.17235107,15.351869,0.35794679,25.080914,0.088051387,0.40438836,salt,0.061470344,0.0016484766,0.48275862,structural,0.5515992,ice,-17.647649,leptosol,0.023703956,20,34.7,694,25.309717,1,0,11.276204,-0.29780954,farming,temperate-forest,false,3,0.26813324,7,organized,flat,cyclic,"farmer,shaman,chief",,42,,0.5180229,,false,,20,0,solar,,7,,organized,,,cyclic,,,,true,,true,,8.8529412,,2.5588235,,1,0.33333333,,,,,1,,true,true,3,,1,1,,1,1,0,,true,,4,,5.5292646,0.11204045,3.1643544,0.086421561,7,0.36562074,0.76132821,28,2,2,1239744.5,2,4,0.064288676,true,true,,,true,,,,4,,,,16,,,,0,,,,1,,,,0,,,,1,,144,,,49.210287,,9.8420574,,29.835811,,0.41922619,,21.652526,,0.27948413,,0.46666667,,0.4,,,,1,0.060518732,-0.093977075,7,3,true,
121,goblin-solo,orange dwarf (K),false,25.343796,187.26219,177.33305,4.1293375,0.23590743,1,false,1.1656993,6.1588014,5,orange-giant,11,6,1,0,195.35063,0.046344455,0.0170988,24,16,0,10,0.51735755,0.52822458,3,0.21920316,0.011351985,shale,0.081992919,aquifer+aquitard+spring+runoff+karst,0.10799191,33.637875,0.37728882,25.661331,0.079008599,0.42341932,salt,0.052326724,0.0010622155,0.85714286,numinous,0.21754575,alpine,11.935527,leptosol,0.053211937,5,41.6,208,6.5345068,1,0,10.732074,-0.016120866,farming,tropical-seasonal-forest,false,3,0.28158827,6,organized,flat,cyclic,"farmer,shaman,chief",,41,,0.47356414,,false,,5,0,solar,,6,,organized,,,cyclic,,,,true,,true,,7.2352941,,2.4117647,,0.6,0.18181818,,,,,0.83333333,,true,true,0,,1,1,,0.71428571,1,0.28571429,,true,,4,,7.7312174,0.18602651,2.1103442,0.17057273,6,0.74370258,0.66495777,66,2,2,1609980.7,0,4,0.085780299,true,true,,,true,,,,5,,,,0,,,,0,,,,,,,,0,,,,1,,96,,,49.210287,,9.8420574,,29.835811,,0.41922619,,21.652526,,0.27948413,,0.46666667,,0.4,,,,1,0.20192308,0.12274427,7,2,true,
122,goblin-solo,orange dwarf (K),false,22.785469,296.35617,312.15281,12.80566,1.6999068,2,false,1.5373717,26.227161,2,red-dwarf,15,5,2,0,288.49406,0.047716198,0.087162208,405,260,2,29,0.53786436,0.59461173,3,0.053513012,0.03198086,evaporite,0.11510829,aquifer+aquitard+spring+runoff+karst,0.10507132,32.418503,0.48082409,25.089967,0.089804543,0.40623349,salt,0.062160156,0.0011621764,0.31818182,structural,0.71857366,ice,-27.509932,leptosol,0.010670893,16,31.125,498,10.290651,1,0,3.1773139,-0.30220302,farming,taiga,false,3,0.26302166,13,organized,flat,cyclic,"farmer,shaman,chief",,36,,0.52400679,,false,,16,0,solar,,13,,organized,,,cyclic,,,,true,,true,,8.1904762,,2.6666667,,1,0.48275862,,,,,1,,true,true,0,,1,1,,1,1,0,,true,,4,,7.4577373,0.18771288,2.860801,0.11618085,3,0.77400951,0.70459585,50,2,1,1645690.9,2,5,0.081476377,true,true,,,true,,,,3,,,,1,,,,0,,,,1,,,,0,,,,1,,396,,,49.210287,,9.8420574,,29.835811,,0.41922619,,21.652526,,0.27948413,,0.44444444,,0.33333333,,,,1,0.074297189,-0.35430087,7,2,true,
123,goblin-solo,yellow-white dwarf (F),false,39.606521,942.66164,571.21602,2.8453591,2.2792949,1,false,0.0937456,8.7630773,2,sun-like,2,3,0,0,875.48175,0.20291346,0.11747499,106,66,0,30,0.60648894,0.58998697,3,0.066818026,0.022264538,evaporite,0.095973696,aquifer+aquitard+spring+runoff+karst,0.099509895,29.540747,0.29691668,25.818054,0.060983932,0.41255661,salt,0.067762668,0.0019852348,0.9375,structural,0.28519668,ice,-24.872545,leptosol,0.016936535,21,8.2857143,174,18.260931,1,0,10.995472,-0.25675791,farming,temperate-forest,true,3,0.25721199,5,organized,flat,cyclic,"farmer,shaman,chief",,6,,0.56921082,,true,,21,0,solar,,5,,organized,,,cyclic,,,,true,,true,,9.9032258,,2.8709677,,1,0.30769231,,,,,1,,true,true,2,,1,1,,0.98963731,1,0.010362694,,true,,4,,6.5230325,0.11977621,2.9797023,0.094209267,7,0.49202804,0.79071985,39,2,1,1495551.8,2,3,0.090446666,true,true,,,true,,,,5,,,,1,,,,0,,,,1,,,,0,,,,1,,120,,,49.210287,,9.8420574,,29.835811,,0.41922619,,21.652526,,0.27948413,,0.46666667,,0.4,,,,1,0.063218391,-0.14114356,7,4,true,
124,goblin-solo,yellow-white dwarf (F),false,28.758154,1184.0043,988.10591,19.15685,1.4332872,1,false,2.0864417,54.755128,3,red-giant,3,4,3,0,1168.394,0.22948671,0.10424644,243,153,0,29,0.69354524,0.52361985,3,0.022899272,0.014281529,andesite,0.11797977,aquifer+aquitard+spring+runoff+karst,0.11184577,23.95603,0.3790329,25.574005,0.092487852,0.27220585,salt,0.049144168,0.0017525691,1,structural,0.27164963,ice,-33.793435,leptosol,0.00079662232,6,6.1666667,37,8.7560171,1,0,2.9073395,-0.20141754,farming,taiga,false,2,0.13439019,6,folk,flat,cyclic,"farmer,chief",,6,,0.35109799,,false,,6,0,solar,,6,,folk,,,cyclic,,,,true,,true,,7.2777778,,2.5,,1,0,,,,,1,,true,true,1,,1,1,,1,1,0,,true,,4,,6.8317317,0.10960089,3.0585665,0.078316488,9,0.15613797,0.79444195,45,2,2,1220435.2,0,5,0.07764211,true,true,,,true,,,,4,,,,10,,,,0,,,,1,,,,0,,,,1,,45,,,49.210287,,9.8420574,,29.835811,,0.41922619,,21.652526,,0.27948413,,0.46666667,,0.4,,,,1,0.21621622,-0.080358697,7,4,false,
125,goblin-solo,yellow-white dwarf (F),false,16.090651,800.10784,1193.4003,24.667586,2.7035508,1,false,0.076858657,16.75466,3,orange-giant,4,6,2,0,768.0618,0.2038269,0.16696277,70,45,0,19,0.551975,0.5288252,5,0.1872223,0.0022459841,shale,0.1282694,aquifer+aquitard+spring+runoff+karst,0.16041848,18.88274,0.58800131,24.727921,0.1288143,0.39063862,salt,0.051806293,0.00059938971,0.72727273,structural,0.33358391,alpine,-4.4772946,leptosol,0.036399303,4,40,160,25.904574,1,0,6.6673819,-0.11533649,farming,tropical-seasonal-forest,false,3,0.26160636,6,organized,flat,cyclic,"farmer,shaman,chief",,42,,0.53738846,,false,,4,0,solar,,6,,organized,,,cyclic,,,,true,,true,,11.0625,,2.8125,,1,0,,,,,1,,true,true,0,,1,1,,0.66666667,1,0.33333333,,true,,4,,7.3077116,0.11951818,2.6059191,0.13473463,8,0.33996295,0.80883438,36,2,8,1449622.3,0,4,0.078220534,true,true,,,true,,,,1,,,,3,,,,0,,,,1,,,,0,,,,1,,756,,,49.210287,,9.8420574,,29.835811,,0.41922619,,21.652526,,0.27948413,,0.46666667,,0.4,,,,1,0.2625,-0.012551049,7,2,true,
126,goblin-solo,yellow-white dwarf (F),false,28.900955,888.47937,737.81317,6.4184845,0.043122287,2,false,5.150015,78.522075,4,sun-like,4,4,1,0,881.56303,0.22152199,0.003301641,116,73,0,20,0.69061569,0.44882822,3,0.18334066,0.0056393731,evaporite,0.18511797,aquifer+aquitard+spring+runoff+karst,0.12049239,19.017638,0.27089087,25.53513,0.10920855,0.32833583,salt,0.052474169,0.0059180936,0.4,structural,0.70891199,taiga,-2.5059827,leptosol,0.056813698,70,33.642857,2355,36.648299,1,0,2.3946698,-0.23317119,farming,temperate-forest,false,3,0.20523949,9,organized,flat,cyclic,"farmer,shaman,chief",,42,,0.51485647,,false,,70,0,solar,,9,,organized,,,cyclic,,,,true,,true,,8.2159091,,3.7272727,,1,0.55696203,,,,,1,,true,true,1,,1,1,,0.90825688,1,0.091743119,,true,,4,,6.8846857,0.14034681,3.4081604,0.073165373,9,0.16980983,0.67065329,76,1,2,967415.94,1,5,0.07301237,true,true,,,true,,,,3,,,,6,,,,0,,,,1,,,,0,,,,1,,66,,,49.210287,,9.8420574,,29.835811,,0.41922619,,21.652526,,0.27948413,,0.46666667,,0.4,,,,1,0.017834395,-0.034774683,7,3,true,
127,goblin-solo,yellow dwarf (G),false,33.179898,344.40529,249.11851,26.951262,3.1349181,1,false,0.019175661,7.4999559,5,red-giant,13,5,2,0,318.63698,0.070655245,0.19583949,28,18,0,23,0.65775597,0.57350738,3,0.12824081,0.019383819,evaporite,0.11320351,aquifer+aquitard+spring+runoff+karst,0.079891576,31.95744,0.14202154,26.359931,0.12354662,0.34189315,salt,0.053085181,0.00049932235,0.28571429,structural,0.7530186,ice,-12.597118,leptosol,0.029888009,6,41,246,29.995101,1,0,7.6618901,-0.032299478,farming,temperate-forest,false,3,0.20422284,6,organized,flat,cyclic,"farmer,shaman,chief",,41,,0.48529653,,false,,6,0,solar,,6,,organized,,,cyclic,,,,true,,true,,9.3888889,,2.5555556,,1,0.25,,,,,1,,true,true,1,,1,1,,0.75,1,0.25,,true,,4,,6.6554616,0.11926107,3.1677168,0.075118402,9,0.28668236,0.61434882,61,2,2,1438928.4,0,5,0.077936004,true,true,,,true,,,,4,,,,2,,,,0,,,,1,,,,0,,,,1,,192,,,49.210287,,9.8420574,,29.835811,,0.41922619,,21.652526,,0.27948413,,0.46666667,,0.4,,,,1,0.17073171,0.023747563,7,2,true,
128,goblin-solo,yellow-white dwarf (F),false,28.41039,722.81453,610.6058,20.51016,1.3961395,1,false,0.37894457,25.569031,5,orange-giant,10,6,1,0,703.249,0.23044714,0.088903473,119,75,0,37,0.63414872,0.49232617,3,0.19378937,0.020970656,evaporite,0.12364874,aquifer+aquitard+spring+runoff+karst,0.11784332,29.330875,0.50280262,24.669243,0.11650874,0.40457761,salt,0.073372891,0.0034031763,0.64705882,structural,0.45883138,alpine,14.421811,leptosol,0.039970639,29,26.827586,778,4.9252315,1,0,27.566781,-0.5288336,farming,tropical-seasonal-forest,false,3,0.25797411,7,organized,flat,cyclic,"farmer,shaman,chief",,41,,0.54,,false,,29,0,solar,,7,,organized,,,cyclic,,,,true,,true,,6.3023256,,2.7674419,,1,0.41666667,,,,,0.85714286,,true,true,1,,1,1,,0.91836735,1,0.081632653,,true,,4,,7.0545704,0.10847153,3.1571945,0.084810312,8,0.33591352,0.76117615,47,2,2,1387411.4,1,6,0.083569516,true,true,,,true,,,,4,,,,13,,,,0,,,,1,,,,0,,,,1,,576,,,49.210287,,9.8420574,,29.835811,,0.41922619,,21.652526,,0.27948413,,0.46666667,,0.4,,,,1,0.053984576,-0.0079219035,7,3,true,
129,goblin-solo,yellow dwarf (G),false,29.38854,343.82127,280.77987,9.8633919,1.3739633,2,false,0.88315417,31.30177,3,orange-giant,9,5,2,0,336.09702,0.068019994,0.089948721,430,274,1,19,0.60189932,0.6164224,3,0.13568673,0.022728382,evaporite,0.12884038,aquifer+aquitard+spring+runoff+karst,0.147544,26.511196,0.4255841,25.178646,0.11896731,0.40608328,salt,0.058762727,0.00091985037,0.26666667,structural,0.73333333,ice,-12.339078,leptosol,0.033850494,11,37.909091,417,24.167269,1,0,8.8512972,-0.11167292,farming,temperate-forest,false,3,0.24829828,9,organized,flat,cyclic,"farmer,shaman,chief",,41,,0.45150194,,false,,11,0,solar,,9,,organized,,,cyclic,,,,true,,true,,7.862069,,2.7931034,,1,0.45,,,,,1,,true,true,1,,1,1,,1,1,0,,true,,4,,6.0963382,0.13795572,3.0193302,0.090132318,5,0.34862329,0.58308214,39,2,2,1451493.5,0,5,0.094114778,true,true,,,true,,,,7,,,,10,,,,0,,,,1,,,,0,,,,1,,96,,,49.210287,,9.8420574,,29.835811,,0.41922619,,21.652526,,0.27948413,,0.44444444,,0.33333333,,,,1,0.10071942,-0.097335647,7,2,true,
130,goblin-solo,orange dwarf (K),false,33.131532,254.51301,184.36552,4.2313122,3.5918119,1,false,0.11011602,7.8566272,3,sun-like,4,3,1,0,275.03257,0.052419861,0.13009659,37,23,0,26,0.55304917,0.59711601,3,0.16703286,0.024974366,shale,0.099246231,aquifer+aquitard+spring+runoff+karst,0.061230063,31.87756,0.21367708,25.706254,0.099464715,0.36443085,salt,0.062926341,0.00087393489,0.4375,structural,0.62830211,ice,-9.4054916,leptosol,0.033264147,12,33.916667,407,32.479577,1,0,13.658726,-0.33844082,farming,temperate-forest,false,3,0.23044571,7,organized,flat,cyclic,"farmer,shaman,chief",,42,,0.51515751,,false,,12,0,solar,,7,,organized,,,cyclic,,,,true,,true,,8.3846154,,2.3461538,,0.91666667,0.15789474,,,,,1,,true,true,0,,1,1,,1,1,0,,true,,4,,7.1837216,0.12540036,2.9495698,0.10446267,8,0.28708761,0.68593593,57,2,2,1712495.1,0,5,0.089693512,true,true,,,true,,,,3,,,,1,,,,0,,,,1,,,,0,,,,1,,360,,,49.210287,,9.8420574,,29.835811,,0.41922619,,21.652526,,0.27948413,,0.46666667,,0.4,,,,1,0.1031941,-0.21032533,7,2,true,
131,goblin-solo,yellow dwarf (G),false,29.910938,453.77213,364.09861,5.7733309,0.86803539,2,true,4.2847227,20.598596,3,orange-giant,7,5,1,1,438.57893,0.08464275,0.054536363,584,370,5,22,0.54365021,0.55213181,3,0.083199063,0.027903911,shale,0.10891778,aquifer+aquitard+spring+runoff+karst,0.15802707,31.590503,0.43090997,24.686376,0.099128016,0.39453271,salt,0.062268136,0.0017653667,0.81818182,numinous,0.22320826,ice,-23.671691,leptosol,0.018884074,8,33.875,271,15.724724,1,0,3.9835898,-0.23117773,farming,temperate-forest,true,3,0.24308565,10,organized,flat,cyclic,"farmer,shaman,chief",,38,,0.63,,true,,8,0,solar,,10,,organized,,,cyclic,,,,true,,true,,8.25,,2.2142857,,1,0.38888889,,,,,1,,true,true,1,,1,1,,1,1,0,,true,,4,,7.9614329,0.13363009,2.4346813,0.15265368,9,0.3722249,0.61537745,53,2,1,1631141.2,1,4,0.098562262,true,true,,,true,,,,3,,,,1,,,,0,,,,1,,,,0,,,,1,,504,,,49.210287,,9.8420574,,29.835811,,0.41922619,,21.652526,,0.27948413,,0.46666667,,0.4,,,,1,0.1402214,-0.28433275,7,3,true,
132,goblin-solo,yellow-white dwarf (F),false,23.614542,583.51567,593.04034,18.792274,0.39647776,1,false,0.92421474,15.021167,4,red-giant,14,5,5,0,557.71353,0.16293255,0.0304596,102,64,0,9,0.58417558,0.57729114,3,0.22735706,0.015380108,shale,0.12992426,aquifer+aquitard+spring+runoff+karst,0.16990548,22.301946,0.20712734,25.456956,0.12334879,0.36100511,salt,0.058784534,0.00088064346,0.33333333,structural,0.70888959,alpine,4.6906,leptosol,0.090706276,12,38.583333,463,21.880961,1,0,9.7602513,-0.10583659,farming,tropical-seasonal-forest,false,3,0.23783244,6,organized,flat,cyclic,"farmer,shaman,chief",,42,,0.50202797,,false,,12,0,solar,,6,,organized,,,cyclic,,,,true,,true,,10.208333,,2.4166667,,1,0.11111111,,,,,1,,true,true,2,,1,1,,1,1,0,,true,,4,,6.4696041,0.13072201,3.0060452,0.099433621,8,0.26771561,0.42395933,44,2,1,1376545,0,4,0.076711519,true,true,,,true,,,,4,,,,0,,,,0,,,,,,,,0,,,,1,,144,,,49.210287,,9.8420574,,29.835811,,0.41922619,,21.652526,,0.27948413,,0.46666667,,0.4,,,,1,0.090712743,-0.00086200487,7,4,true,
133,goblin-solo,yellow-white dwarf (F),false,17.677284,463.448,629.21159,13.764957,0.011694811,1,false,5.8624909,64.444828,5,red-giant,9,4,1,0,463.16831,0.123704,0.00090940956,97,62,0,27,0.62655632,0.53651043,5,0.18895562,0.017967873,shale,0.097600837,aquifer+aquitard+spring+runoff+karst,0.11767013,28.635014,0.32470419,25.869209,0.087010525,0.34647316,salt,0.054880077,0.00065372295,0.2,structural,0.8,alpine,4.5760217,leptosol,0.046545074,8,41.5,332,12.644445,1,0,11.858738,-0.018180002,farming,tropical-seasonal-forest,false,3,0.21572857,6,organized,flat,cyclic,"farmer,shaman,chief",,41,,0.5008051,,false,,8,0,solar,,6,,organized,,,cyclic,,,,true,,true,,7.45,,2.5,,0.625,0.14285714,,,,,0.83333333,,true,true,2,,1,1,,1,1,0,,true,,4,,8.021964,0.14993164,2.5256424,0.12308969,10,0.27194875,0.67463069,79,2,1,1443600.1,0,4,0.11747145,true,true,,,true,,,,4,,,,6,,,,0,,,,1,,,,0,,,,1,,48,,,49.210287,,9.8420574,,29.835811,,0.41922619,,21.652526,,0.27948413,,0.46666667,,0.4,,,,1,0.12650602,-0.076345996,7,2,true,
134,goblin-solo,yellow dwarf (G),false,39.873331,313.85456,188.91096,16.148655,1.3316866,1,false,1.7344247,9.7527235,4,red-giant,2,4,1,0,332.17761,0.079161384,0.098084401,33,20,0,11,0.70721644,0.44367548,3,0.16334652,0.012865583,andesite,0.15684149,aquifer+aquitard+spring+runoff+karst,0.25664971,25.641829,0.34786959,24.932618,0.075544067,0.27215876,salt,0.053068942,0.0011673476,0.78571429,numinous,0.31268793,alpine,9.2374777,leptosol,0.092720754,5,41.2,206,9.8440448,1,0,16.956782,-0.014282589,farming,tropical-seasonal-forest,false,3,0.16959893,6,organized,flat,cyclic,"farmer,shaman,chief",,41,,0.47893572,,false,,5,0,solar,,6,,organized,,,cyclic,,,,true,,true,,7.1764706,,2.4117647,,1,0.36363636,,,,,0.83333333,,true,true,1,,1,1,,0.71428571,1,0.28571429,,true,,4,,6.8264724,0.12979785,3.6303358,0.066671549,9,0.20753773,0.70626434,84,1,2,929950.45,0,6,0.072475839,true,true,,,true,,,,4,,,,2,,,,0,,,,1,,,,0,,,,1,,270,,,49.210287,,9.8420574,,29.835811,,0.41922619,,21.652526,,0.27948413,,0.46666667,,0.4,,,,1,0.2038835,-0.028829351,7,4,true,
135,goblin-solo,yellow-white dwarf (F),false,19.627144,557.47491,681.67827,30.194139,3.0397391,1,false,0.11824976,8.4918985,5,orange-giant,10,4,2,0,528.82417,0.12729012,0.14496528,12,8,0,27,0.60097163,0.58274702,5,0.11725502,0.026902983,evaporite,0.091954726,aquifer+aquitard+spring+runoff+karst,0.12719486,24.319475,0.36280208,25.534394,0.13832976,0.43267054,salt,0.054737189,0.00024472316,0.25,structural,0.75,ice,-14.157186,leptosol,0.026674824,3,41,123,23.28746,1,0,13.486663,-0.043372095,farming,taiga,false,3,0.29599266,6,organized,flat,cyclic,"farmer,shaman,chief",,40,,0.49642447,,false,,3,0,solar,,6,,organized,,,cyclic,,,,true,,true,,9.3333333,,2.7333333,,0.66666667,0.44444444,,,,,1,,true,true,2,,1,1,,1,1,0,,true,,4,,7.049022,0.1418749,2.7747386,0.10846638,7,0.53294586,0.70524262,64,2,2,1381234.8,0,5,0.069824155,true,true,,,true,,,,3,,,,1,,,,0,,,,1,,,,0,,,,1,,1200,,,49.210287,,9.8420574,,29.835811,,0.41922619,,21.652526,,0.27948413,,0.46666667,,0.4,,,,1,0.34146341,-0.10592867,7,2,true,
136,goblin-solo,yellow dwarf (G),false,24.401393,495.9976,487.83865,1.1532889,4.0344155,0,false,-0,,3,blue-giant,8,4,1,0,,0.1124751,0.0023690885,0,0,0,11,0.50285631,0.47122373,3,0.22828475,0.013085299,shale,0.099734826,aquifer+aquitard+spring+runoff+karst,0.090601061,24.680806,0.45727755,25.707025,0.11716755,0.40699273,salt,0.045380631,0.00024553133,0.4,structural,0.6,ice,-7.8455134,leptosol,0.054016893,3,41,123,34.706427,1,0,19.149275,-0.043372095,farming,temperate-forest,false,3,0.27764683,2,organized,flat,cyclic,"farmer,shaman,chief",,42,,0.53439115,,false,,3,0,solar,,2,,organized,,,cyclic,,,,true,,true,,8.4285714,,3,,0.66666667,0,,,,,0.5,,true,true,1,,1,1,,1,1,0,,true,,4,,9.4074728,0.20090004,1.9754557,0.23267907,4,0.59261442,0.64972413,65,3,2,1443066.1,0,4,0.06964852,true,true,,,true,,,,2,,,,0,,,,0,,,,,,,,0,,,,1,,48,,,49.210287,,9.8420574,,29.835811,,0.41922619,,21.652526,,0.27948413,,0.46666667,,0.4,,,,1,0.34146341,-0.17583622,7,2,false,
137,goblin-solo,yellow-white dwarf (F),false,19.549645,986.22859,1210.7374,11.351735,0.54028673,2,false,5.0966217,120.25229,2,red-dwarf,17,5,4,0,980.17238,0.21407163,0.040691511,1998,1229,17,23,0.69303257,0.48815015,5,0.089448757,0.012523803,evaporite,0.15388898,aquifer+aquitard+spring+runoff+karst,0.2103547,24.393033,0.61213615,25.068622,0.14529983,0.39860029,salt,0.059548577,0.0011929378,0.26666667,structural,0.8422636,ice,-17.334287,leptosol,0.022745348,13,33.615385,437,18.916334,1,0,2.1767362,-0.23597658,farming,temperate-forest,true,3,0.25170988,9,organized,flat,cyclic,"farmer,shaman,chief",,39,,0.52977638,,true,,13,0,solar,,9,,organized,,,cyclic,,,,true,,true,,8.516129,,2.8709677,,0.69230769,0.36363636,,,,,1,,true,true,2,,1,1,,1,1,0,,true,,4,,6.488318,0.11955467,3.3327841,0.070406718,8,0.34770161,0.73736634,61,2,1,1090790.8,0,5,0.080453683,true,true,,,true,,,,3,,,,3,,,,0,,,,1,,,,0,,,,1,,216,,,49.210287,,9.8420574,,29.835811,,0.41922619,,21.652526,,0.27948413,,0.46666667,,0.4,,,,1,0.091533181,-0.01677874,7,3,true,
138,goblin-solo,yellow-white dwarf (F),false,31.82109,1106.9901,834.91052,22.095498,1.1563068,1,false,0.060249402,12.049455,5,orange-giant,6,5,0,0,1046.9126,0.21287106,0.088688535,102,65,0,28,0.65992871,0.42462312,3,0.034593037,0.010058103,andesite,0.16482412,aquifer+aquitard+spring+runoff+karst,0.26963388,28.462269,0.42828428,24.532902,0.1097631,0.26159368,salt,0.064274782,0.0012921752,0.88888889,structural,0.19446356,ice,-26.686527,leptosol,0.0025843503,7,33.857143,237,8.4747122,1,0,1.8665915,-0.047230385,farming,taiga,true,3,0.17106963,8,organized,flat,cyclic,"farmer,shaman,chief",,35,,0.585,,true,,7,0,solar,,8,,organized,,,cyclic,,,,true,,true,,10.73913,,2.6956522,,1,0.26666667,,,,,1,,true,true,2,,1,1,,1,1,0,,true,,4,,7.0934783,0.18518806,3.82727,0.070528783,9,0.22541278,0.69962055,126,1,2,1027921.1,1,6,0.052377225,true,true,,,true,,,,2,,,,0,,,,0,,,,,,,,0,,,,1,,384,,,49.210287,,9.8420574,,29.835811,,0.41922619,,21.652526,,0.27948413,,0.46666667,,0.4,,,,1,0.14767932,-0.28416637,7,3,true,
139,goblin-solo,yellow-white dwarf (F),false,31.271254,595.99366,457.41203,27.477221,1.4447549,2,false,2.2964482,25.284258,2,sun-like,4,3,1,0,579.68991,0.15248012,0.11035543,183,118,0,30,0.66127142,0.53736937,3,0.21324642,0.033128265,shale,0.13643243,aquifer+aquitard+spring+runoff+karst,0.11077477,37.559318,0.1445045,25.855126,0.1138018,0.36735135,salt,0.059994854,0.0051171171,0.32394366,structural,0.73014686,alpine,1.5832886,leptosol,0.071495495,67,32.791045,2197,36.43128,1,0,3.8968904,-0.26746416,farming,tropical-seasonal-forest,false,3,0.23495495,10,organized,flat,cyclic,"farmer,shaman,chief",,41,,0.48757119,,false,,67,0,solar,,10,,organized,,,cyclic,,,,true,,true,,10.103448,,2.8965517,,0.76119403,0.5974026,,,,,1,,true,true,2,,1,1,,0.95959596,1,0.04040404,,true,,4,,7.6829206,0.16932848,2.7830375,0.09618671,10,0.22126126,0.63501131,66,2,1,1485415.5,0,6,0.082447394,true,true,,,true,,,,1,,,,11,,,,0,,,,1,,,,0,,,,1,,648,,,49.210287,,9.8420574,,29.835811,,0.41922619,,21.652526,,0.27948413,,0.44444444,,0.33333333,,,,1,0.019116978,0.061485663,7,5,true,
140,goblin-solo,yellow-white dwarf (F),false,29.473033,976.07058,794.81788,31.659024,3.8539363,0,false,-0,,5,blue-giant,2,3,1,0,,0.21694574,0.19149224,0,0,0,24,0.72335335,0.39384045,3,0.07365363,0.02338753,gneiss,0.1213378,aquifer+aquitard+spring+runoff+karst,0.28256265,46.794674,0.43302153,24.434356,0.1284857,0.36913166,salt,0.061085011,0.0026473703,0.93333333,structural,0.23272855,ice,-19.451981,leptosol,0.029209319,6,12.666667,76,27.636809,1,0,10.372556,-0.18757782,farming,temperate-forest,false,3,0.22343805,5,organized,flat,cyclic,"farmer,shaman,chief",,12,,0.52490272,,false,,6,0,solar,,5,,organized,,,cyclic,,,,true,,true,,9.125,,2.4375,,0.83333333,0.27272727,,,,,0.8,,true,true,1,,1,1,,1,1,0,,true,,4,,7.8872476,0.23816521,3.9094945,0.065646209,9,0.18425697,0.73791766,161,1,2,1009720.1,0,5,0.089987471,true,true,,,true,,,,2,,,,1,,,,0,,,,1,,,,0,,,,1,,156,,,49.210287,,9.8420574,,29.835811,,0.41922619,,21.652526,,0.27948413,,0.46666667,,0.4,,,,1,0.19736842,-0.17324449,7,4,false,
141,goblin-solo,yellow-white dwarf (F),false,29.353067,411.73408,336.64687,24.093846,0.71641276,2,false,4.2460767,41.053028,4,sun-like,3,4,0,0,404.55017,0.11778371,0.0081906256,893,567,10,27,0.61918363,0.56779281,3,0.1820956,0.020555637,shale,0.083210462,aquifer+aquitard+spring+runoff+karst,0.11878967,36.264092,0.31726393,25.98964,0.12673889,0.39470479,salt,0.055554396,0.0022437336,0.34285714,structural,0.67603648,alpine,8.0967594,leptosol,0.060644913,31,27.83871,863,7.3648457,1,0,6.0373521,-0.46229265,farming,tropical-seasonal-forest,true,3,0.24725944,13,organized,flat,cyclic,"farmer,shaman,chief",,40,,0.585,,true,,31,0,solar,,13,,organized,,,cyclic,,,,true,,true,,8.5789474,,2.6140351,,1,0.54545455,,,,,0.92307692,,true,true,2,,1,1,,0.90697674,1,0.093023256,,true,,4,,7.2425365,0.12620248,2.6449836,0.10380353,10,0.32841849,0.63755748,46,2,2,1620881.3,0,5,0.064195121,true,true,,,true,,,,6,,,,2,,,,0,,,,1,,,,0,,,,1,,36,,,49.210287,,9.8420574,,29.835811,,0.41922619,,21.652526,,0.27948413,,0.44444444,,0.33333333,,,,1,0.048667439,-0.0032475872,7,3,true,
142,goblin-solo,yellow-white dwarf (F),false,26.329038,913.39597,832.59797,18.413501,0.8510509,2,false,3.1218081,51.944908,5,orange-giant,8,4,2,0,900.65272,0.17465188,0.043177126,788,486,2,40,0.56501147,0.55337299,3,0.032517943,0.038474684,shale,0.10977663,aquifer+aquitard+spring+runoff+karst,0.11999102,41.817409,0.34880458,25.859141,0.12852172,0.43731058,salt,0.064395859,0.00028061511,0.6,numinous,0.4,ice,-29.25645,leptosol,0.0043775957,2,33,66,6.4507982,1,0,7.3061623,0,farming,taiga,false,2,0.29447749,13,folk,flat,cyclic,"farmer,chief",,33,,0.37858428,,false,,2,0,solar,,13,,folk,,,cyclic,,,,true,,true,,9.1785714,,2.5,,1,0.33333333,,,,,0.92307692,,true,true,1,,1,1,,1,1,0,,true,,4,,7.2886142,0.11812793,2.6156563,0.11698648,9,0.27135481,0.79442166,37,2,1,1773472.6,0,5,0.10877319,true,true,,,true,,,,5,,,,2,,,,0,,,,1,,,,0,,,,1,,330,,,49.210287,,9.8420574,,29.835811,,0.41922619,,21.652526,,0.27948413,,0.46666667,,0.4,,,,1,0.5,-0.23431723,7,2,false,
143,goblin-solo,yellow-white dwarf (F),false,29.462523,746.15254,607.81153,0.31144987,2.2089485,0,false,-0,,3,blue-giant,5,4,0,0,,0.14713127,0.040108674,0,0,0,11,0.71048777,0.58183658,3,0.047190079,0.012230848,evaporite,0.11021165,aquifer+aquitard+spring+runoff+karst,0.13820727,29.947438,0.21890547,25.82649,0.1082722,0.37161649,salt,0.058672472,0.0010118897,1,structural,0.056175495,ice,-23.525175,leptosol,0.013407539,3,3,9,14.065443,1,0,6.7109009,-0.88658014,farming,temperate-rainforest,true,3,0.22430222,2,organized,flat,cyclic,"farmer,shaman,chief",,5,,0.675,,true,,3,0,solar,,2,,organized,,,cyclic,,,,true,,true,,8.1428571,,2.8571429,,0.66666667,0,,,,,0.5,,true,true,1,,1,1,,1,1,0,,true,,4,,5.9884428,0.090907602,3.17112,0.065670622,12,0.21958007,0.70041413,41,2,2,1205440.8,1,3,0.078597741,true,true,,,true,,,,7,,,,4,,,,0,,,,1,,,,0,,,,1,,36,,,49.210287,,9.8420574,,29.835811,,0.41922619,,21.652526,,0.27948413,,0.46666667,,0.4,,,,1,0.55555556,-0.23364047,7,2,false,
144,goblin-solo,yellow-white dwarf (F),false,21.751426,1051.9107,1160.653,19.501298,0.33629466,1,false,2.3351031,49.638965,5,blue-giant,5,4,1,0,1036.6113,0.20952232,0.023082632,353,225,0,27,0.58671452,0.58520881,3,0.042161027,0.031199648,shale,0.11282415,aquifer+aquitard+spring+runoff+karst,0.10419989,34.795863,0.24986709,25.200737,0.12948195,0.40167759,salt,0.063141236,0.0037214248,0.74603175,structural,0.3838889,ice,-29.026223,leptosol,0.010573572,27,28.592593,772,8.6332562,1,0,4.3773203,-0.29239868,farming,taiga,true,3,0.25494713,8,organized,flat,cyclic,"farmer,shaman,chief",,36,,0.46514882,,true,,27,0,solar,,8,,organized,,,cyclic,,,,true,,true,,6.8372093,,2.5813953,,1,0.51428571,,,,,0.875,,true,true,2,,1,1,,0.91111111,1,0.088888889,,true,,4,,7.1802294,0.17162141,2.6953286,0.11107856,8,0.32535885,0.65468266,61,2,1,1607209.6,0,5,0.10544403,true,true,,,true,,,,4,,,,4,,,,0,,,,1,,,,0,,,,1,,96,,,49.210287,,9.8420574,,29.835811,,0.41922619,,21.652526,,0.27948413,,0.46666667,,0.4,,,,1,0.049222798,-0.28635299,7,4,true,
145,goblin-solo,yellow-white dwarf (F),true,,745.66474,,31.127438,2.1541322,2,false,1.0405604,83.295333,3,sun-like,3,4,0,0,739.09021,0.14530376,,4166,2316,21,29,0.74747327,0.5441802,locked,0.076094917,0.016576339,shale,0.12819026,aquifer+aquitard+spring+runoff+karst,0.13534416,29.058257,0.25009667,25.709184,0.091260634,0.35015468,salt,0.05060796,0.0010634184,0.63636364,structural,0.38502398,ice,-17.49822,leptosol,0.030259087,5,39.4,197,0.30636733,1,0,27.319358,-0.019148723,farming,tropical-seasonal-forest,true,3,0.2258314,5,organized,flat,eternal,"farmer,shaman,chief",,40,,0.55709386,,true,,5,0,solar,,5,,organized,,,eternal,,,,true,,true,,9.2,,2.8666667,,1,0.5,,,,,0.8,,true,true,1,,1,1,,0.77777778,1,0.22222222,,true,,4,,6.1412351,0.11375466,2.9755124,0.068014257,11,0.20572312,0.69318578,32,2,2,1061559.2,0,5,0.068899155,true,true,,,true,,,,1,,,,3,,,,0,,,,1,,,,0,,,,1,,33,,,49.210287,,9.8420574,,29.835811,,0.41922619,,21.652526,,0.27948413,,0.5,,0.5,,,,1,0.20304569,0.22726382,7,2,false,
146,goblin-solo,yellow dwarf (G),false,24.493573,413.66748,405.33162,0.53047511,1.0953988,2,false,1.8762924,17.794591,3,orange-giant,2,4,2,0,397.82868,0.078505811,0.054791153,424,267,0,26,0.69090865,0.51520417,3,0.069942874,0.018700259,shale,0.11539373,aquifer+aquitard+spring+runoff+karst,0.17936972,27.555726,0.54806097,24.470125,0.13032146,0.40075823,salt,0.068794258,0.0035542216,0.84444444,numinous,0.15555556,ice,-19.473926,leptosol,0.018797883,7,39,273,19.60344,1,0,4.1175754,-0.063490667,farming,temperate-forest,true,3,0.24697891,9,organized,flat,cyclic,"farmer,shaman,chief",,41,,0.58533008,,true,,7,0,solar,,9,,organized,,,cyclic,,,,true,,true,,7.68,,2.36,,1,0.25,,,,,1,,true,true,1,,1,1,,1,1,0,,true,,4,,6.857529,0.1327036,2.9074823,0.082979347,9,0.3753258,0.62176764,52,2,1,1154236.5,0,3,0.094066831,true,true,,,true,,,,4,,,,4,,,,0,,,,1,,,,0,,,,1,,132,,,49.210287,,9.8420574,,29.835811,,0.41922619,,21.652526,,0.27948413,,0.44444444,,0.33333333,,,,1,0.15018315,-0.2535319,7,2,true,
147,goblin-solo,yellow-white dwarf (F),false,27.953721,572.72207,491.71736,8.3229411,0.22901935,2,false,2.8736948,30.957428,2,sun-like,7,5,1,0,559.76677,0.17020695,0.0073265201,220,144,0,32,0.58954641,0.50675073,3,0.20609345,0.021117133,gneiss,0.12311902,aquifer+aquitard+spring+runoff+karst,0.13947541,31.895708,0.43139237,25.321043,0.075834176,0.40724439,salt,0.075441981,0.003033367,0.66666667,structural,0.49613468,alpine,11.975339,leptosol,0.068399453,30,32.433333,973,9.6860494,1,0,26.346583,-0.39042351,farming,tropical-seasonal-forest,false,3,0.29399869,10,organized,flat,cyclic,"farmer,shaman,chief",,41,,0.5059586,,false,,30,0,solar,,10,,organized,,,cyclic,,,,true,,true,,9.96,,2.76,,1,0.525,,,,,0.9,,true,true,2,,1,1,,0.87755102,1,0.12244898,,true,,4,,6.8916439,0.18031668,3.4983233,0.078047947,7,0.54773092,0.73904167,99,1,2,1393057.7,1,4,0.094245786,true,true,,,true,,,,8,,,,2,,,,0,,,,1,,,,0,,,,1,,45,,,49.210287,,9.8420574,,29.835811,,0.41922619,,21.652526,,0.27948413,,0.46666667,,0.4,,,,1,0.043165468,-0.041707159,7,3,true,
148,goblin-solo,yellow-white dwarf (F),false,19.696859,397.68839,484.57073,16.118107,2.9130118,1,false,0.29321385,10.078627,2,sun-like,8,4,1,0,372.5239,0.11716554,0.18963257,230,145,0,9,0.55776085,0.55434723,5,0.17572384,0.0037107563,shale,0.11084736,aquifer+aquitard+spring+runoff+karst,0.085730058,27.301276,0.38956666,25.684249,0.12260558,0.39690864,salt,0.045002279,0.001269666,0.56521739,structural,0.55730326,alpine,13.969897,leptosol,0.032680099,18,32.944444,593,6.7696728,1,0,7.3745732,-0.3434932,farming,temperate-forest,false,3,0.23555065,7,organized,flat,cyclic,"farmer,shaman,chief",,42,,0.52176654,,false,,18,0,solar,,7,,organized,,,cyclic,,,,true,,true,,9.03125,,2.5625,,1,0.24,,,,,1,,true,true,2,,1,1,,0.86666667,1,0.13333333,,true,,4,,7.0583329,0.14028247,2.4392685,0.13151213,5,0.5250345,0.64491209,36,2,1,1570915,1,4,0.068507008,true,true,,,true,,,,3,,,,2,,,,0,,,,1,,,,0,,,,1,,54,,,49.210287,,9.8420574,,29.835811,,0.41922619,,21.652526,,0.27948413,,0.46666667,,0.4,,,,1,0.070826307,-0.14167975,7,3,false,
149,goblin-solo,orange dwarf (K),false,28.731261,352.09076,294.11094,29.02808,0.39737692,3,false,5.3780986,50.573388,3,sun-like,4,4,1,0,347.08108,0.055262863,0.010765482,1071,679,14,19,0.50805625,0.61346831,3,0.027684195,0.0098627997,evaporite,0.12351744,aquifer+aquitard+spring+runoff+karst,0.33005806,20.884978,0.71440623,24.065663,0.10123567,0.40558781,salt,0.053562899,0.0013398839,0.92592593,structural,0.18245108,ice,-31.588119,leptosol,0.0019353878,7,10.571429,74,6.5561667,1,0,1.7798464,-0.43427522,farming,taiga,false,3,0.27785222,16,organized,flat,cyclic,"farmer,shaman,chief",,13,,0.49122752,,false,,7,0,solar,,16,,organized,,,cyclic,,,,true,,true,,8.2307692,,2.5897436,,1,0.34782609,,,,,0.9375,,true,true,1,,1,1,,1,1,0,,true,,4,,6.2542432,0.12232362,3.1875717,0.097602656,8,0.320927,0.7541701,33,2,2,1560065.9,0,5,0.10265348,true,true,,,true,,,,3,,,,2,,,,0,,,,1,,,,0,,,,1,,54,,,49.210287,,9.8420574,,29.835811,,0.41922619,,21.652526,,0.27948413,,0.44444444,,0.33333333,,,,1,0.18918919,-0.37410534,7,2,true,
150,goblin-solo,orange dwarf (K),false,22.025439,315.41301,343.68951,10.974916,0.55173428,3,false,7.8685436,70.126781,3,red-giant,7,5,2,0,312.16352,0.054196904,0.019774836,3920,3555,263,33,0.61549729,0.57873016,3,0.078658269,0.023338704,evaporite,0.1224127,aquifer+aquitard+spring+runoff+karst,0.12685714,29.787945,0.28031746,25.264873,0.10203175,0.39815873,salt,0.067024587,0.0041269841,0.83076923,structural,0.30583393,ice,-22.830276,leptosol,0.020063492,39,13.589744,530,15.842001,1,0,6.8151396,-0.45650233,farming,temperate-forest,false,3,0.24031746,14,organized,flat,cyclic,"farmer,shaman,chief",,24,,0.52834394,,false,,39,0,solar,,14,,organized,,,cyclic,,,,true,,true,,8.9402985,,2.9552239,,1,0.32075472,,,,,1,,true,true,2,,1,1,,0.98484848,1,0.015151515,,true,,4,,5.9432422,0.12541616,3.2279049,0.077217909,6,0.35853968,0.67487827,50,2,2,1408405.1,1,3,0.096767658,true,true,,,true,,,,1,,,,0,,,,0,,,,,,,,0,,,,1,,288,,,49.210287,,9.8420574,,29.835811,,0.41922619,,21.652526,,0.27948413,,0.46666667,,0.4,,,,1,0.050943396,-0.18301347,7,5,false,
151,goblin-solo,orange dwarf (K),false,37.39111,157.32104,100.97868,7.4346291,0.21906119,2,false,3.9952322,22.806847,5,sun-like,1,3,0,0,152.51678,0.028395633,0.01731694,5343,5323,19,23,0.63527172,0.50167336,3,0.13456374,0.023534007,evaporite,0.14330656,aquifer+aquitard+spring+runoff+karst,0.13962517,30.09854,0.5021419,25.172857,0.11385542,0.41519411,salt,0.071966234,0.0021419009,0.875,numinous,0.125,tundra,-6.9765147,leptosol,0.035609103,4,39.5,158,26.456255,1,0,16.104444,-0.053192882,farming,temperate-forest,false,3,0.28045515,10,organized,flat,cyclic,"farmer,shaman,chief",,39,,0.50003257,,false,,4,0,solar,,10,,organized,,,cyclic,,,,true,,true,,8.3333333,,2.8333333,,1,0.35714286,,,,,1,,true,true,3,,1,1,,1,1,0,,true,,4,,6.0868373,0.14274178,3.6363512,0.068282799,6,0.6768407,0.69137886,56,2,2,1230530,0,7,0.079516121,true,true,,,true,,,,3,,,,9,,,,0,,,,1,,,,0,,,,1,,192,,,49.210287,,9.8420574,,29.835811,,0.41922619,,21.652526,,0.27948413,,0.44444444,,0.33333333,,,,1,0.25949367,-0.049513128,7,3,false,
152,goblin-solo,yellow-white dwarf (F),false,34.092922,807.76683,568.63427,0.26082556,0.022282984,3,false,7.8874629,62.286114,3,red-dwarf,0,0,0,0,798.38271,0.215565,0.0016052859,1402,841,24,23,0.61635174,0.55583837,3,0.20150383,0.033323568,shale,0.097868279,aquifer+aquitard+spring+runoff+karst,0.093795737,35.625345,0.28017817,25.648316,0.084187082,0.36703786,salt,0.076072869,0.0018453707,0.48275862,structural,0.54872565,alpine,-3.6945211,leptosol,0.052943048,17,37.529412,638,33.11408,1,0,9.6077224,-0.18226384,farming,tropical-seasonal-forest,false,3,0.20419981,16,organized,flat,cyclic,"farmer,shaman,chief",,42,,0.54,,false,,17,0,solar,,16,,organized,,,cyclic,,,,true,,true,,9.2244898,,2.3673469,,0.76470588,0.36363636,,,,,1,,true,true,3,,1,1,,1,1,0,,true,,4,,7.2538226,0.1313197,2.9085306,0.091621503,8,0.22774419,0.66875131,62,2,1,1634004.9,0,3,0.090519382,true,true,,,true,,,,3,,,,9,,,,0,,,,1,,,,0,,,,1,,1932,,,49.210287,,9.8420574,,29.835811,,0.41922619,,21.652526,,0.27948413,,0.44444444,,0.33333333,,,,1,0.065830721,0.069702469,7,4,true,
153,goblin-solo,yellow-white dwarf (F),false,23.717232,706.52879,714.95235,32.325155,0.61697155,2,false,5.0441934,69.60492,2,blue-giant,1,6,1,0,699.1079,0.19823715,0.047291444,2026,1218,22,37,0.51904204,0.58656921,3,0.22369513,0.013915336,shale,0.1081671,aquifer+aquitard+spring+runoff+karst,0.13405411,23.525183,0.3718593,25.258507,0.1211106,0.41211106,salt,0.05660687,0.0011166946,0.95454545,structural,0.49027898,alpine,1.101263,leptosol,0.045378407,9,15.777778,142,17.973242,1,0,24.264767,-0.8923841,farming,tropical-rainforest,true,3,0.28815796,15,organized,flat,cyclic,"farmer,shaman,chief",,38,,0.63,,true,,9,0,solar,,15,,organized,,,cyclic,,,,true,,true,,8.6666667,,2.6666667,,1,0.33333333,,,,,0.93333333,,true,true,1,,1,1,,0.96825397,1,0.031746032,,true,,4,,7.2927361,0.18031082,2.4977551,0.14537864,5,0.57662048,0.81080949,59,2,1,1383106.1,0,4,0.082492288,true,true,,,true,,,,4,,,,6,,,,0,,,,1,,,,0,,,,1,,288,,,49.210287,,9.8420574,,29.835811,,0.41922619,,21.652526,,0.27948413,,0.44444444,,0.33333333,,,,1,0.26760563,0.15341292,7,3,true,
154,goblin-solo,yellow dwarf (G),false,22.645575,519.29135,550.35,28.320501,0.65662556,3,false,3.9696978,86.71288,3,blue-giant,5,5,3,0,514.91866,0.10667371,0.025155232,2383,2057,122,31,0.60912553,0.54568734,3,0.11334896,0.04269811,andesite,0.10979951,aquifer+aquitard+spring+runoff+karst,0.18362376,37.496486,0.41808756,24.861892,0.13434514,0.3621885,salt,0.069333082,0.0018737118,0.9,numinous,0.1,ice,-18.630985,leptosol,0.026544251,3,36.666667,110,26.203464,1,0,8.1175554,-0.070938634,farming,temperate-forest,false,3,0.21653863,17,organized,flat,cyclic,"farmer,shaman,chief",,37,,0.45725757,,false,,3,0,solar,,17,,organized,,,cyclic,,,,true,,true,,8.5405405,,2.3513514,,1,0.5,,,,,0.94117647,,true,true,2,,1,1,,1,1,0,,true,,4,,6.7006855,0.13264196,3.1305601,0.081612226,10,0.18762101,0.6625212,52,2,2,1536341.6,0,6,0.11693973,true,true,,,true,,,,5,,,,0,,,,0,,,,,,,,0,,,,1,,144,,,49.210287,,9.8420574,,29.835811,,0.41922619,,21.652526,,0.27948413,,0.44444444,,0.33333333,,,,1,0.34545455,-0.11484298,7,2,false,
155,goblin-solo,yellow dwarf (G),false,21.310357,272.04992,306.38614,28.962636,3.6291329,0,false,-0,,3,sun-like,2,3,1,0,,0.057360754,0.13024837,0,0,0,34,0.68439041,0.46155631,3,0.17699331,0.042502807,evaporite,0.15122215,aquifer+aquitard+spring+runoff+karst,0.25518255,26.168338,0.23700495,24.907904,0.10550743,0.28225557,salt,0.058372318,0.00038675743,0,structural,1,temperate-forest,-3.0941258,leptosol,0.086169554,5,41.2,206,42.733027,1,0,7.6114354,-0.014282589,farming,tropical-seasonal-forest,false,3,0.16823948,2,organized,flat,cyclic,"farmer,shaman,chief",,41,,0.53511604,,false,,5,0,solar,,2,,organized,,,cyclic,,,,true,,true,,4.4444444,,1.5555556,,1,0.57142857,,,,,1,,true,true,2,,1,1,,1,1,0,,true,,4,,7.2046328,0.14051444,3.5950351,0.075826376,8,0.34150681,0.70509396,78,1,2,1165484.9,1,5,0.073334239,true,true,,,true,,,,3,,,,1,,,,0,,,,1,,,,0,,,,1,,12,,,49.210287,,9.8420574,,29.835811,,0.41922619,,21.652526,,0.27948413,,0.46666667,,0.4,,,,1,0.2038835,-0.0037797613,7,3,false,
156,goblin-solo,yellow dwarf (G),false,31.355273,360.11187,275.63737,28.426518,0.51431101,2,false,7.7834189,20.155725,5,orange-giant,13,7,3,0,347.79414,0.08291114,0.0055946881,1024,613,0,14,0.5307358,0.59645198,3,0.24854743,0.014916264,evaporite,0.12969514,aquifer+aquitard+spring+runoff+karst,0.10217459,27.044812,0.27177193,25.716853,0.12225575,0.37758818,salt,0.054022312,0.0013005931,1,numinous,0.10460344,alpine,-3.089103,leptosol,0.046717303,3,41,123,34.372933,1,0,9.4026175,-0.060192186,farming,tropical-seasonal-forest,false,3,0.22562689,10,organized,flat,cyclic,"farmer,shaman,chief",,42,,0.512409,,false,,3,0,solar,,10,,organized,,,cyclic,,,,true,,true,,7.173913,,2.6086957,,1,0.30769231,,,,,1,,true,true,1,,1,1,,0.75,1,0.25,,true,,4,,6.249501,0.10290864,2.8479785,0.10290025,6,0.38721257,0.55230632,19,2,2,1619100.6,0,4,0.054348679,true,true,,,true,,,,5,,,,0,,,,0,,,,,,,,0,,,,1,,18,,,49.210287,,9.8420574,,29.835811,,0.41922619,,21.652526,,0.27948413,,0.44444444,,0.33333333,,,,1,0.34146341,0.074061907,7,2,true,
157,goblin-solo,yellow dwarf (G),false,28.20062,471.69651,401.43501,33.800556,0.18122501,2,false,3.546558,19.018781,4,orange-giant,9,8,1,0,454.7644,0.080568338,0.0039085363,249,160,0,16,0.74573995,0.54392703,3,0.027733021,0.011669352,evaporite,0.17426788,aquifer+aquitard+spring+runoff+karst,0.22198752,20.878117,0.58713394,25.252058,0.12136342,0.37445991,salt,0.047297309,0.0024003841,0.84,structural,0.27049637,ice,-21.701095,leptosol,0.0078732597,13,19.307692,251,8.3208722,1,0,10.953673,-0.2047817,farming,taiga,true,3,0.26490639,12,organized,flat,cyclic,"farmer,shaman,chief",,24,,0.63,,true,,13,0,solar,,12,,organized,,,cyclic,,,,true,,true,,9.4864865,,2.7027027,,0.92307692,0.24,,,,,1,,true,true,0,,1,1,,0.91304348,1,0.086956522,,true,,4,,5.8444841,0.13863345,2.8958389,0.075924027,7,0.50417667,0.6019573,45,2,1.5,896810.19,0,4,0.11578301,true,true,,,true,,,,4,,,,0,,,,0,,,,,,,,0,,,,1,,168,,,49.210287,,9.8420574,,29.835811,,0.41922619,,21.652526,,0.27948413,,0.44444444,,0.33333333,,,,1,0.09561753,-0.36561304,7,3,true,
158,goblin-solo,yellow-white dwarf (F),false,32.323238,472.67126,350.95835,27.259973,0.61875677,2,false,3.3160027,27.03756,4,sun-like,12,9,1,0,460.4247,0.1216425,0.027069685,367,235,1,10,0.6523119,0.55259093,3,0.19154338,0.018041111,shale,0.12842297,aquifer+aquitard+spring+runoff+karst,0.32263727,17.191396,0.64738099,23.941026,0.10777981,0.33464401,salt,0.049658891,0.014253616,0.5862069,structural,0.52592436,ice,1.2510409,leptosol,0.074778823,121,30.85124,3733,34.341721,1,0,21.739033,-0.31006289,farming,temperate-forest,false,3,0.1734307,10,organized,flat,cyclic,"farmer,shaman,chief",,42,,0.51766811,,false,,121,0,solar,,10,,organized,,,cyclic,,,,true,,true,,8.5035461,,2.8439716,,0.85123967,0.58015267,,,,,1,,true,true,3,,1,1,,0.93296089,1,0.067039106,,true,,4,,6.3296905,0.093383133,3.2890811,0.083369953,8,0.18312035,0.71957424,42,2,2,1247405.3,0,4,0.059869123,true,true,,,true,,,,5,,,,4,,,,0,,,,1,,,,0,,,,1,,42,,,49.210287,,9.8420574,,29.835811,,0.41922619,,21.652526,,0.27948413,,0.46666667,,0.4,,,,1,0.011251005,0.024605892,7,5,true,
159,goblin-solo,yellow dwarf (G),false,25.441377,323.98947,305.6339,28.932155,0.72817392,2,false,4.2129567,14.490756,2,red-dwarf,1,3,0,0,309.02774,0.060647505,0.019744914,1650,1644,3,11,0.5783409,0.54863363,3,0.12389532,0.011718178,evaporite,0.1353057,aquifer+aquitard+spring+runoff+karst,0.24195229,19.170777,0.52808013,24.273596,0.065886985,0.41905975,salt,0.049448109,0.0037633164,0.95384615,numinous,0.1197898,ice,-17.17639,leptosol,0.032248726,10,8.8,88,24.052952,1,0,9.8609339,-0.17000081,farming,temperate-forest,false,3,0.29012274,14,organized,flat,cyclic,"farmer,shaman,chief",,10,,0.54,,false,,10,0,solar,,14,,organized,,,cyclic,,,,true,,true,,9.5789474,,3.0789474,,1,0.16666667,,,,,1,,true,true,1,,1,1,,1,1,0,,true,,4,,6.2918326,0.11940521,2.8245361,0.10817343,6,0.26540065,0.67522893,34,2,1,1277965.3,0,6,0.074369242,true,true,,,true,,,,1,,,,0,,,,0,,,,,,,,0,,,,1,,384,,,49.210287,,9.8420574,,29.835811,,0.41922619,,21.652526,,0.27948413,,0.46666667,,0.4,,,,1,0.11363636,-0.15055152,7,4,false,
160,goblin-solo,yellow dwarf (G),false,19.425975,367.42944,453.94409,34.127888,0.098712571,2,true,6.4476422,23.775162,3,orange-giant,4,3,0,1,368.21464,0.059317622,0.0033331492,60,34,0,27,0.65690152,0.41369005,5,0.031736732,0.032444705,gneiss,0.13149281,aquifer+aquitard+spring+runoff+karst,0.17738722,56.368809,0.35883023,25.674312,0.10808311,0.30425502,salt,0.061027171,0.0003557706,0.6,numinous,0.4,ice,-29.106243,leptosol,0.0039846307,2,35,70,10.533895,1,0,5.8589172,0,farming,taiga,false,3,0.19225843,10,organized,flat,cyclic,"farmer,shaman,chief",,35,,0.4858947,,false,,2,0,solar,,10,,organized,,,cyclic,,,,true,,true,,8.5909091,,2.0909091,,1,0.41666667,,,,,1,,true,true,3,,1,1,,1,1,0,,true,,4,,8.3596309,0.26030595,3.6829334,0.073043308,7,0.29898961,0.71355746,210,1,2,1382442.9,1,4,0.070074168,true,true,,,true,,,,2,,,,0,,,,0,,,,,,,,0,,,,1,,240,,,49.210287,,9.8420574,,29.835811,,0.41922619,,21.652526,,0.27948413,,0.46666667,,0.4,,,,1,0.5,-0.23403937,7,2,true,
161,goblin-solo,yellow dwarf (G),false,37.082059,363.17915,235.05435,0.06900398,0.089715491,3,false,7.6996793,115.64353,4,orange-giant,6,4,1,0,360.86356,0.066702159,0.00084462138,5605,4237,641,8,0.72896831,0.44820753,3,0.066744788,0.0095210195,andesite,0.12862547,aquifer+aquitard+spring+runoff+karst,0.16555576,29.445493,0.25436858,25.725731,0.062150964,0.22959827,salt,0.046711275,0.0004503693,0,structural,1,ice,-17.876666,leptosol,0.022878761,5,37.2,186,23.179124,1,0,5.436435,-0.036170082,farming,temperate-forest,false,3,0.1261034,14,organized,flat,cyclic,"farmer,shaman,chief",,38,,0.49053776,,false,,5,0,solar,,14,,organized,,,cyclic,,,,true,,true,,9.0909091,,2.2727273,,1,0.36842105,,,,,1,,true,true,1,,1,1,,1,1,0,,true,,4,,7.5027214,0.19575544,3.7268098,0.066280943,8,0.25544947,0.81280211,139,1,2,913395.16,0,4,0.056772209,true,true,,,true,,,,3,,,,0,,,,0,,,,,,,,0,,,,1,,648,,,49.210287,,9.8420574,,29.835811,,0.41922619,,21.652526,,0.27948413,,0.46666667,,0.4,,,,1,0.20430108,-0.092665957,7,2,true,
162,goblin-solo,orange dwarf (K),false,34.364424,219.17003,153.06763,34.557977,0.45474563,1,false,1.4712173,9.1688912,3,red-giant,6,4,3,0,204.29187,0.047193917,0.03351101,175,112,0,22,0.56086129,0.56254169,3,0.21056101,0.017137835,evaporite,0.13381143,aquifer+aquitard+spring+runoff+karst,0.22203691,22.562765,0.4675895,24.682144,0.10946186,0.38998221,salt,0.068830982,0.0034467423,0.82258065,numinous,0.23090955,alpine,-0.86140841,leptosol,0.070435846,16,38.8125,621,26.676634,1,0,13.488154,-0.090335171,farming,tropical-rainforest,true,3,0.24844341,6,organized,flat,cyclic,"farmer,shaman,chief",,42,,0.63,,true,,16,0,solar,,6,,organized,,,cyclic,,,,true,,true,,8.4285714,,2.2142857,,0.9375,0.36363636,,,,,1,,true,true,1,,1,1,,0.83333333,1,0.16666667,,true,,4,,6.2966796,0.11224448,3.3382603,0.087495728,6,0.331332,0.63625045,43,2,2,1434904.4,0,4,0.071812748,true,true,,,true,,,,5,,,,1,,,,0,,,,1,,,,0,,,,1,,84,,,49.210287,,9.8420574,,29.835811,,0.41922619,,21.652526,,0.27948413,,0.46666667,,0.4,,,,1,0.06763285,0.037966048,7,3,true,
163,goblin-solo,orange dwarf (K),false,17.083134,231.96137,325.88124,29.355528,0.37895893,2,false,7.2372908,34.943834,2,orange-giant,7,4,1,0,227.22251,0.036823573,0.027135979,4615,2364,14,23,0.73018896,0.49809989,5,0.033006201,0.031394951,andesite,0.11717336,aquifer+aquitard+spring+runoff+karst,0.15662324,28.73682,0.35305827,25.139635,0.16693811,0.33478104,salt,0.063999234,0.0026239595,0.27586207,structural,0.72808968,ice,-27.773415,leptosol,0.0086862106,24,30.583333,734,14.013512,1,0,16.428526,-0.19325646,farming,temperate-forest,true,3,0.21254072,11,organized,flat,cyclic,"farmer,shaman,chief",,38,,0.58483312,,true,,24,0,solar,,11,,organized,,,cyclic,,,,true,,true,,8.6086957,,2.2391304,,0.83333333,0.54285714,,,,,1,,true,true,0,,1,1,,1,1,0,,true,,4,,6.7144125,0.13742957,3.3780694,0.063034032,8,0.30266015,0.76929413,60,1,2,1032037.7,3,7,0.09087316,true,true,,,true,,,,3,,,,1,,,,0,,,,1,,,,0,,,,1,,768,,,49.210287,,9.8420574,,29.835811,,0.41922619,,21.652526,,0.27948413,,0.46666667,,0.4,,,,1,0.051771117,-0.26080195,7,3,true,
164,goblin-solo,yellow dwarf (G),false,22.147327,255.48572,276.85767,23.998446,0.010323792,2,true,6.761941,17.052334,3,blue-giant,10,4,3,1,245.37855,0.058610704,0.0003671749,409,260,1,8,0.55954299,0.58469128,3,0.24957277,0.014061813,evaporite,0.14582641,aquifer+aquitard+spring+runoff+karst,0.18556701,25.092972,0.36315264,25.440451,0.13468573,0.3632635,salt,0.038651397,0.0009976721,0.88888889,numinous,0.11111111,alpine,2.0642643,leptosol,0.084857555,2,42,84,30.933056,1,0,13.101355,0,farming,tropical-seasonal-forest,false,3,0.24254517,12,organized,flat,cyclic,"farmer,shaman,chief",,42,,0.51855135,,false,,2,0,solar,,12,,organized,,,cyclic,,,,true,,true,,9.1153846,,2.9615385,,0.5,0.35714286,,,,,0.91666667,,true,true,2,,1,1,,1,1,0,,true,,4,,6.7698878,0.12273559,3.0490335,0.097089986,6,0.37135573,0.5170768,54,2,1,1607562.4,1,5,0.078396834,true,true,,,true,,,,5,,,,0,,,,0,,,,,,,,0,,,,1,,12,,,49.210287,,9.8420574,,29.835811,,0.41922619,,21.652526,,0.27948413,,0.44444444,,0.33333333,,,,1,0.5,-0.0050223714,7,2,true,
165,goblin-solo,yellow dwarf (G),false,18.538366,388.03546,502.35555,6.119759,0.47113466,0,false,-0,,4,red-giant,7,4,2,0,,0.080250921,0.0068559473,0,0,0,37,0.49882818,0.57226363,5,0.1306821,0.032517943,shale,0.079984412,aquifer+aquitard+spring+runoff+karst,0.10132008,40.823487,0.31686882,25.737402,0.12967022,0.45535584,salt,0.061152603,0.0017049053,0.31428571,structural,0.68831209,ice,-15.166636,leptosol,0.028252716,32,30.59375,979,18.595001,1,0,2.1230295,-0.25673581,farming,temperate-forest,false,3,0.31886599,1,organized,flat,cyclic,"farmer,shaman,chief",,41,,0.49498452,,false,,32,0,solar,,1,,organized,,,cyclic,,,,true,,true,,6.6470588,,2.8235294,,0.4375,0.42424242,,,,,1,,true,true,1,,1,1,,0.90909091,1,0.090909091,,true,,4,,7.7230191,0.157884,2.3244901,0.16544602,5,0.52257782,0.78928262,77,2,1,1876720.1,0,6,0.087551571,true,true,,,true,,,,0,,,,6,,,,0,,,,1,,,,0,,,,1,,96,,,49.210287,,9.8420574,,29.835811,,0.41922619,,21.652526,,0.27948413,,0.46666667,,0.4,,,,1,0.041879469,0.0097942868,7,3,false,
166,goblin-solo,yellow-white dwarf (F),false,26.840149,937.47348,838.27267,14.286857,2.3863182,1,false,0.20043549,20.817502,4,blue-giant,8,5,2,0,906.3179,0.21787863,0.18522824,811,811,0,22,0.56549973,0.53404877,3,0.13329427,0.0090815878,evaporite,0.15659063,aquifer+aquitard+spring+runoff+karst,0.21833914,23.416097,0.68990898,24.153839,0.073940892,0.38420047,salt,0.066538417,0.0038768401,0.52173913,structural,0.5692345,ice,-13.264945,leptosol,0.032419373,47,28.042553,1318,21.041839,1,0,6.6508875,-0.42568702,farming,temperate-forest,false,3,0.2722216,5,organized,flat,cyclic,"farmer,shaman,chief",,41,,0.54,,false,,47,0,solar,,5,,organized,,,cyclic,,,,true,,true,,11.701754,,2.7192982,,0.95744681,0.42307692,,,,,1,,true,true,2,,1,1,,0.97058824,1,0.029411765,,true,,4,,6.1713455,0.12293868,3.2080753,0.08981495,6,0.36071469,0.71155084,34,2,2,1414028.6,1,5,0.078124252,true,true,,,true,,,,1,,,,4,,,,0,,,,1,,,,0,,,,1,,288,,,49.210287,,9.8420574,,29.835811,,0.41922619,,21.652526,,0.27948413,,0.46666667,,0.4,,,,1,0.031866464,0.023540081,7,3,false,
167,goblin-solo,yellow-white dwarf (F),false,36.179909,829.60479,550.31965,0.45226184,0.16091978,1,false,6.0164167,35.239027,4,red-giant,9,5,3,0,812.83217,0.19668023,0.0046614697,382,241,0,25,0.58249109,0.54654426,3,0.16439627,0.016820468,evaporite,0.12986785,aquifer+aquitard+spring+runoff+karst,0.21500409,23.812789,0.58753362,24.988843,0.06946556,0.41813823,salt,0.049299688,0.00029236347,0.4,structural,0.6,ice,-12.162073,leptosol,0.039702959,3,41,123,27.455269,1,0,13.982318,0,farming,temperate-forest,false,3,0.30382411,6,organized,flat,cyclic,"farmer,shaman,chief",,41,,0.52240355,,false,,3,0,solar,,6,,organized,,,cyclic,,,,true,,true,,6.9333333,,2.6,,1,0,,,,,1,,true,true,2,,1,1,,1,1,0,,true,,4,,6.4384259,0.13605599,2.9725725,0.091670329,5,0.46403929,0.6174718,34,2,1,1403729.3,0,6,0.08917375,true,true,,,true,,,,4,,,,2,,,,0,,,,1,,,,0,,,,1,,192,,,49.210287,,9.8420574,,29.835811,,0.41922619,,21.652526,,0.27948413,,0.46666667,,0.4,,,,1,0.33333333,0.12220148,7,2,true,
168,goblin-solo,yellow-white dwarf (F),false,25.535302,893.81318,840.07294,10.014195,0.11309275,1,false,0.54073977,24.503702,4,sun-like,17,7,3,0,874.26984,0.18443719,0.0086138461,20,13,0,23,0.51010693,0.59999003,3,0.068648992,0.016551926,evaporite,0.090845667,aquifer+aquitard+spring+runoff+karst,0.25683959,26.826395,0.7577615,24.255222,0.082523546,0.40499327,salt,0.059088383,0.0012956595,0.57692308,numinous,0.42307692,ice,-27.592947,leptosol,0.015846913,11,38.181818,420,14.158319,1,0,2.4994998,-0.011645639,farming,temperate-forest,true,3,0.27911496,8,organized,flat,cyclic,"farmer,shaman,chief",,38,,0.63,,true,,11,0,solar,,8,,organized,,,cyclic,,,,true,,true,,8.2962963,,3.1111111,,0.090909091,0.10526316,,,,,1,,true,true,0,,1,1,,1,1,0,,true,,4,,6.8550964,0.15081091,2.7562675,0.12191788,6,0.37509344,0.73548549,52,2,1,1541259.5,1,6,0.090886732,true,true,,,true,,,,2,,,,2,,,,0,,,,1,,,,0,,,,1,,144,,,49.210287,,9.8420574,,29.835811,,0.41922619,,21.652526,,0.27948413,,0.46666667,,0.4,,,,1,0.092857143,-0.37119212,7,2,true,
169,goblin-solo,yellow-white dwarf (F),false,21.952439,665.59119,727.67261,6.6319033,1.8954001,1,false,0.26452865,8.1926563,3,red-giant,3,4,0,0,615.9001,0.12401623,0.1391578,45,29,0,17,0.50366193,0.5504894,3,0.064010546,0.015209218,shale,0.10422508,aquifer+aquitard+spring+runoff+karst,0.086665683,27.065377,0.40607939,25.468765,0.10550391,0.44306724,salt,0.057806469,0.00063941764,0.15384615,structural,0.86814787,ice,-27.027028,leptosol,0.016674045,13,36.384615,473,10.549969,1,0,4.7095851,-0.039265787,farming,taiga,true,3,0.30755988,5,organized,flat,cyclic,"farmer,shaman,chief",,37,,0.63,,true,,13,0,solar,,5,,organized,,,cyclic,,,,true,,true,,9.6521739,,2.3913043,,0.92307692,0.22222222,,,,,1,,true,true,1,,1,1,,1,1,0,,true,,4,,8.3803301,0.1590049,2.1596527,0.20077145,6,0.68855442,0.61218001,58,3,1,1405700.6,0,6,0.086295978,true,true,,,true,,,,3,,,,1,,,,0,,,,1,,,,0,,,,1,,720,,,49.210287,,9.8420574,,29.835811,,0.41922619,,21.652526,,0.27948413,,0.46666667,,0.4,,,,1,0.080338266,-0.43870348,7,3,true,
170,goblin-solo,yellow dwarf (G),false,32.769617,414.64134,303.6774,27.043369,0.45559445,3,false,4.0366992,42.535283,4,red-giant,6,3,1,0,407.66634,0.074573728,0.011371257,882,560,15,38,0.50742151,0.54339099,3,0.090815878,0.020262682,shale,0.078257422,aquifer+aquitard+spring+runoff+karst,0.095603905,30.080715,0.49462259,24.796721,0.1060118,0.47053576,salt,0.063106358,0.0010903504,0.95454545,structural,0.16821126,ice,-26.16134,leptosol,0.02616841,3,13.666667,41,16.872227,1,0,2.9344613,-0.19196049,farming,temperate-forest,true,3,0.31283144,15,organized,flat,cyclic,"farmer,shaman,chief",,14,,0.63,,true,,3,0,solar,,15,,organized,,,cyclic,,,,true,,true,,9.8181818,,2.6969697,,1,0.5,,,,,1,,true,true,0,,1,1,,1,1,0,,true,,4,,8.6142232,0.19773021,2.2503862,0.19937991,5,0.56212519,0.72071933,63,2,2,1511522.4,2,6,0.067000423,true,true,,,true,,,,3,,,,0,,,,0,,,,,,,,0,,,,1,,204,,,49.210287,,9.8420574,,29.835811,,0.41922619,,21.652526,,0.27948413,,0.44444444,,0.33333333,,,,1,0.36585366,-0.39928676,7,2,true,
171,goblin-solo,yellow dwarf (G),false,27.658937,432.59228,375.36564,10.132117,1.6727349,2,false,1.4748137,57.397938,3,red-dwarf,4,6,1,0,427.12575,0.084870449,0.12887765,2481,2141,126,23,0.58835018,0.54204721,3,0.10482887,0.038572335,evaporite,0.1151109,aquifer+aquitard+spring+runoff+karst,0.23099276,27.068205,0.62798007,24.692112,0.10544419,0.39835132,salt,0.061183218,0.0019570632,0.36363636,structural,0.68795771,ice,-19.008864,leptosol,0.02194283,30,32.733333,982,22.083921,1,0,8.9818475,-0.23707456,farming,temperate-forest,false,3,0.27600522,9,organized,flat,cyclic,"farmer,shaman,chief",,40,,0.54,,false,,30,0,solar,,9,,organized,,,cyclic,,,,true,,true,,8.1666667,,2.5208333,,1,0.41025641,,,,,1,,true,true,1,,1,1,,0.85714286,1,0.14285714,,true,,4,,6.5335595,0.14215226,3.2234866,0.086177433,5,0.53949709,0.74111106,39,2,1,1408171.8,1,3,0.11327169,true,true,,,true,,,,4,,,,9,,,,0,,,,1,,,,0,,,,1,,192,,,49.210287,,9.8420574,,29.835811,,0.41922619,,21.652526,,0.27948413,,0.44444444,,0.33333333,,,,1,0.041751527,-0.13109673,7,3,false,
172,goblin-solo,yellow dwarf (G),false,33.38472,443.22904,318.63371,13.848405,1.626941,1,false,0.57628613,6.9392206,4,orange-giant,3,4,1,0,486.02979,0.073569288,,26,17,0,10,0.5838338,0.58098199,3,0.034544212,0.019627948,shale,0.11374435,aquifer+aquitard+spring+runoff+karst,0.13803015,31.741689,0.29119493,25.872477,0.088402651,0.37437672,salt,0.061339079,0.00058661348,1,structural,0.026677632,ice,-30.355738,leptosol,0.0035783422,0,,,7.8589688,1,0,,,,,,,0.22132927,,,,,,,,,,,,,0,0,,,,,,,,,,,,,,,,,,,,,,,,,,,,,true,2,,,,,1,1,0,,true,,4,,7.072723,0.11548626,2.820165,0.1045115,10,0.40417669,0.54582296,36,2,1,1705388.2,0,5,0.074814237,true,true,,,true,,,,4,,,,2,,,,0,,,,1,,,,0,,,,1,,432,,,49.210287,,9.8420574,,29.835811,,0.41922619,,21.652526,,0.27948413,,,,,,,,0,,-0.28886495,7,0,false,
173,goblin-solo,yellow dwarf (G),false,37.468572,337.84121,216.39973,28.953895,0.76634162,2,false,5.1925059,21.991274,4,orange-giant,10,6,2,0,327.3075,0.077515058,0.00010131704,617,391,8,39,0.72581905,0.51277713,3,0.16207705,0.0189688,evaporite,0.14157243,aquifer+aquitard+spring+runoff+karst,0.13845606,28.378397,0.18217434,25.855487,0.11468258,0.36701986,salt,0.05665874,0.0058765916,0.60606061,structural,0.38397743,ice,-1.5391375,leptosol,0.084409224,60,27.666667,1660,38.218049,1,0,9.435992,-0.38738358,farming,temperate-forest,false,3,0.2671178,11,organized,flat,cyclic,"farmer,shaman,chief",,32,,0.49671274,,false,,60,0,solar,,11,,organized,,,cyclic,,,,true,,true,,8.8536585,,2.5,,0.96666667,0.54929577,,,,,1,,true,true,0,,1,1,,0.95305164,1,0.037558685,,true,,4,,6.5720387,0.10785543,3.2283323,0.066110053,11,0.32107559,0.73027534,51,2,2,1124562.1,2,6,0.092830189,true,true,,,true,,,,4,,,,0,,,,0,,,,,,,,0,,,,1,,15,,,49.210287,,9.8420574,,29.835811,,0.41922619,,21.652526,,0.27948413,,0.46666667,,0.4,,,,1,0.023493976,-0.039924081,7,4,true,
174,goblin-solo,orange dwarf (K),false,34.371707,355.24986,248.05275,18.236786,0.62468375,1,false,0.62295863,6.1741131,3,blue-giant,10,4,2,0,375.23448,0.05598592,0.041910744,13,9,0,29,0.69962404,0.53982445,3,0.024095503,0.036082223,shale,0.10240572,aquifer+aquitard+spring+runoff+karst,0.19229519,32.018425,0.51609233,24.774064,0.16157347,0.35898895,salt,0.069873255,0.00073146944,0.66666667,numinous,0.33333333,ice,-31.934124,leptosol,0.0020318596,3,32.333333,97,7.905328,1,0,6.5460567,-0.18574556,farming,taiga,true,3,0.19229519,8,organized,flat,cyclic,"farmer,shaman,chief",,34,,0.63,,true,,3,0,solar,,8,,organized,,,cyclic,,,,true,,true,,7.5263158,,2.5263158,,1,0,,,,,0.875,,true,true,2,,1,1,,1,1,0,,true,,4,,7.1653872,0.14356037,2.8952169,0.084761486,11,0.2531697,0.64672556,49,2,1,1216880.5,0,5,0.059024748,true,true,,,true,,,,2,,,,19,,,,0,,,,1,,,,0,,,,1,,120,,,49.210287,,9.8420574,,29.835811,,0.41922619,,21.652526,,0.27948413,,0.46666667,,0.4,,,,1,0.36082474,-0.29866302,7,2,true,
175,goblin-solo,yellow-white dwarf (F),false,31.653353,1055.38,800.20341,7.8830545,0.64674406,2,false,0.63270784,36.235432,2,sun-like,7,5,1,0,1034.7713,0.22512591,0.048940753,257,166,1,23,0.72679557,0.45804664,3,0.054636004,0.024681412,evaporite,0.13537664,aquifer+aquitard+spring+runoff+karst,0.1705835,34.12633,0.45733178,25.169821,0.10142078,0.35957466,salt,0.047794907,0.0030381557,0.85294118,structural,0.28384014,ice,-24.109909,leptosol,0.019837369,11,34.090909,375,17.425527,1,0,5.8796886,-0.11625128,farming,temperate-forest,true,3,0.25234563,10,organized,flat,cyclic,"farmer,shaman,chief",,23,,0.585,,true,,11,0,solar,,10,,organized,,,cyclic,,,,true,,true,,11.096774,,2.7741935,,1,0.38095238,,,,,1,,true,true,3,,1,1,,0.93650794,1,0.031746032,,true,,4,,6.4253535,0.12790948,3.3559941,0.066354182,9,0.19792691,0.78426665,56,2,2,1086899.4,0,6,0.064015285,true,true,,,true,,,,2,,,,3,,,,0,,,,1,,,,0,,,,1,,294,,,49.210287,,9.8420574,,29.835811,,0.41922619,,21.652526,,0.27948413,,0.46666667,,0.4,,,,1,0.098666667,-0.049655245,7,3,true,
176,goblin-solo,orange dwarf (K),false,38.105056,167.24158,105.33505,20.925869,0.63326341,1,false,2.1033348,8.6021601,2,sun-like,0,0,0,0,165.6612,0.033242366,0.021392008,38,23,0,27,0.67035301,0.53062282,3,0.16100288,0.0073238611,shale,0.12019551,aquifer+aquitard+spring+runoff+karst,0.13982078,19.478013,0.43538473,24.822327,0.18788417,0.38421092,salt,0.054763883,0.0045915722,0.96774194,numinous,0.056138542,ice,-5.6041596,leptosol,0.042953418,4,11,44,37.142077,1,0,14.480463,-0.89618294,farming,temperate-forest,false,3,0.2537214,10,organized,flat,cyclic,"farmer,shaman,chief",,18,,0.47482373,,false,,4,0,solar,,10,,organized,,,cyclic,,,,true,,true,,8.75,,2.9166667,,1,0.14285714,,,,,1,,true,true,0,,1,1,,1,1,0,,true,,4,,6.0649969,0.10300681,3.0495455,0.081612226,8,0.2615715,0.6847123,30,2,2,1039141.8,0,7,0.11055021,true,true,,,true,,,,5,,,,3,,,,0,,,,1,,,,0,,,,1,,102,,,49.210287,,9.8420574,,29.835811,,0.41922619,,21.652526,,0.27948413,,0.46666667,,0.4,,,,1,0.40909091,0.017284327,7,2,true,
177,goblin-solo,yellow-white dwarf (F),false,23.297191,486.7465,501.43023,26.149568,2.6054237,1,false,0.45520007,6.3975158,4,red-giant,7,4,2,0,517.7919,0.11874411,0.17763432,10,6,0,38,0.69398467,0.42050259,3,0.18016698,0.022923685,gneiss,0.16625449,aquifer+aquitard+spring+runoff+karst,0.20063821,28.39144,0.68615876,24.51954,0.17846031,0.31360191,salt,0.084565028,0.0032708416,0.6097561,structural,0.39377144,temperate-forest,-0.1167861,leptosol,0.050339051,27,28.222222,762,42.834707,1,0,7.6254119,-0.32465004,farming,tropical-seasonal-forest,true,3,0.17901875,6,organized,flat,cyclic,"farmer,shaman,chief",,33,,0.585,,true,,27,0,solar,,6,,organized,,,cyclic,,,,true,,true,,8.1282051,,3.5897436,,0.037037037,0.39393939,,,,,1,,true,true,0,,1,1,,0.94736842,1,0.052631579,,true,,4,,6.975876,0.12442861,3.3898325,0.073800107,12,0.14487435,0.7109272,75,1,2,1149571.5,1,5,0.091345604,true,true,,,true,,,,1,,,,0,,,,0,,,,,,,,0,,,,1,,216,,,49.210287,,9.8420574,,29.835811,,0.41922619,,21.652526,,0.27948413,,0.46666667,,0.4,,,,1,0.049868766,-0.082525442,7,3,true,
178,goblin-solo,yellow dwarf (G),false,34.709358,412.87868,285.48751,7.7174479,0.75264507,0,false,-0,,4,red-giant,8,4,0,0,,0.073142709,0.052699954,0,0,0,27,0.73111664,0.51752315,3,0.056466969,0.024388458,shale,0.14708553,aquifer+aquitard+spring+runoff+karst,0.11585255,26.283975,0.48329399,25.109529,0.10986018,0.33829671,salt,0.064808157,0.0032685673,0.83333333,structural,0.289906,ice,-20.897292,leptosol,0.018067914,27,30.222222,816,14.481569,1,0,3.0171385,-0.21146481,farming,temperate-forest,true,3,0.2120937,1,organized,flat,cyclic,"farmer,shaman,chief",,28,,0.63,,true,,27,0,solar,,1,,organized,,,cyclic,,,,true,,true,,6.7241379,,3.1034483,,1,0.75,,,,,1,,true,true,1,,1,1,,0.96396396,1,0.018018018,,true,,4,,6.4178346,0.1182991,3.0330516,0.073946585,12,0.23506446,0.69169619,39,2,2,1105299.8,0,7,0.072058189,true,true,,,true,,,,3,,,,5,,,,0,,,,1,,,,0,,,,1,,18,,,49.210287,,9.8420574,,29.835811,,0.41922619,,21.652526,,0.27948413,,0.46666667,,0.4,,,,1,0.045343137,-0.17701782,7,3,false,
179,goblin-solo,orange dwarf (K),false,20.550576,241.27483,281.77293,19.099623,3.2917427,0,false,-0,,5,red-giant,4,4,1,0,,0.045588638,0.13020428,0,0,0,35,0.51372003,0.5438526,3,0.16495777,0.027855085,shale,0.082132637,aquifer+aquitard+spring+runoff+karst,0.082735077,35.507951,0.36000803,25.548439,0.14830062,0.45549475,salt,0.064977138,0.0031628094,0.63492063,structural,0.41819724,ice,-15.486683,leptosol,0.046839701,32,28.34375,907,26.93602,1,0,14.306457,-0.49709054,farming,temperate-forest,false,3,0.32446408,2,organized,flat,cyclic,"farmer,shaman,chief",,42,,0.50086754,,false,,32,0,solar,,2,,organized,,,cyclic,,,,true,,true,,9.5833333,,2.9166667,,1,0.44117647,,,,,1,,true,true,3,,1,1,,0.92857143,1,0.071428571,,true,,4,,8.384614,0.19346728,2.144464,0.19923344,7,0.29579798,0.73886878,73,2,1,1536732,1,4,0.13947508,true,true,,,true,,,,6,,,,10,,,,0,,,,1,,,,0,,,,1,,972,,,49.210287,,9.8420574,,29.835811,,0.41922619,,21.652526,,0.27948413,,0.46666667,,0.4,,,,1,0.046306505,-0.1459139,7,4,false,
180,goblin-solo,yellow dwarf (G),false,37.265691,399.48659,257.27896,7.3806653,0.042540616,1,false,0.67007775,9.7247781,2,sun-like,2,3,0,0,373.54755,0.064463462,0.0024339102,122,80,0,36,0.70760705,0.39225182,3,0.034568625,0.030003418,gneiss,0.17533606,aquifer+aquitard+spring+runoff+karst,0.20430826,41.710666,0.40594473,24.699818,0.13225349,0.31627286,salt,0.07056832,0.0035067212,0.71428571,structural,0.3778304,ice,-27.715556,leptosol,0.0035067212,18,27.666667,498,9.4036235,1,0,9.2389372,-0.29685125,farming,taiga,false,3,0.19512399,5,organized,flat,cyclic,"farmer,shaman,chief",,35,,0.54,,false,,18,0,solar,,5,,organized,,,cyclic,,,,true,,true,,8.0714286,,3.5,,0,0.17391304,,,,,1,,true,true,1,,1,1,,1,1,0,,true,,4,,7.4929214,0.18517971,3.5654917,0.069137249,8,0.1974618,0.69679215,118,1,2,1135669.2,1,4,0.099722939,true,true,,,true,,,,1,,,,0,,,,0,,,,,,,,0,,,,1,,360,,,49.210287,,9.8420574,,29.835811,,0.41922619,,21.652526,,0.27948413,,0.46666667,,0.4,,,,1,0.070281124,-0.33487271,7,3,true,
181,goblin-solo,yellow dwarf (G),false,22.618257,300.82817,319.20568,23.664372,0.87992889,2,false,3.5152473,23.844183,3,blue-giant,3,3,0,0,292.01426,0.060798016,0.072716035,3172,3072,75,24,0.51127875,0.60572456,3,0.15758508,0.009984864,shale,0.091313252,aquifer+aquitard+spring+runoff+karst,0.095459314,30.819077,0.37889005,25.597867,0.095209551,0.36934912,salt,0.078140119,0.00079924072,0.625,numinous,0.375,ice,-12.868424,leptosol,0.033967731,6,35.5,213,27.524866,1,0,11.871151,-0.43087083,farming,temperate-forest,false,3,0.22608522,14,organized,flat,cyclic,"farmer,shaman,chief",,42,,0.51381557,,false,,6,0,solar,,14,,organized,,,cyclic,,,,true,,true,,8.8529412,,2.5882353,,1,0.35,,,,,0.92857143,,true,true,2,,1,1,,1,1,0,,true,,4,,7.1749901,0.14294783,2.6275897,0.13058444,9,0.304211,0.70960891,45,2,2,1798693.5,2,5,0.094518838,true,true,,,true,,,,3,,,,4,,,,0,,,,1,,,,0,,,,1,,132,,,49.210287,,9.8420574,,29.835811,,0.41922619,,21.652526,,0.27948413,,0.44444444,,0.33333333,,,,1,0.1971831,-0.14117042,7,3,false,
182,goblin-solo,yellow-white dwarf (F),false,16.278331,784.49872,1156.6278,33.925079,0.31601019,3,false,7.6940402,85.185592,2,red-dwarf,7,8,5,0,777.73079,0.19965771,0.018064098,4480,4291,191,16,0.50954543,0.62354405,5,0.14518334,0.01616132,evaporite,0.081184669,aquifer+aquitard+spring+runoff+karst,0.1580886,28.723034,0.30955699,25.562431,0.092832255,0.44713788,salt,0.049778919,0.0024390244,0.83673469,numinous,0.20724048,ice,-11.818312,leptosol,0.021652563,10,37.6,376,26.234755,1,0,16.66647,-0.1129289,farming,temperate-forest,false,3,0.31826779,16,organized,flat,cyclic,"farmer,shaman,chief",,42,,0.51845692,,false,,10,0,solar,,16,,organized,,,cyclic,,,,true,,true,,7.0238095,,2.7619048,,0.5,0.5,,,,,1,,true,true,0,,1,1,,1,1,0,,true,,4,,7.066703,0.16331141,2.5323475,0.14730726,7,0.36829268,0.65851887,62,2,1,1530817.9,0,4,0.08765088,true,true,,,true,,,,1,,,,0,,,,0,,,,,,,,0,,,,1,,108,,,49.210287,,9.8420574,,29.835811,,0.41922619,,21.652526,,0.27948413,,0.46666667,,0.4,,,,1,0.11170213,-0.073880637,7,3,false,
183,goblin-solo,yellow dwarf (G),true,,270.11064,,26.158534,0.79989761,1,false,1.3923958,14.535814,3,red-dwarf,6,4,1,0,257.70266,0.06877132,,495,312,0,40,0.62311411,0.58284752,locked,0.08334554,0.036326351,shale,0.11309755,aquifer+aquitard+spring+runoff+karst,0.11102474,45.735292,0.32245109,25.599799,0.15772768,0.3731701,salt,0.074545354,0.0023966835,0.91891892,numinous,0.081081081,ice,-22.457466,leptosol,0.030250032,3,40.333333,121,1.0902351,1,0,26.751495,-0.067771852,farming,temperate-forest,false,3,0.20915922,3,organized,flat,eternal,"farmer,shaman,chief",,39,,0.50648764,,false,,3,0,solar,,3,,organized,,,eternal,,,,true,,true,,8.1111111,,2.2222222,,1,0,,,,,0.66666667,,true,true,2,,1,1,,1,1,0,,true,,4,,7.0075414,0.1194252,2.7138914,0.10233875,10,0.21311051,0.73579293,50,2,1,1635189.1,2,4,0.14461886,true,true,,,true,,,,4,,,,6,,,,0,,,,1,,,,0,,,,1,,240,,,49.210287,,9.8420574,,29.835811,,0.41922619,,21.652526,,0.27948413,,0.5,,0.5,,,,1,0.34710744,0.1267333,7,2,true,
184,goblin-solo,yellow dwarf (G),false,38.671527,394.22459,244.66037,19.459747,0.33244727,3,false,7.8366785,35.301191,4,orange-giant,18,10,4,0,386.34019,0.067477664,0.0036196149,475,303,3,25,0.58988819,0.52640038,3,0.04728773,0.006786778,shale,0.11387583,aquifer+aquitard+spring+runoff+karst,0.25025299,25.497946,0.58979701,24.468894,0.11060182,0.39502351,salt,0.056798064,0.0036311685,0.49180328,structural,0.58695337,ice,-27.053684,leptosol,0.01125067,45,28.511111,1283,12.036853,1,0,3.8186046,-0.18117751,farming,taiga,false,3,0.25441991,15,organized,flat,cyclic,"farmer,shaman,chief",,35,,0.5211867,,false,,45,0,solar,,15,,organized,,,cyclic,,,,true,,true,,7.72,,3.32,,1,0.56666667,,,,,1,,true,true,0,,1,1,,0.96825397,1,0.063492063,,true,,4,,6.8402126,0.11063459,3.0011977,0.095405498,9,0.21400083,0.82816073,49,2,2,1442528.7,1,6,0.074618181,true,true,,,true,,,,3,,,,3,,,,0,,,,1,,,,0,,,,1,,12,,,49.210287,,9.8420574,,29.835811,,0.41922619,,21.652526,,0.27948413,,0.44444444,,0.33333333,,,,1,0.027279813,-0.41484143,7,4,true,
185,goblin-solo,yellow-white dwarf (F),false,34.185528,959.79362,673.82453,24.381095,0.78198594,0,false,-0,,4,sun-like,12,4,4,0,,0.210605,0.057009615,0,0,0,26,0.51623456,0.57211344,3,0.11051706,0.013890923,shale,0.10738797,aquifer+aquitard+spring+runoff+karst,0.081197013,27.050995,0.28845377,25.709859,0.12010497,0.40124142,salt,0.057511169,0.0015643924,1,structural,0.49331833,ice,-20.100013,leptosol,0.025030279,6,12.5,75,18.87797,1,0,7.2760777,-0.7004247,farming,taiga,false,2,0.26069843,2,folk,flat,cyclic,"farmer,chief",,14,,0.38440848,,false,,6,0,solar,,2,,folk,,,cyclic,,,,true,,true,,6.1,,2.1,,1,0.25,,,,,1,,true,true,1,,1,1,,1,1,0,,true,,4,,7.8202365,0.16640591,2.4213872,0.14960207,7,0.25671175,0.68022332,53,2,1,1673837.3,2,7,0.073582406,true,true,,,true,,,,1,,,,7,,,,0,,,,1,,,,0,,,,1,,168,,,49.210287,,9.8420574,,29.835811,,0.41922619,,21.652526,,0.27948413,,0.46666667,,0.4,,,,1,0.26666667,-0.23666045,7,2,false,
186,goblin-solo,yellow dwarf (G),false,26.122191,405.26959,372.34512,18.893346,0.67844488,3,false,6.2650883,31.408682,2,white-dwarf,10,7,3,0,396.23673,0.066607781,0.048729328,1497,811,30,33,0.5125238,0.55724159,3,0.046115912,0.013305014,shale,0.10767228,aquifer+aquitard+spring+runoff+karst,0.10992588,34.32425,0.41145833,25.360639,0.12034255,0.40945513,salt,0.053969166,0.00060096154,0.75,numinous,0.25024402,ice,-31.433047,leptosol,0.0087139423,3,28.333333,85,8.1132095,1,0,2.343679,-0.033953489,farming,taiga,true,3,0.27569111,14,organized,flat,cyclic,"farmer,shaman,chief",,29,,0.585,,true,,3,0,solar,,14,,organized,,,cyclic,,,,true,,true,,7.483871,,2.4193548,,1,0.41176471,,,,,1,,true,true,1,,1,1,,1,1,0,,true,,4,,8.0977632,0.17479356,2.4516326,0.1521166,9,0.26116787,0.72172879,44,2,1.5,1655935.2,1,5,0.080747835,true,true,,,true,,,,5,,,,1,,,,0,,,,1,,,,0,,,,1,,528,,,49.210287,,9.8420574,,29.835811,,0.41922619,,21.652526,,0.27948413,,0.44444444,,0.33333333,,,,1,0.34117647,-0.43964048,7,2,false,
187,goblin-solo,yellow-white dwarf (F),false,22.666407,677.26717,717.11462,15.53753,3.0311552,1,false,0.45158257,24.307097,5,sun-like,12,4,2,0,657.77584,0.12399655,0.16603858,1311,1107,0,16,0.60973585,0.51701489,3,0.042673698,0.0075924027,shale,0.12942575,aquifer+aquitard+spring+runoff+karst,0.228575,19.572039,0.49386964,24.932626,0.097335168,0.33491805,salt,0.060143825,0.00062554735,1,structural,0.11358433,ice,-29.645108,leptosol,0.0083197798,5,2.8,14,10.575348,1,0,4.999297,-0.44175831,farming,taiga,false,3,0.21744026,7,organized,flat,cyclic,"farmer,shaman,chief",,3,,0.51891949,,false,,5,0,solar,,7,,organized,,,cyclic,,,,true,,true,,8.0526316,,2.4210526,,0.6,0.33333333,,,,,1,,true,true,1,,1,1,,1,1,0,,true,,4,,6.7323573,0.087870473,3.1379661,0.090669401,8,0.56968598,0.68274254,42,2,1,1344179.5,1,5,0.074295618,true,true,,,true,,,,2,,,,9,,,,0,,,,1,,,,0,,,,1,,528,,,49.210287,,9.8420574,,29.835811,,0.41922619,,21.652526,,0.27948413,,0.46666667,,0.4,,,,1,0.28571429,-0.31469125,7,2,false,
188,goblin-solo,orange dwarf (K),false,27.134355,236.10972,208.83611,5.7828569,0.83524353,2,true,3.3033242,22.777974,2,red-giant,1,3,1,1,228.89208,0.042906084,0.044917149,4924,3462,125,12,0.68036229,0.46475216,3,0.15731654,0.0055661345,sandstone,0.1943023,aquifer+aquitard+spring+runoff+karst,0.20094707,20.694169,0.40991369,24.745663,0.089895364,0.2755671,salt,0.051613037,0.0037424578,0.95918367,structural,0.14074918,taiga,-8.5641697,leptosol,0.06736424,9,8,72,29.496246,1,0,10.205165,-0.32147641,farming,temperate-forest,true,3,0.16230047,10,organized,flat,cyclic,"farmer,shaman,chief",,9,,0.585,,true,,9,0,solar,,10,,organized,,,cyclic,,,,true,,true,,6.5862069,,2.7241379,,0.33333333,0.31578947,,,,,0.9,,true,true,1,,1,1,,1,1,0,,true,,4,,6.8347141,0.15359481,3.5342838,0.073555979,9,0.32528832,0.71069528,87,2,2,1067510,0,5,0.039900157,true,true,,,true,,,,4,,,,3,,,,0,,,,1,,,,0,,,,1,,84,,,49.210287,,9.8420574,,29.835811,,0.41922619,,21.652526,,0.27948413,,0.46666667,,0.4,,,,1,0.15277778,0.15442094,7,4,false,
189,goblin-solo,yellow-white dwarf (F),false,25.237594,661.81383,629.35999,30.693614,2.3545845,1,false,0.23849182,9.244198,2,sun-like,4,3,0,0,616.81713,0.19894585,0.081366207,92,61,0,35,0.51926175,0.5721105,3,0.21519945,0.035178946,shale,0.086126346,aquifer+aquitard+spring+runoff+karst,0.071653463,35.587471,0.24344912,26.09369,0.17824497,0.43763965,salt,0.07263933,0.00045703839,0.11111111,structural,0.88888889,alpine,7.9256778,leptosol,0.053879748,8,40.25,322,8.2837582,1,0,4.2659791,-0.069140673,farming,tropical-seasonal-forest,false,3,0.31002438,10,organized,flat,cyclic,"farmer,shaman,chief",,42,,0.5149152,,false,,8,0,solar,,10,,organized,,,cyclic,,,,true,,true,,9.6071429,,2.75,,1,0.22222222,,,,,0.9,,true,true,2,,1,1,,1,1,0,,true,,4,,8.5001929,0.19733904,2.2669397,0.17606562,5,0.30728215,0.71689859,80,2,1,1602182.7,1,3,0.09263965,true,true,,,true,,,,6,,,,1,,,,0,,,,1,,,,0,,,,1,,45,,,49.210287,,9.8420574,,29.835811,,0.41922619,,21.652526,,0.27948413,,0.46666667,,0.4,,,,1,0.13043478,0.040967892,7,2,true,
190,goblin-solo,yellow-white dwarf (F),false,37.476964,605.8202,387.96325,30.995454,0.36318973,1,false,7.6553935,35.267619,5,sun-like,11,5,3,0,593.69723,0.1545908,0.027295069,259,165,0,10,0.6855134,0.46630958,3,0.19273961,0.025902056,andesite,0.16131036,aquifer+aquitard+spring+runoff+karst,0.24677845,32.591716,0.46087564,24.818465,0.096646483,0.32836516,salt,0.06785771,0.0024840863,0.5,structural,0.58218607,temperate-forest,2.8940697,leptosol,0.094705791,22,36.636364,806,38.991614,0.99936669,0,22.949318,-0.15213511,farming,tropical-seasonal-forest,false,3,0.19771775,6,organized,flat,cyclic,"farmer,shaman,chief",,41,,0.53255667,,false,,22,0,solar,,6,,organized,,,cyclic,,,,true,,true,,6.9705882,,2.9411765,,1,0.25,,,,,1,,true,true,1,,1,1,,1,1,0,,true,,4,,7.1702272,0.13739542,3.4103657,0.075850789,8,0.39823009,0.65242908,86,2,2,1293003.3,1,4,0.052289575,true,true,,,true,,,,2,,,,8,,,,0,,,,1,,,,0,,,,1,,18,,,49.210287,,9.8420574,,29.835811,,0.41922619,,21.652526,,0.27948413,,0.46666667,,0.4,,,,1,0.052109181,-0.0056638424,7,4,true,
191,goblin-solo,yellow-white dwarf (F),false,32.357458,840.62313,623.50248,25.401733,1.2218794,1,false,0.28666134,13.89604,2,red-giant,3,3,1,0,810.32147,0.15343215,0.053757227,13,8,0,32,0.63075533,0.47887603,3,0.027659782,0.030003418,shale,0.14234711,aquifer+aquitard+spring+runoff+karst,0.082644628,38.783678,0.25864463,25.495744,0.11034711,0.31424793,salt,0.070773781,0.0033057851,0.6,structural,0.51023112,ice,-32.301487,leptosol,0.00072727273,28,24.178571,677,8.447754,1,0,5.8727823,-0.36752772,farming,taiga,false,3,0.17520661,7,organized,flat,cyclic,"farmer,shaman,chief",,33,,0.44846603,,false,,28,0,solar,,7,,organized,,,cyclic,,,,true,,true,,8.8095238,,3.1190476,,1,0.37142857,,,,,0.85714286,,true,true,3,,1,1,,1,1,0,,true,,4,,7.1712239,0.11677317,2.9468809,0.091060007,9,0.22142149,0.80715358,47,2,2,1564699.6,0,5,0.10929777,true,true,,,true,,,,2,,,,14,,,,0,,,,1,,,,0,,,,1,,432,,,49.210287,,9.8420574,,29.835811,,0.41922619,,21.652526,,0.27948413,,0.46666667,,0.4,,,,1,0.051698671,-0.2742813,7,4,true,
192,goblin-solo,yellow-white dwarf (F),false,19.86065,1025.2107,1238.8847,21.190762,0.60728336,1,false,2.26845,38.457861,4,blue-giant,7,3,2,0,1006.1853,0.19713064,0.0433106,228,145,0,38,0.64332796,0.50561259,5,0.030931107,0.039988282,gneiss,0.1275154,aquifer+aquitard+spring+runoff+karst,0.11245722,27.161428,0.39671458,24.804429,0.10732375,0.38062971,salt,0.072038192,0.0074606434,0.73394495,structural,0.44207411,ice,-29.189989,leptosol,0.005065024,62,17.5,1085,9.0734065,1,0,8.4953772,-0.41143881,farming,taiga,true,3,0.2431896,6,organized,flat,cyclic,"farmer,shaman,chief",,17,,0.585,,true,,62,0,solar,,6,,organized,,,cyclic,,,,true,,true,,8.1351351,,2.5,,0.98387097,0.72058824,,,,,1,,true,true,2,,1,1,,0.95876289,1,0.041237113,,true,,4,,6.8304109,0.14531991,3.3684849,0.077486451,8,0.26433949,0.74506796,64,2,2,1236253.3,2,6,0.065593705,true,true,,,true,,,,6,,,,3,,,,0,,,,1,,,,0,,,,1,,84,,,49.210287,,9.8420574,,29.835811,,0.41922619,,21.652526,,0.27948413,,0.46666667,,0.4,,,,1,0.031336406,-0.2246543,7,4,true,
193,goblin-solo,yellow dwarf (G),false,38.641856,471.69543,292.96445,3.6236861,0.52014276,2,false,4.8129774,31.139307,4,blue-giant,1,3,0,0,460.99984,0.090134076,0.00099996775,448,285,3,27,0.68568429,0.42780583,3,0.080171867,0.025877643,gneiss,0.15557282,aquifer+aquitard+spring+runoff+karst,0.18275728,32.38863,0.44062136,24.525348,0.15805825,0.30384466,salt,0.070934874,0.00038834951,0.2,structural,0.8,ice,-18.371111,leptosol,0.025009709,4,38,152,21.978715,1,0,7.2384727,-0.14699199,farming,taiga,false,3,0.18648544,10,organized,flat,cyclic,"farmer,shaman,chief",,39,,0.54,,false,,4,0,solar,,10,,organized,,,cyclic,,,,true,,true,,9.0833333,,2.5416667,,0.5,0.28571429,,,,,0.9,,true,true,1,,1,1,,1,1,0,,true,,4,,7.253983,0.15367923,3.4874006,0.071993555,10,0.24559223,0.75862362,81,1,2,1184976.3,1,4,0.093085417,true,true,,,true,,,,2,,,,0,,,,0,,,,,,,,0,,,,1,,888,,,49.210287,,9.8420574,,29.835811,,0.41922619,,21.652526,,0.27948413,,0.44444444,,0.33333333,,,,1,0.26973684,-0.22951062,7,2,true,
194,goblin-solo,orange dwarf (K),false,25.040299,128.30347,122.97311,23.82648,0.043641728,1,false,6.4007703,17.034846,2,sun-like,1,3,0,0,123.2479,0.031529471,0.0031435267,647,378,0,21,0.65768273,0.56097561,3,0.1583907,0.015331283,evaporite,0.14983597,aquifer+aquitard+spring+runoff+karst,0.097560976,24.106826,0.36713736,25.444565,0.13122236,0.35208957,salt,0.055029667,0.0046355727,0.43076923,structural,0.69243918,alpine,17.825414,leptosol,0.053915276,59,34.186441,2017,5.2214285,1,0,10.469358,-0.25153224,farming,tropical-seasonal-forest,false,3,0.23684211,7,organized,flat,cyclic,"farmer,shaman,chief",,41,,0.49688384,,false,,59,0,solar,,7,,organized,,,cyclic,,,,true,,true,,8.4383562,,2.8219178,,1,0.51515152,,,,,0.85714286,,true,true,2,,1,1,,0.92941176,1,0.070588235,,true,,4,,5.8979691,0.1003685,3.3425152,0.067916606,10,0.25545571,0.60083794,40,2,2,1212581.5,0,5,0.071766361,true,true,,,true,,,,1,,,,11,,,,0,,,,1,,,,0,,,,1,,36,,,49.210287,,9.8420574,,29.835811,,0.41922619,,21.652526,,0.27948413,,0.46666667,,0.4,,,,1,0.020823004,-0.10917983,7,4,true,
195,goblin-solo,yellow dwarf (G),false,26.950265,348.11839,310.00962,2.6305657,0.55260456,2,false,7.7952575,30.694119,3,red-giant,16,5,4,0,340.18776,0.059919123,0.0085860558,473,347,0,27,0.65782921,0.58811358,3,0.056051951,0.016356623,andesite,0.12949486,aquifer+aquitard+spring+runoff+karst,0.15482306,32.297401,0.48936929,25.005945,0.1286387,0.36693779,salt,0.064708084,0.0024257991,1,structural,0.072448881,ice,-24.83427,leptosol,0.01369863,6,4.8333333,29,12.808355,1,0,7.7398306,-0.21385099,farming,temperate-forest,true,3,0.23544521,11,organized,flat,cyclic,"farmer,shaman,chief",,6,,0.55183119,,true,,6,0,solar,,11,,organized,,,cyclic,,,,true,,true,,9.1785714,,2.5,,0.83333333,0.29411765,,,,,1,,true,true,1,,1,1,,1,1,0,,true,,4,,6.0361899,0.1064037,3.1760901,0.075411357,6,0.71767979,0.76363278,43,2,2,1326948.5,0,6,0.13121274,true,true,,,true,,,,1,,,,2,,,,0,,,,1,,,,0,,,,1,,120,,,49.210287,,9.8420574,,29.835811,,0.41922619,,21.652526,,0.27948413,,0.46666667,,0.4,,,,1,0.20689655,-0.24745191,7,2,true,
196,goblin-solo,yellow-white dwarf (F),false,31.72858,527.49897,399.00856,10.946788,1.7898339,0,false,-0,,5,red-giant,1,3,1,0,,0.1499327,0.064150116,0,0,0,35,0.70128412,0.59643674,3,0.16849763,0.030809043,sandstone,0.097499183,aquifer+aquitard+spring+runoff+karst,0.0052304675,36.617531,0.034243217,26.570409,0.17881661,0.33254331,salt,0.057025682,0.0036776724,0.37777778,structural,0.73290286,alpine,9.0276986,leptosol,0.058107225,44,31.25,1375,8.4675676,1,0,19.507622,-0.34480663,farming,tropical-seasonal-forest,false,3,0.1800425,3,organized,flat,cyclic,"farmer,shaman,chief",,41,,0.46406013,,false,,44,0,solar,,3,,organized,,,cyclic,,,,true,,true,,6.7,,3.34,,1,0.4893617,,,,,0.33333333,,true,true,0,,1,1,,0.93939394,1,0.060606061,,true,,4,,7.3279613,0.14888166,2.7142899,0.091865632,10,0.17571102,0.74465812,65,2,2,1356906.3,1,5,0.079091914,true,true,,,true,,,,4,,,,8,,,,0,,,,1,,,,0,,,,1,,42,,,49.210287,,9.8420574,,29.835811,,0.41922619,,21.652526,,0.27948413,,0.46666667,,0.4,,,,1,0.031272727,0.021093557,7,3,false,
197,goblin-solo,yellow dwarf (G),false,33.316155,338.4814,243.83227,0.94997205,0.97737586,1,false,0.72548286,9.6072597,2,orange-giant,4,3,0,0,316.22449,0.07457341,0.037959124,184,114,0,26,0.64689224,0.59409569,3,0.17403935,0.016210146,andesite,0.1147677,aquifer+aquitard+spring+runoff+karst,0.065542035,33.781078,0.1621958,26.586563,0.092228982,0.33559181,salt,0.054114844,0.00069137168,0.9,structural,0.2105985,ice,-6.6604606,leptosol,0.042934181,5,11,55,33.840116,1,0,10.876269,-0.61029409,farming,temperate-forest,false,3,0.20568308,6,organized,flat,cyclic,"farmer,shaman,chief",,16,,0.51279477,,false,,5,0,solar,,6,,organized,,,cyclic,,,,true,,true,,7,,2.4705882,,1,0.18181818,,,,,1,,true,true,2,,1,1,,0.91666667,1,0.083333333,,true,,4,,6.7142033,0.11535527,3.3547325,0.072432987,12,0.31830752,0.81686967,61,2,2,1506685.8,1,5,0.10414914,true,true,,,true,,,,2,,,,0,,,,0,,,,,,,,0,,,,1,,672,,,49.210287,,9.8420574,,29.835811,,0.41922619,,21.652526,,0.27948413,,0.46666667,,0.4,,,,1,0.29090909,0.10525128,7,3,true,
198,goblin-solo,yellow-white dwarf (F),false,39.303641,623.53936,380.75212,15.112865,0.077530012,2,false,2.6132899,47.29624,5,sun-like,4,4,0,0,614.04914,0.19274669,0.0006376787,657,418,4,29,0.66554367,0.53569343,3,0.12968117,0.02075094,evaporite,0.12372263,aquifer+aquitard+spring+runoff+karst,0.024452555,30.470123,0.17131387,25.915189,0.15058394,0.45277372,salt,0.059541302,0.0040145985,0.92727273,numinous,0.16510645,alpine,7.9050188,leptosol,0.03540146,11,41.272727,454,10.36797,1,0,22.967471,-0.017418632,farming,temperate-forest,false,3,0.32459854,9,organized,flat,cyclic,"farmer,shaman,chief",,41,,0.4865995,,false,,11,0,solar,,9,,organized,,,cyclic,,,,true,,true,,7.8965517,,3.3103448,,1,0.4,,,,,1,,true,true,2,,1,1,,0.82608696,1,0.17391304,,true,,4,,7.0623286,0.1345541,3.2040138,0.077169084,9,0.32430657,0.68765332,63,2,2,1277970.1,0,4,0.071170735,true,true,,,true,,,,1,,,,4,,,,0,,,,1,,,,0,,,,1,,504,,,49.210287,,9.8420574,,29.835811,,0.41922619,,21.652526,,0.27948413,,0.46666667,,0.4,,,,1,0.092511013,-0.0076981426,7,3,true,
199,goblin-solo,yellow dwarf (G),false,34.430627,286.73768,199.87159,11.416359,1.529322,1,false,1.3139913,9.2978682,3,blue-giant,8,6,2,0,267.37142,0.06752509,0.012555581,197,118,0,12,0.52673209,0.48648509,3,0.23001807,0.015233631,shale,0.071546477,aquifer+aquitard+spring+runoff+karst,0.12189209,31.297485,0.37857217,25.854161,0.11606314,0.4430001,salt,0.049762527,0.0038171877,0.86486486,numinous,0.37310638,ice,-2.1562397,leptosol,0.039874136,18,16.722222,301,29.348437,1,0,9.460515,-0.47646591,farming,tropical-seasonal-forest,false,3,0.31481481,6,organized,flat,cyclic,"farmer,shaman,chief",,29,,0.51384388,,false,,18,0,solar,,6,,organized,,,cyclic,,,,true,,true,,9.1333333,,2.5333333,,1,0.45833333,,,,,0.83333333,,true,true,1,,1,1,,0.84210526,1,0.15789474,,true,,4,,8.8519486,0.18941763,1.8415212,0.25733607,6,0.68255442,0.68246179,70,3,1,1395492.9,0,4,0.10038585,true,true,,,true,,,,5,,,,0,,,,0,,,,,,,,0,,,,1,,1080,,,49.210287,,9.8420574,,29.835811,,0.41922619,,21.652526,,0.27948413,,0.46666667,,0.4,,,,1,0.096345515,-0.067463002,7,3,true,
200,goblin-solo,orange dwarf (K),false,22.623309,152.93074,162.237,20.685345,2.8563382,0,false,-0,,2,red-giant,10,7,1,0,,0.035156366,0.11074901,0,0,0,14,0.51572189,0.63694107,3,0.23707339,0.0092036522,evaporite,0.13530272,aquifer+aquitard+spring+runoff+karst,0.16050814,23.321955,0.39335585,25.408074,0.12562383,0.40273227,salt,0.048124336,0.00015123255,0,structural,1,alpine,9.1668492,leptosol,0.063114382,3,42,126,8.6396347,1,0,21.066948,0,farming,tropical-seasonal-forest,false,3,0.28840046,2,organized,flat,cyclic,"farmer,shaman,chief",,42,,0.52746597,,false,,3,0,solar,,2,,organized,,,cyclic,,,,true,,true,,6.2857143,,2.8571429,,1,0,,,,,1,,true,true,1,,1,1,,1,1,0,,true,,4,,5.8191797,0.12922723,3.1281174,0.095307846,5,0.34012199,0.79336598,37,2,2,1521118,0,6,0.06533842,true,true,,,true,,,,3,,,,2,,,,0,,,,1,,,,0,,,,1,,21,,,49.210287,,9.8420574,,29.835811,,0.41922619,,21.652526,,0.27948413,,0.46666667,,0.4,,,,1,0.33333333,0.0072522494,7,2,false,
201,goblin-solo,yellow-white dwarf (F),false,16.544751,805.68841,1168.7406,11.126847,0.55408764,2,false,2.822436,44.71045,3,sun-like,3,4,1,0,792.68241,0.21557471,0.025249879,2235,2160,45,19,0.63214687,0.5493098,5,0.14532982,0.022972511,shale,0.10797717,aquifer+aquitard+spring+runoff+karst,0.14242102,29.926327,0.34835413,25.293337,0.14248739,0.39846031,salt,0.060824417,0.0011945846,0.77777778,structural,0.26209423,ice,-4.7230714,leptosol,0.033912928,6,41.666667,250,26.467366,1,0,17.092152,-0.01544981,farming,temperate-forest,false,3,0.26957791,9,organized,flat,cyclic,"farmer,shaman,chief",,42,,0.53097032,,false,,6,0,solar,,9,,organized,,,cyclic,,,,true,,true,,6.875,,2.4583333,,1,0.53333333,,,,,1,,true,true,2,,1,1,,0.83333333,1,0.16666667,,true,,4,,7.5917634,0.16928499,2.6608242,0.10761193,11,0.33494823,0.69148556,67,2,2,1396575.6,0,4,0.072466679,true,true,,,true,,,,7,,,,0,,,,0,,,,,,,,0,,,,1,,72,,,49.210287,,9.8420574,,29.835811,,0.41922619,,21.652526,,0.27948413,,0.44444444,,0.33333333,,,,1,0.168,-0.19684565,7,2,false,
202,goblin-solo,yellow-white dwarf (F),false,20.432374,708.53525,832.25013,27.55879,0.33581367,1,false,0.24873623,11.495302,4,sun-like,11,6,1,0,714.8718,0.16225456,0.0041775729,10,5,0,15,0.56447439,0.56294843,3,0.14034959,0.0076412285,shale,0.083015695,aquifer+aquitard+spring+runoff+karst,0.051345291,32.494984,0.20913677,26.553067,0.12230942,0.38183857,salt,0.051375191,0.0017376682,0.5483871,structural,0.58358045,ice,-14.275804,leptosol,0.03940583,23,29.608696,681,27.363501,1,0,9.4337634,-0.35855651,farming,temperate-forest,false,3,0.22040359,6,organized,flat,cyclic,"farmer,shaman,chief",,35,,0.50075602,,false,,23,0,solar,,6,,organized,,,cyclic,,,,true,,true,,7.8571429,,2.6571429,,0.69565217,0.31034483,,,,,1,,true,true,1,,1,1,,0.94594595,1,0.054054054,,true,,4,,7.2656021,0.16144154,2.4227925,0.12675162,8,0.4125,0.68099865,55,2,1,1638436.4,0,4,0.072843903,true,true,,,true,,,,3,,,,6,,,,0,,,,1,,,,0,,,,1,,204,,,49.210287,,9.8420574,,29.835811,,0.41922619,,21.652526,,0.27948413,,0.46666667,,0.4,,,,1,0.057268722,-0.27282915,7,3,false,
203,goblin-solo,yellow dwarf (G),false,36.924351,376.11992,244.46951,5.841262,0.75840121,1,false,0.68490879,8.4874864,2,sun-like,9,5,0,0,401.56131,0.07220185,0.018300131,22,14,0,12,0.54821542,0.59694153,3,0.10863727,0.019920902,shale,0.093699341,aquifer+aquitard+spring+runoff+karst,0.071058035,26.525744,0.24764941,26.278717,0.1036961,0.36869124,salt,0.053185841,0.00091862099,0.88235294,structural,0.53296655,ice,-21.427076,leptosol,0.023019561,7,22.571429,158,21.419178,1,0,10.53718,-0.45452867,farming,temperate-forest,true,3,0.23792284,5,organized,flat,cyclic,"farmer,shaman,chief",,30,,0.585,,true,,7,0,solar,,5,,organized,,,cyclic,,,,true,,true,,8.5882353,,2.7647059,,0.85714286,0,,,,,1,,true,true,1,,1,1,,1,1,0,,true,,4,,7.1911973,0.13630039,2.7213998,0.11522875,9,0.24321842,0.55523819,55,2,1,1626458.4,0,3,0.10462724,true,true,,,true,,,,5,,,,2,,,,0,,,,1,,,,0,,,,1,,21,,,49.210287,,9.8420574,,29.835811,,0.41922619,,21.652526,,0.27948413,,0.46666667,,0.4,,,,1,0.18987342,-0.046727767,7,2,true,
204,goblin-solo,orange dwarf (K),false,39.28997,210.72264,128.71844,28.050317,0.4769663,1,false,5.8925526,9.283695,5,red-giant,15,5,5,0,196.44021,0.050319723,0.038240445,423,268,0,25,0.56972316,0.57242553,3,0.24281041,0.021922758,evaporite,0.10655319,aquifer+aquitard+spring+runoff+karst,0.20119149,37.292981,0.47665248,24.56775,0.080510638,0.46451064,salt,0.06255241,0.001248227,0.77272727,numinous,0.2610003,alpine,7.1721566,leptosol,0.069900709,6,42,252,14.662549,1,0,21.087306,-0.019383087,farming,tropical-seasonal-forest,true,3,0.32493617,6,organized,flat,cyclic,"farmer,shaman,chief",,43,,0.585,,true,,6,0,solar,,6,,organized,,,cyclic,,,,true,,true,,8.9444444,,2.8333333,,0.5,0,,,,,1,,true,true,0,,1,1,,0.75,1,0.25,,true,,4,,6.6136375,0.12159001,2.657871,0.11327572,8,0.22252482,0.67553537,60,2,1,1623469.6,1,4,0.10051694,true,true,,,true,,,,6,,,,3,,,,0,,,,1,,,,0,,,,1,,504,,,49.210287,,9.8420574,,29.835811,,0.41922619,,21.652526,,0.27948413,,0.46666667,,0.4,,,,1,0.17063492,-0.0096094421,7,2,true,
205,goblin-solo,yellow-white dwarf (F),false,36.578891,797.28521,523.11168,3.5294969,0.63724472,3,false,3.0091908,78.949785,4,sun-like,4,4,1,0,789.93828,0.19517802,0.049570229,780,490,9,29,0.49421415,0.58953567,3,0.171476,0.028245691,evaporite,0.077855005,aquifer+aquitard+spring+runoff+karst,0.11144898,28.521893,0.1577855,26.279593,0.075489912,0.42981948,salt,0.056982208,0.00038613766,0.25,structural,0.77824405,ice,-13.684065,leptosol,0.031759822,7,40,280,27.638818,1,0,18.221705,-0.055550304,farming,temperate-forest,false,3,0.29988416,14,organized,flat,cyclic,"farmer,shaman,chief",,42,,0.50022273,,false,,7,0,solar,,14,,organized,,,cyclic,,,,true,,true,,8.5714286,,2.0857143,,1,0.42857143,,,,,1,,true,true,2,,1,1,,1,1,0,,true,,4,,8.0700571,0.18977675,2.3637807,0.16302915,6,0.68109856,0.68154168,74,2,1,1569087.6,0,4,0.071307462,true,true,,,true,,,,1,,,,1,,,,0,,,,1,,,,0,,,,1,,108,,,49.210287,,9.8420574,,29.835811,,0.41922619,,21.652526,,0.27948413,,0.46666667,,0.4,,,,1,0.15,-0.10450251,7,2,true,
206,goblin-solo,orange dwarf (K),false,16.995858,156.82544,221.45457,13.694666,0.080676934,2,true,5.7302205,20.277371,3,red-giant,4,3,2,1,151.50534,0.027976153,0.0022296457,1812,1142,57,35,0.51957912,0.56034351,5,0.16573898,0.037058737,evaporite,0.13445805,aquifer+aquitard+spring+runoff+karst,0.099496926,37.814244,0.26754408,25.686383,0.12302454,0.4256822,salt,0.067054853,0.00030489354,0.33333333,structural,0.71555484,ice,-8.2417098,leptosol,0.033335027,5,41,205,20.794298,1,0,5.0944913,-0.02424743,farming,temperate-forest,false,3,0.30662127,11,organized,flat,cyclic,"farmer,shaman,chief",,41,,0.53348711,,false,,5,0,solar,,11,,organized,,,cyclic,,,,true,,true,,7.8518519,,2.4814815,,1,0.375,,,,,1,,true,true,0,,1,1,,0.71428571,1,0.28571429,,true,,4,,6.7794843,0.13789948,3.2246147,0.08964406,6,0.30728187,0.75219123,50,2,2,1757952.5,0,4,0.091138963,true,true,,,true,,,,1,,,,0,,,,0,,,,,,,,0,,,,1,,972,,,49.210287,,9.8420574,,29.835811,,0.41922619,,21.652526,,0.27948413,,0.44444444,,0.33333333,,,,1,0.20487805,-0.00056094313,7,2,true,
207,goblin-solo,orange dwarf (K),false,23.754497,195.07734,197.09347,12.731533,0.020096389,2,false,6.9613088,17.652854,2,sun-like,11,5,1,0,187.56675,0.03012603,0.0005370967,988,630,20,10,0.59438016,0.57411977,3,0.058224696,0.023289878,evaporite,0.12813723,aquifer+aquitard+spring+runoff+karst,0.19638881,22.829332,0.34763768,25.298482,0.10598856,0.41137526,salt,0.053693195,0.00078242552,0.46153846,structural,0.68983856,ice,-22.132903,leptosol,0.014504965,10,21.4,214,11.110406,1,0,3.8049264,-0.74142351,farming,temperate-forest,true,3,0.31140536,10,organized,flat,cyclic,"farmer,shaman,chief",,38,,0.52040322,,true,,10,0,solar,,10,,organized,,,cyclic,,,,true,,true,,9.4333333,,2.7666667,,0.7,0.45,,,,,1,,true,true,2,,1,1,,1,1,0,,true,,4,,6.2481638,0.11454558,2.9826476,0.093183927,8,0.26133012,0.59475612,35,2,1,1336145.8,0,4,0.054100102,true,true,,,true,,,,3,,,,2,,,,0,,,,1,,,,0,,,,1,,42,,,49.210287,,9.8420574,,29.835811,,0.41922619,,21.652526,,0.27948413,,0.46666667,,0.4,,,,1,0.17757009,-0.34041251,7,2,true,
208,goblin-solo,yellow dwarf (G),false,35.739686,528.40571,354.83627,26.851518,4.2972424,0,false,-0,,3,red-giant,3,4,0,0,,0.10489387,0.090919635,0,0,0,28,0.62999854,0.58537873,3,0.082930521,0.030174308,evaporite,0.13011349,aquifer+aquitard+spring+runoff+karst,0.17319873,30.913016,0.39271576,25.021118,0.1425838,0.38723938,salt,0.068488409,0.0010556875,0.6875,structural,0.24017253,ice,-19.205823,leptosol,0.018606492,9,18,162,16.685129,1,0,1.3649062,-0.57397242,farming,taiga,false,3,0.26174452,4,organized,flat,cyclic,"farmer,shaman,chief",,11,,0.48606358,,false,,9,0,solar,,4,,organized,,,cyclic,,,,true,,true,,7.3529412,,2.8235294,,1,0.30769231,,,,,1,,true,true,2,,1,1,,1,1,0,,true,,4,,6.176087,0.10547138,3.1207419,0.083907036,9,0.22888625,0.71818305,35,2,1,1399599.5,0,6,0.05967321,true,true,,,true,,,,1,,,,8,,,,0,,,,1,,,,0,,,,1,,120,,,49.210287,,9.8420574,,29.835811,,0.41922619,,21.652526,,0.27948413,,0.46666667,,0.4,,,,1,0.17901235,-0.12111756,7,3,false,
209,goblin-solo,orange dwarf (K),true,,292.86746,,1.1925001,0.14902555,2,true,4.605318,21.594968,4,sun-like,9,7,3,1,283.51532,0.054893638,,476,303,0,28,0.69671891,0.52491347,locked,0.085371808,0.027928324,shale,0.11124527,aquifer+aquitard+spring+runoff+karst,0.14609998,27.976124,0.29380987,25.30009,0.11229172,0.33381631,salt,0.063997655,0.00080495854,0.8,numinous,0.2,ice,-30.914145,leptosol,0.034452226,2,41.5,83,0.62680556,1,0,49.861877,-0.034765418,foraging,alpine,false,2,0.18795782,5,folk,flat,eternal,"forager,chief",,42,,0.058383238,,false,,2,0,solar,,5,,folk,,,eternal,,,,true,,true,,10.583333,,2.8333333,,1,0.28571429,,,,,0.8,,true,true,2,,1,1,,1,1,0,,true,,4,,7.1563696,0.13702437,2.7977858,0.088203701,13,0.24221203,0.62555539,63,2,1,1193393.7,1,6,0.078502526,true,true,,,true,,,,3,,,,1,,,,0,,,,1,,,,0,,,,1,,42,,,49.210287,,9.8420574,,29.835811,,0.41922619,,21.652526,,0.27948413,,0.46666667,,0.4,,,,1,0.5060241,0.24009527,7,2,false,
210,goblin-solo,orange dwarf (K),false,17.621032,326.62552,444.86682,24.742301,0.82880372,2,false,2.2134821,30.40871,3,sun-like,7,4,2,0,333.45929,0.055466026,0.017477752,130,82,0,15,0.52468141,0.60636877,5,0.06608564,0.019261755,evaporite,0.10832049,aquifer+aquitard+spring+runoff+karst,0.23903441,27.185057,0.52568053,24.807636,0.078171546,0.39229584,salt,0.061511646,0.0027221366,0.64150943,structural,0.50739405,ice,-26.909796,leptosol,0.015665126,50,17.38,869,12.902728,1,0,12.582447,-0.44424543,farming,taiga,false,3,0.26224961,10,organized,flat,cyclic,"farmer,shaman,chief",,38,,0.48860001,,false,,50,0,solar,,10,,organized,,,cyclic,,,,true,,true,,9.3571429,,2.9285714,,0.72,0.51666667,,,,,1,,true,true,2,,1,1,,0.9245283,1,0.075471698,,true,,4,,6.5089782,0.12658344,2.9536723,0.10258288,5,0.57673344,0.68619371,41,2,2,1661056.5,1,3,0.080144449,true,true,,,true,,,,2,,,,2,,,,0,,,,1,,,,0,,,,1,,24,,,49.210287,,9.8420574,,29.835811,,0.41922619,,21.652526,,0.27948413,,0.46666667,,0.4,,,,1,0.043728423,-0.26706686,7,4,false,
211,goblin-solo,orange dwarf (K),false,18.983686,204.10584,258.03947,11.711355,0.99468146,1,false,0.97202898,5.9972493,3,blue-giant,3,3,0,0,224.22568,0.045592222,0.01933583,32,25,0,33,0.74156535,0.42782921,5,0.13121918,0.025950881,gneiss,0.16956357,aquifer+aquitard+spring+runoff+karst,0.21254487,33.701541,0.36283771,24.667269,0.10532779,0.30700926,salt,0.059503071,0.0063291139,0.44776119,structural,0.67888026,alpine,7.300521,leptosol,0.066597393,60,35.416667,2125,12.524198,1,0,3.407413,-0.21113027,farming,tropical-seasonal-forest,false,3,0.22000756,6,organized,flat,cyclic,"farmer,shaman,chief",,42,,0.51021702,,false,,60,0,solar,,6,,organized,,,cyclic,,,,true,,true,,7.5,,3.2916667,,1,0.66666667,,,,,0.83333333,,true,true,0,,1,1,,0.90384615,1,0.096153846,,true,,4,,6.4761534,0.20380018,4.1474193,0.053561838,6,0.33704893,0.73568703,112,1,2,724076.04,1,5,0.048139455,true,true,,,true,,,,1,,,,2,,,,0,,,,1,,,,0,,,,1,,132,,,49.210287,,9.8420574,,29.835811,,0.41922619,,21.652526,,0.27948413,,0.46666667,,0.4,,,,1,0.019764706,-0.11987359,7,4,false,
212,goblin-solo,yellow-white dwarf (F),false,30.64626,660.62925,517.35847,33.600469,3.1394534,1,false,0.30158008,13.246401,3,red-giant,3,3,2,0,627.94835,0.13664039,0.13262202,73,48,0,15,0.66903472,0.52895183,3,0.083369953,0.029148967,evaporite,0.11521723,aquifer+aquitard+spring+runoff+karst,0.080179981,24.680004,0.24998156,26.168467,0.086007229,0.39485137,salt,0.047770527,0.0012539647,0.82352941,structural,0.33462459,ice,-20.499515,leptosol,0.023235229,9,33.777778,304,23.848812,1,0,3.3538498,-0.36341501,farming,temperate-forest,false,3,0.27085638,6,organized,flat,cyclic,"farmer,shaman,chief",,39,,0.54,,false,,9,0,solar,,6,,organized,,,cyclic,,,,true,,true,,7.9047619,,2.3333333,,1,0.4,,,,,1,,true,true,1,,1,1,,1,1,0,,true,,4,,6.5248187,0.12463274,3.0824393,0.076876129,10,0.24798997,0.72761096,40,2,2,1222887.3,0,4,0.10381631,true,true,,,true,,,,6,,,,12,,,,0,,,,1,,,,0,,,,1,,840,,,49.210287,,9.8420574,,29.835811,,0.41922619,,21.652526,,0.27948413,,0.46666667,,0.4,,,,1,0.13486842,-0.1765212,7,2,true,
213,goblin-solo,yellow-white dwarf (F),true,,977.83427,,2.3590767,0.036751196,1,false,1.5259594,44.919614,4,blue-giant,2,3,0,0,962.13687,0.18878596,,617,381,0,26,0.58173429,0.58997257,locked,0.1316342,0.021825106,shale,0.10430164,aquifer+aquitard+spring+runoff+karst,0.1274733,33.450322,0.16459464,25.910626,0.1034845,0.38008522,salt,0.056023434,0.00023346758,0,structural,1,ice,-31.192423,leptosol,0.031109555,4,41,164,0.54321307,1,0,17.82634,-0.031136518,farming,temperate-forest,true,3,0.22669702,3,organized,flat,eternal,"farmer,shaman,chief",,42,,0.56185457,,true,,4,0,solar,,3,,organized,,,eternal,,,,true,,true,,5.9,,2.3,,0.75,0.28571429,,,,,0.66666667,,true,true,1,,1,1,,1,1,0,,true,,4,,7.2276623,0.14921477,2.7779323,0.10836873,8,0.27461624,0.68186274,54,2,2,1681776.8,0,5,0.082815473,true,true,,,true,,,,3,,,,5,,,,0,,,,1,,,,0,,,,1,,36,,,49.210287,,9.8420574,,29.835811,,0.41922619,,21.652526,,0.27948413,,0.5,,0.5,,,,1,0.25609756,0.27100448,7,2,true,
214,goblin-solo,yellow-white dwarf (F),false,20.159106,757.82857,902.21689,33.947073,0.28245478,1,false,0.64913162,22.423145,4,blue-giant,1,3,0,0,734.37332,0.15848743,0.01727679,245,152,0,35,0.55663786,0.53906723,3,0.099750989,0.025242908,shale,0.10786851,aquifer+aquitard+spring+runoff+karst,0.089862893,35.882159,0.40487859,25.200322,0.10109575,0.42018611,salt,0.069395994,0.0019272067,0.48571429,structural,0.59409854,ice,-22.546082,leptosol,0.021915093,23,33.956522,781,18.574505,1,0,5.7012099,-0.20347571,farming,temperate-forest,false,3,0.25631848,7,organized,flat,cyclic,"farmer,shaman,chief",,40,,0.54,,false,,23,0,solar,,7,,organized,,,cyclic,,,,true,,true,,7.8378378,,2.8378378,,1,0.33333333,,,,,0.85714286,,true,true,0,,1,1,,1,1,0.034482759,,true,,4,,8.2860121,0.1813234,2.4634227,0.13925101,10,0.25163813,0.74531099,61,2,1,1668972.3,2,6,0.093764109,true,true,,,true,,,,0,,,,0,,,,0,,,,,,,,0,,,,1,,24,,,49.210287,,9.8420574,,29.835811,,0.41922619,,21.652526,,0.27948413,,0.46666667,,0.4,,,,1,0.051216389,-0.21990976,7,3,true,
215,goblin-solo,yellow dwarf (G),false,35.149245,260.68118,177.99382,30.088248,0.61675817,2,false,6.9939141,33.999642,4,blue-giant,5,3,0,0,255.2125,0.069497121,0.046747264,4790,4777,9,37,0.50729945,0.56119314,3,0.23958791,0.030223134,shale,0.12570607,aquifer+aquitard+spring+runoff+karst,0.1188683,33.292358,0.52125657,24.668366,0.15642652,0.46194629,salt,0.069095447,0.0023288078,0.91489362,numinous,0.085106383,alpine,14.645828,leptosol,0.063769696,4,41.25,165,8.3403591,1,0,13.000037,-0.017658824,farming,tropical-seasonal-forest,false,3,0.31265484,13,organized,flat,cyclic,"farmer,shaman,chief",,42,,0.53787535,,false,,4,0,solar,,13,,organized,,,cyclic,,,,true,,true,,6.5333333,,2.1666667,,0.75,0.35294118,,,,,0.84615385,,true,true,2,,1,1,,1,1,0,,true,,4,,7.2183933,0.16869417,2.6675271,0.1267028,8,0.37607769,0.63692651,46,2,1,1646797.1,0,5,0.13812851,true,true,,,true,,,,5,,,,2,,,,0,,,,1,,,,0,,,,1,,108,,,49.210287,,9.8420574,,29.835811,,0.41922619,,21.652526,,0.27948413,,0.46666667,,0.4,,,,1,0.25454545,0.0040796502,7,2,false,
216,goblin-solo,orange dwarf (K),false,22.441759,171.28894,183.18236,9.8685196,0.42976137,1,false,5.030934,9.8434234,2,blue-giant,9,4,2,0,160.20914,0.035232127,0.0021001594,2099,2099,0,8,0.66151555,0.46469528,3,0.20033202,0.022166886,evaporite,0.16379373,aquifer+aquitard+spring+runoff+karst,0.28265417,24.295771,0.41810314,24.907443,0.076667869,0.33458348,salt,0.042457344,0.0023079697,0.4375,structural,0.66839124,alpine,1.7690213,leptosol,0.062603678,27,33.703704,910,32.652145,1,0,7.8117094,-0.29034537,farming,temperate-forest,false,3,0.22120447,6,organized,flat,cyclic,"farmer,shaman,chief",,41,,0.5115631,,false,,27,0,solar,,6,,organized,,,cyclic,,,,true,,true,,9.5897436,,2.8205128,,1,0.54545455,,,,,0.83333333,,true,true,3,,1,1,,0.85365854,1,0.14634146,,true,,4,,6.9664937,0.13116728,3.1652324,0.079659196,8,0.45813199,0.59138958,62,2,1,1269396,1,4,0.059510226,true,true,,,true,,,,4,,,,6,,,,0,,,,1,,,,0,,,,1,,720,,,49.210287,,9.8420574,,29.835811,,0.41922619,,21.652526,,0.27948413,,0.46666667,,0.4,,,,1,0.046153846,-0.02113245,7,3,false,
217,goblin-solo,yellow-white dwarf (F),false,27.029898,846.06522,751.22611,10.2809,0.68966707,1,false,0.35489654,11.324467,2,orange-giant,0,0,0,0,798.05525,0.18505643,0.040496969,49,32,0,14,0.5756799,0.58310799,3,0.1219667,0.018358479,evaporite,0.13169553,aquifer+aquitard+spring+runoff+karst,0.12318048,28.37858,0.19296933,25.484087,0.073413497,0.37241816,salt,0.059588594,0.002589034,0.68888889,numinous,0.36113751,ice,-20.896578,leptosol,0.026580749,17,21.058824,358,21.910599,1,0,13.011187,-0.44015259,farming,taiga,false,3,0.238824,5,organized,flat,cyclic,"farmer,shaman,chief",,31,,0.46441437,,false,,17,0,solar,,5,,organized,,,cyclic,,,,true,,true,,11.148148,,2.962963,,1,0.18181818,,,,,1,,true,true,0,,1,1,,0.9047619,1,0.095238095,,true,,4,,6.5227864,0.1358972,3.1683382,0.087105122,8,0.45446177,0.60431271,52,2,2,1589115.8,0,4,0.10336965,true,true,,,true,,,,2,,,,1,,,,0,,,,1,,,,0,,,,1,,864,,,49.210287,,9.8420574,,29.835811,,0.41922619,,21.652526,,0.27948413,,0.46666667,,0.4,,,,1,0.094972067,-0.021792753,7,4,true,
218,goblin-solo,yellow dwarf (G),false,29.844142,352.03773,283.10097,1.4591021,0.88668335,2,false,1.309121,20.767647,2,blue-giant,11,7,2,0,340.44992,0.073539104,0.065989964,337,215,4,25,0.67843367,0.51138779,3,0.10558566,0.018187588,shale,0.081157,aquifer+aquitard+spring+runoff+karst,0.11850896,30.603166,0.20687823,26.603422,0.10309748,0.4180079,salt,0.063688038,0.0028849074,0.89473684,structural,0.28873817,ice,-16.157594,leptosol,0.022320073,27,21.37037,577,33.787742,1,0,13.834834,-0.37583756,farming,temperate-forest,true,3,0.27361069,13,organized,flat,cyclic,"farmer,shaman,chief",,32,,0.52352367,,true,,27,0,solar,,13,,organized,,,cyclic,,,,true,,true,,7.490566,,2.3962264,,0.48148148,0.35,,,,,0.92307692,,true,true,2,,1,1,,0.9787234,1,0.021276596,,true,,4,,7.1904738,0.16189096,2.7537486,0.094966066,8,0.22213787,0.70696939,41,2,2,1244975.2,0,5,0.11167574,true,true,,,true,,,,4,,,,11,,,,0,,,,1,,,,0,,,,1,,90,,,49.210287,,9.8420574,,29.835811,,0.41922619,,21.652526,,0.27948413,,0.46666667,,0.4,,,,1,0.055459272,-0.067128615,7,4,true,
219,goblin-solo,yellow-white dwarf (F),false,25.463156,925.92372,872.71858,25.949811,1.3222956,1,false,0.86890641,17.543646,5,sun-like,1,4,0,0,889.9896,0.18379333,0.10088106,193,121,0,27,0.51313412,0.57554029,3,0.060836873,0.019164103,evaporite,0.12385298,aquifer+aquitard+spring+runoff+karst,0.11457654,29.077412,0.39653011,25.189886,0.14917515,0.38013338,salt,0.061888299,0.0023065737,0.69565217,structural,0.47802446,ice,-26.093701,leptosol,0.010530011,29,13.068966,379,11.378415,1,0,1.9560483,-0.52952413,farming,taiga,true,3,0.24063581,6,organized,flat,cyclic,"farmer,shaman,chief",,32,,0.55870279,,true,,29,0,solar,,6,,organized,,,cyclic,,,,true,,true,,8.0731707,,3.1463415,,1,0.4,,,,,1,,true,true,1,,1,1,,1,1,0,,true,,4,,6.7012803,0.12046372,3.0072848,0.10270495,4,0.51276137,0.69958607,36,2,2,1781489.5,0,6,0.094221583,true,true,,,true,,,,2,,,,7,,,,0,,,,1,,,,0,,,,1,,18,,,49.210287,,9.8420574,,29.835811,,0.41922619,,21.652526,,0.27948413,,0.46666667,,0.4,,,,1,0.084432718,-0.3248131,7,5,true,
220,goblin-solo,yellow-white dwarf (F),false,17.94614,814.48706,1089.242,20.421228,2.5190977,0,false,-0,,4,blue-giant,8,6,1,0,,0.19914189,0.080015796,0,0,0,33,0.53444656,0.60707918,5,0.16070993,0.027830672,evaporite,0.095804929,aquifer+aquitard+spring+runoff+karst,0.12653382,29.830093,0.38180388,25.381966,0.084163608,0.40582066,salt,0.067666819,0.0029365496,0.60714286,structural,0.47670693,ice,-13.60335,leptosol,0.026114316,30,28.4,852,25.507386,1,0,12.651234,-0.4161478,farming,temperate-forest,false,3,0.24882014,3,organized,flat,cyclic,"farmer,shaman,chief",,41,,0.53601075,,false,,30,0,solar,,3,,organized,,,cyclic,,,,true,,true,,8.9722222,,4.4444444,,1,0.57575758,,,,,0.66666667,,true,true,1,,1,1,,0.95454545,1,0.045454545,,true,,4,,6.7504213,0.12127239,2.9791779,0.09772472,8,0.37556371,0.69732627,48,2,2,1700871.7,0,4,0.071800163,true,true,,,true,,,,2,,,,21,,,,0,,,,1,,,,0,,,,1,,30,,,49.210287,,9.8420574,,29.835811,,0.41922619,,21.652526,,0.27948413,,0.46666667,,0.4,,,,1,0.048122066,-0.061300493,7,6,false,
221,goblin-solo,yellow dwarf (G),false,20.926152,400.08031,458.84822,5.8368626,1.7625328,1,false,0.15472276,6.9862942,2,sun-like,0,0,0,0,417.26249,0.068645212,0.02254627,10,6,0,10,0.58637274,0.59351945,3,0.057785264,0.022972511,evaporite,0.11662634,aquifer+aquitard+spring+runoff+karst,0.20391902,23.253527,0.42212123,24.943741,0.11609514,0.44608393,salt,0.051254834,0.0013574928,0.82608696,numinous,0.17391304,ice,-32.896097,leptosol,0.013043735,4,36.25,145,12.996731,1,0,4.5836348,-0.038015945,farming,taiga,false,2,0.3289264,5,folk,flat,cyclic,"farmer,chief",,36,,0.32497497,,false,,4,0,solar,,5,,folk,,,cyclic,,,,true,,true,,4.7857143,,1.9285714,,0.75,0.22222222,,,,,1,,true,true,1,,1,1,,1,1,0,,true,,4,,6.1047981,0.11033379,3.0117343,0.088594307,7,0.26648173,0.40150872,35,2,1,1354056.1,0,5,0.066370462,true,true,,,true,,,,7,,,,3,,,,0,,,,1,,,,0,,,,1,,216,,,49.210287,,9.8420574,,29.835811,,0.41922619,,21.652526,,0.27948413,,0.46666667,,0.4,,,,1,0.25517241,-0.25898791,7,2,false,
222,goblin-solo,yellow-white dwarf (F),false,18.941659,673.91896,853.88798,0.88867418,3.5159265,1,false,0.18299827,7.9552777,5,blue-giant,5,4,0,0,621.99671,0.14793072,0.051346066,80,47,0,25,0.60094722,0.52593907,5,0.1109565,0.031736732,shale,0.10173743,aquifer+aquitard+spring+runoff+karst,0.13923896,29.377228,0.23571516,25.459541,0.11703169,0.37434235,salt,0.071901136,0.0015906032,0.65384615,structural,0.45737257,ice,-16.494878,leptosol,0.027407317,17,38.647059,657,22.614469,1,0,9.3395561,-0.074593526,farming,temperate-forest,true,3,0.24140462,6,organized,flat,cyclic,"farmer,shaman,chief",,42,,0.63,,true,,17,0,solar,,6,,organized,,,cyclic,,,,true,,true,,9.0344828,,2.862069,,1,0.30434783,,,,,0.83333333,,true,true,3,,1,1,,0.74193548,1,0.25806452,,true,,4,,7.2039941,0.13851406,2.9138814,0.098286216,7,0.35978221,0.54287388,53,2,1,1495655.1,1,3,0.062070804,true,true,,,true,,,,4,,,,33,,,,0,,,,1,,,,0,,,,1,,96,,,49.210287,,9.8420574,,29.835811,,0.41922619,,21.652526,,0.27948413,,0.46666667,,0.4,,,,1,0.063926941,-0.064499115,7,3,true,
223,goblin-solo,yellow-white dwarf (F),false,22.823979,670.52836,705.07778,0.47640755,1.0041347,0,false,-0,,5,red-giant,16,4,3,0,,0.13638205,0.048329568,0,0,0,16,0.67206191,0.54552222,3,0.070772911,0.025755578,sandstone,0.12201295,aquifer+aquitard+spring+runoff+karst,0.061564803,30.622642,0.043772798,26.359804,0.10548649,0.27253778,gold,0.057190084,0.0037221767,0.9,structural,0.29859019,ice,-21.582036,leptosol,0.019429763,31,15.032258,466,18.924599,1,0,3.7667579,-0.44189247,farming,temperate-forest,true,3,0.12923398,3,organized,flat,cyclic,"farmer,shaman,chief",,10,,0.47971258,,true,,31,0,solar,,3,,organized,,,cyclic,,,,true,,true,,8.7567568,,3.7027027,,1,0.29411765,,,,,0.66666667,,true,true,1,,1,1,,0.98795181,1,0.012048193,,true,,4,,7.6619085,0.13906021,3.0908016,0.085274157,11,0.199732,0.65931839,84,2,2,1399819.6,3,6,0.085128443,true,true,,,true,,,,5,,,,14,,,,0,,,,1,,,,0,,,,1,,21,,,49.210287,,9.8420574,,29.835811,,0.41922619,,21.652526,,0.27948413,,0.46666667,,0.4,,,,1,0.057939914,-0.27805025,7,3,false,
224,goblin-solo,yellow dwarf (G),false,30.147436,240.52222,191.47676,11.000564,0.16680114,2,false,7.6931685,24.364428,2,sun-like,1,3,1,0,233.61492,0.06191636,0.012922161,3761,3740,22,33,0.64994385,0.53169677,3,0.15057859,0.041623944,shale,0.14366413,aquifer+aquitard+spring+runoff+karst,0.18425274,36.962219,0.52995327,24.543535,0.1201618,0.3552549,salt,0.064213517,0.00083687844,0.33333333,structural,0.66666667,alpine,12.524176,leptosol,0.052862822,8,41.5,332,5.5952887,1,0,14.546305,-0.014780249,farming,tropical-seasonal-forest,false,3,0.22665458,13,organized,flat,cyclic,"farmer,shaman,chief",,42,,0.53671074,,false,,8,0,solar,,13,,organized,,,cyclic,,,,true,,true,,9.1470588,,2.4411765,,0.875,0.47619048,,,,,0.92307692,,true,true,0,,1,1,,1,1,0,,true,,4,,6.6509922,0.12829096,3.0847888,0.084859138,8,0.26054816,0.8191894,41,2,2,1400273.7,0,6,0.076596509,true,true,,,true,,,,2,,,,0,,,,0,,,,,,,,0,,,,1,,1176,,,49.210287,,9.8420574,,29.835811,,0.41922619,,21.652526,,0.27948413,,0.46666667,,0.4,,,,1,0.12650602,-0.0068701721,7,2,false,
225,goblin-solo,orange dwarf (K),false,21.869993,240.35096,263.75971,0.04521112,0.43637028,2,true,7.9873788,41.825923,2,blue-giant,2,3,1,1,236.27219,0.039614431,0.032836288,980,627,4,36,0.69725599,0.55132651,3,0.059909184,0.016014843,gneiss,0.11176518,aquifer+aquitard+spring+runoff+karst,0.060882187,28.37921,0.09555681,26.119963,0.10023385,0.32142569,salt,0.061564521,0.00056447061,0.42857143,structural,0.57142857,ice,-22.513867,leptosol,0.018224337,4,36.25,145,16.108842,1,0,4.2210561,-0.038015945,farming,taiga,false,3,0.20240303,11,organized,flat,cyclic,"farmer,shaman,chief",,35,,0.5374952,,false,,4,0,solar,,11,,organized,,,cyclic,,,,true,,true,,10.192308,,2.7692308,,1,0.46666667,,,,,0.90909091,,true,true,1,,1,1,,1,1.5,0.5,,true,,4,,6.5144925,0.12954226,3.2957681,0.067965431,10,0.31045883,0.7139761,41,2,2,1153158.3,1,5,0.067611998,true,true,,,true,,,,4,,,,2,,,,0,,,,1,,,,0,,,,1,,24,,,49.210287,,9.8420574,,29.835811,,0.41922619,,21.652526,,0.27948413,,0.44444444,,0.33333333,,,,1,0.25517241,-0.1879478,7,2,true,
226,goblin-solo,yellow-white dwarf (F),false,18.921527,547.38651,694.30317,23.355012,0.46923013,2,false,5.6326305,41.321278,5,sun-like,1,3,0,0,537.86776,0.16177881,0.0084303128,1055,651,0,10,0.66459157,0.52187204,5,0.14120404,0.014720961,evaporite,0.11470995,aquifer+aquitard+spring+runoff+karst,0.15132106,25.975853,0.50549531,24.756959,0.10080792,0.41633307,salt,0.060689711,0.0026930635,0.51351351,structural,0.58036326,alpine,10.315187,leptosol,0.031443336,29,35.517241,1030,7.751596,1,0,13.571304,-0.2091626,farming,tropical-seasonal-forest,false,3,0.28655652,13,organized,flat,cyclic,"farmer,shaman,chief",,41,,0.4796647,,false,,29,0,solar,,13,,organized,,,cyclic,,,,true,,true,,6.8727273,,2.3090909,,1,0.64285714,,,,,0.92307692,,true,true,2,,1,1,,0.90697674,1,0.093023256,,true,,4,,6.1077151,0.10677026,3.3103665,0.0741663,10,0.2926705,0.48561594,39,2,2,1208333.1,0,4,0.063208976,true,true,,,true,,,,1,,,,11,,,,0,,,,1,,,,0,,,,1,,48,,,49.210287,,9.8420574,,29.835811,,0.41922619,,21.652526,,0.27948413,,0.46666667,,0.4,,,,1,0.040776699,-0.045097876,7,3,true,
227,goblin-solo,yellow-white dwarf (F),false,25.767024,1027.2755,956.82807,1.8423476,0.20835796,2,false,1.2287834,71.310304,2,red-giant,6,4,3,0,1016.7312,0.20813196,0.015397089,2547,2542,4,18,0.68790586,0.55506884,3,0.047214491,0.022728382,evaporite,0.12679912,aquifer+aquitard+spring+runoff+karst,0.056711514,34.672559,0.2218398,25.801411,0.061013767,0.38657697,salt,0.061516119,0.0010951189,0.14285714,structural,0.91730818,ice,-25.947531,leptosol,0.010247184,14,24.428571,342,11.863877,1,0,6.4252667,-0.52851759,farming,taiga,false,3,0.24820088,10,organized,flat,cyclic,"farmer,shaman,chief",,35,,0.47462517,,false,,14,0,solar,,10,,organized,,,cyclic,,,,true,,true,,8.1764706,,3.2352941,,0.57142857,0.33333333,,,,,0.9,,true,true,1,,1,1,,1,1,0,,true,,4,,6.7271806,0.13503024,3.1271391,0.076900542,11,0.19305382,0.77633471,47,2,2,1331741,0,4,0.10133382,true,true,,,true,,,,2,,,,2,,,,0,,,,1,,,,0,,,,1,,180,,,49.210287,,9.8420574,,29.835811,,0.41922619,,21.652526,,0.27948413,,0.46666667,,0.4,,,,1,0.10818713,-0.17507034,7,2,false,
228,goblin-solo,orange dwarf (K),false,35.061858,137.88647,94.383909,28.783505,0.069484389,1,false,3.9884499,12.040904,4,orange-giant,15,5,5,0,130.45669,0.033266036,0.00053970677,472,300,0,11,0.54540794,0.50534343,3,0.17264782,0.015843953,shale,0.074539498,aquifer+aquitard+spring+runoff+karst,0.087750389,25.49408,0.26905107,26.189661,0.15627517,0.43450942,salt,0.052214365,0.0020944095,0.20512821,structural,0.79914901,alpine,10.449909,leptosol,0.037430858,39,31.871795,1243,5.8717371,1,0,9.2505432,-0.29764261,farming,tropical-seasonal-forest,false,3,0.29810429,9,organized,flat,cyclic,"farmer,shaman,chief",,41,,0.47351704,,false,,39,0,solar,,9,,organized,,,cyclic,,,,true,,true,,9.1754386,,2.7192982,,1,0.54166667,,,,,0.88888889,,true,true,0,,1,1,,1,1,0,,true,,4,,8.491755,0.16507964,1.9629903,0.22835799,6,0.60195478,0.52137902,67,3,,1303829.4,0,5,0.11861262,true,true,,,true,,,,3,,,,3,,,,0,,,,1,,,,0,,,,1,,672,,,49.210287,,9.8420574,,29.835811,,0.41922619,,21.652526,,0.27948413,,0.46666667,,0.4,,,,1,0.03378922,-0.0031715221,7,4,true,
229,goblin-solo,orange dwarf (K),false,38.895267,219.68892,135.55721,18.484291,4.9449905,0,false,-0,,5,blue-giant,2,3,2,0,,0.033275291,0.3298195,0,0,0,34,0.70858357,0.5751864,3,0.028587471,0.018724672,shale,0.088464438,aquifer+aquitard+spring+runoff+karst,0.12817291,37.398033,0.41618497,25.553004,0.12440312,0.41945212,salt,0.068147686,0.0027645137,0.93939394,numinous,0.060606061,ice,-33.810925,leptosol,0.0088799531,2,36,72,10.302835,1,0,9.3271815,0,farming,taiga,true,3,0.25793751,2,organized,flat,cyclic,"farmer,shaman,chief",,36,,0.63,,true,,2,0,solar,,2,,organized,,,cyclic,,,,true,,true,,9.1666667,,3.3333333,,1,0,,,,,1,,true,true,1,,1,1,,1,1,0,,true,,4,,5.8612589,0.10418301,2.9151418,0.067330697,9,0.28440982,0.72326575,45,2,2,1265007.7,0,6,0.11048058,true,true,,,true,,,,0,,,,0,,,,0,,,,,,,,0,,,,1,,576,,,49.210287,,9.8420574,,29.835811,,0.41922619,,21.652526,,0.27948413,,0.46666667,,0.4,,,,1,0.5,-0.38811227,7,2,false,
230,goblin-solo,orange dwarf (K),false,24.297571,227.45345,224.66784,1.557239,0.11049088,2,false,7.4515068,68.455718,3,red-giant,9,4,4,0,225.05449,0.041871699,0.0044239615,3165,2678,219,40,0.52602412,0.62322946,3,0.12677604,0.031687906,evaporite,0.078908061,aquifer+aquitard+spring+runoff+karst,0.091269637,34.051083,0.28699459,25.710093,0.15956734,0.45444244,salt,0.06508061,0.00025753284,0.2,structural,0.8,ice,-20.38485,leptosol,0.027813546,4,41,164,25.706143,1,0,6.6379666,-0.031136518,farming,temperate-forest,false,3,0.3160443,13,organized,flat,cyclic,"farmer,shaman,chief",,41,,0.50096247,,false,,4,0,solar,,13,,organized,,,cyclic,,,,true,,true,,12.133333,,2.6,,1,0.29411765,,,,,0.92307692,,true,true,1,,1,1,,1,1,0,,true,,4,,7.2358475,0.17544962,2.7018554,0.12487183,5,0.50167396,0.7275841,46,2,2,1641211.7,0,4,0.10757341,true,true,,,true,,,,4,,,,0,,,,0,,,,,,,,0,,,,1,,2268,,,49.210287,,9.8420574,,29.835811,,0.41922619,,21.652526,,0.27948413,,0.46666667,,0.4,,,,1,0.25609756,-0.14481237,7,2,false,
231,goblin-solo,yellow dwarf (G),false,34.414476,326.92655,227.99235,16.078256,0.95531229,2,false,3.2730996,32.737854,3,red-dwarf,13,4,3,0,319.81936,0.068050595,0.073307153,3760,1768,25,38,0.55749231,0.54374931,3,0.16556809,0.018334066,shale,0.11375924,aquifer+aquitard+spring+runoff+karst,0.15138475,32.770109,0.36814521,25.644254,0.1320203,0.39705396,salt,0.06013514,0.0015999117,0.5862069,structural,0.37410756,ice,-10.801621,leptosol,0.04728015,17,32.058824,545,29.1622,1,0,2.5396856,-0.35102524,farming,temperate-forest,false,3,0.26668873,10,organized,flat,cyclic,"farmer,shaman,chief",,39,,0.4843699,,false,,17,0,solar,,10,,organized,,,cyclic,,,,true,,true,,6.7567568,,2.7027027,,1,0.33333333,,,,,1,,true,true,2,,1,1,,1,1,0,,true,,4,,7.3552699,0.138663,2.7147969,0.11391045,7,0.55147302,0.77973937,34,2,1,1624022.8,1,6,0.051681994,true,true,,,true,,,,4,,,,7,,,,0,,,,1,,,,0,,,,1,,45,,,49.210287,,9.8420574,,29.835811,,0.41922619,,21.652526,,0.27948413,,0.46666667,,0.4,,,,1,0.073394495,-0.12390411,7,3,false,
232,goblin-solo,orange dwarf (K),true,,231.80786,,23.4614,0.16678287,1,false,2.5636443,10.326685,2,orange-giant,4,5,3,0,217.48332,0.044292546,,299,188,0,26,0.74000293,0.46056338,locked,0.07577755,0.016991358,evaporite,0.17737089,aquifer+aquitard+spring+runoff+karst,0.12553991,28.92949,0.42244131,24.897201,0.17868545,0.34244131,salt,0.054271789,0.0051643192,0.49090909,structural,0.63817861,ice,-21.276602,leptosol,0.022253521,40,29.65,1186,0.86283394,1,0,26.299102,-0.4293583,farming,temperate-forest,false,3,0.242723,3,organized,flat,eternal,"farmer,shaman,chief",,41,,0.57896942,,false,,40,0,solar,,3,,organized,,,eternal,,,,true,,true,,10.630435,,2.2826087,,1,0.39534884,,,,,0.66666667,,true,true,1,,1,1,,0.96666667,1,0.033333333,,true,,4,,6.3441006,0.13563125,3.4399863,0.063034032,6,0.29633803,0.73624147,62,2,2,976807.51,1,4,0.061213545,true,true,,,true,,,,3,,,,0,,,,0,,,,,,,,0,,,,1,,108,,,49.210287,,9.8420574,,29.835811,,0.41922619,,21.652526,,0.27948413,,0.5,,0.5,,,,1,0.035413153,0.26431836,7,5,true,
233,goblin-solo,orange dwarf (K),false,21.938989,179.65621,196.53363,25.161649,2.822385,1,false,0.7621031,6.5597442,5,sun-like,6,5,2,0,195.83628,0.031530443,0.1004746,42,28,0,18,0.58336995,0.56246338,3,0.14110639,0.020384747,shale,0.13090355,aquifer+aquitard+spring+runoff+karst,0.11285597,32.656326,0.35954529,25.408793,0.16735029,0.384683,salt,0.068644358,0.00029298019,0.2,structural,0.8,ice,-13.135042,leptosol,0.031993437,4,39.25,157,23.707155,1,0,11.556418,-0.12676821,farming,temperate-forest,false,3,0.21903199,10,organized,flat,cyclic,"farmer,shaman,chief",,40,,0.46194973,,false,,4,0,solar,,10,,organized,,,cyclic,,,,true,,true,,8.2083333,,2.4583333,,1,0.28571429,,,,,1,,true,true,2,,1,1,,1,1,0,,true,,4,,6.6321907,0.1136715,3.0584167,0.096797031,7,0.35597094,0.69450276,34,2,1,1555004.6,1,5,0.10479457,true,true,,,true,,,,0,,,,3,,,,0,,,,1,,,,0,,,,1,,33,,,49.210287,,9.8420574,,29.835811,,0.41922619,,21.652526,,0.27948413,,0.46666667,,0.4,,,,1,0.26751592,-0.0082229561,7,2,true,
234,goblin-solo,orange dwarf (K),false,16.325989,140.91944,207.15845,28.076439,2.6056712,1,false,0.7649949,9.2601498,4,blue-giant,6,4,1,0,131.4057,0.032357907,0.048810061,321,204,0,19,0.60763635,0.55923345,5,0.16842439,0.017381964,andesite,0.12120458,aquifer+aquitard+spring+runoff+karst,0.1206446,29.272937,0.23992036,25.773872,0.11423594,0.34724988,salt,0.064395354,0.0015555002,0.56,structural,0.64578739,alpine,7.9127793,leptosol,0.048033848,21,35.095238,737,14.115026,1,0,33.036558,-0.24874149,farming,tropical-seasonal-forest,false,3,0.24832006,7,organized,flat,cyclic,"farmer,shaman,chief",,42,,0.52341239,,false,,21,0,solar,,7,,organized,,,cyclic,,,,true,,true,,7.6857143,,2.7714286,,1,0.42857143,,,,,0.85714286,,true,true,1,,1,1,,0.88571429,1,0.11428571,,true,,4,,6.4719469,0.15751006,3.8640219,0.066598311,8,0.45756595,0.58145547,89,1,2,1182279.2,0,4,0.073636941,true,true,,,true,,,,2,,,,4,,,,0,,,,1,,,,0,,,,1,,42,,,49.210287,,9.8420574,,29.835811,,0.41922619,,21.652526,,0.27948413,,0.46666667,,0.4,,,,1,0.056987788,-0.15065832,7,3,true,
235,goblin-solo,yellow-white dwarf (F),false,25.921451,479.71306,444.1539,25.507012,0.18794853,3,false,5.8591218,34.291145,4,orange-giant,8,7,2,0,469.83916,0.14674233,0.0090066187,570,361,6,35,0.54980226,0.53885364,3,0.19898931,0.039524437,shale,0.098042406,aquifer+aquitard+spring+runoff+karst,0.11984166,44.181428,0.45924841,24.947744,0.11441896,0.39417602,salt,0.076737689,0.0012472209,0.56521739,structural,0.50336753,alpine,13.317869,leptosol,0.038284258,13,38.692308,503,5.6696084,1,0,8.6823963,-0.081560671,farming,tropical-seasonal-forest,false,3,0.24472642,17,organized,flat,cyclic,"farmer,shaman,chief",,41,,0.46887236,,false,,13,0,solar,,17,,organized,,,cyclic,,,,true,,true,,6.8510638,,2.4468085,,0.92307692,0.36666667,,,,,1,,true,true,2,,1,1,,0.76470588,1,0.23529412,,true,,4,,8.4194668,0.16810518,2.349453,0.16210146,10,0.21961933,0.69870612,74,2,1,1890596.8,1,3,0.087991196,true,true,,,true,,,,2,,,,4,,,,0,,,,1,,,,0,,,,1,,156,,,49.210287,,9.8420574,,29.835811,,0.41922619,,21.652526,,0.27948413,,0.44444444,,0.33333333,,,,1,0.083499006,-0.05694052,7,4,true,
236,goblin-solo,yellow dwarf (G),false,36.398898,264.63459,174.48963,27.315076,3.5318164,1,false,0.40858016,6.9127641,3,blue-giant,1,3,1,0,253.12713,0.074616176,0.28978768,18,11,0,25,0.56078805,0.55961314,3,0.19457058,0.010424296,evaporite,0.11533545,aquifer+aquitard+spring+runoff+karst,0.12995387,29.441045,0.47734979,25.126785,0.085487188,0.44850203,salt,0.059654421,0.001278417,0.82608696,numinous,0.24015444,alpine,17.382277,leptosol,0.040075593,6,41.333333,248,3.7713013,1,0,9.8212797,-0.024259659,farming,tropical-seasonal-forest,false,3,0.30965483,11,organized,flat,cyclic,"farmer,shaman,chief",,41,,0.47638618,,false,,6,0,solar,,11,,organized,,,cyclic,,,,true,,true,,8.8928571,,2.6071429,,0.66666667,0.11764706,,,,,0.81818182,,true,true,0,,1,1,,0.75,1,0.25,,true,,4,,6.8955588,0.12664599,2.6513437,0.11410576,10,0.23689623,0.71265466,42,2,2,1527184.1,1,5,0.071276555,true,true,,,true,,,,0,,,,0,,,,0,,,,,,,,0,,,,1,,108,,,49.210287,,9.8420574,,29.835811,,0.41922619,,21.652526,,0.27948413,,0.46666667,,0.4,,,,1,0.16935484,-0.11869457,7,2,true,
237,goblin-solo,yellow dwarf (G),false,35.430921,356.49923,241.48346,22.719551,3.3148945,0,false,-0,,2,red-dwarf,3,4,0,0,,0.066785432,0.22475325,0,0,0,39,0.72681998,0.51858803,3,0.06574386,0.011986719,gneiss,0.10160858,aquifer+aquitard+spring+runoff+karst,0.095710456,28.210168,0.3233244,25.679276,0.11653262,0.29142091,salt,0.068915373,0.0030384272,0.58823529,structural,0.61816422,ice,-24.112234,leptosol,0.019839142,30,31.6,948,24.692951,1,0,8.2485202,-0.29489451,farming,temperate-forest,true,3,0.17292225,3,organized,flat,cyclic,"farmer,shaman,chief",,38,,0.51182805,,true,,30,0,solar,,3,,organized,,,cyclic,,,,true,,true,,9.3055556,,2.8055556,,1,0.42424242,,,,,1,,true,true,2,,1,1,,0.89655172,1,0.10344828,,true,,4,,6.4340037,0.1274234,3.3427043,0.061520434,8,0.19892761,0.7002763,60,2,2,1036660,0,4,0.088750799,true,true,,,true,,,,3,,,,3,,,,0,,,,1,,,,0,,,,1,,684,,,49.210287,,9.8420574,,29.835811,,0.41922619,,21.652526,,0.27948413,,0.46666667,,0.4,,,,1,0.041139241,-0.063089438,7,3,false,
238,goblin-solo,yellow-white dwarf (F),false,30.106117,727.67778,580.09031,21.673963,0.67093705,1,false,0.34551392,11.828415,3,sun-like,9,6,1,0,687.57824,0.15542095,0.045154516,131,85,0,12,0.64252234,0.504678,3,0.1005322,0.0080074215,evaporite,0.12777436,aquifer+aquitard+spring+runoff+karst,0.10667213,20.628384,0.31585058,25.38238,0.087686949,0.34466981,salt,0.057302728,0.003960937,0.5,structural,0.61873437,ice,-19.540715,leptosol,0.029365567,43,29.325581,1261,24.462917,1,0,16.757403,-0.36673515,farming,temperate-forest,true,3,0.2215393,6,organized,flat,cyclic,"farmer,shaman,chief",,40,,0.63,,true,,43,0,solar,,6,,organized,,,cyclic,,,,true,,true,,7.3272727,,2.5636364,,1,0.55102041,,,,,1,,true,true,3,,1,1,,1,1,0,,true,,4,,6.8359271,0.1091536,3.0816801,0.085860065,9,0.23567575,0.39256709,40,2,2,1251348.7,0,5,0.056408067,true,true,,,true,,,,5,,,,10,,,,0,,,,1,,,,0,,,,1,,84,,,49.210287,,9.8420574,,29.835811,,0.41922619,,21.652526,,0.27948413,,0.46666667,,0.4,,,,1,0.032513878,-0.16063638,7,5,true,
239,goblin-solo,orange dwarf (K),false,35.375534,131.46863,89.192918,22.362625,2.2769299,0,false,-0,,5,orange-giant,3,3,1,0,,0.030020546,0.06963193,0,0,0,15,0.5586153,0.59186947,3,0.20128412,0.023436356,evaporite,0.1125,aquifer+aquitard+spring+runoff+karst,0.26891593,21.688937,0.47549779,24.557338,0.084568584,0.3357854,salt,0.054368322,0.0014933628,0.51851852,structural,0.60894572,alpine,9.1666129,leptosol,0.070077434,24,31.333333,752,9.8783739,1,0,10.111036,-0.44057997,farming,tropical-seasonal-forest,false,3,0.21211283,5,organized,flat,cyclic,"farmer,shaman,chief",,42,,0.52720932,,false,,24,0,solar,,5,,organized,,,cyclic,,,,true,,true,,7.4705882,,2.2352941,,1,0.55172414,,,,,1,,true,true,1,,1,1,,0.81818182,1,0.18181818,,true,,4,,6.0900164,0.10746274,3.2833241,0.091719154,6,0.31327434,0.65713263,45,2,2,1468452.5,2,5,0.060016237,true,true,,,true,,,,5,,,,0,,,,0,,,,,,,,0,,,,1,,204,,,49.210287,,9.8420574,,29.835811,,0.41922619,,21.652526,,0.27948413,,0.46666667,,0.4,,,,1,0.055851064,-0.031109536,7,3,false,
240,goblin-solo,yellow-white dwarf (F),false,18.255324,708.59513,931.57936,28.560354,0.96307252,1,false,3.4223921,28.914934,3,orange-giant,1,3,0,0,691.30588,0.12901701,0.049380702,385,242,0,27,0.58380938,0.52041295,5,0.028758361,0.043552561,evaporite,0.13374003,aquifer+aquitard+spring+runoff+karst,0.17409667,33.16463,0.26091037,25.074032,0.11473487,0.42562177,salt,0.057607007,0.00058657907,0.5,structural,0.5,ice,-28.889074,leptosol,0.0014077898,5,19.2,96,7.2253964,1,0,11.836739,-1.0607805,farming,taiga,true,3,0.32514078,6,organized,flat,cyclic,"farmer,shaman,chief",,35,,0.585,,true,,5,0,solar,,6,,organized,,,cyclic,,,,true,,true,,8.3529412,,2.7058824,,1,0,,,,,1,,true,true,1,,1,1,,1,1,0,,true,,4,,6.6172203,0.1558395,3.3918053,0.079293003,8,0.20278038,0.71378351,61,2,2,1433887,2,4,0.051806097,true,true,,,true,,,,2,,,,0,,,,0,,,,,,,,0,,,,1,,216,,,49.210287,,9.8420574,,29.835811,,0.41922619,,21.652526,,0.27948413,,0.46666667,,0.4,,,,1,0.36458333,-0.10105626,7,2,true,
241,goblin-solo,yellow-white dwarf (F),false,25.757499,592.64559,552.20788,13.620779,3.1909816,1,false,0.21284666,10.131689,4,orange-giant,7,4,3,0,555.67968,0.18534535,0.059579849,66,35,0,20,0.61193301,0.57630851,3,0.16476246,0.011547288,evaporite,0.12650981,aquifer+aquitard+spring+runoff+karst,0.11216658,27.217272,0.2358455,25.447688,0.1292149,0.42545294,salt,0.056477747,0.0029567187,0.53191489,structural,0.54255022,alpine,13.045111,leptosol,0.038814796,39,35.435897,1382,7.2770839,1,0,17.28555,-0.15787087,farming,tropical-seasonal-forest,false,3,0.30410166,6,organized,flat,cyclic,"farmer,shaman,chief",,42,,0.51727256,,false,,39,0,solar,,6,,organized,,,cyclic,,,,true,,true,,6.1372549,,2.1568627,,1,0.64444444,,,,,0.83333333,,true,true,2,,1,1,,0.94366197,1,0.056338028,,true,,4,,5.9026916,0.11757641,3.3452486,0.074386016,8,0.18482637,0.70484351,45,2,2,1317035.8,0,5,0.069359232,true,true,,,true,,,,3,,,,0,,,,0,,,,,,,,0,,,,1,,924,,,49.210287,,9.8420574,,29.835811,,0.41922619,,21.652526,,0.27948413,,0.46666667,,0.4,,,,1,0.031114327,-0.038105377,7,4,true,
242,goblin-solo,yellow-white dwarf (F),false,35.344664,599.14352,406.83495,19.071255,3.7233468,1,false,0.30221406,9.1249679,5,sun-like,15,5,4,0,584.20027,0.13318585,0.19763096,9,6,0,36,0.57128558,0.61112693,3,0.1422538,0.024486109,gneiss,0.10876374,aquifer+aquitard+spring+runoff+karst,0.06821935,31.180992,0.30601902,25.497569,0.13689425,0.35783839,salt,0.062277407,0.0016513866,0.24137931,structural,0.76474434,ice,-15.898562,leptosol,0.033824953,26,36.576923,951,25.799259,1,0,6.7363365,-0.15301052,farming,temperate-forest,false,3,0.22048858,6,organized,flat,cyclic,"farmer,shaman,chief",,41,,0.52728402,,false,,26,0,solar,,6,,organized,,,cyclic,,,,true,,true,,6.6842105,,2.6578947,,1,0.53125,,,,,1,,true,true,3,,1,1,,0.94117647,1,0.058823529,,true,,4,,6.4326756,0.15010223,2.9601331,0.098164152,7,0.36694949,0.7263385,46,2,2,1567943.4,1,7,0.07245273,true,true,,,true,,,,5,,,,24,,,,0,,,,1,,,,0,,,,1,,72,,,49.210287,,9.8420574,,29.835811,,0.41922619,,21.652526,,0.27948413,,0.46666667,,0.4,,,,1,0.044164038,0.0020816923,7,3,true,
243,goblin-solo,yellow-white dwarf (F),false,27.351071,814.95042,715.10217,19.613861,4.6097512,0,false,-0,,5,white-dwarf,11,5,2,0,,0.18787331,0.17800253,0,0,0,22,0.70216298,0.42590164,3,0.11164006,0.030857868,gneiss,0.1252459,aquifer+aquitard+spring+runoff+karst,0.24409836,31.109621,0.60336066,23.917308,0.13262295,0.44729508,salt,0.077170818,0.0031967213,0.8974359,structural,0.12813065,ice,-13.488806,leptosol,0.04295082,8,10.125,81,32.369425,1,0,13.34983,-0.31743599,farming,temperate-forest,false,3,0.25090164,2,organized,flat,cyclic,"farmer,shaman,chief",,10,,0.50087457,,false,,8,0,solar,,2,,organized,,,cyclic,,,,true,,true,,8.0833333,,2.6666667,,1,0.4,,,,,1,,true,true,2,,1,1,,0.94736842,1,0.052631579,,true,,4,,6.9288761,0.16750248,3.7040516,0.066793614,7,0.24352459,0.66126033,95,1,2,1036161.2,0,4,0.10189513,true,true,,,true,,,,4,,,,10,,,,0,,,,1,,,,0,,,,1,,24,,,49.210287,,9.8420574,,29.835811,,0.41922619,,21.652526,,0.27948413,,0.46666667,,0.4,,,,1,0.17283951,0.023890444,7,3,false,
244,goblin-solo,orange dwarf (K),false,22.672506,212.66102,225.1125,2.3856523,0.19131325,2,false,3.7932537,16.16396,2,sun-like,1,3,1,0,215.36072,0.055087433,0.011950437,85,54,0,33,0.69266637,0.5498451,3,0.12941263,0.052609736,evaporite,0.12884264,aquifer+aquitard+spring+runoff+karst,0.12876321,31.228507,0.46500913,25.087508,0.096433394,0.4118675,salt,0.069977332,0.0037334181,0.4893617,structural,0.564841,alpine,11.781939,leptosol,0.058384304,30,38.3,1149,7.8145786,1,0,21.601342,-0.083719854,farming,tropical-seasonal-forest,false,3,0.2688061,13,organized,flat,cyclic,"farmer,shaman,chief",,42,,0.50151769,,false,,30,0,solar,,13,,organized,,,cyclic,,,,true,,true,,10.017857,,2.8035714,,1,0.39534884,,,,,1,,true,true,2,,1,1,,1,1,0,,true,,4,,6.503432,0.13143917,3.2651649,0.073043308,9,0.23472873,0.78763762,43,2,1,1251546.4,0,3,0.078897336,true,true,,,true,,,,2,,,,2,,,,0,,,,1,,,,0,,,,1,,30,,,49.210287,,9.8420574,,29.835811,,0.41922619,,21.652526,,0.27948413,,0.44444444,,0.33333333,,,,1,0.036553525,-0.21953439,7,4,true,
245,goblin-solo,orange dwarf (K),false,31.531993,211.15178,160.71432,19.263144,0.0094147369,2,false,5.9826999,50.80772,3,sun-like,3,3,0,0,208.14006,0.048235787,0.000075777882,7742,3875,76,35,0.62719106,0.51915395,3,0.18482984,0.022435428,evaporite,0.11125663,aquifer+aquitard+spring+runoff+karst,0.23770545,25.425595,0.21092266,25.283332,0.17372798,0.40377186,salt,0.063258233,0.0028812782,0.56818182,structural,0.58124384,alpine,1.5342158,leptosol,0.06319167,37,35.513514,1314,23.326812,1,0,11.730434,-0.2032388,farming,tropical-seasonal-forest,false,3,0.29703359,11,organized,flat,cyclic,"farmer,shaman,chief",,41,,0.48409517,,false,,37,0,solar,,11,,organized,,,cyclic,,,,true,,true,,8.1525424,,2.8644068,,1,0.5625,,,,,1,,true,true,0,,1,1,,0.83870968,1,0.19354839,,true,,4,,6.4334506,0.12673893,3.2466181,0.075801963,8,0.37744745,0.64930563,58,2,2,1244599.6,0,5,0.10941088,true,true,,,true,,,,4,,,,7,,,,0,,,,1,,,,0,,,,1,,18,,,49.210287,,9.8420574,,29.835811,,0.41922619,,21.652526,,0.27948413,,0.46666667,,0.4,,,,1,0.03196347,-0.040642208,7,4,true,
246,goblin-solo,yellow dwarf (G),false,33.954438,376.02937,265.78867,27.013969,0.074794919,2,true,2.131042,35.774761,4,red-giant,6,5,2,1,368.52184,0.064748071,0.0057091065,1429,879,7,39,0.68534251,0.56040034,3,0.039646502,0.031614667,shale,0.088059586,aquifer+aquitard+spring+runoff+karst,0.15276592,38.421917,0.23547211,25.785065,0.12235239,0.36441927,salt,0.068256745,0.00015517108,0,structural,1,ice,-28.422232,leptosol,0.011327489,2,32,64,11.84709,1,0,8.7148448,-0.18057225,farming,taiga,false,3,0.21592055,15,organized,flat,cyclic,"farmer,shaman,chief",,30,,0.53239632,,false,,2,0,solar,,15,,organized,,,cyclic,,,,true,,true,,9.09375,,2.875,,1,0.29411765,,,,,1,,true,true,2,,1,1,,1,1,0,,true,,4,,7.2861837,0.14091996,2.6832582,0.095185782,10,0.29513539,0.76774221,47,2,2,1435153.7,0,5,0.064324156,true,true,,,true,,,,5,,,,3,,,,0,,,,1,,,,0,,,,1,,168,,,49.210287,,9.8420574,,29.835811,,0.41922619,,21.652526,,0.27948413,,0.44444444,,0.33333333,,,,1,0.53125,-0.19051623,7,2,true,
247,goblin-solo,yellow dwarf (G),false,31.029857,370.37185,286.46359,23.097123,0.24987403,2,false,5.6336217,35.826848,2,sun-like,2,3,0,0,363.04603,0.07649913,0.018420595,585,375,3,30,0.50163566,0.55990987,3,0.16818026,0.019383819,shale,0.093857157,aquifer+aquitard+spring+runoff+karst,0.15719604,26.910792,0.41907514,24.881763,0.095179779,0.42314098,salt,0.064510677,0.00083276183,0.64705882,numinous,0.35294118,ice,-13.331085,leptosol,0.036739493,6,37.5,225,28.259,1,0,6.6517772,-0.14921375,farming,temperate-forest,false,3,0.27549721,12,organized,flat,cyclic,"farmer,shaman,chief",,41,,0.511273,,false,,6,0,solar,,12,,organized,,,cyclic,,,,true,,true,,8.1666667,,2.6,,1,0.33333333,,,,,1,,true,true,3,,1,1,,1,1,0,,true,,4,,8.5481547,0.18532659,2.2989201,0.18734437,5,0.6632703,0.54863369,77,2,1,1502808.7,0,3,0.080838916,true,true,,,true,,,,2,,,,1,,,,0,,,,1,,,,0,,,,1,,144,,,49.210287,,9.8420574,,29.835811,,0.41922619,,21.652526,,0.27948413,,0.44444444,,0.33333333,,,,1,0.18666667,-0.12184376,7,2,true,
248,goblin-solo,orange dwarf (K),false,26.306176,188.34617,171.83448,13.275649,2.1799548,0,false,-0,,4,red-giant,15,5,4,0,,0.034521837,0.17726883,0,0,0,24,0.5954055,0.59331443,3,0.16227235,0.010644012,shale,0.10046461,aquifer+aquitard+spring+runoff+karst,0.069872684,29.350272,0.31243589,25.70454,0.12954806,0.38025704,salt,0.069295666,0.00072406927,0.5,structural,0.5,ice,-13.207279,leptosol,0.037229228,6,40.666667,244,29.973733,1,0,7.9003759,-0.013587669,farming,temperate-forest,false,3,0.24117541,1,organized,flat,cyclic,"farmer,shaman,chief",,40,,0.48916783,,false,,6,0,solar,,1,,organized,,,cyclic,,,,true,,true,,8.25,,2.625,,0.83333333,0.28571429,,,,,1,,true,true,1,,1,1,,1,1,0,,true,,4,,7.2409152,0.12355703,2.7262762,0.11444754,11,0.1877753,0.65463112,54,2,2,1490233,2,6,0.07879361,true,true,,,true,,,,2,,,,2,,,,0,,,,1,,,,0,,,,1,,624,,,49.210287,,9.8420574,,29.835811,,0.41922619,,21.652526,,0.27948413,,0.46666667,,0.4,,,,1,0.16803279,-0.082569213,7,2,false,
249,goblin-solo,yellow dwarf (G),false,19.146468,596.10333,747.21247,6.2658855,0.58315296,1,false,1.3200794,27.659342,3,red-giant,3,4,0,0,580.94862,0.10513835,0.035630318,359,223,0,30,0.67833602,0.50159381,5,0.036082223,0.029710463,shale,0.12704918,aquifer+aquitard+spring+runoff+karst,0.12864299,30.21834,0.33803886,25.837659,0.1335003,0.35147237,salt,0.062588217,0.0050091075,0.98484848,structural,0.43387907,ice,-30.544725,leptosol,0.006147541,27,11.62963,314,9.6453719,1,0,9.5183616,-0.35048726,fishing,kelp-forest,true,2,0.2123558,9,folk,flat,cyclic,"fisher,chief",,7,,0.09,,true,,27,0,solar,,9,,folk,,,cyclic,,,,true,,true,,7.1111111,,2.8666667,,1,0.30555556,,,,,1,,true,true,2,,1,1,,0.99305556,1,0.010416667,,true,,4,,6.7732696,0.11168117,3.1048143,0.075801963,11,0.19133273,0.78993376,50,2,2,1278855.7,0,5,0.068103783,true,true,,,true,,,,3,,,,7,,,,0,,,,1,,,,0,,,,1,,27,,,49.210287,,9.8420574,,29.835811,,0.41922619,,21.652526,,0.27948413,,0.46666667,,0.4,,,,1,0.057324841,-0.23335463,7,5,false,
250,goblin-solo,orange dwarf (K),false,29.066644,206.11063,170.18322,18.797679,0.88183951,1,false,1.1091109,8.1250151,2,red-dwarf,15,4,2,0,212.86454,0.05278062,0.064024047,31,14,0,15,0.6399834,0.5097986,3,0.15717006,0.02551145,evaporite,0.12131281,aquifer+aquitard+spring+runoff+karst,0.16376212,25.415445,0.33891639,25.256168,0.083203363,0.3852987,salt,0.055736683,0.0040686241,0.65,structural,0.54279162,alpine,10.869201,leptosol,0.054451753,40,32.625,1305,9.5403587,1,0,11.963088,-0.29082652,farming,tropical-seasonal-forest,false,3,0.28120974,7,organized,flat,cyclic,"farmer,shaman,chief",,41,,0.48350485,,false,,40,0,solar,,7,,organized,,,cyclic,,,,true,,true,,7.1666667,,2.6851852,,1,0.63829787,,,,,0.85714286,,true,true,2,,1,1,,0.91891892,1,0.081081081,,true,,4,,6.4262256,0.15794735,3.6084615,0.072408574,8,0.25320404,0.70942174,94,2,2,1224179.3,0,6,0.08708344,true,true,,,true,,,,4,,,,5,,,,0,,,,1,,,,0,,,,1,,132,,,49.210287,,9.8420574,,29.835811,,0.41922619,,21.652526,,0.27948413,,0.46666667,,0.4,,,,1,0.032183908,-0.091647901,7,5,true,
251,goblin-solo,yellow dwarf (G),false,17.907707,342.13896,458.53638,22.058952,0.43887436,2,false,7.0323444,57.372985,2,red-dwarf,8,6,2,0,337.85107,0.060320618,0.030326142,792,507,1,21,0.69791514,0.5038791,5,0.060006836,0.01879791,shale,0.12308065,aquifer+aquitard+spring+runoff+karst,0.1775497,28.831679,0.51996121,24.896613,0.092371101,0.38071763,salt,0.06787937,0.0016971068,0.42857143,structural,0.61005239,ice,-22.452444,leptosol,0.016890254,14,37.428571,524,16.466068,1,0,5.5041704,-0.049927329,farming,taiga,true,3,0.21488605,11,organized,flat,cyclic,"farmer,shaman,chief",,39,,0.52076285,,true,,14,0,solar,,11,,organized,,,cyclic,,,,true,,true,,10.666667,,3.0277778,,1,0.32,,,,,1,,true,true,2,,1,1,,0.77777778,1,0.27777778,,true,,4,,7.068459,0.13825243,2.9039084,0.087129535,11,0.22595765,0.76434372,50,2,2,1243745.3,0,7,0.092899824,true,true,,,true,,,,7,,,,3,,,,0,,,,1,,,,0,,,,1,,36,,,49.210287,,9.8420574,,29.835811,,0.41922619,,21.652526,,0.27948413,,0.44444444,,0.33333333,,,,1,0.074427481,-0.1650441,7,3,true,
252,goblin-solo,yellow-white dwarf (F),false,19.892569,621.93429,750.35169,14.37998,1.0853225,2,false,2.5968237,28.16941,2,red-giant,9,4,2,0,606.39294,0.12197788,0.083507166,467,296,2,24,0.51074166,0.56758645,5,0.096797031,0.017845808,shale,0.085824061,aquifer+aquitard+spring+runoff+karst,0.11795819,29.848556,0.14470336,26.545409,0.13247842,0.39304426,salt,0.052681336,0.0031934534,0.515625,structural,0.528025,ice,-24.312453,leptosol,0.026994661,42,28.904762,1214,14.724874,1,0,7.3884537,-0.34160043,farming,taiga,true,2,0.2549274,9,folk,flat,cyclic,"farmer,chief",,39,,0.38440304,,true,,42,0,solar,,9,,folk,,,cyclic,,,,true,,true,,7.4333333,,2.5666667,,0.45238095,0.49019608,,,,,1,,true,true,2,,1,1,,0.93650794,1,0.063492063,,true,,4,,7.8215045,0.15127063,2.2659474,0.18236414,5,0.53071204,0.70845947,54,3,2,1565998.6,0,5,0.068837933,true,true,,,true,,,,3,,,,14,,,,0,,,,1,,,,0,,,,1,,45,,,49.210287,,9.8420574,,29.835811,,0.41922619,,21.652526,,0.27948413,,0.46666667,,0.4,,,,1,0.032948929,-0.20193157,7,3,false,
253,goblin-solo,yellow-white dwarf (F),false,19.496037,962.95409,1185.4152,33.679081,0.34331102,3,false,0.98765373,43.086338,2,sun-like,2,3,0,0,946.97534,0.18900913,0.0091116686,317,200,3,22,0.71947171,0.44721956,5,0.041794834,0.013988575,gneiss,0.12940562,aquifer+aquitard+spring+runoff+karst,0.19040989,25.949303,0.4904708,24.390555,0.11086938,0.36341485,salt,0.066756409,0.0056566008,0.44615385,structural,0.58875009,ice,-27.921235,leptosol,0.010878078,48,27.916667,1340,13.301608,1,0,5.4820335,-0.28011376,farming,taiga,false,3,0.20154904,14,organized,flat,cyclic,"farmer,shaman,chief",,36,,0.51083542,,false,,48,0,solar,,14,,organized,,,cyclic,,,,true,,true,,9.8421053,,2.7763158,,1,0.53225806,,,,,1,,true,true,2,,1,1,,0.94117647,1,0.073529412,,true,,4,,6.529049,0.14505768,3.7615783,0.063595528,7,0.21677835,0.56761255,74,2,2,963116.1,1,5,0.095086444,true,true,,,true,,,,3,,,,0,,,,0,,,,,,,,0,,,,1,,144,,,49.210287,,9.8420574,,29.835811,,0.41922619,,21.652526,,0.27948413,,0.44444444,,0.33333333,,,,1,0.02761194,-0.15832845,7,4,true,
254,goblin-solo,yellow dwarf (G),false,23.862267,334.76974,336.70204,32.792481,1.185422,0,false,-0,,4,sun-like,4,5,2,0,,0.071542811,0.083832799,0,0,0,38,0.61393487,0.60768939,3,0.12941263,0.016893706,shale,0.068926268,aquifer+aquitard+spring+runoff+karst,0.084861515,37.00261,0.24851397,26.649529,0.12659669,0.38478563,salt,0.054659492,0.0025294043,0.35,structural,0.70288402,ice,-14.385483,leptosol,0.021879347,38,34.184211,1299,32.276047,1,0,9.0655383,-0.20068457,farming,temperate-forest,false,3,0.23997724,4,organized,flat,cyclic,"farmer,shaman,chief",,41,,0.53234715,,false,,38,0,solar,,4,,organized,,,cyclic,,,,true,,true,,8.4782609,,3,,0.36842105,0.16666667,,,,,1,,true,true,2,,1,1,,0.89473684,1,0.10526316,,true,,4,,6.6555966,0.13789319,2.7360293,0.097309702,10,0.24920956,0.77754607,33,2,1,1508768.3,0,5,0.082619803,true,true,,,true,,,,3,,,,10,,,,0,,,,1,,,,0,,,,1,,30,,,49.210287,,9.8420574,,29.835811,,0.41922619,,21.652526,,0.27948413,,0.46666667,,0.4,,,,1,0.031562741,-0.097215488,7,4,false,
255,goblin-solo,yellow dwarf (G),false,21.344978,405.90432,456.39323,18.609361,1.2745998,1,false,0.28265823,6.6010662,5,blue-giant,0,0,0,0,369.59079,0.077843383,0.096656814,100,70,0,31,0.66012402,0.50912225,3,0.10377911,0.024388458,shale,0.13101566,aquifer+aquitard+spring+runoff+karst,0.12397644,29.628907,0.303692,25.879241,0.11981037,0.31899152,salt,0.054107933,0.0027294929,0.60526316,structural,0.5776978,ice,-15.140057,leptosol,0.027438586,21,26,546,25.213045,1,0,7.8868969,-0.47474207,farming,temperate-forest,true,3,0.17770435,9,organized,flat,cyclic,"farmer,shaman,chief",,38,,0.58201751,,true,,21,0,solar,,9,,organized,,,cyclic,,,,true,,true,,9.2051282,,2.6666667,,1,0.26666667,,,,,1,,true,true,0,,1,1,,0.79310345,1,0.20689655,,true,,4,,7.5662588,0.12911235,3.0004144,0.083833797,11,0.30670881,0.74223474,67,2,2,1436845.6,1,4,0.049172287,true,true,,,true,,,,2,,,,0,,,,0,,,,,,,,0,,,,1,,18,,,49.210287,,9.8420574,,29.835811,,0.41922619,,21.652526,,0.27948413,,0.46666667,,0.4,,,,1,0.06959707,-0.20239801,7,4,false,
256,goblin-solo,yellow-white dwarf (F),false,21.222906,696.01183,787.08748,3.4777366,0.71291291,2,false,0.3015008,16.330295,5,blue-giant,7,3,1,0,667.18183,0.22953673,0.035213501,251,159,0,27,0.71739661,0.45749827,3,0.1177921,0.023436356,gneiss,0.15713545,aquifer+aquitard+spring+runoff+karst,0.095542502,33.614316,0.32437802,25.599859,0.13026952,0.26356254,salt,0.066504069,0.0012957844,0.53333333,structural,0.47084654,tropical-seasonal-forest,18.20824,leptosol,0.022028334,11,33.545455,369,6.3879321,1,0,14.089019,-0.43331559,farming,tropical-seasonal-forest,false,3,0.15359364,12,organized,flat,cyclic,"farmer,shaman,chief",,41,,0.44733229,,false,,11,0,solar,,12,,organized,,,cyclic,,,,true,,true,,8.7714286,,2.5714286,,1,0.56521739,,,,,0.83333333,,true,true,2,,1,1,,0.93333333,1,0.066666667,,true,,4,,6.998122,0.14028955,3.5399002,0.065450906,8,0.19030753,0.66769562,93,1,2,1075548.3,1,5,0.067108844,true,true,,,true,,,,4,,,,4,,,,0,,,,1,,,,0,,,,1,,1140,,,49.210287,,9.8420574,,29.835811,,0.41922619,,21.652526,,0.27948413,,0.44444444,,0.33333333,,,,1,0.11382114,-0.13156671,7,3,true,
257,goblin-solo,yellow-white dwarf (F),false,20.424907,705.10137,828.51946,16.434336,0.34329201,3,false,6.7718916,54.187785,5,red-dwarf,9,4,2,0,695.65691,0.14102644,0.026123855,2147,1288,91,39,0.51127875,0.60427594,3,0.08351643,0.015209218,shale,0.12098506,aquifer+aquitard+spring+runoff+karst,0.14611119,27.818902,0.40801239,25.472637,0.11738848,0.40591438,salt,0.063583928,0.00049952545,0.8,numinous,0.2,ice,-25.031629,leptosol,0.018182726,2,32.5,65,14.747681,1,0,9.2582501,-0.044394119,farming,temperate-forest,true,3,0.27204156,15,organized,flat,cyclic,"farmer,shaman,chief",,33,,0.585,,true,,2,0,solar,,15,,organized,,,cyclic,,,,true,,true,,7.09375,,2.3125,,1,0.41176471,,,,,0.93333333,,true,true,0,,1,1,,1,1,0,,true,,4,,7.0454584,0.1465586,2.6552552,0.12719106,5,0.42519606,0.68707332,57,2,1,1644808.4,0,6,0.085347911,true,true,,,true,,,,0,,,,0,,,,0,,,,,,,,0,,,,1,,1512,,,49.210287,,9.8420574,,29.835811,,0.41922619,,21.652526,,0.27948413,,0.44444444,,0.33333333,,,,1,0.50769231,-0.25011624,7,2,true,
258,goblin-solo,yellow dwarf (G),false,33.526342,283.9441,203.26281,12.073252,0.37550678,3,false,5.5529361,47.714605,4,sun-like,12,5,2,0,279.67922,0.075660424,0.027646878,1239,800,30,10,0.69977052,0.5127663,3,0.17211074,0.0123285,evaporite,0.16466092,aquifer+aquitard+spring+runoff+karst,0.11172548,31.26074,0.18100504,25.988872,0.14449504,0.36997886,salt,0.034691958,0.002439421,0.8,numinous,0.2,alpine,17.255192,leptosol,0.057651651,6,41.666667,250,4.6512924,1,0,17.190525,-0.013260223,farming,tropical-seasonal-forest,false,3,0.25931046,15,organized,flat,cyclic,"farmer,shaman,chief",,42,,0.52364926,,false,,6,0,solar,,15,,organized,,,cyclic,,,,true,,true,,7.1944444,,2.2777778,,0.66666667,0.47619048,,,,,0.93333333,,true,true,2,,1,1,,1,1,0,,true,,4,,6.7669022,0.16231337,3.5990167,0.06471852,7,0.30330135,0.69219276,82,2,2,1188790.8,0,4,0.072280956,true,true,,,true,,,,1,,,,3,,,,0,,,,1,,,,0,,,,1,,108,,,49.210287,,9.8420574,,29.835811,,0.41922619,,21.652526,,0.27948413,,0.44444444,,0.33333333,,,,1,0.168,-0.053356363,7,2,true,
259,goblin-solo,yellow-white dwarf (F),false,20.346186,836.56638,986.79884,8.6167375,1.207148,1,false,0.8600868,22.134595,4,blue-giant,4,4,2,0,810.55766,0.18605014,0.081000927,108,69,0,29,0.60209462,0.59647831,3,0.10368146,0.028367755,andesite,0.10976134,aquifer+aquitard+spring+runoff+karst,0.09902448,39.082983,0.090496349,25.999434,0.094975152,0.33695319,salt,0.059519082,0.00067488803,0.27272727,structural,0.7708032,ice,-19.901013,leptosol,0.021044236,10,38,380,22.418319,1,0,5.8752043,-0.12605161,farming,temperate-forest,false,3,0.23197742,5,organized,flat,cyclic,"farmer,shaman,chief",,40,,0.45317853,,false,,10,0,solar,,5,,organized,,,cyclic,,,,true,,true,,8.95,,2.75,,0.8,0.33333333,,,,,1,,true,true,1,,1,1,,1,1,0,,true,,4,,6.7400583,0.16670167,3.626239,0.071554123,7,0.32719799,0.73964263,115,1,2,1503761.3,0,7,0.094155853,true,true,,,true,,,,4,,,,1,,,,0,,,,1,,,,0,,,,1,,60,,,49.210287,,9.8420574,,29.835811,,0.41922619,,21.652526,,0.27948413,,0.46666667,,0.4,,,,1,0.11052632,-0.046208309,7,2,true,
260,goblin-solo,yellow-white dwarf (F),false,36.14282,718.10299,476.84359,26.078902,0.073452087,2,false,7.5452367,50.906024,3,sun-like,4,3,0,0,707.89272,0.18330081,0.005594487,954,592,2,18,0.58083101,0.58037274,3,0.18978565,0.0074703384,evaporite,0.13931275,aquifer+aquitard+spring+runoff+karst,0.1449039,21.036459,0.54205009,24.701572,0.10594059,0.40844496,salt,0.054077432,0.0025626092,0.43181818,structural,0.66143617,ice,-6.0995917,leptosol,0.050611532,37,31.324324,1159,36.276372,1,0,9.7580465,-0.37627094,farming,tropical-seasonal-forest,false,3,0.27594642,12,organized,flat,cyclic,"farmer,shaman,chief",,42,,0.51696278,,false,,37,0,solar,,12,,organized,,,cyclic,,,,true,,true,,6.1967213,,2.2295082,,0.91891892,0.55102041,,,,,1,,true,true,2,,1,1,,0.96923077,1,0.030769231,,true,,4,,6.031754,0.11051797,3.0152782,0.091523851,8,0.32923704,0.78618394,36,2,2,1346171.4,0,4,0.065130024,true,true,,,true,,,,3,,,,5,,,,0,,,,1,,,,0,,,,1,,120,,,49.210287,,9.8420574,,29.835811,,0.41922619,,21.652526,,0.27948413,,0.44444444,,0.33333333,,,,1,0.036238136,-0.012272101,7,3,true,
261,goblin-solo,yellow dwarf (G),false,17.605343,599.43184,817.15897,18.382146,0.83984519,2,false,2.3380231,21.918128,2,sun-like,12,4,4,0,580.50017,0.10518149,0.056944382,489,308,6,14,0.59733411,0.53880199,5,0.038450271,0.011474049,shale,0.10925185,aquifer+aquitard+spring+runoff+karst,0.11937674,20.827379,0.26045835,25.474329,0.10161271,0.3785619,salt,0.05908805,0.00090942161,0.6,structural,0.47099522,ice,-29.617703,leptosol,0.0070934885,8,35.25,282,9.0504491,1,0,3.9675907,-0.015926396,farming,taiga,false,3,0.2448163,14,organized,flat,cyclic,"farmer,shaman,chief",,35,,0.46280201,,false,,8,0,solar,,14,,organized,,,cyclic,,,,true,,true,,10.444444,,2.9166667,,1,0.40909091,,,,,0.92857143,,true,true,1,,1,1,,0.8,1,0.2,,true,,4,,7.544116,0.15676652,2.5377547,0.12472536,7,0.39026313,0.71163169,48,2,2,1353664.1,0,4,0.070793961,true,true,,,true,,,,4,,,,0,,,,0,,,,,,,,0,,,,1,,1344,,,49.210287,,9.8420574,,29.835811,,0.41922619,,21.652526,,0.27948413,,0.44444444,,0.33333333,,,,1,0.12765957,-0.35723188,7,2,true,
262,goblin-solo,orange dwarf (K),false,33.408362,289.01489,207.62339,21.705698,0.16968442,1,false,1.4562604,8.1145459,4,orange-giant,12,6,2,0,298.31033,0.05716828,0.0084575627,20,11,0,35,0.6638836,0.5275276,3,0.13688296,0.029222206,sandstone,0.11882626,aquifer+aquitard+spring+runoff+karst,0.060647879,32.971156,0.12253051,26.283472,0.11272516,0.32837013,salt,0.074207591,0.00094421848,0.38461538,structural,0.61538462,ice,-12.289665,leptosol,0.035952934,8,39.875,319,30.089346,1,0,12.955437,-0.050958541,farming,temperate-forest,false,3,0.18477629,8,organized,flat,cyclic,"farmer,shaman,chief",,42,,0.53202418,,false,,8,0,solar,,8,,organized,,,cyclic,,,,true,,true,,7.875,,2.4166667,,0.75,0,,,,,1,,true,true,2,,1,1,,1,1,0,,true,,4,,7.3079357,0.14992058,3.3387391,0.075362531,8,0.33439861,0.61496021,73,2,2,1366607.1,1,7,0.072351334,true,true,,,true,,,,4,,,,6,,,,0,,,,1,,,,0,,,,1,,324,,,49.210287,,9.8420574,,29.835811,,0.41922619,,21.652526,,0.27948413,,0.46666667,,0.4,,,,1,0.13166144,-0.094817956,7,2,true,
263,goblin-solo,orange dwarf (K),false,26.277153,218.50514,199.5697,5.4486296,0.036392046,2,false,2.1677202,19.415576,3,red-giant,10,4,3,0,210.76248,0.044894318,0.0018275839,3512,3414,86,20,0.66893706,0.54833714,3,0.19608418,0.01845613,shale,0.12727675,aquifer+aquitard+spring+runoff+karst,0.12093503,25.323098,0.48012683,25.005105,0.096379323,0.35926554,salt,0.051685907,0.00095863137,0.84615385,numinous,0.15384615,ice,-2.5177006,leptosol,0.07079124,2,42,84,31.450255,1,0,2.2194307,0,farming,tropical-seasonal-forest,false,3,0.20138633,10,organized,flat,cyclic,"farmer,shaman,chief",,42,,0.54,,false,,2,0,solar,,10,,organized,,,cyclic,,,,true,,true,,7.6363636,,2.6818182,,1,0.33333333,,,,,1,,true,true,2,,1,1,,1,1,0,,true,,4,,7.0989483,0.10880295,2.6127428,0.10287584,10,0.2076543,0.75313461,48,2,2,1294967.1,0,6,0.086965594,true,true,,,true,,,,1,,,,0,,,,0,,,,,,,,0,,,,1,,192,,,49.210287,,9.8420574,,29.835811,,0.41922619,,21.652526,,0.27948413,,0.46666667,,0.4,,,,1,0.5,0.09316665,7,2,false,
264,goblin-solo,yellow dwarf (G),false,20.166061,310.55228,369.59398,23.102314,0.65685722,2,false,6.4409327,13.167217,2,orange-giant,11,4,1,0,295.02457,0.075932267,0.045451757,293,188,0,33,0.74244422,0.55203791,3,0.1411308,0.03061374,gneiss,0.095829384,aquifer+aquitard+spring+runoff+karst,0.093649289,46.783167,0.18947867,26.010904,0.12872038,0.32559242,salt,0.071754596,0.0026540284,0.25,structural,0.73801177,alpine,3.1535587,leptosol,0.050521327,28,30.785714,862,25.290705,1,0,5.4356051,-0.34197419,farming,tropical-seasonal-forest,true,3,0.15895735,11,organized,flat,cyclic,"farmer,shaman,chief",,41,,0.45756099,,true,,28,0,solar,,11,,organized,,,cyclic,,,,true,,true,,9.64,,2.64,,1,0.46153846,,,,,1,,true,true,2,,1,1,,0.9,1,0.1,,true,,4,,6.7296232,0.14913275,2.9139127,0.073897759,10,0.20350711,0.69770948,57,2,1,1267272.8,0,5,0.093933341,true,true,,,true,,,,3,,,,0,,,,0,,,,,,,,0,,,,1,,60,,,49.210287,,9.8420574,,29.835811,,0.41922619,,21.652526,,0.27948413,,0.44444444,,0.33333333,,,,1,0.047563805,-0.068499778,7,3,true,
265,goblin-solo,orange dwarf (K),false,19.9098,205.60076,247.83865,26.605603,0.1632899,1,false,6.4278069,12.005002,4,red-giant,10,5,1,0,194.42798,0.040343648,0.0082051663,528,330,0,14,0.54277135,0.59581398,5,0.14276647,0.0051511157,evaporite,0.10219446,aquifer+aquitard+spring+runoff+karst,0.20599071,22.655068,0.097656041,25.755762,0.11068397,0.40189012,salt,0.049577321,0.0001601794,0,structural,1,ice,-10.498445,leptosol,0.034598751,3,41.666667,125,24.387201,1,0,9.5819098,-0.019572581,farming,temperate-forest,false,3,0.27337284,9,organized,flat,cyclic,"farmer,shaman,chief",,42,,0.515053,,false,,3,0,solar,,9,,organized,,,cyclic,,,,true,,true,,10.142857,,3.047619,,1,0,,,,,1,,true,true,1,,1,1,,1,1,0,,true,,4,,6.4129643,0.12119075,2.8106615,0.10485328,6,0.75914357,0.52064283,25,2,1,1512814.8,0,4,0.059562146,true,true,,,true,,,,4,,,,8,,,,0,,,,1,,,,0,,,,1,,108,,,49.210287,,9.8420574,,29.835811,,0.41922619,,21.652526,,0.27948413,,0.46666667,,0.4,,,,1,0.336,-0.17120442,7,2,true,
266,goblin-solo,yellow dwarf (G),true,,473.65149,,12.55541,1.9434804,1,false,0.036114457,6.3826779,5,blue-giant,0,0,0,0,481.4249,0.094158582,,8,5,0,23,0.52507202,0.62778863,locked,0.13793272,0.028538646,evaporite,0.1164285,aquifer+aquitard+spring+runoff+karst,0.13621877,24.557221,0.43291868,25.077276,0.092320345,0.45682122,salt,0.053618142,0.00066824303,0.30769231,structural,0.72601214,ice,-25.825087,leptosol,0.043332991,10,40.8,408,0.759329,1,0,69.168055,-0.031850981,farming,temperate-forest,true,3,0.34270587,3,organized,flat,eternal,"farmer,shaman,chief",,41,,0.66746229,,true,,10,0,solar,,3,,organized,,,eternal,,,,true,,true,,9.25,,2.75,,1,0.15384615,,,,,0.66666667,,true,true,2,,1,1,,1,1,0,,true,,4,,5.9850427,0.12815289,3.0320627,0.096406425,8,0.28616223,0.65042468,40,2,1,1466604,0,7,0.068851696,true,true,,,true,,,,4,,,,1,,,,0,,,,1,,,,0,,,,1,,720,,,49.210287,,9.8420574,,29.835811,,0.41922619,,21.652526,,0.27948413,,0.5,,0.5,,,,1,0.10294118,0.38098074,7,4,true,
267,goblin-solo,yellow dwarf (G),false,21.658321,472.82379,523.94508,30.453136,1.7647519,0,false,-0,,5,red-dwarf,3,5,0,0,,0.082781496,0.1287154,0,0,0,23,0.57013818,0.57263744,3,0.059982423,0.024876715,evaporite,0.12233076,aquifer+aquitard+spring+runoff+karst,0.13499546,29.583177,0.29526352,25.377613,0.11585643,0.42179691,salt,0.073278207,0.00096547024,0.76470588,structural,0.28446725,ice,-29.277907,leptosol,0.010904134,13,24.153846,314,12.464418,1,0,6.810211,-0.19187635,farming,taiga,false,3,0.27646524,3,organized,flat,cyclic,"farmer,shaman,chief",,23,,0.51387641,,false,,13,0,solar,,3,,organized,,,cyclic,,,,true,,true,,7.5789474,,2.7894737,,1,0.625,,,,,0.66666667,,true,true,2,,1,1,,1,1,0,,true,,4,,6.7092594,0.1317976,3.0398055,0.097944436,9,0.42679464,0.7521287,49,2,1,1595117.3,0,6,0.059840239,true,true,,,true,,,,2,,,,1,,,,0,,,,1,,,,0,,,,1,,36,,,49.210287,,9.8420574,,29.835811,,0.41922619,,21.652526,,0.27948413,,0.46666667,,0.4,,,,1,0.098726115,-0.25074596,7,3,false,
268,goblin-solo,yellow-white dwarf (F),false,36.411422,704.18069,464.14931,11.787187,0.75933041,2,false,4.5753262,48.007529,5,sun-like,1,3,0,0,693.62485,0.20066949,0.066257193,537,341,0,17,0.59171915,0.57528103,3,0.20208974,0.0068844295,shale,0.10093279,aquifer+aquitard+spring+runoff+karst,0.18004066,25.638932,0.36528343,25.923629,0.12353504,0.37778044,salt,0.051593729,0.0017340349,0.55172414,structural,0.54010058,alpine,3.6929208,leptosol,0.046221,22,36.863636,811,13.975422,1,0,17.59223,-0.14120434,farming,tropical-seasonal-forest,false,3,0.25382684,9,organized,flat,cyclic,"farmer,shaman,chief",,41,,0.53887397,,false,,22,0,solar,,9,,organized,,,cyclic,,,,true,,true,,6.975,,1.975,,0.95454545,0.61290323,,,,,1,,true,true,2,,1,1,,1,1,0,,true,,4,,6.9240127,0.14510248,2.6505503,0.11481373,7,0.24318345,0.71136807,37,2,2,1484192,1,4,0.07550674,true,true,,,true,,,,2,,,,4,,,,0,,,,1,,,,0,,,,1,,1056,,,49.210287,,9.8420574,,29.835811,,0.41922619,,21.652526,,0.27948413,,0.44444444,,0.33333333,,,,1,0.051787916,0.028371875,7,4,true,
269,goblin-solo,yellow-white dwarf (F),false,19.849347,563.65229,681.51638,31.688013,3.4668478,1,false,0.10283579,6.9939146,3,blue-giant,1,3,1,0,515.30625,0.11865943,0.17240976,453,453,0,39,0.65873248,0.4897346,5,0.09704116,0.026976222,gneiss,0.12232635,aquifer+aquitard+spring+runoff+karst,0.18377566,31.458048,0.34315759,24.655777,0.12461549,0.378854,salt,0.076150834,0.0033621861,0.70212766,structural,0.55373702,ice,-14.217607,leptosol,0.029472781,39,30.205128,1178,20.894663,1,0,6.7024701,-0.32943531,farming,temperate-forest,false,3,0.25931755,7,organized,flat,cyclic,"farmer,shaman,chief",,41,,0.42479141,,false,,39,0,solar,,7,,organized,,,cyclic,,,,true,,true,,6.754717,,2.4339623,,1,0.41304348,,,,,0.85714286,,true,true,2,,1,1,,0.87341772,1,0.12658228,,true,,4,,6.7373063,0.14052112,3.4665297,0.072848005,7,0.27090636,0.69358092,69,2,2,1190321,1,5,0.081387066,true,true,,,true,,,,2,,,,44,,,,0,,,,1,,,,0,,,,1,,36,,,49.210287,,9.8420574,,29.835811,,0.41922619,,21.652526,,0.27948413,,0.46666667,,0.4,,,,1,0.034804754,-0.027727248,7,5,false,
270,goblin-solo,yellow dwarf (G),false,31.305238,381.14753,292.20479,15.089806,0.68881355,0,false,-0,,2,orange-giant,7,4,1,0,,0.11008584,0.052853373,0,0,0,15,0.69894048,0.45645475,3,0.15282457,0.024827889,andesite,0.087982485,aquifer+aquitard+spring+runoff+karst,0.071196886,40.966995,0.088955563,26.010401,0.088550114,0.26240675,salt,0.064377252,0.0001621797,0,structural,1,tropical-seasonal-forest,15.520035,leptosol,0.057249432,2,42,84,9.3562057,1,0,11.239749,0,farming,tropical-seasonal-forest,false,3,0.16518002,2,organized,flat,cyclic,"farmer,shaman,chief",,42,,0.49972502,,false,,2,0,solar,,2,,organized,,,cyclic,,,,true,,true,,8.5,,2.8333333,,1,0,,,,,0.5,,true,true,1,,1,1,,1,1,0,,true,,4,,7.382268,0.23570732,4.0596597,0.063302573,8,0.22469997,0.71294696,161,1,2,1040590.1,0,4,0.068414966,true,true,,,true,,,,4,,,,4,,,,0,,,,1,,,,0,,,,1,,240,,,49.210287,,9.8420574,,29.835811,,0.41922619,,21.652526,,0.27948413,,0.46666667,,0.4,,,,1,0.5,-0.19120031,7,2,false,
271,goblin-solo,yellow-white dwarf (F),false,29.543471,980.58918,796.59361,14.724622,4.5705923,1,false,0.086619201,12.15752,4,blue-giant,16,7,3,0,942.45959,0.18410924,0.3424892,8,6,0,33,0.65299546,0.50316589,3,0.030491675,0.022362189,shale,0.13908822,aquifer+aquitard+spring+runoff+karst,0.11678627,29.652233,0.36893204,24.828579,0.14978191,0.32278036,salt,0.071973069,0.0011256508,1,numinous,0.10587419,ice,-30.678454,leptosol,0.0021105952,2,34,68,8.1295829,1,0,6.6300932,-0.084888898,farming,taiga,true,3,0.1828479,5,organized,flat,cyclic,"farmer,shaman,chief",,35,,0.42401985,,true,,2,0,solar,,5,,organized,,,cyclic,,,,true,,true,,8.3333333,,3.0833333,,1,0,,,,,1,,true,true,2,,1,1,,1,1,0,,true,,4,,6.9208493,0.10534151,2.965855,0.086787755,9,0.1829886,0.82366362,42,2,1,1397022.5,0,5,0.094783355,true,true,,,true,,,,2,,,,3,,,,0,,,,1,,,,0,,,,1,,288,,,49.210287,,9.8420574,,29.835811,,0.41922619,,21.652526,,0.27948413,,0.46666667,,0.4,,,,1,0.51470588,-0.23201986,7,2,true,
272,goblin-solo,orange dwarf (K),false,19.30101,129.29792,160.77656,3.5255888,0.57000357,2,false,7.3656213,19.203201,2,red-dwarf,6,5,2,0,124.68022,0.028407913,0.028457132,4033,2234,250,35,0.64279088,0.59697922,5,0.15821981,0.017504028,gneiss,0.12766539,aquifer+aquitard+spring+runoff+karst,0.14256424,30.099788,0.31738655,24.997515,0.11010115,0.30358119,salt,0.064245696,0.00027337343,0.25,structural,0.75,alpine,6.3531298,leptosol,0.060210498,3,41,123,13.130046,1,0,5.7847783,0,farming,tropical-seasonal-forest,false,3,0.18657736,11,organized,flat,cyclic,"farmer,shaman,chief",,41,,0.47040476,,false,,3,0,solar,,11,,organized,,,cyclic,,,,true,,true,,6.84,,2.04,,1,0.42857143,,,,,0.90909091,,true,true,1,,1,1,,1,1,0,,true,,4,,6.5835827,0.14409335,3.1750945,0.081294859,6,0.26209677,0.81440917,46,2,1,1411237.1,0,5,0.074057334,true,true,,,true,,,,2,,,,0,,,,0,,,,,,,,0,,,,1,,210,,,49.210287,,9.8420574,,29.835811,,0.41922619,,21.652526,,0.27948413,,0.44444444,,0.33333333,,,,1,0.33333333,-0.069320664,7,2,false,
273,goblin-solo,orange dwarf (K),false,36.327713,195.69178,129.28429,22.723165,0.80485923,1,false,4.337085,19.403738,5,blue-giant,1,4,0,0,188.7562,0.031241866,0.017995181,3621,1786,0,34,0.73038426,0.5249004,3,0.050510229,0.03852351,evaporite,0.11110105,aquifer+aquitard+spring+runoff+karst,0.15782325,36.947975,0.30315103,26.041724,0.13690692,0.3727816,salt,0.060395509,0.00054328142,1,structural,0.10294555,ice,-22.361869,leptosol,0.016207896,3,5.3333333,16,17.366867,1,0,5.4702632,-0.86966806,farming,temperate-forest,true,3,0.23161898,8,organized,flat,cyclic,"farmer,shaman,chief",,8,,0.63,,true,,3,0,solar,,8,,organized,,,cyclic,,,,true,,true,,10,,2.7894737,,1,0.45454545,,,,,0.875,,true,true,1,,1,1,,1,1,0,,true,,4,,6.8543539,0.10896024,3.2313605,0.066769201,9,0.23940601,0.759819,60,2,2,1188619.1,0,5,0.066368523,true,true,,,true,,,,2,,,,0,,,,0,,,,,,,,0,,,,1,,1872,,,49.210287,,9.8420574,,29.835811,,0.41922619,,21.652526,,0.27948413,,0.46666667,,0.4,,,,1,0.5,-0.23466543,7,2,false,
274,goblin-solo,yellow-white dwarf (F),false,30.161712,447.48408,356.06792,11.116717,0.013686899,2,true,3.609287,16.603153,5,red-giant,17,5,4,1,429.45651,0.11807981,0.00035167092,272,175,0,40,0.5887652,0.56206589,3,0.2217421,0.014183878,evaporite,0.098070644,aquifer+aquitard+spring+runoff+karst,0.10513505,27.843424,0.2455328,26.183769,0.11647373,0.36948649,salt,0.060150292,0.00059364797,0.4,structural,0.6,alpine,2.574878,leptosol,0.059958445,6,40.833333,245,17.563759,1,0,19.181874,-0.057733634,farming,temperate-forest,false,3,0.24951024,10,organized,flat,cyclic,"farmer,shaman,chief",,42,,0.53623431,,false,,6,0,solar,,10,,organized,,,cyclic,,,,true,,true,,5.4615385,,2.2307692,,1,0.5,,,,,1,,true,true,0,,1,1,,1,1,0,,true,,4,,6.8394907,0.12041736,3.0855472,0.087910747,9,0.55393292,0.79826547,53,2,2,1496888.4,2,4,0.090865957,true,true,,,true,,,,1,,,,3,,,,0,,,,1,,,,0,,,,1,,168,,,49.210287,,9.8420574,,29.835811,,0.41922619,,21.652526,,0.27948413,,0.46666667,,0.4,,,,1,0.17142857,0.053371948,7,3,true,
275,goblin-solo,yellow dwarf (G),false,28.833364,363.57454,302.6282,20.947647,1.2579853,1,false,2.5259282,21.787241,5,sun-like,9,6,3,0,351.99556,0.073192979,0.011511038,1422,803,0,30,0.71629803,0.46915068,3,0.12008691,0.033689761,shale,0.15773169,aquifer+aquitard+spring+runoff+karst,0.17476981,32.031695,0.50374322,24.383465,0.1506755,0.36158678,salt,0.07284477,0.0006023578,0.42857143,structural,0.57142857,ice,-10.453887,leptosol,0.049565442,4,40.5,162,30.986612,1,0,13.010578,-0.020403485,farming,temperate-forest,false,3,0.2585836,8,organized,flat,cyclic,"farmer,shaman,chief",,40,,0.40825077,,false,,4,0,solar,,8,,organized,,,cyclic,,,,true,,true,,7.4,,2.6,,1,0,,,,,1,,true,true,2,,1,1,,1,1,0,,true,,4,,6.2305334,0.13343028,3.3457952,0.068014257,8,0.25978831,0.74112755,36,2,2,1070115.9,1,6,0.13689156,true,true,,,true,,,,5,,,,5,,,,0,,,,1,,,,0,,,,1,,96,,,49.210287,,9.8420574,,29.835811,,0.41922619,,21.652526,,0.27948413,,0.46666667,,0.4,,,,1,0.25308642,-0.10286309,7,2,true,
276,goblin-solo,yellow-white dwarf (F),false,17.328637,680.58539,942.6044,25.715516,0.15426786,1,false,0.97032923,17.2753,4,blue-giant,5,4,0,0,687.05914,0.20139632,0.0067653241,14,10,0,30,0.66415214,0.53529112,5,0.1517504,0.034080367,shale,0.098713382,aquifer+aquitard+spring+runoff+karst,0.15773788,28.260053,0.41869594,25.173931,0.12117467,0.33873664,salt,0.059934581,0.0014538053,0.9,numinous,0.2178138,alpine,7.7192991,leptosol,0.045067965,5,41.2,206,3.6197948,1,0,15.734032,-0.028190643,farming,tropical-seasonal-forest,false,3,0.20280584,7,organized,flat,cyclic,"farmer,shaman,chief",,41,,0.46849666,,false,,5,0,solar,,7,,organized,,,cyclic,,,,true,,true,,8.6842105,,2.8421053,,1,0.16666667,,,,,0.85714286,,true,true,2,,1,1,,0.55555556,1,0.44444444,,true,,4,,7.233399,0.14541192,2.816936,0.096235535,11,0.19379225,0.66632,44,2,2,1256181,0,4,0.078553194,true,true,,,true,,,,5,,,,2,,,,0,,,,1,,,,0,,,,1,,312,,,49.210287,,9.8420574,,29.835811,,0.41922619,,21.652526,,0.27948413,,0.46666667,,0.4,,,,1,0.2038835,-0.069588118,7,3,false,
277,goblin-solo,yellow-white dwarf (F),false,37.105628,530.81119,343.32982,6.6910463,3.9565568,0,false,-0,,2,red-dwarf,1,4,1,0,,0.12471594,0.2367589,0,0,0,37,0.53752258,0.55083404,3,0.19945315,0.040159172,shale,0.088154561,aquifer+aquitard+spring+runoff+karst,0.20185811,32.720779,0.38766892,25.023149,0.061127534,0.36898226,salt,0.060370683,0.0021642736,0.53658537,structural,0.52085944,ice,-9.6388397,leptosol,0.035736909,36,29.361111,1057,33.737122,1,0,20.325196,-0.41612088,farming,temperate-forest,false,3,0.2323163,3,organized,flat,cyclic,"farmer,shaman,chief",,42,,0.52381999,,false,,36,0,solar,,3,,organized,,,cyclic,,,,true,,true,,7.6190476,,2.452381,,0.88888889,0.43589744,,,,,1,,true,true,2,,1,1,,0.87804878,1,0.12195122,,true,,4,,8.6331366,0.1794223,2.4184417,0.15323959,10,0.2183277,0.77023266,81,2,1,1740651.5,1,5,0.079529717,true,true,,,true,,,,7,,,,19,,,,0,,,,1,,,,0,,,,1,,384,,,49.210287,,9.8420574,,29.835811,,0.41922619,,21.652526,,0.27948413,,0.46666667,,0.4,,,,1,0.039735099,-0.038469053,7,4,false,
278,goblin-solo,orange dwarf (K),false,33.584828,159.76314,114.16808,31.464114,0.39169974,2,false,7.7004104,15.891976,2,red-dwarf,12,9,3,0,152.9948,0.02915944,0.0050143192,1236,776,23,30,0.56227723,0.58148355,3,0.15753625,0.047409794,shale,0.08382599,aquifer+aquitard+spring+runoff+karst,0.11834914,34.606054,0.27585053,25.410605,0.11807027,0.38204127,salt,0.071079326,0.0010596765,0.73684211,structural,0.32473023,ice,-13.224451,leptosol,0.030284439,13,23.615385,307,31.819556,1,0,12.227178,-0.32403443,farming,temperate-forest,false,3,0.22141662,11,organized,flat,cyclic,"farmer,shaman,chief",,13,,0.52410309,,false,,13,0,solar,,11,,organized,,,cyclic,,,,true,,true,,8.9714286,,3.6857143,,1,0.20833333,,,,,1,,true,true,0,,1,1,,0.92307692,1,0.076923077,,true,,4,,8.3857785,0.17446047,2.6705553,0.12421268,6,0.50128277,0.69607929,69,2,1.5,1763231.3,0,6,0.066051606,true,true,,,true,,,,1,,,,0,,,,0,,,,,,,,0,,,,1,,15,,,49.210287,,9.8420574,,29.835811,,0.41922619,,21.652526,,0.27948413,,0.46666667,,0.4,,,,1,0.10423453,-0.16346093,7,3,true,
279,goblin-solo,yellow dwarf (G),false,25.131053,262.10722,250.31077,15.866567,0.71295346,2,false,5.6785493,20.609789,4,red-giant,2,5,0,0,253.31825,0.072405165,0.037686726,2899,1579,9,33,0.51376886,0.61746247,3,0.21454031,0.008300376,evaporite,0.094492142,aquifer+aquitard+spring+runoff+karst,0.13295175,23.800631,0.19581262,25.940718,0.12466737,0.40533213,salt,0.050478192,0.001656876,0.90909091,numinous,0.17222651,alpine,15.117913,leptosol,0.055028368,6,39.833333,239,6.2237549,1,0,25.896102,-0.094942642,farming,tropical-seasonal-forest,false,3,0.27172767,10,organized,flat,cyclic,"farmer,shaman,chief",,42,,0.51048452,,false,,6,0,solar,,10,,organized,,,cyclic,,,,true,,true,,6.6923077,,2.5,,0.83333333,0.5625,,,,,1,,true,true,1,,1,1,,1,1,0,,true,,4,,6.8194605,0.12447708,2.913174,0.10900347,6,0.37229502,0.7531696,40,2,2,1632136.9,0,3,0.049272299,true,true,,,true,,,,2,,,,1,,,,0,,,,1,,,,0,,,,1,,228,,,49.210287,,9.8420574,,29.835811,,0.41922619,,21.652526,,0.27948413,,0.44444444,,0.33333333,,,,1,0.17573222,-0.050812302,7,3,false,
280,goblin-solo,yellow dwarf (G),false,32.841753,448.88174,328.03248,11.816146,3.1714225,2,false,0.43398839,18.786283,4,sun-like,1,4,0,0,432.68398,0.082737354,0.23408655,232,147,0,16,0.51545335,0.60696292,3,0.081099556,0.0066158879,evaporite,0.10419186,aquifer+aquitard+spring+runoff+karst,0.20974405,19.823923,0.5035268,25.120673,0.096231358,0.3753023,salt,0.051243358,0.0018641677,0.54054054,structural,0.62545481,ice,-26.349482,leptosol,0.017785167,26,21.423077,557,15.619921,1,0,8.9466264,-0.36306763,farming,taiga,false,3,0.22254131,12,organized,flat,cyclic,"farmer,shaman,chief",,33,,0.46969284,,false,,26,0,solar,,12,,organized,,,cyclic,,,,true,,true,,7.42,,2.78,,1,0.47368421,,,,,1,,true,true,1,,1,1,,0.95238095,1,0.047619048,,true,,4,,6.4847425,0.10233662,2.8620217,0.11290953,4,0.69538493,0.79189859,26,2,2,1694341.6,1,6,0.067966373,true,true,,,true,,,,2,,,,18,,,,0,,,,1,,,,0,,,,1,,396,,,49.210287,,9.8420574,,29.835811,,0.41922619,,21.652526,,0.27948413,,0.44444444,,0.33333333,,,,1,0.061041293,-0.2142483,7,4,true,
281,goblin-solo,yellow-white dwarf (F),false,31.577453,526.07919,399.83911,12.470204,0.37287503,3,false,4.4509774,67.105017,4,red-dwarf,4,4,1,0,520.3489,0.13989248,0.016880209,4965,4853,138,39,0.53625311,0.57217309,3,0.26756506,0.02160539,shale,0.12481575,aquifer+aquitard+spring+runoff+karst,0.12886924,29.221089,0.52400505,24.662064,0.17166772,0.45909665,salt,0.059913243,0.0042114129,0.6625,structural,0.40456904,ice,1.1992618,leptosol,0.071225521,40,32.175,1287,29.637033,1,0,21.546987,-0.33068072,farming,tropical-seasonal-forest,false,3,0.33922931,16,organized,flat,cyclic,"farmer,shaman,chief",,41,,0.53545513,,false,,40,0,solar,,16,,organized,,,cyclic,,,,true,,true,,11.041667,,3.0277778,,1,0.51785714,,,,,0.9375,,true,true,1,,1,1,,0.97222222,1,0.041666667,,true,,4,,7.4146589,0.1324488,2.6858389,0.12648308,12,0.25194778,0.60182483,58,2,1,1500452,2,5,0.10706162,true,true,,,true,,,,6,,,,11,,,,0,,,,1,,,,0,,,,1,,24,,,49.210287,,9.8420574,,29.835811,,0.41922619,,21.652526,,0.27948413,,0.44444444,,0.33333333,,,,1,0.032634033,0.070695607,7,4,false,
282,goblin-solo,yellow-white dwarf (F),true,,606.22052,,19.350962,0.57147016,1,false,0.3459875,10.87268,2,sun-like,1,3,0,0,570.20088,0.18026185,,655,656,0,17,0.66815585,0.44125653,locked,0.057174943,0.012059958,andesite,0.16618848,aquifer+aquitard+spring+runoff+karst,0.2535864,23.557684,0.56874862,24.053032,0.079746929,0.2931656,salt,0.069069196,0.0019863165,0.59259259,numinous,0.40740741,ice,-21.00349,leptosol,0.017067608,11,41.454545,456,0.43317697,1,0,57.596443,-0.013750899,farming,tropical-seasonal-forest,false,3,0.1888472,3,organized,flat,eternal,"farmer,shaman,chief",,41,,0.47688162,,false,,11,0,solar,,3,,organized,,,eternal,,,,true,,true,,5.8235294,,2.5294118,,1,0.28571429,,,,,0.66666667,,true,true,3,,1,1,,1,1,0,,true,,4,,6.1536997,0.11037756,3.7989354,0.068063083,9,0.15228426,0.71096023,78,1,2,1026787.1,0,6,0.081226273,true,true,,,true,,,,1,,,,13,,,,0,,,,1,,,,0,,,,1,,54,,,49.210287,,9.8420574,,29.835811,,0.41922619,,21.652526,,0.27948413,,0.5,,0.5,,,,1,0.092105263,0.43615031,7,2,false,
283,goblin-solo,yellow-white dwarf (F),false,22.484245,474.52073,506.5101,20.914195,0.11879863,3,false,7.149141,27.61105,4,blue-giant,13,4,4,0,462.41823,0.12943655,0.0098217315,872,542,7,38,0.5051267,0.56484633,3,0.24041795,0.030833455,shale,0.091559371,aquifer+aquitard+spring+runoff+karst,0.11666913,41.94168,0.43875487,25.778301,0.12096098,0.43347639,salt,0.076776626,0.00029598934,0,structural,1,alpine,5.307506,leptosol,0.034433427,6,41.333333,248,12.494407,1,0,21.501771,-0.016463263,farming,tropical-seasonal-forest,false,3,0.29524937,15,organized,flat,cyclic,"farmer,shaman,chief",,41,,0.46196048,,false,,6,0,solar,,15,,organized,,,cyclic,,,,true,,true,,6.5555556,,2.4722222,,1,0.42857143,,,,,1,,true,true,0,,1,1,,1,1,0,,true,,4,,9.022214,0.18167939,2.2257966,0.19193399,3,0.84529624,0.69783548,71,2,1,1861581.7,0,3,0.10196897,true,true,,,true,,,,3,,,,0,,,,0,,,,,,,,0,,,,1,,21,,,49.210287,,9.8420574,,29.835811,,0.41922619,,21.652526,,0.27948413,,0.44444444,,0.33333333,,,,1,0.16935484,-0.0042785441,7,3,true,
284,goblin-solo,yellow-white dwarf (F),false,37.042224,421.1588,272.87269,22.770838,0.34411352,0,false,-0,,2,blue-giant,2,4,1,0,,0.11717495,0.026251502,0,0,0,23,0.71834871,0.48288116,3,0.16852204,0.016747229,andesite,0.19147092,aquifer+aquitard+spring+runoff+karst,0.12126203,26.137987,0.47083297,24.997501,0.17404871,0.29869117,salt,0.065679116,0.0011268094,0.84615385,numinous,0.21461151,tropical-seasonal-forest,16.951858,leptosol,0.06994886,3,42,126,10.449495,1,0,17.560006,0,farming,tropical-seasonal-forest,false,3,0.14960562,6,organized,flat,cyclic,"farmer,shaman,chief",,42,,0.50004674,,false,,3,0,solar,,6,,organized,,,cyclic,,,,true,,true,,7.8,,2.3333333,,1,0.33333333,,,,,0.83333333,,true,true,2,,1,1,,0.6,1,0.4,,true,,4,,6.4907601,0.13500312,3.6065344,0.062741077,9,0.257866,0.69486035,55,1,2,1034919.6,2,4,0.080285454,true,true,,,true,,,,4,,,,5,,,,0,,,,1,,,,0,,,,1,,192,,,49.210287,,9.8420574,,29.835811,,0.41922619,,21.652526,,0.27948413,,0.46666667,,0.4,,,,1,0.33333333,-0.023198092,7,2,false,
285,goblin-solo,orange dwarf (K),false,29.042851,309.3132,255.60564,17.476888,1.5360621,2,true,2.0393768,25.712444,5,orange-giant,1,4,1,1,300.88016,0.053545787,0.036218745,2147,1814,103,31,0.70016112,0.56505455,3,0.05451394,0.021629803,gneiss,0.096482658,aquifer+aquitard+spring+runoff+karst,0.14785865,30.438577,0.14981273,25.472757,0.10527601,0.33862563,salt,0.070850074,0.0010584595,1,structural,0.077504757,ice,-24.420848,leptosol,0.015551213,5,4.2,21,16.209328,1,0,7.1979232,-0.5242509,farming,temperate-forest,true,3,0.17586712,11,organized,flat,cyclic,"farmer,shaman,chief",,6,,0.50447574,,true,,5,0,solar,,11,,organized,,,cyclic,,,,true,,true,,8.2592593,,3,,1,0.5,,,,,1,,true,true,0,,1,1,,0.96969697,1,0.03030303,,true,,4,,6.3301733,0.10847704,3.0135111,0.072262097,8,0.267546,0.69486117,31,2,2,1257614.3,1,7,0.074001204,true,true,,,true,,,,2,,,,1,,,,0,,,,1,,,,0,,,,1,,396,,,49.210287,,9.8420574,,29.835811,,0.41922619,,21.652526,,0.27948413,,0.46666667,,0.4,,,,1,0.28571429,-0.28473543,7,2,false,
286,goblin-solo,yellow-white dwarf (F),false,22.411633,655.29876,701.74137,14.653057,0.59528652,2,false,3.7955413,48.371162,2,blue-giant,2,4,1,0,645.5965,0.1436577,0.019101605,341,218,1,34,0.51227967,0.59440384,3,0.14308383,0.027610956,evaporite,0.1187306,aquifer+aquitard+spring+runoff+karst,0.18195015,28.632246,0.3056362,25.814727,0.14556012,0.44684153,salt,0.063493978,0.00015016518,0,structural,1,ice,-16.570102,leptosol,0.031184303,3,41.333333,124,25.136365,1,0,8.2362424,-0.039628484,farming,temperate-forest,false,3,0.33216538,12,organized,flat,cyclic,"farmer,shaman,chief",,40,,0.51377813,,false,,3,0,solar,,12,,organized,,,cyclic,,,,true,,true,,8.7407407,,2.9259259,,1,0.26666667,,,,,0.91666667,,true,true,0,,1,1,,1,1,0,,true,,4,,6.9500211,0.17165421,2.7496293,0.11972072,5,0.66257884,0.69844074,65,2,2,1557305.6,0,4,0.078873023,true,true,,,true,,,,1,,,,0,,,,0,,,,,,,,0,,,,1,,336,,,49.210287,,9.8420574,,29.835811,,0.41922619,,21.652526,,0.27948413,,0.46666667,,0.4,,,,1,0.33870968,-0.17015257,7,2,true,
287,goblin-solo,yellow dwarf (G),false,22.897654,459.37033,481.48548,26.298078,1.028875,2,false,0.9158065,22.312727,2,orange-giant,0,0,0,0,445.05338,0.10813771,0.076518828,1783,1781,3,21,0.69393584,0.53872537,3,0.15587618,0.014183878,evaporite,0.13272713,aquifer+aquitard+spring+runoff+karst,0.08327351,26.464447,0.13783202,25.95581,0.084071149,0.3380394,salt,0.047440167,0.0019940975,0.36,structural,0.66392958,alpine,-5.4386441,leptosol,0.047778575,21,33.904762,712,36.955848,1,0,11.932309,-0.30420527,farming,temperate-forest,false,3,0.20874212,10,organized,flat,cyclic,"farmer,shaman,chief",,42,,0.52366098,,false,,21,0,solar,,10,,organized,,,cyclic,,,,true,,true,,8.2439024,,2.4878049,,1,0.51612903,,,,,1,,true,true,1,,1,1,,0.93103448,1,0.068965517,,true,,4,,6.0010789,0.14284803,3.3513559,0.061715737,8,0.53433836,0.75825911,58,2,2,1113521.4,0,3,0.0937114,true,true,,,true,,,,2,,,,2,,,,0,,,,1,,,,0,,,,1,,240,,,49.210287,,9.8420574,,29.835811,,0.41922619,,21.652526,,0.27948413,,0.44444444,,0.33333333,,,,1,0.058988764,-0.058826105,7,3,false,
288,goblin-solo,yellow-white dwarf (F),false,22.62625,638.76796,677.55069,0.027552577,3.7357085,1,false,0.097367603,7.6158507,4,red-dwarf,1,3,0,0,654.77974,0.12561507,0.19638977,7,4,0,17,0.62528685,0.59267705,3,0.057638787,0.0080806601,sandstone,0.087953613,aquifer+aquitard+spring+runoff+karst,0.068278064,26.057399,0.14808782,26.629536,0.060264512,0.3949443,salt,0.052994047,0.0010424132,0.625,numinous,0.375,ice,-27.975606,leptosol,0.014072578,6,37.833333,227,16.624632,1,0,9.5135542,-0.027648362,farming,temperate-forest,true,3,0.25806241,5,organized,flat,cyclic,"farmer,shaman,chief",,38,,0.63,,true,,6,0,solar,,5,,organized,,,cyclic,,,,true,,true,,11.5,,2.6875,,1,0,,,,,1,,true,true,2,,1,1,,1,1,0,,true,,4,,6.1789291,0.12668956,2.9289351,0.085518285,10,0.28959541,0.62711207,31,2,1,1411859.9,0,6,0.060700667,true,true,,,true,,,,2,,,,3,,,,0,,,,1,,,,0,,,,1,,780,,,49.210287,,9.8420574,,29.835811,,0.41922619,,21.652526,,0.27948413,,0.46666667,,0.4,,,,1,0.17180617,-0.24645908,7,3,false,
289,goblin-solo,yellow-white dwarf (F),false,30.907155,577.72342,448.61334,4.1944679,0.68343821,2,false,2.5070543,28.469914,5,sun-like,13,6,2,0,563.51479,0.15214325,0.024640608,237,152,0,21,0.57604609,0.59190372,3,0.22017968,0.022679557,evaporite,0.097374179,aquifer+aquitard+spring+runoff+karst,0.13929517,33.269973,0.31170102,25.678841,0.11476448,0.41057238,salt,0.053717289,0.0012668433,0.40909091,structural,0.70337407,alpine,-1.3617175,leptosol,0.046239779,18,38.222222,688,32.25451,1,0,11.727643,-0.16680578,farming,temperate-forest,false,3,0.28279397,9,organized,flat,cyclic,"farmer,shaman,chief",,42,,0.50749656,,false,,18,0,solar,,9,,organized,,,cyclic,,,,true,,true,,8.1666667,,2.9722222,,0.22222222,0.40740741,,,,,1,,true,true,1,,1,1,,0.91666667,1,0.083333333,,true,,4,,7.5779451,0.1718583,2.6069444,0.11913481,6,0.58142347,0.65045187,68,2,1,1554412.9,1,4,0.090396381,true,true,,,true,,,,4,,,,4,,,,0,,,,1,,,,0,,,,1,,1176,,,49.210287,,9.8420574,,29.835811,,0.41922619,,21.652526,,0.27948413,,0.46666667,,0.4,,,,1,0.0625,-0.065158357,7,4,true,
290,goblin-solo,yellow-white dwarf (F),false,30.702154,597.68618,467.21375,0.71616452,3.784536,1,false,0.18900034,23.067,2,orange-giant,9,5,3,0,579.62868,0.12657801,0.10015314,1149,594,0,38,0.53727845,0.53582357,3,0.15367902,0.022801621,shale,0.12904928,aquifer+aquitard+spring+runoff+karst,0.12071331,29.242134,0.63158172,24.704527,0.17094017,0.49250818,salt,0.062657634,0.0016355387,0.67741935,numinous,0.36430964,ice,-13.586242,leptosol,0.040202596,12,36.666667,440,24.535753,1,0,7.9267994,-0.16754634,farming,temperate-forest,false,3,0.34757835,5,organized,flat,cyclic,"farmer,shaman,chief",,41,,0.49316985,,false,,12,0,solar,,5,,organized,,,cyclic,,,,true,,true,,9.7727273,,2.5,,1,0.23529412,,,,,1,,true,true,2,,1,1,,1,1,0,,true,,4,,7.8374786,0.17183304,2.4157463,0.14562277,6,0.42882769,0.67983163,61,2,1.5,1400668.4,0,5,0.065147048,true,true,,,true,,,,4,,,,2,,,,0,,,,1,,,,0,,,,1,,9,,,49.210287,,9.8420574,,29.835811,,0.41922619,,21.652526,,0.27948413,,0.46666667,,0.4,,,,1,0.095454545,-0.18588837,7,4,true,
291,goblin-solo,yellow dwarf (G),false,34.580045,387.6384,269.03729,24.724133,0.031525714,3,false,7.5760506,78.616736,5,blue-giant,13,8,2,0,384.02088,0.072602144,0.00064493256,7692,7602,193,21,0.73866022,0.47949556,3,0.090400859,0.0064205849,evaporite,0.14292387,aquifer+aquitard+spring+runoff+karst,0.22559552,35.807218,0.29873891,24.912215,0.13713218,0.34787482,salt,0.047623281,0.0099953293,0.44859813,structural,0.70252727,taiga,-17.264501,leptosol,0.026623073,102,27.401961,2795,21.571781,1,0,3.5899465,-0.42328937,farming,temperate-forest,false,3,0.24166277,17,organized,flat,cyclic,"farmer,shaman,chief",,41,,0.47584721,,false,,102,0,solar,,17,,organized,,,cyclic,,,,true,,true,,6.7279412,,3.1838235,,1,0.52941176,,,,,1,,true,true,1,,1,1,,0.91061453,1,0.089385475,,true,,4,,6.7752387,0.22153221,4.2918862,0.051242615,7,0.45072396,0.66623654,142,1,2,906722.52,1,6,0.065323296,true,true,,,true,,,,4,,,,8,,,,0,,,,1,,,,0,,,,1,,96,,,49.210287,,9.8420574,,29.835811,,0.41922619,,21.652526,,0.27948413,,0.44444444,,0.33333333,,,,1,0.014669052,-0.025328304,7,6,false,
292,goblin-solo,yellow-white dwarf (F),false,26.73915,680.48462,610.776,24.556886,0.72759679,1,false,0.078353785,9.567997,2,red-dwarf,10,4,4,0,635.61468,0.19734079,0.058695179,73,47,0,35,0.56549973,0.54371278,3,0.19989258,0.018334066,shale,0.10585459,aquifer+aquitard+spring+runoff+karst,0.12141814,28.613132,0.44937633,25.223224,0.14473536,0.45488257,salt,0.065829837,0.0026969322,0.41666667,structural,0.64925549,alpine,4.769769,leptosol,0.032644117,38,30.763158,1169,16.670651,1,0,13.815338,-0.34262038,farming,tropical-seasonal-forest,false,3,0.31408023,6,organized,flat,cyclic,"farmer,shaman,chief",,41,,0.48205121,,false,,38,0,solar,,6,,organized,,,cyclic,,,,true,,true,,8.54,,2.82,,1,0.47727273,,,,,1,,true,true,3,,1,1,,0.9245283,1,0.094339623,,true,,4,,8.8446268,0.19615176,2.2558844,0.17955666,7,0.3525677,0.66102241,80,2,1,1395974.8,2,4,0.13833344,true,true,,,true,,,,1,,,,6,,,,0,,,,1,,,,0,,,,1,,144,,,49.210287,,9.8420574,,29.835811,,0.41922619,,21.652526,,0.27948413,,0.46666667,,0.4,,,,1,0.035928144,0.16229573,7,3,true,
293,goblin-solo,yellow-white dwarf (F),true,,783.75568,,4.4242162,4.0131001,1,false,0.081486756,13.915785,3,sun-like,1,3,0,0,746.55421,0.20933871,,70,45,0,30,0.57958596,0.57151153,locked,0.11466725,0.019652361,gneiss,0.097264967,aquifer+aquitard+spring+runoff+karst,0.089019221,33.310571,0.23308751,25.567362,0.12298937,0.36583241,salt,0.068566949,0.00034841182,0.66666667,numinous,0.33333333,ice,-23.196817,leptosol,0.031763545,2,26.5,53,0.83274555,1,0,68.844459,-0.16349873,foraging,alpine,false,2,0.24110098,3,folk,flat,eternal,"forager,chief",,28,,0.064224665,,false,,2,0,solar,,3,,folk,,,eternal,,,,true,,true,,11,,3.25,,1,0,,,,,0.66666667,,true,true,2,,1,1,,1,1,0,,true,,4,,6.6956731,0.11861373,3.0688815,0.090205556,9,0.33964346,0.56931465,50,2,2,1561492.6,0,3,0.11468203,true,true,,,true,,,,5,,,,2,,,,0,,,,1,,,,0,,,,1,,912,,,49.210287,,9.8420574,,29.835811,,0.41922619,,21.652526,,0.27948413,,0.5,,0.5,,,,1,0.52830189,0.022929475,7,2,false,
294,goblin-solo,yellow-white dwarf (F),false,21.528451,871.23346,971.25443,24.008015,0.7881136,1,false,2.4762742,28.01184,5,sun-like,6,6,1,0,849.50242,0.17097032,0.031904628,141,88,0,39,0.63649236,0.5003358,3,0.052341194,0.01811435,gneiss,0.13498993,aquifer+aquitard+spring+runoff+karst,0.22357287,20.951828,0.62350571,23.989097,0.15963734,0.297045,salt,0.066094891,0.002820685,1,structural,0.02392946,ice,-28.226908,leptosol,0.011349899,2,5,10,13.452534,1,0,6.3393284,-0.5849625,farming,taiga,true,3,0.16548019,9,organized,flat,cyclic,"farmer,shaman,chief",,6,,0.56077401,,true,,2,0,solar,,9,,organized,,,cyclic,,,,true,,true,,9.6,,2.7,,1,0,,,,,1,,true,true,1,,1,1,,1,1,0,,true,,4,,6.7186613,0.11830832,3.3675671,0.081319272,9,0.46561451,0.71782102,46,2,2,1165382.7,1,4,0.042377419,true,true,,,true,,,,4,,,,5,,,,0,,,,1,,,,0,,,,1,,99,,,49.210287,,9.8420574,,29.835811,,0.41922619,,21.652526,,0.27948413,,0.46666667,,0.4,,,,1,0.6,-0.16757482,7,2,true,
295,goblin-solo,yellow-white dwarf (F),false,31.52948,699.41338,532.38814,2.4472668,0.78530107,1,false,4.0705034,50.727943,5,red-dwarf,2,4,0,0,689.45103,0.22485972,0.042657156,604,371,0,30,0.53522777,0.55573064,3,0.22862653,0.0075924027,shale,0.11492804,aquifer+aquitard+spring+runoff+karst,0.21231222,25.432752,0.47930455,24.669867,0.11004307,0.38107995,salt,0.064760836,0.0015232693,0.51724138,structural,0.5479712,alpine,15.123776,leptosol,0.057253913,20,33.5,670,5.5823559,1,0,6.321445,-0.19407686,farming,tropical-seasonal-forest,false,3,0.27424099,6,organized,flat,cyclic,"farmer,shaman,chief",,40,,0.51170461,,false,,20,0,solar,,6,,organized,,,cyclic,,,,true,,true,,6.53125,,2.28125,,1,0.57692308,,,,,0.83333333,,true,true,2,,1,1,,0.85714286,1,0.14285714,,true,,4,,7.5665,0.13483042,2.4086709,0.17003564,7,0.36526946,0.80134108,61,2,1,1502865.3,1,7,0.082788864,true,true,,,true,,,,2,,,,6,,,,0,,,,1,,,,0,,,,1,,90,,,49.210287,,9.8420574,,29.835811,,0.41922619,,21.652526,,0.27948413,,0.46666667,,0.4,,,,1,0.059701493,-0.023241734,7,3,true,
296,goblin-solo,orange dwarf (K),false,31.711653,272.20054,206.0067,26.785811,0.35467605,1,false,4.316484,19.777002,4,sun-like,3,3,0,0,262.84421,0.053820439,0.025103482,307,196,0,30,0.64000781,0.52102265,3,0.18890679,0.026072946,gneiss,0.14071613,aquifer+aquitard+spring+runoff+karst,0.1573308,29.37218,0.33405669,24.930213,0.11982911,0.30686288,salt,0.069883647,0.00230571,0.64705882,structural,0.58696698,ice,-7.229858,leptosol,0.056150821,23,26.956522,620,31.696583,1,0,3.228361,-0.60212435,farming,temperate-forest,false,3,0.17475926,8,organized,flat,cyclic,"farmer,shaman,chief",,42,,0.50477151,,false,,23,0,solar,,8,,organized,,,cyclic,,,,true,,true,,7.5128205,,2.8205128,,1,0.51612903,,,,,1,,true,true,2,,1,1,,0.91111111,2,0.17777778,,true,,4,,6.9266691,0.11649214,3.303193,0.080684537,9,0.17482707,0.601206,59,2,2,1353017.9,1,5,0.099006295,true,true,,,true,,,,1,,,,7,,,,0,,,,1,,,,0,,,,1,,12,,,49.210287,,9.8420574,,29.835811,,0.41922619,,21.652526,,0.27948413,,0.46666667,,0.4,,,,1,0.067741935,0.034538283,7,3,false,
297,goblin-solo,yellow-white dwarf (F),false,22.637593,905.59468,960.09644,13.98864,1.8069977,1,false,0.62713118,33.261947,5,orange-giant,11,4,3,0,886.30033,0.22882979,0.028204218,204,127,0,15,0.68934622,0.49948919,3,0.15829305,0.027830672,evaporite,0.14530452,aquifer+aquitard+spring+runoff+karst,0.11001965,27.333169,0.25147348,26.24759,0.10915521,0.34915521,salt,0.046268448,0.00031434185,0.5,structural,0.60107767,ice,-7.1068446,leptosol,0.051237721,3,41.666667,125,33.400664,1,0,19.70027,-0.019572581,farming,temperate-forest,false,3,0.23166994,7,organized,flat,cyclic,"farmer,shaman,chief",,41,,0.53782856,,false,,3,0,solar,,7,,organized,,,cyclic,,,,true,,true,,13,,3.2352941,,1,0,,,,,1,,true,true,1,,1,1,,0.6,1,0.4,,true,,4,,6.5854998,0.11818571,3.295296,0.070382306,10,0.20330059,0.72909851,49,2,2,1202279.2,0,4,0.06543244,true,true,,,true,,,,2,,,,18,,,,0,,,,1,,,,0,,,,1,,30,,,49.210287,,9.8420574,,29.835811,,0.41922619,,21.652526,,0.27948413,,0.46666667,,0.4,,,,1,0.336,-0.088567135,7,2,true,
298,goblin-solo,orange dwarf (K),false,25.883421,219.19583,203.24593,14.800939,0.37305196,1,false,2.8173821,11.312156,5,red-giant,5,5,0,0,206.62197,0.04787297,0.0037429364,872,531,0,36,0.60839314,0.56835609,3,0.18143645,0.026658855,shale,0.10130291,aquifer+aquitard+spring+runoff+karst,0.13322112,26.935475,0.37379216,25.206738,0.11426968,0.38102363,salt,0.062032284,0.00074808304,0.75,numinous,0.25,alpine,-1.4059785,leptosol,0.039897762,3,41,123,20.95746,1,0,12.573996,0,farming,tropical-seasonal-forest,false,3,0.23919955,6,organized,flat,cyclic,"farmer,shaman,chief",,41,,0.51229367,,false,,3,0,solar,,6,,organized,,,cyclic,,,,true,,true,,10.266667,,2.8666667,,0.66666667,0,,,,,1,,true,true,0,,1,1,,1,1,0,,true,,4,,6.3748914,0.12793906,3.0314697,0.084395293,7,0.6402344,0.63637843,45,2,2,1390570.5,1,5,0.063446518,true,true,,,true,,,,1,,,,0,,,,0,,,,,,,,0,,,,1,,648,,,49.210287,,9.8420574,,29.835811,,0.41922619,,21.652526,,0.27948413,,0.46666667,,0.4,,,,1,0.33333333,-0.032467918,7,2,true,
299,goblin-solo,yellow dwarf (G),false,25.881199,427.1363,396.08951,1.2979433,4.6552063,1,false,0.056430336,13.371344,5,red-dwarf,8,3,1,0,416.46518,0.098696472,0.19361999,18,11,0,25,0.68136321,0.53026356,3,0.13522289,0.017650505,evaporite,0.12863929,aquifer+aquitard+spring+runoff+karst,0.047885382,34.702726,0.20318725,26.087091,0.082592706,0.38438553,salt,0.056428571,0.0067422617,0.42045455,structural,0.71963965,ice,-7.1797219,leptosol,0.038384922,81,28.444444,2304,37.954232,1,0,20.659553,-0.43317799,farming,temperate-forest,false,3,0.25697211,5,organized,flat,cyclic,"farmer,shaman,chief",,41,,0.43315549,,false,,81,0,solar,,5,,organized,,,cyclic,,,,true,,true,,9.3736264,,2.4725275,,0.90123457,0.6744186,,,,,1,,true,true,1,,1,1,,0.92647059,1,0.073529412,,true,,4,,6.1604643,0.12802805,3.4335953,0.062887554,7,0.25804474,0.75514086,65,1,2,1256755.4,0,4,0.084997202,true,true,,,true,,,,0,,,,15,,,,0,,,,1,,,,0,,,,1,,168,,,49.210287,,9.8420574,,29.835811,,0.41922619,,21.652526,,0.27948413,,0.46666667,,0.4,,,,1,0.018229167,-0.0051528979,7,5,true,
300,goblin-solo,yellow dwarf (G),false,32.305713,239.85896,178.19186,2.6500776,0.82412762,2,false,1.7083232,25.368465,3,red-dwarf,6,5,2,0,243.44731,0.060694095,0.0043065454,112,59,0,14,0.58300376,0.59141736,3,0.22823593,0.015868366,evaporite,0.13242784,aquifer+aquitard+spring+runoff+karst,0.2825947,21.831335,0.54253264,24.083227,0.13594052,0.40384052,salt,0.058944826,0.0026930508,0.58695652,structural,0.45506917,alpine,10.163095,leptosol,0.11369358,29,27.724138,804,11.394865,1,0,11.302292,-0.32559503,farming,tropical-seasonal-forest,false,3,0.29137638,10,organized,flat,cyclic,"farmer,shaman,chief",,36,,0.5292395,,false,,29,0,solar,,10,,organized,,,cyclic,,,,true,,true,,7.5102041,,2.2244898,,0.79310345,0.64102564,,,,,0.9,,true,true,1,,1,1,,0.88571429,1,0.11428571,,true,,4,,6.4285858,0.12837415,2.8889232,0.10145989,10,0.2101165,0.64950093,34,2,1.5,1298966.8,0,5,0.086490613,true,true,,,true,,,,3,,,,4,,,,0,,,,1,,,,0,,,,1,,33,,,49.210287,,9.8420574,,29.835811,,0.41922619,,21.652526,,0.27948413,,0.46666667,,0.4,,,,1,0.044776119,-0.041243275,7,6,true,
301,goblin-solo,yellow-white dwarf (F),false,23.718527,599.21082,606.3218,26.927383,0.50002007,1,false,2.1794579,19.06342,3,orange-giant,18,8,7,0,577.62899,0.13015698,0.029610124,754,427,0,37,0.70912065,0.52815778,3,0.11217714,0.017015771,evaporite,0.15224507,aquifer+aquitard+spring+runoff+karst,0.14611834,26.638927,0.4410407,24.879092,0.10725976,0.41208561,salt,0.051137125,0.0012589173,0.66666667,structural,0.37565594,ice,-9.9171237,leptosol,0.038103231,6,39.666667,238,28.375717,1,0,12.354464,-0.068735277,farming,temperate-forest,false,3,0.28585816,6,organized,flat,cyclic,"farmer,shaman,chief",,41,,0.48050215,,false,,6,0,solar,,6,,organized,,,cyclic,,,,true,,true,,9.5,,3.3333333,,1,0,,,,,1,,true,true,0,,1,1,,0.75,1,0.25,,true,,4,,5.8849788,0.12954994,3.6075091,0.057443484,7,0.35719681,0.72387196,55,1,2,1019927.9,1,5,0.08155109,true,true,,,true,,,,2,,,,0,,,,0,,,,,,,,0,,,,1,,30,,,49.210287,,9.8420574,,29.835811,,0.41922619,,21.652526,,0.27948413,,0.46666667,,0.4,,,,1,0.17226891,-0.06399136,7,2,true,
302,goblin-solo,yellow dwarf (G),false,36.596108,351.59374,230.57779,20.843167,0.2937797,2,false,5.3917337,21.083434,4,sun-like,3,5,0,0,340.0489,0.095646927,0.022900114,2336,1237,21,34,0.56645183,0.64175911,3,0.1993555,0.026463552,gneiss,0.071681964,aquifer+aquitard+spring+runoff+karst,0.17737485,34.159923,0.23385326,25.644975,0.090038854,0.3814404,salt,0.079898028,0.0007320232,0.69230769,numinous,0.30769231,alpine,2.6564262,leptosol,0.098316347,4,41.75,167,17.13044,1,0,6.763366,-0.013152898,farming,tropical-seasonal-forest,false,3,0.23937159,14,organized,flat,cyclic,"farmer,shaman,chief",,42,,0.53834746,,false,,4,0,solar,,14,,organized,,,cyclic,,,,true,,true,,6.03125,,2.4375,,0.5,0.33333333,,,,,0.92857143,,true,true,1,,1,1,,1,1,0,,true,,4,,6.2203728,0.15013326,3.0777614,0.08981495,5,0.52384706,0.71760484,47,2,2,1693824.8,1,5,0.057240034,true,true,,,true,,,,3,,,,13,,,,0,,,,1,,,,0,,,,1,,21,,,49.210287,,9.8420574,,29.835811,,0.41922619,,21.652526,,0.27948413,,0.44444444,,0.33333333,,,,1,0.25149701,0.016033742,7,2,false,
303,goblin-solo,yellow-white dwarf (F),false,19.774838,872.53305,1058.9615,7.2316096,0.43512548,1,false,0.17929741,9.5732535,2,orange-giant,7,5,5,0,934.30259,0.17470484,0.029427506,14,9,0,26,0.66627606,0.53869788,5,0.04379669,0.014232703,evaporite,0.11294806,aquifer+aquitard+spring+runoff+karst,0.20109729,19.967426,0.41623994,24.86022,0.13716167,0.44279444,salt,0.050295742,0.0018288222,0.92,structural,0.1591366,ice,-26.602382,leptosol,0.012509144,5,28.8,144,13.68858,1,0,6.0745543,-0.31934421,farming,taiga,true,2,0.30950988,5,folk,flat,cyclic,"farmer,chief",,22,,0.39262938,,true,,5,0,solar,,5,,folk,,,cyclic,,,,true,,true,,12,,2.8,,1,0.2,,,,,1,,true,true,0,,1,1,,0.92,1,0.08,,true,,4,,5.9145485,0.10646338,3.1826348,0.07399541,10,0.24213606,0.76585053,40,2,2,1093442.8,0,6,0.068674565,true,true,,,true,,,,1,,,,17,,,,0,,,,1,,,,0,,,,1,,240,,,49.210287,,9.8420574,,29.835811,,0.41922619,,21.652526,,0.27948413,,0.46666667,,0.4,,,,1,0.25,-0.22783846,7,2,false,
304,goblin-solo,yellow dwarf (G),false,35.935298,265.22775,177.13686,6.7507316,0.30586477,1,false,5.7659078,56.684618,5,blue-giant,3,3,1,0,261.8318,0.067419908,0.015023145,2294,1436,0,40,0.65199453,0.480463,3,0.17633416,0.02441287,gneiss,0.11287268,aquifer+aquitard+spring+runoff+karst,0.14528236,31.681869,0.34682568,24.987707,0.11182041,0.43163802,salt,0.079758139,0.0015433181,0.90909091,numinous,0.13054545,alpine,8.205843,leptosol,0.055208699,3,41.666667,125,9.8624129,1,0,5.9435878,-0.019572581,farming,tropical-seasonal-forest,false,3,0.31048755,8,organized,flat,cyclic,"farmer,shaman,chief",,41,,0.53169648,,false,,3,0,solar,,8,,organized,,,cyclic,,,,true,,true,,7.6315789,,2.3157895,,1,0.45454545,,,,,0.875,,true,true,0,,1,1,,0.6,1,0.4,,true,,4,,6.0595855,0.10372469,3.2820311,0.068282799,7,0.38695195,0.74533836,48,2,2,1229985.5,1,6,0.096048438,true,true,,,true,,,,5,,,,2,,,,0,,,,1,,,,0,,,,1,,27,,,49.210287,,9.8420574,,29.835811,,0.41922619,,21.652526,,0.27948413,,0.46666667,,0.4,,,,1,0.336,0.051635966,7,2,true,
305,goblin-solo,orange dwarf (K),false,18.992653,187.73898,237.23571,2.5171216,0.61114521,3,false,5.4598576,51.043991,3,sun-like,2,4,1,0,185.07516,0.034808625,0.047744979,4549,2797,142,38,0.73026219,0.5023079,5,0.079341829,0.030271959,gneiss,0.10896914,aquifer+aquitard+spring+runoff+karst,0.093040094,36.832474,0.27776269,26.028828,0.1115033,0.34238393,salt,0.06850096,0.0019911304,0.54545455,structural,0.53747459,ice,-13.596437,leptosol,0.022264458,15,39,585,24.330721,1,0,13.491564,-0.030048354,farming,taiga,false,3,0.16680243,17,organized,flat,cyclic,"farmer,shaman,chief",,36,,0.4413733,,false,,15,0,solar,,17,,organized,,,cyclic,,,,true,,true,,7.1836735,,2.6734694,,0.93333333,0.4375,,,,,1,,true,true,1,,1,1,,0.80952381,1,0.19047619,,true,,4,,7.5249524,0.13993003,3.1803229,0.065987989,9,0.26373427,0.72128211,84,1,2,1247336.1,2,4,0.095872533,true,true,,,true,,,,4,,,,9,,,,0,,,,1,,,,0,,,,1,,36,,,49.210287,,9.8420574,,29.835811,,0.41922619,,21.652526,,0.27948413,,0.44444444,,0.33333333,,,,1,0.068376068,-0.20342657,7,3,true,
306,goblin-solo,yellow dwarf (G),false,18.790941,407.90879,520.98567,20.167617,0.18960762,2,false,4.4706601,29.143525,4,orange-giant,6,6,1,0,398.02805,0.066091024,0.012646432,755,473,0,37,0.63361164,0.56576493,5,0.033738587,0.016771642,shale,0.13359542,aquifer+aquitard+spring+runoff+karst,0.13286247,24.474682,0.44303038,25.154243,0.12659915,0.33868603,salt,0.05594745,0.0038646055,0.93103448,structural,0.27569833,ice,-30.681843,leptosol,0.0034648188,12,9.3333333,112,7.6709573,1,0,5.9760645,-0.24044357,farming,taiga,true,3,0.20182569,10,organized,flat,cyclic,"farmer,shaman,chief",,8,,0.60717948,,true,,12,0,solar,,10,,organized,,,cyclic,,,,true,,true,,6.625,,2.5625,,1,0.40909091,,,,,1,,true,true,4,,1,1,,1,1,0,,true,,4,,6.8388196,0.13973805,3.1503056,0.082613154,7,0.38439499,0.81990823,61,2,1,1369405.4,0,8,0.089253694,true,true,,,true,,,,2,,,,6,,,,0,,,,1,,,,0,,,,1,,288,,,49.210287,,9.8420574,,29.835811,,0.41922619,,21.652526,,0.27948413,,0.44444444,,0.33333333,,,,1,0.10714286,-0.3504064,7,3,true,
307,goblin-solo,orange dwarf (K),false,16.624318,187.69428,270.96827,8.723875,1.3692139,1,false,1.4602537,7.6799835,5,blue-giant,16,7,4,0,201.45341,0.047372693,0.10663917,44,28,0,8,0.62597041,0.52235494,5,0.16349299,0.013231776,shale,0.11180732,aquifer+aquitard+spring+runoff+karst,0.13974284,21.358406,0.33411657,25.260897,0.10071144,0.29515045,salt,0.048094158,0.0017622871,0.77777778,numinous,0.22222222,alpine,11.872796,leptosol,0.052607532,6,39.833333,239,5.7294686,1,0,10.378406,-0.087428503,farming,tropical-seasonal-forest,false,3,0.14594348,7,organized,flat,cyclic,"farmer,shaman,chief",,42,,0.51834171,,false,,6,0,solar,,7,,organized,,,cyclic,,,,true,,true,,6.8,,2.65,,1,0.30769231,,,,,0.71428571,,true,true,2,,1,1,,1,1,0,,true,,4,,7.75313,0.13708959,2.6222529,0.11659587,12,0.14091769,0.71305112,40,2,2,1479854,0,4,0.053002126,true,true,,,true,,,,3,,,,3,,,,0,,,,1,,,,0,,,,1,,18,,,49.210287,,9.8420574,,29.835811,,0.41922619,,21.652526,,0.27948413,,0.46666667,,0.4,,,,1,0.17573222,-0.10319664,7,2,false,
308,goblin-solo,yellow-white dwarf (F),false,31.985458,518.70995,389.20934,23.103033,0.7195985,1,false,5.0197471,49.022158,4,red-giant,1,4,0,0,511.13081,0.14317305,0.051584711,435,278,0,29,0.55737025,0.54718438,3,0.21327084,0.020116205,evaporite,0.1240417,aquifer+aquitard+spring+runoff+karst,0.22784182,26.212602,0.45877227,24.839921,0.14742706,0.39164966,salt,0.059441756,0.00088246649,0.6875,numinous,0.3125,alpine,5.3724112,leptosol,0.067784458,5,41.8,209,11.087518,1,0,16.968658,-0.0097247009,farming,tropical-seasonal-forest,false,3,0.287298,6,organized,flat,cyclic,"farmer,shaman,chief",,42,,0.49184661,,false,,5,0,solar,,6,,organized,,,cyclic,,,,true,,true,,9.4705882,,3.0588235,,0.4,0.18181818,,,,,1,,true,true,0,,1,1,,1,1,0,,true,,4,,6.4452027,0.13183346,3.328605,0.082588741,5,0.37791628,0.64354347,57,2,2,1421958.8,2,6,0.081295585,true,true,,,true,,,,2,,,,0,,,,0,,,,,,,,0,,,,1,,24,,,49.210287,,9.8420574,,29.835811,,0.41922619,,21.652526,,0.27948413,,0.46666667,,0.4,,,,1,0.20095694,0.0078542807,7,2,true,
309,goblin-solo,yellow dwarf (G),false,29.28593,321.56084,263.52109,12.759191,1.689377,1,false,1.44855,12.09705,4,red-giant,13,4,3,0,338.86079,0.068560694,0.12886095,54,33,0,8,0.57389776,0.51346396,3,0.19798838,0.009228065,evaporite,0.15927581,aquifer+aquitard+spring+runoff+karst,0.28927466,18.611845,0.60719606,24.210958,0.079924373,0.35075054,salt,0.050416628,0.0020625645,0.66666667,structural,0.42312423,ice,-7.3765417,leptosol,0.081929644,18,34,612,31.855228,1,0,11.311712,-0.26934517,farming,temperate-forest,false,3,0.23685115,5,organized,flat,cyclic,"farmer,shaman,chief",,42,,0.50207353,,false,,18,0,solar,,5,,organized,,,cyclic,,,,true,,true,,8.0357143,,2.5357143,,1,0.47826087,,,,,1,,true,true,1,,1,1,,0.86666667,1,0.13333333,,true,,4,,6.507222,0.11154572,3.3357057,0.087056296,7,0.40707001,0.47113178,43,2,2,1302937.7,1,4,0.058619078,true,true,,,true,,,,4,,,,9,,,,0,,,,1,,,,0,,,,1,,24,,,49.210287,,9.8420574,,29.835811,,0.41922619,,21.652526,,0.27948413,,0.46666667,,0.4,,,,1,0.068627451,-0.044706266,7,4,true,
310,goblin-solo,yellow-white dwarf (F),false,36.248548,827.37803,547.80326,25.413656,0.50749462,1,false,3.0032613,39.618949,4,orange-giant,8,5,1,0,812.45693,0.21009207,0.018915666,296,189,0,28,0.71678629,0.43125593,3,0.15614472,0.012450564,gneiss,0.15110766,aquifer+aquitard+spring+runoff+karst,0.21144729,32.917354,0.36281355,24.729319,0.15877942,0.27773468,salt,0.064478523,0.0042237738,0.95918367,numinous,0.1540019,ice,-4.0768836,leptosol,0.079562107,6,38.833333,233,41.06645,1,0,14.384981,-0.11541979,farming,temperate-forest,false,3,0.16265839,6,organized,flat,cyclic,"farmer,shaman,chief",,41,,0.51736616,,false,,6,0,solar,,6,,organized,,,cyclic,,,,true,,true,,9.8888889,,2.8888889,,0.83333333,0,,,,,1,,true,true,2,,1,1,,0.93333333,1,0.066666667,,true,,4,,8.1452863,0.17606895,3.4926294,0.074825448,12,0.17843289,0.71646369,114,1,2,1058636.2,0,6,0.070076982,true,true,,,true,,,,1,,,,0,,,,0,,,,,,,,0,,,,1,,81,,,49.210287,,9.8420574,,29.835811,,0.41922619,,21.652526,,0.27948413,,0.46666667,,0.4,,,,1,0.17596567,-0.091139413,7,4,true,
311,goblin-solo,yellow-white dwarf (F),false,24.478809,704.92686,691.13839,22.062865,0.99500229,3,false,0.59567713,25.024558,5,red-giant,4,3,0,0,685.45105,0.20932466,0.018755949,239,157,0,33,0.61459401,0.57262304,3,0.19237342,0.033372394,evaporite,0.12383607,aquifer+aquitard+spring+runoff+karst,0.112751,41.308937,0.31804649,25.838596,0.081016026,0.42883385,salt,0.05201953,0.0018369545,0.24137931,structural,0.72907354,alpine,6.3545256,leptosol,0.057198961,24,38.75,930,12.021748,1,0,22.839125,-0.085278554,farming,tropical-seasonal-forest,false,3,0.28434788,18,organized,flat,cyclic,"farmer,shaman,chief",,41,,0.50612387,,false,,24,0,solar,,18,,organized,,,cyclic,,,,true,,true,,7.6333333,,2.4833333,,1,0.45238095,,,,,1,,true,true,2,,1,1,,0.92857143,1,0.071428571,,true,,4,,7.5830327,0.20053854,2.7535106,0.10255847,7,0.22474188,0.81057536,73,2,1,1630499.7,0,4,0.083012301,true,true,,,true,,,,4,,,,1,,,,0,,,,1,,,,0,,,,1,,27,,,49.210287,,9.8420574,,29.835811,,0.41922619,,21.652526,,0.27948413,,0.44444444,,0.33333333,,,,1,0.04516129,-0.036048632,7,3,true,
312,goblin-solo,yellow-white dwarf (F),false,37.674648,671.07245,427.4954,10.763798,1.0532146,2,false,1.2927178,23.501313,5,red-giant,12,7,1,0,651.18863,0.16510354,0.0073728775,393,252,2,15,0.62155168,0.54670365,3,0.19439969,0.030711391,shale,0.12088763,aquifer+aquitard+spring+runoff+karst,0.21764934,36.40017,0.48245388,24.767165,0.094181396,0.38807896,salt,0.068179586,0.0034189137,0.56603774,structural,0.51031912,ice,-6.7025719,leptosol,0.058960134,31,32.290323,1001,35.964637,1,0,20.75655,-0.31682864,farming,temperate-forest,false,3,0.23713069,9,organized,flat,cyclic,"farmer,shaman,chief",,42,,0.5235598,,false,,31,0,solar,,9,,organized,,,cyclic,,,,true,,true,,6.8979592,,2.755102,,0.77419355,0.45,,,,,1,,true,true,1,,1,1,,0.91111111,1,0.11111111,,true,,4,,7.1139462,0.14131167,2.9646202,0.094795176,7,0.18629854,0.69187377,36,2,1,1565820,1,4,0.088949358,true,true,,,true,,,,2,,,,0,,,,0,,,,,,,,0,,,,1,,36,,,49.210287,,9.8420574,,29.835811,,0.41922619,,21.652526,,0.27948413,,0.44444444,,0.33333333,,,,1,0.041958042,-0.11092619,7,3,true,
313,goblin-solo,yellow-white dwarf (F),false,16.741988,688.95142,987.62667,4.328788,3.4577879,0,false,-0,,3,red-dwarf,6,3,3,0,,0.17917295,0.14597846,0,0,0,19,0.54611591,0.51936317,5,0.19981934,0.011815829,shale,0.12037435,aquifer+aquitard+spring+runoff+karst,0.17765706,23.858351,0.63871558,25.022436,0.16652324,0.41087565,salt,0.052497332,0.0026893287,0.88,numinous,0.20945402,ice,-2.9560172,leptosol,0.049537435,10,23.6,236,26.857026,1,0,7.7901581,-0.44561986,farming,tropical-seasonal-forest,false,3,0.29163081,1,organized,flat,cyclic,"farmer,shaman,chief",,34,,0.51290389,,false,,10,0,solar,,1,,organized,,,cyclic,,,,true,,true,,10.166667,,2.75,,1,0.18181818,,,,,1,,true,true,1,,1,1,,0.9047619,1,0.095238095,,true,,4,,7.7664785,0.16686639,2.5212843,0.13056003,9,0.19691265,0.6123082,48,2,1,1512049.3,0,6,0.073631221,true,true,,,true,,,,3,,,,4,,,,0,,,,1,,,,0,,,,1,,57,,,49.210287,,9.8420574,,29.835811,,0.41922619,,21.652526,,0.27948413,,0.46666667,,0.4,,,,1,0.1440678,-0.12339834,7,3,false,
314,goblin-solo,yellow-white dwarf (F),false,25.430307,455.28364,429.67659,11.13933,0.16854607,1,false,1.0212357,25.450818,3,red-giant,12,5,1,0,442.73034,0.11841356,0.0053226911,2042,2042,0,36,0.74732679,0.42125604,3,0.15597383,0.022655144,gneiss,0.14995169,aquifer+aquitard+spring+runoff+karst,0.13613527,36.40201,0.48251208,24.615063,0.12666667,0.37806763,salt,0.072860653,0.0046376812,0.47916667,structural,0.55542084,tundra,7.3207864,leptosol,0.071690821,41,32.707317,1341,9.5738029,1,0,19.781742,-0.28402686,farming,tropical-seasonal-forest,false,3,0.25178744,5,organized,flat,cyclic,"farmer,shaman,chief",,40,,0.54,,false,,41,0,solar,,5,,organized,,,cyclic,,,,true,,true,,6.9019608,,3.1568627,,1,0.5,,,,,1,,true,true,1,,1,1,,0.9,1,0.1,,true,,4,,6.8183957,0.16446491,3.5647272,0.061691324,10,0.17884058,0.56678819,70,1,2,993587.04,0,6,0.087668876,true,true,,,true,,,,1,,,,0,,,,0,,,,,,,,0,,,,1,,168,,,49.210287,,9.8420574,,29.835811,,0.41922619,,21.652526,,0.27948413,,0.46666667,,0.4,,,,1,0.030574198,-0.048886055,7,3,false,
315,goblin-solo,yellow-white dwarf (F),false,38.735873,743.69832,460.78113,14.73846,0.91071641,2,false,2.7157249,24.766439,3,blue-giant,1,4,0,0,722.67303,0.14867683,0.050604797,879,496,2,23,0.71744544,0.49447036,3,0.074288365,0.021214784,shale,0.14817695,aquifer+aquitard+spring+runoff+karst,0.24917919,28.903293,0.57223086,24.323552,0.099187835,0.2965267,salt,0.065509283,0.0028512182,0.90909091,structural,0.11909284,ice,-20.744291,leptosol,0.022464144,9,6.8888889,62,18.56812,1,0,6.134908,-0.28400673,farming,temperate-forest,true,3,0.16856748,10,organized,flat,cyclic,"farmer,shaman,chief",,7,,0.63,,true,,9,0,solar,,10,,organized,,,cyclic,,,,true,,true,,9.1034483,,2.9655172,,1,0.47368421,,,,,0.9,,true,true,1,,1,1,,1,1,0,,true,,4,,6.4669317,0.13246971,3.4626461,0.06454763,9,0.16537066,0.63161403,48,2,2,1078997.2,0,5,0.089392556,true,true,,,true,,,,1,,,,5,,,,0,,,,1,,,,0,,,,1,,42,,,49.210287,,9.8420574,,29.835811,,0.41922619,,21.652526,,0.27948413,,0.44444444,,0.33333333,,,,1,0.14516129,-0.21817555,7,4,true,
316,goblin-solo,yellow-white dwarf (F),false,23.763026,984.69721,994.51698,27.379756,0.87825395,2,false,3.2507508,51.25769,5,red-giant,2,3,0,0,970.77597,0.18973788,0.019492289,904,545,2,30,0.67980079,0.48604758,3,0.03095552,0.024583761,evaporite,0.14013419,aquifer+aquitard+spring+runoff+karst,0.19182678,27.566297,0.45966758,25.288071,0.11184812,0.41384568,salt,0.061198579,0.0068618481,0.61111111,structural,0.35084613,ice,-28.209922,leptosol,0.005336993,64,22.40625,1434,9.6793761,1,0,8.2196094,-0.3958662,farming,taiga,true,3,0.30542848,13,organized,flat,cyclic,"farmer,shaman,chief",,29,,0.585,,true,,64,0,solar,,13,,organized,,,cyclic,,,,true,,true,,8.2666667,,3.2,,0.78125,0.62337662,,,,,1,,true,true,1,,1,1,,0.94230769,1,0.057692308,,true,,4,,6.4916375,0.13069851,3.5802811,0.066915678,9,0.30009149,0.71822177,61,2,2,1120562.1,0,7,0.078609959,true,true,,,true,,,,0,,,,0,,,,0,,,,,,,,0,,,,1,,396,,,49.210287,,9.8420574,,29.835811,,0.41922619,,21.652526,,0.27948413,,0.46666667,,0.4,,,,1,0.024407252,-0.26146608,7,5,true,
317,goblin-solo,yellow dwarf (G),false,39.02116,512.50997,315.21972,2.79706,0.077082046,3,false,4.5590459,47.675647,2,sun-like,10,6,1,0,504.73825,0.088235133,0.0060614754,2503,1495,85,22,0.61449636,0.5331518,3,0.033006201,0.0147942,shale,0.099107086,aquifer+aquitard+spring+runoff+karst,0.15920461,27.842221,0.44987651,25.512782,0.10714964,0.37293395,salt,0.06717284,0.00025330885,0.25,structural,0.75,ice,-31.113326,leptosol,0.0042429232,3,33.333333,100,9.8330576,1,0,14.481683,-0.028884985,farming,taiga,true,3,0.22728136,15,organized,flat,cyclic,"farmer,shaman,chief",,34,,0.57017153,,true,,3,0,solar,,15,,organized,,,cyclic,,,,true,,true,,7.1212121,,2.3333333,,1,0.5,,,,,1,,true,true,1,,1,1,,1,1,0,,true,,4,,7.5533894,0.13610445,2.6781437,0.11364191,11,0.19143816,0.70043189,56,2,2,1460017.1,0,8,0.098942019,true,true,,,true,,,,5,,,,3,,,,0,,,,1,,,,0,,,,1,,39,,,49.210287,,9.8420574,,29.835811,,0.41922619,,21.652526,,0.27948413,,0.44444444,,0.33333333,,,,1,0.34,-0.19583724,7,2,true,
318,goblin-solo,orange dwarf (K),false,34.939901,151.10424,103.79256,34.759626,2.8169466,1,false,0.40348065,10.423389,5,sun-like,4,4,1,0,141.87459,0.030387897,0.000015074333,330,209,0,19,0.51508715,0.61017973,3,0.2479127,0.019188516,evaporite,0.098323516,aquifer+aquitard+spring+runoff+karst,0.25706087,25.220088,0.49861552,25.030116,0.11216835,0.41715753,salt,0.052407012,0.0013089664,0.73076923,numinous,0.26923077,alpine,-2.5289771,leptosol,0.061571767,7,42,294,32.139628,1,0,8.6345773,0,farming,tropical-seasonal-forest,true,3,0.29507124,6,organized,flat,cyclic,"farmer,shaman,chief",,42,,0.57840766,,true,,7,0,solar,,6,,organized,,,cyclic,,,,true,,true,,9.5789474,,2.3157895,,1,0,,,,,1,,true,true,0,,1,1,,1,1,0,,true,,4,,6.305166,0.12890647,2.8396161,0.11222597,7,0.245985,0.69828005,38,2,1,1568374.6,0,7,0.064135377,true,true,,,true,,,,2,,,,2,,,,0,,,,1,,,,0,,,,1,,12,,,49.210287,,9.8420574,,29.835811,,0.41922619,,21.652526,,0.27948413,,0.46666667,,0.4,,,,1,0.14285714,0.037913139,7,2,true,
319,goblin-solo,yellow-white dwarf (F),false,34.727006,734.33664,507.50357,18.05083,0.5083558,2,false,4.0320261,44.144199,2,sun-like,13,4,1,0,722.42086,0.16750606,0.035242566,453,285,3,32,0.68214443,0.59961598,3,0.1084908,0.034959231,evaporite,0.11290323,aquifer+aquitard+spring+runoff+karst,0.043087558,25.037075,0.033102919,25.93443,0.087711214,0.35606759,salt,0.055246318,0.0049923195,0.44615385,structural,0.6347615,ice,-12.648292,leptosol,0.030491551,62,29.048387,1801,22.873255,1,0,10.944036,-0.3936581,farming,temperate-forest,false,3,0.22619048,10,organized,flat,cyclic,"farmer,shaman,chief",,41,,0.53294763,,false,,62,0,solar,,10,,organized,,,cyclic,,,,true,,true,,9.097561,,2.5731707,,0.93548387,0.52777778,,,,,1,,true,true,2,,1,1,,0.84482759,1,0.15517241,,true,,4,,6.1870512,0.11689573,3.2416266,0.072066794,10,0.29769585,0.81858186,42,2,2,1187609.2,1,5,0.055487685,true,true,,,true,,,,3,,,,2,,,,0,,,,1,,,,0,,,,1,,144,,,49.210287,,9.8420574,,29.835811,,0.41922619,,21.652526,,0.27948413,,0.46666667,,0.4,,,,1,0.023320378,-0.022868583,7,3,true,
320,goblin-solo,yellow-white dwarf (F),false,23.72383,1046.7978,1058.9836,1.4716328,1.5149719,2,false,0.98571244,37.618959,3,orange-giant,6,3,0,0,1026.9721,0.20565213,0.051862584,201,128,0,13,0.60499976,0.58053152,3,0.044358186,0.024022265,evaporite,0.11007417,aquifer+aquitard+spring+runoff+karst,0.18084054,29.821207,0.3276267,25.580437,0.090173053,0.39171817,salt,0.058922743,0.0018541409,0.63333333,structural,0.44514043,ice,-29.944334,leptosol,0.01131026,15,31.133333,467,10.52882,1,0,1.8294137,-0.15967221,farming,taiga,true,3,0.26124845,10,organized,flat,cyclic,"farmer,shaman,chief",,37,,0.585,,true,,15,0,solar,,10,,organized,,,cyclic,,,,true,,true,,8.3142857,,3,,1,0.32,,,,,1,,true,true,1,,1,1,,1,1,0,,true,,4,,6.4373881,0.11550567,2.8206513,0.099580099,7,0.44802225,0.78104284,45,2,1,1513246.6,0,5,0.06998299,true,true,,,true,,,,3,,,,5,,,,0,,,,1,,,,0,,,,1,,252,,,49.210287,,9.8420574,,29.835811,,0.41922619,,21.652526,,0.27948413,,0.46666667,,0.4,,,,1,0.079229122,-0.36089657,7,3,true,
321,goblin-solo,yellow-white dwarf (F),false,24.746349,746.56606,724.04966,30.306427,2.4650866,1,false,0.19940414,11.393923,5,blue-giant,12,4,2,0,786.33127,0.20267698,0.14394447,92,0,0,29,0.6564865,0.5779973,3,0.19339876,0.024510522,shale,0.11193234,aquifer+aquitard+spring+runoff+karst,0.025868808,41.39701,0.095373463,26.420749,0.14426835,0.38341269,salt,0.06738586,0.002771658,0.66666667,structural,0.43447135,ice,-3.2620311,leptosol,0.037452917,42,20.214286,849,37.889335,1,0,16.571886,-0.36355608,farming,tropical-rainforest,true,3,0.2372255,7,organized,flat,cyclic,"farmer,shaman,chief",,32,,0.63,,true,,42,0,solar,,7,,organized,,,cyclic,,,,true,,true,,9.5535714,,2.8928571,,1,0.55102041,,,,,0.85714286,,true,true,2,,1,1,,0.98,1,0.03,,true,,4,,6.950328,0.13048626,2.8026305,0.089229042,9,0.23864686,0.7252121,48,2,1,1549545.9,0,4,0.093917594,true,true,,,true,,,,6,,,,2,,,,0,,,,1,,,,0,,,,1,,24,,,49.210287,,9.8420574,,29.835811,,0.41922619,,21.652526,,0.27948413,,0.46666667,,0.4,,,,1,0.037691402,-0.037214218,7,6,false,
322,goblin-solo,yellow dwarf (G),true,,274.26831,,17.524109,0.62255096,2,false,3.1594925,12.521875,2,red-giant,1,3,0,0,259.89718,0.068998187,,424,265,0,22,0.70521459,0.42567288,locked,0.081929593,0.0072017968,gneiss,0.15801242,aquifer+aquitard+spring+runoff+karst,0.30004141,25.898164,0.52256729,24.361765,0.13598344,0.31412008,salt,0.064783732,0.0019875776,0.375,structural,0.61732293,ice,-20.233187,leptosol,0.030144928,16,35,560,0.44842075,1,0,52.582485,-0.25043405,farming,tropical-seasonal-forest,false,3,0.2247619,6,organized,flat,eternal,"farmer,shaman,chief",,40,,0.43554077,,false,,16,0,solar,,6,,organized,,,eternal,,,,true,,true,,6.4285714,,2.7142857,,0.375,0.45454545,,,,,0.66666667,,true,true,0,,1,1,,1,1,0,,true,,4,,7.2847372,0.1725004,3.742586,0.066036815,8,0.20082816,0.5900724,138,1,2,904971.35,0,6,0.092325894,true,true,,,true,,,,4,,,,3,,,,0,,,,1,,,,0,,,,1,,576,,,49.210287,,9.8420574,,29.835811,,0.41922619,,21.652526,,0.27948413,,0.46666667,,0.4,,,,1,0.073214286,0.17107931,7,3,true,
323,goblin-solo,yellow-white dwarf (F),false,18.619899,919.05432,1184.6092,19.993059,0.15863495,3,false,6.0683025,134.47306,3,blue-giant,5,3,0,0,914.03018,0.19357302,0.0095704199,1355,860,1,37,0.65863483,0.4863048,5,0.06769689,0.022899272,gneiss,0.1243653,aquifer+aquitard+spring+runoff+karst,0.16913395,25.467785,0.48272903,24.497354,0.13802474,0.38339412,salt,0.069123527,0.0014303082,0.85,numinous,0.19201691,ice,-20.302743,leptosol,0.016591575,4,30.75,123,17.586081,1,0,3.0125328,-0.30255287,farming,temperate-rainforest,true,3,0.26882643,16,organized,flat,cyclic,"farmer,shaman,chief",,36,,0.675,,true,,4,0,solar,,16,,organized,,,cyclic,,,,true,,true,,9.1944444,,2.2222222,,1,0.35,,,,,0.9375,,true,true,2,,1,1,,1,1,0,,true,,4,,7.3452173,0.13507506,3.2043,0.084492945,8,0.30229564,0.6531393,61,1,2,1244708.7,2,4,0.07939216,true,true,,,true,,,,3,,,,2,,,,0,,,,1,,,,0,,,,1,,192,,,49.210287,,9.8420574,,29.835811,,0.41922619,,21.652526,,0.27948413,,0.44444444,,0.33333333,,,,1,0.29268293,-0.1949953,7,2,true,
324,goblin-solo,yellow-white dwarf (F),false,20.651781,403.54577,468.97157,13.917411,0.61632442,2,false,2.3511594,17.315783,2,red-dwarf,0,0,0,0,387.6716,0.11712815,0.026532543,1580,1575,3,39,0.54843514,0.64107693,3,0.20465309,0.0436258,gneiss,0.091636482,aquifer+aquitard+spring+runoff+karst,0.11450505,44.441686,0.34973239,25.62741,0.13607612,0.37849381,salt,0.068687407,0.00010812564,0,structural,1,alpine,9.7970195,leptosol,0.038925231,2,40,80,8.4041959,1,0,12.995418,-0.072149786,farming,tropical-seasonal-forest,false,3,0.22976699,13,organized,flat,cyclic,"farmer,shaman,chief",,39,,0.52255534,,false,,2,0,solar,,13,,organized,,,cyclic,,,,true,,true,,6.7142857,,2.5357143,,1,0.33333333,,,,,0.92307692,,true,true,1,,1,1,,1,1,0,,true,,4,,6.825364,0.13329635,2.9659122,0.10089839,9,0.44780235,0.73883111,36,2,1,1960411.7,0,5,0.09279298,true,true,,,true,,,,1,,,,7,,,,0,,,,1,,,,0,,,,1,,36,,,49.210287,,9.8420574,,29.835811,,0.41922619,,21.652526,,0.27948413,,0.44444444,,0.33333333,,,,1,0.5125,-0.096333505,7,2,false,
325,goblin-solo,orange dwarf (K),false,39.746375,155.03593,93.615135,31.75732,1.8033451,0,false,-0,,2,sun-like,3,5,1,0,,0.028584761,0.11581016,0,0,0,29,0.73436356,0.51870233,3,0.13016943,0.018846736,shale,0.14208253,aquifer+aquitard+spring+runoff+karst,0.10109365,23.797987,0.28342983,25.344369,0.12866464,0.30364856,salt,0.064793674,0.0021137763,0.91304348,structural,0.33757916,ice,-8.137755,leptosol,0.050822535,11,26.272727,289,36.846704,1,0,7.2519791,-0.4460276,farming,temperate-forest,false,2,0.18123334,2,folk,flat,cyclic,"farmer,chief",,34,,0.39037563,,false,,11,0,solar,,2,,folk,,,cyclic,,,,true,,true,,10.933333,,3.4666667,,1,0.23076923,,,,,1,,true,true,3,,1,1,,0.94117647,1,0.044117647,,true,,4,,5.8635154,0.10092303,3.2539561,0.064645281,8,0.27175811,0.7017084,33,2,2,1005789,0,5,0.069344735,true,true,,,true,,,,1,,,,8,,,,0,,,,1,,,,0,,,,1,,408,,,49.210287,,9.8420574,,29.835811,,0.41922619,,21.652526,,0.27948413,,0.46666667,,0.4,,,,1,0.12802768,0.10790476,7,3,false,
326,goblin-solo,yellow dwarf (G),false,30.946318,289.00586,224.1346,33.619662,3.665369,0,false,-0,,2,sun-like,5,4,1,0,,0.065939617,0.010637906,0,0,0,35,0.70570285,0.45309,3,0.155925,0.032640008,gneiss,0.13405226,aquifer+aquitard+spring+runoff+karst,0.27059311,24.901877,0.69033596,23.17138,0.14732476,0.45051846,salt,0.082196788,0.0072998756,0.59090909,structural,0.53746057,temperate-forest,-0.36450509,leptosol,0.076897553,57,32.368421,1845,45.592676,1,0,9.7454174,-0.34322689,farming,tropical-seasonal-forest,false,3,0.27698051,2,organized,flat,cyclic,"farmer,shaman,chief",,41,,0.4565547,,false,,57,0,solar,,2,,organized,,,cyclic,,,,true,,true,,10.180328,,2.8196721,,1,0.37288136,,,,,1,,true,true,0,,1,1,,0.93814433,1,0.06185567,,true,,4,,6.6455771,0.11839109,3.7491736,0.066476246,12,0.18166736,0.71575049,54,1,2,977952.98,1,5,0.07191993,true,true,,,true,,,,1,,,,0,,,,0,,,,,,,,0,,,,1,,144,,,49.210287,,9.8420574,,29.835811,,0.41922619,,21.652526,,0.27948413,,0.46666667,,0.4,,,,1,0.022764228,-0.10961099,7,3,false,
327,goblin-solo,orange dwarf (K),false,36.332121,314.34784,207.64953,24.205242,0.061795955,3,false,7.6630707,45.990807,3,orange-giant,7,5,1,0,309.43169,0.053823279,0.0047599332,1339,844,23,28,0.69042039,0.49428279,3,0.066744788,0.01794346,gneiss,0.13792288,aquifer+aquitard+spring+runoff+karst,0.14170807,33.560582,0.27836921,25.813183,0.10030755,0.29587572,salt,0.06235288,0.004100623,0.42307692,structural,0.7127436,ice,-21.883357,leptosol,0.01182872,41,24.219512,993,15.85266,1,0,10.347735,-0.29329597,farming,taiga,true,3,0.18074284,16,organized,flat,cyclic,"farmer,shaman,chief",,33,,0.51015864,,true,,41,0,solar,,16,,organized,,,cyclic,,,,true,,true,,7.7123288,,2.9726027,,0.6097561,0.56140351,,,,,1,,true,true,0,,1,1,,0.875,1,0.125,,true,,4,,7.1035118,0.14383042,3.4770251,0.065182364,8,0.26228215,0.61786011,100,1,2,1230087.1,1,6,0.094576768,true,true,,,true,,,,2,,,,0,,,,0,,,,,,,,0,,,,1,,216,,,49.210287,,9.8420574,,29.835811,,0.41922619,,21.652526,,0.27948413,,0.44444444,,0.33333333,,,,1,0.034239678,-0.12375516,7,3,true,
328,goblin-solo,yellow-white dwarf (F),false,27.294079,774.43684,680.97128,4.4637975,3.1197926,1,false,0.25094925,17.134209,2,sun-like,3,4,1,0,764.53336,0.17348383,0.10924232,12,8,0,37,0.52375372,0.52773221,3,0.1196963,0.030540501,shale,0.070637687,aquifer+aquitard+spring+runoff+karst,0.1855649,33.371027,0.51368669,24.784121,0.088066434,0.46032397,salt,0.075625893,0.0007176543,0.85714286,structural,0.25069201,ice,-18.497713,leptosol,0.030346525,4,39,156,24.118495,1,0,16.630014,-0.090978841,farming,taiga,false,3,0.34073201,5,organized,flat,cyclic,"farmer,shaman,chief",,40,,0.52158079,,false,,4,0,solar,,5,,organized,,,cyclic,,,,true,,true,,7.9285714,,2.2857143,,1,0.22222222,,,,,1,,true,true,2,,1,1,,0.75,1,0.25,,true,,4,,7.912654,0.17892099,2.32831,0.16266296,7,0.71339963,0.65129975,55,2,1,1555693.9,0,6,0.10112769,true,true,,,true,,,,1,,,,0,,,,0,,,,,,,,0,,,,1,,168,,,49.210287,,9.8420574,,29.835811,,0.41922619,,21.652526,,0.27948413,,0.46666667,,0.4,,,,1,0.26282051,-0.2535743,7,2,true,
329,goblin-solo,yellow dwarf (G),false,30.760879,562.8606,439.15047,7.9733321,0.15486598,3,false,7.3792628,63.847701,3,sun-like,0,0,0,0,556.42602,0.11076278,0.011146711,4492,4329,121,36,0.72735706,0.5566798,3,0.055173087,0.031443777,shale,0.10798711,aquifer+aquitard+spring+runoff+karst,0.16135387,30.567951,0.43033668,25.181357,0.091959169,0.34948066,salt,0.060147217,0.016027937,0.60893855,structural,0.61664416,ice,-22.840986,leptosol,0.020325931,131,25.900763,3393,20.10657,1,0,5.3605605,-0.38137922,farming,taiga,false,2,0.18499284,15,folk,flat,cyclic,"farmer,chief",,39,,0.37888062,,false,,131,0,solar,,15,,folk,,,cyclic,,,,true,,true,,10.360248,,3.9751553,,1,0.68493151,,,,,0.93333333,,true,true,1,,1,1,,0.89333333,1,0.10666667,,true,,4,,6.280801,0.12830919,3.1351459,0.06872223,10,0.26128223,0.74271818,39,2,1,1125178.5,1,4,0.10087844,true,true,,,true,,,,2,,,,0,,,,0,,,,,,,,0,,,,1,,480,,,49.210287,,9.8420574,,29.835811,,0.41922619,,21.652526,,0.27948413,,0.44444444,,0.33333333,,,,1,0.011788977,-0.31294671,7,6,false,
330,goblin-solo,orange dwarf (K),false,27.793908,210.8827,182.09691,33.340697,0.42754365,2,true,7.0598992,20.115913,2,sun-like,0,0,0,1,203.66408,0.04077412,0.011669464,1629,1009,41,29,0.5929398,0.54575987,3,0.18326742,0.027659782,shale,0.13248171,aquifer+aquitard+spring+runoff+karst,0.14111791,29.977726,0.42761185,25.704961,0.13482068,0.38185199,salt,0.060199945,0.0014993403,0.44,structural,0.63862839,ice,-7.7909842,leptosol,0.04300108,17,30.235294,514,29.82821,1,0,2.9364392,-0.50372026,farming,temperate-forest,false,3,0.25458798,11,organized,flat,cyclic,"farmer,shaman,chief",,41,,0.45199934,,false,,17,0,solar,,11,,organized,,,cyclic,,,,true,,true,,6.5384615,,2.5384615,,1,0.57142857,,,,,1,,true,true,1,,1,1,,1,1,0,,true,,4,,7.2810871,0.11068785,2.8329984,0.10487769,9,0.43684779,0.75026812,47,2,1,1598346.5,0,3,0.068714073,true,true,,,true,,,,4,,,,0,,,,0,,,,,,,,0,,,,1,,72,,,49.210287,,9.8420574,,29.835811,,0.41922619,,21.652526,,0.27948413,,0.44444444,,0.33333333,,,,1,0.081712062,-0.038059085,7,4,true,
331,goblin-solo,yellow dwarf (G),false,39.185304,331.39051,202.96824,30.706141,0.14570879,1,false,4.9781729,22.330545,3,red-giant,10,5,0,0,321.22052,0.080919793,0.0089906754,275,175,0,9,0.49760754,0.52704213,3,0.29014697,0.024388458,evaporite,0.092910248,aquifer+aquitard+spring+runoff+karst,0.11997668,29.447075,0.24073084,26.108849,0.077214636,0.47893484,salt,0.04893376,0.000097186452,0,structural,1,alpine,4.6033617,leptosol,0.054084261,2,42,84,22.289515,1,0,4.2932587,0,farming,tropical-seasonal-forest,false,3,0.36469216,7,organized,flat,cyclic,"farmer,shaman,chief",,42,,0.52199524,,false,,2,0,solar,,7,,organized,,,cyclic,,,,true,,true,,7.5,,2.25,,1,0.22222222,,,,,1,,true,true,2,,1,1,,1,1,0,,true,,4,,7.9350918,0.14196376,1.9956231,0.22371954,6,0.43646436,0.6607045,47,3,1,1415703.3,0,5,0.11499164,true,true,,,true,,,,3,,,,6,,,,0,,,,1,,,,0,,,,1,,24,,,49.210287,,9.8420574,,29.835811,,0.41922619,,21.652526,,0.27948413,,0.46666667,,0.4,,,,1,0.5,0.067665282,7,2,true,
332,goblin-solo,orange dwarf (K),false,22.427135,310.0877,331.83483,11.626046,3.7698262,0,false,-0,,3,sun-like,4,3,0,0,,0.0506542,0.16043466,0,0,0,30,0.63036473,0.47467142,3,0.07382452,0.01105903,shale,0.0991348,aquifer+aquitard+spring+runoff+karst,0.029390397,28.687584,0.21293177,26.159268,0.13823393,0.36840367,salt,0.058284896,0.0013869626,1,structural,0.34739427,ice,-23.112203,leptosol,0.020540255,7,3.8571429,27,13.870353,1,0,3.9839022,-0.22968482,farming,taiga,false,3,0.22250842,2,organized,flat,cyclic,"farmer,shaman,chief",,4,,0.51051632,,false,,7,0,solar,,2,,organized,,,cyclic,,,,true,,true,,11.181818,,3.0909091,,1,0,,,,,0.5,,true,true,2,,1,1,,1,1,0,,true,,4,,8.5518066,0.15404882,2.1792216,0.14503686,10,0.35433591,0.68191657,69,2,2,1373973.4,0,4,0.10796068,true,true,,,true,,,,2,,,,0,,,,0,,,,,,,,0,,,,1,,96,,,49.210287,,9.8420574,,29.835811,,0.41922619,,21.652526,,0.27948413,,0.46666667,,0.4,,,,1,0.18518519,-0.33105455,7,2,false,
333,goblin-solo,yellow-white dwarf (F),false,31.392356,526.85211,402.78757,13.035056,0.98015396,2,false,3.6350157,29.113113,2,orange-giant,15,5,4,0,514.09674,0.11837695,0.068315876,723,453,10,27,0.53232264,0.6089158,3,0.14862556,0.040915971,evaporite,0.10158167,aquifer+aquitard+spring+runoff+karst,0.1093073,44.560075,0.14657827,25.941762,0.13441562,0.45085347,salt,0.059128513,0.0042282194,0.44444444,structural,0.65456761,alpine,-9.3998032,leptosol,0.032938352,74,35.027027,2592,19.23063,1,0,3.1059056,-0.20176319,farming,temperate-forest,false,3,0.29994258,10,organized,flat,cyclic,"farmer,shaman,chief",,42,,0.50805183,,false,,74,0,solar,,10,,organized,,,cyclic,,,,true,,true,,6.1808511,,2.212766,,0.81081081,0.64285714,,,,,0.9,,true,true,1,,1,1,,0.91869919,1,0.081300813,,true,,4,,7.1554683,0.14768198,2.5878283,0.12506714,6,0.44505925,0.61231638,64,2,1.5,1865917.1,0,5,0.088855109,true,true,,,true,,,,3,,,,7,,,,0,,,,1,,,,0,,,,1,,132,,,49.210287,,9.8420574,,29.835811,,0.41922619,,21.652526,,0.27948413,,0.46666667,,0.4,,,,1,0.016203704,-0.053320174,7,5,true,
334,goblin-solo,orange dwarf (K),false,18.497038,181.81879,235.9108,16.939564,0.10236475,0,false,-0,,2,red-dwarf,1,3,1,0,,0.028243473,0.0028336664,0,0,0,10,0.62308969,0.52322042,5,0.057858503,0.012816757,shale,0.090031738,aquifer+aquitard+spring+runoff+karst,0.24334478,22.407318,0.48798497,25.144987,0.097221323,0.33991839,salt,0.056215008,0.00025908414,0,structural,1,ice,-23.681887,leptosol,0.014897338,4,37.75,151,15.034478,1,0,6.5159376,-0.014556032,farming,taiga,true,3,0.20176177,1,organized,flat,cyclic,"farmer,shaman,chief",,38,,0.63,,true,,4,0,solar,,1,,organized,,,cyclic,,,,true,,true,,7,,2.1666667,,1,0.4,,,,,1,,true,true,1,,1,1,,1,1,0,,true,,4,,6.9676027,0.11951178,2.8741085,0.1037547,10,0.23220416,0.6647527,32,2,2,1371210.1,0,3,0.066397428,true,true,,,true,,,,1,,,,0,,,,0,,,,,,,,0,,,,1,,1008,,,49.210287,,9.8420574,,29.835811,,0.41922619,,21.652526,,0.27948413,,0.46666667,,0.4,,,,1,0.25165563,-0.19345279,7,2,false,
335,goblin-solo,orange dwarf (K),false,31.523147,272.26974,207.29129,26.403159,3.2472741,0,false,-0,,5,red-giant,3,3,3,0,,0.044657102,0.085645171,0,0,0,9,0.67350227,0.54934948,3,0.054880133,0.0029051316,shale,0.13242112,aquifer+aquitard+spring+runoff+karst,0.045311799,23.907867,0.19081801,26.10855,0.10011964,0.30334978,salt,0.050962739,0.0008224914,1,structural,0.085555091,ice,-25.965166,leptosol,0.014430985,3,5.3333333,16,14.227375,1,0,6.8915926,-0.17640981,farming,temperate-forest,true,3,0.14879617,2,organized,flat,cyclic,"farmer,shaman,chief",,6,,0.58871613,,true,,3,0,solar,,2,,organized,,,cyclic,,,,true,,true,,6.2857143,,2.1428571,,1,0.4,,,,,1,,true,true,1,,1,1,,1,1,0,,true,,4,,7.0689706,0.12195419,2.8179925,0.08827694,11,0.1793779,0.61033261,50,2,2,1329076.5,0,4,0.049816554,true,true,,,true,,,,6,,,,1,,,,0,,,,1,,,,0,,,,1,,180,,,49.210287,,9.8420574,,29.835811,,0.41922619,,21.652526,,0.27948413,,0.46666667,,0.4,,,,1,0.375,-0.30547035,7,2,false,
336,goblin-solo,orange dwarf (K),false,20.003996,216.10421,259.27324,30.348035,1.4491062,1,false,0.98707183,20.759715,5,orange-giant,12,5,3,0,208.97149,0.055925686,0.12510747,448,288,0,26,0.60644012,0.53904845,3,0.19449734,0.0058102632,evaporite,0.13684015,aquifer+aquitard+spring+runoff+karst,0.21257986,16.975937,0.44445134,24.743592,0.1287141,0.40661249,salt,0.065229819,0.0015507723,0.68,numinous,0.34632927,alpine,12.280137,leptosol,0.064326034,9,39.555556,356,8.5790625,1,0,19.709733,-0.090195988,farming,tropical-seasonal-forest,false,3,0.26462378,7,organized,flat,cyclic,"farmer,shaman,chief",,42,,0.5044872,,false,,9,0,solar,,7,,organized,,,cyclic,,,,true,,true,,6.8695652,,2.3478261,,0.88888889,0.25,,,,,0.85714286,,true,true,0,,1,1,,0.81818182,1,0.18181818,,true,,4,,5.7878818,0.11317346,3.2736341,0.07680289,6,0.5064202,0.68992274,35,2,2,1131624,0,3,0.067235827,true,true,,,true,,,,3,,,,1,,,,0,,,,1,,,,0,,,,1,,300,,,49.210287,,9.8420574,,29.835811,,0.41922619,,21.652526,,0.27948413,,0.46666667,,0.4,,,,1,0.11797753,-0.044045697,7,2,true,
337,goblin-solo,yellow dwarf (G),false,23.122533,432.5393,448.95355,23.933568,0.52460279,3,false,7.643855,37.56139,2,orange-giant,5,3,1,0,424.31768,0.092254696,0.033055697,1057,669,17,17,0.53517895,0.56859244,3,0.15785362,0.034910405,shale,0.10814076,aquifer+aquitard+spring+runoff+karst,0.16418067,28.994802,0.24028361,25.365947,0.13209034,0.38335084,salt,0.065419698,0.0024159664,0.47826087,structural,0.59229978,ice,-13.575758,leptosol,0.028518908,35,33.285714,1165,27.893929,1,0,7.9319451,-0.2386446,farming,temperate-forest,false,3,0.25204832,15,organized,flat,cyclic,"farmer,shaman,chief",,41,,0.46716345,,false,,35,0,solar,,15,,organized,,,cyclic,,,,true,,true,,7.7076923,,2.6769231,,0.94285714,0.36,,,,,1,,true,true,2,,1,1,,0.88679245,1,0.11320755,,true,,4,,7.3515692,0.15098382,2.8209654,0.1117133,6,0.62158613,0.61911614,49,2,1,1677050.1,0,6,0.083970015,true,true,,,true,,,,1,,,,7,,,,0,,,,1,,,,0,,,,1,,36,,,49.210287,,9.8420574,,29.835811,,0.41922619,,21.652526,,0.27948413,,0.44444444,,0.33333333,,,,1,0.036051502,-0.16361684,7,3,true,
338,goblin-solo,yellow-white dwarf (F),false,19.006756,430.39187,543.45966,10.395065,0.59719882,2,false,3.41228,32.475923,4,blue-giant,11,7,1,0,420.96399,0.11641516,0.039272061,2769,1299,0,29,0.59853035,0.55573123,5,0.20399395,0.0069332552,evaporite,0.13615081,aquifer+aquitard+spring+runoff+karst,0.076983886,22.678991,0.26080876,25.348402,0.1346914,0.44049863,salt,0.055869169,0.0040133779,0.43939394,structural,0.60106562,alpine,10.148992,leptosol,0.080085132,52,33.942308,1765,13.561757,1,0,6.3504235,-0.22862078,farming,tropical-seasonal-forest,false,3,0.3131651,12,organized,flat,cyclic,"farmer,shaman,chief",,41,,0.46702463,,false,,52,0,solar,,12,,organized,,,cyclic,,,,true,,true,,9.3421053,,2.6842105,,0.98076923,0.59375,,,,,0.83333333,,true,true,3,,1,1,,0.8961039,1,0.1038961,,true,,4,,6.7387955,0.15087153,2.6977617,0.1081246,8,0.18893281,0.60878796,49,2,1,1265756.7,1,5,0.099934791,true,true,,,true,,,,3,,,,0,,,,0,,,,,,,,0,,,,1,,36,,,49.210287,,9.8420574,,29.835811,,0.41922619,,21.652526,,0.27948413,,0.46666667,,0.4,,,,1,0.023796034,0.070063591,7,3,false,
339,goblin-solo,orange dwarf (K),false,19.795831,148.09274,179.54415,2.4412219,0.35641188,2,false,7.42716,21.365963,4,orange-giant,9,5,2,0,143.33398,0.035123333,0.019475586,1925,1185,59,9,0.72000879,0.44084053,5,0.11630291,0.0034422147,evaporite,0.17699887,aquifer+aquitard+spring+runoff+karst,0.21274741,13.656246,0.41381114,25.009255,0.073676868,0.32008022,salt,0.043606667,0.0004359578,0.4,structural,0.66756472,savanna,13.39195,leptosol,0.026942192,4,41.25,165,7.2458654,1,0,7.9900969,-0.03338948,farming,tropical-seasonal-forest,false,3,0.24230534,10,organized,flat,cyclic,"farmer,shaman,chief",,41,,0.46078865,,false,,4,0,solar,,10,,organized,,,cyclic,,,,true,,true,,7.0833333,,2.5416667,,1,0.5,,,,,0.9,,true,true,3,,1,1,,0.66666667,1,0.33333333,,true,,4,,6.2008034,0.09695974,3.5097047,0.066671549,9,0.21789171,0.73408416,50,2,2,886386.25,0,6,0.074572607,true,true,,,true,,,,3,,,,4,,,,0,,,,1,,,,0,,,,1,,75,,,49.210287,,9.8420574,,29.835811,,0.41922619,,21.652526,,0.27948413,,0.44444444,,0.33333333,,,,1,0.25454545,0.020026878,7,3,true,
340,goblin-solo,yellow dwarf (G),false,34.930258,571.87863,392.92831,31.296138,1.488331,2,false,1.0015983,27.753976,4,red-giant,0,0,0,0,557.35407,0.11124954,0.11229126,729,449,0,20,0.68319418,0.5329429,3,0.080220692,0.031272887,andesite,0.14841643,aquifer+aquitard+spring+runoff+karst,0.13223395,36.341443,0.24381598,25.731304,0.094166602,0.33775141,salt,0.065647635,0.00053941589,0.28571429,structural,0.77832861,taiga,-17.299379,leptosol,0.019264853,7,39.571429,277,17.755013,1,0,3.6644517,-0.015237098,farming,taiga,false,3,0.20844571,11,organized,flat,cyclic,"farmer,shaman,chief",,39,,0.41624029,,false,,7,0,solar,,11,,organized,,,cyclic,,,,true,,true,,6.8965517,,2.9655172,,1,0.22222222,,,,,1,,true,true,2,,1,1,,0.77777778,1,0.22222222,,true,,4,,6.9442117,0.12981433,3.576219,0.066695962,11,0.16059182,0.64913334,90,1,2,1378275.9,0,6,0.059285158,true,true,,,true,,,,2,,,,5,,,,0,,,,1,,,,0,,,,1,,42,,,49.210287,,9.8420574,,29.835811,,0.41922619,,21.652526,,0.27948413,,0.44444444,,0.33333333,,,,1,0.14440433,-0.076968535,7,2,true,
341,goblin-solo,yellow-white dwarf (F),false,31.665536,791.56339,599.94314,22.67204,0.37026331,2,false,3.6748319,37.395231,3,blue-giant,5,4,1,0,776.48357,0.15564605,0.0238299,345,217,2,30,0.73768371,0.549651,3,0.032078512,0.022020409,shale,0.10423453,aquifer+aquitard+spring+runoff+karst,0.14127501,32.244989,0.41340158,25.489506,0.11996277,0.31530945,salt,0.069939127,0.0033503955,0.91666667,structural,0.17785527,ice,-29.609427,leptosol,0.012843183,7,18.714286,131,12.633298,1,0,13.135496,-0.50244916,farming,taiga,true,3,0.15672406,12,organized,flat,cyclic,"farmer,shaman,chief",,25,,0.585,,true,,7,0,solar,,12,,organized,,,cyclic,,,,true,,true,,11.580645,,2.9032258,,1,0.26315789,,,,,0.91666667,,true,true,1,,1,1,,1,1,0,,true,,4,,6.3452911,0.11057663,3.0685408,0.065255603,10,0.20735226,0.73271976,52,2,2,1155637.3,0,4,0.079346424,true,true,,,true,,,,0,,,,2,,,,0,,,,1,,,,0,,,,1,,288,,,49.210287,,9.8420574,,29.835811,,0.41922619,,21.652526,,0.27948413,,0.44444444,,0.33333333,,,,1,0.19083969,-0.16651205,7,3,true,
342,goblin-solo,yellow-white dwarf (F),false,31.34852,599.11904,458.67739,9.1654406,2.454558,2,false,0.86543246,19.726543,4,sun-like,3,3,1,0,578.22916,0.16619615,0.021584036,369,231,0,33,0.59552756,0.52293578,3,0.22730824,0.024925541,evaporite,0.16278368,aquifer+aquitard+spring+runoff+karst,0.14244326,27.059609,0.39558184,24.894277,0.14636649,0.41658619,salt,0.058196603,0.001146789,0.89473684,numinous,0.10545012,alpine,9.8694098,leptosol,0.082629165,2,15,30,14.940849,1,0,24.587721,0,farming,temperate-forest,false,3,0.3115041,9,organized,flat,cyclic,"farmer,shaman,chief",,15,,0.51165671,,false,,2,0,solar,,9,,organized,,,cyclic,,,,true,,true,,6,,2.25,,0.5,0.54545455,,,,,1,,true,true,1,,1,1,,1,1,0,,true,,4,,6.5976727,0.12269942,3.007174,0.089668473,8,0.51038146,0.74663583,34,2,1,1392641.6,1,5,0.097878834,true,true,,,true,,,,2,,,,1,,,,0,,,,1,,,,0,,,,1,,120,,,49.210287,,9.8420574,,29.835811,,0.41922619,,21.652526,,0.27948413,,0.44444444,,0.33333333,,,,1,0.5,-0.022966561,7,2,true,
343,goblin-solo,orange dwarf (K),false,38.537516,269.36542,167.75264,16.137495,4.6539339,0,false,-0,,3,sun-like,13,5,1,0,,0.049636183,0.09908313,0,0,0,27,0.54206338,0.60822049,3,0.10819784,0.033738587,shale,0.077406973,aquifer+aquitard+spring+runoff+karst,0.10550165,37.964487,0.24416249,25.665023,0.1692078,0.43154921,salt,0.065372817,0.0029853929,0.625,structural,0.50429575,ice,-22.652489,leptosol,0.024896044,34,30.941176,1052,22.436125,1,0,10.700201,-0.30231391,farming,temperate-forest,true,3,0.27598891,1,organized,flat,cyclic,"farmer,shaman,chief",,42,,0.58376147,,true,,34,0,solar,,1,,organized,,,cyclic,,,,true,,true,,9.2222222,,2.6388889,,0.52941176,0.48571429,,,,,1,,true,true,1,,1,1,,0.92857143,1,0.071428571,,true,,4,,7.3936657,0.17178552,2.5774575,0.12802109,8,0.33750933,0.65846756,60,2,1,1774849.3,1,5,0.081786163,true,true,,,true,,,,2,,,,5,,,,0,,,,1,,,,0,,,,1,,87,,,49.210287,,9.8420574,,29.835811,,0.41922619,,21.652526,,0.27948413,,0.46666667,,0.4,,,,1,0.039923954,-0.099587995,7,4,false,
344,goblin-solo,orange dwarf (K),false,36.228588,141.07834,93.458795,13.231467,1.0811912,1,false,2.4017968,9.2431359,5,blue-giant,17,5,5,0,131.49108,0.035413489,0.083993876,528,334,0,38,0.61649822,0.57966771,3,0.15377667,0.027537718,shale,0.090585015,aquifer+aquitard+spring+runoff+karst,0.071933287,32.635327,0.15379719,26.11995,0.097905659,0.39448724,salt,0.066484391,0.0002546311,0,structural,1,alpine,15.479937,leptosol,0.055636896,4,41,164,3.7955775,1,0,12.669532,0,farming,tropical-seasonal-forest,false,3,0.28104908,7,organized,flat,cyclic,"farmer,shaman,chief",,41,,0.49488701,,false,,4,0,solar,,7,,organized,,,cyclic,,,,true,,true,,9.5,,2.2777778,,1,0.18181818,,,,,0.71428571,,true,true,2,,1,1,,1,1,0,,true,,4,,6.966224,0.12379534,2.8346655,0.093013036,10,0.30714877,0.74848576,57,2,2,1466630.5,1,6,0.087442637,true,true,,,true,,,,2,,,,0,,,,0,,,,,,,,0,,,,1,,192,,,49.210287,,9.8420574,,29.835811,,0.41922619,,21.652526,,0.27948413,,0.46666667,,0.4,,,,1,0.25,-0.086246728,7,2,true,
345,goblin-solo,yellow-white dwarf (F),false,26.107109,677.97774,623.25806,9.0492967,3.1880815,1,false,0.10872156,7.8337393,4,red-giant,3,3,1,0,625.56355,0.13148912,0.24730766,37,24,0,30,0.67533324,0.46266637,3,0.08810605,0.025291734,gneiss,0.16324536,aquifer+aquitard+spring+runoff+karst,0.15474848,27.58606,0.23851417,25.341899,0.13737875,0.31912174,salt,0.067648206,0.00052635537,0.28571429,structural,0.75040852,taiga,-18.703343,leptosol,0.019775923,6,22.166667,133,17.035116,1,0,8.8482514,-0.045100054,farming,taiga,false,3,0.21482818,7,organized,flat,cyclic,"farmer,shaman,chief",,22,,0.54,,false,,6,0,solar,,7,,organized,,,cyclic,,,,true,,true,,7.1,,2.55,,0.5,0,,,,,1,,true,true,2,,1,1,,0.75,1,0.25,,true,,4,,6.9948883,0.14885637,3.6722704,0.069381378,9,0.26310249,0.70673958,84,1,2,1121015,0,4,0.13504736,true,true,,,true,,,,3,,,,3,,,,0,,,,1,,,,0,,,,1,,48,,,49.210287,,9.8420574,,29.835811,,0.41922619,,21.652526,,0.27948413,,0.46666667,,0.4,,,,1,0.17293233,-0.017304436,7,2,false,
346,goblin-solo,orange dwarf (K),false,39.119975,156.16041,95.803992,14.9378,4.6855648,0,false,-0,,2,red-dwarf,1,3,0,0,,0.039793973,0.34809583,0,0,0,15,0.57331185,0.55212267,3,0.21002392,0.015282457,shale,0.1184346,aquifer+aquitard+spring+runoff+karst,0.11334249,21.969681,0.47545486,24.880426,0.12901934,0.43969562,salt,0.049073163,0.0011442957,0.85,numinous,0.15,alpine,18.155229,leptosol,0.039993134,3,42,126,5.9069876,1,0,14.325769,0,farming,tropical-seasonal-forest,false,3,0.32520883,2,organized,flat,cyclic,"farmer,shaman,chief",,42,,0.5123135,,false,,3,0,solar,,2,,organized,,,cyclic,,,,true,,true,,11.714286,,3,,1,0,,,,,0.5,,true,true,3,,1,1,,1,1,0,,true,,4,,7.1044388,0.14886566,2.4454963,0.1382745,7,0.3904909,0.73180672,45,2,2,1256592.5,0,4,0.074021275,true,true,,,true,,,,6,,,,1,,,,0,,,,1,,,,0,,,,1,,96,,,49.210287,,9.8420574,,29.835811,,0.41922619,,21.652526,,0.27948413,,0.46666667,,0.4,,,,1,0.33333333,-0.034956332,7,2,false,
347,goblin-solo,orange dwarf (K),false,18.288948,230.2999,302.21518,19.161754,0.090466964,1,false,6.0111806,28.326513,2,red-giant,4,3,1,0,224.56952,0.053873985,0.002623158,1404,880,0,14,0.58127045,0.59182603,5,0.21080514,0.010448709,evaporite,0.10809235,aquifer+aquitard+spring+runoff+karst,0.083138993,28.68605,0.26405084,26.077776,0.11607976,0.42269123,salt,0.048299248,0.00017490672,0.33333333,structural,0.66666667,alpine,2.3248099,leptosol,0.064890392,2,42,84,19.703552,1,0,13.484588,0,farming,tropical-seasonal-forest,true,3,0.30777752,8,organized,flat,cyclic,"farmer,shaman,chief",,42,,0.51104057,,true,,2,0,solar,,8,,organized,,,cyclic,,,,true,,true,,8.2777778,,2.7777778,,1,0.3,,,,,0.875,,true,true,2,,1,1,,1,1,0,,true,,4,,7.1835656,0.14255338,2.5652098,0.13190274,11,0.17840485,0.65703405,51,2,2,1523190.7,0,6,0.092886604,true,true,,,true,,,,1,,,,5,,,,0,,,,1,,,,0,,,,1,,360,,,49.210287,,9.8420574,,29.835811,,0.41922619,,21.652526,,0.27948413,,0.46666667,,0.4,,,,1,0.5,-0.064693111,7,2,true,
348,goblin-solo,yellow-white dwarf (F),false,22.385526,844.61446,905.52918,15.025014,1.6261336,2,false,1.4194012,50.72138,5,red-giant,4,5,0,0,832.64052,0.20330349,0.081055568,323,214,1,33,0.6043162,0.53035538,3,0.135052,0.033543284,evaporite,0.10797137,aquifer+aquitard+spring+runoff+karst,0.21113031,29.008525,0.3394003,25.765797,0.092793682,0.37839339,salt,0.05540676,0.00080207305,0.76923077,structural,0.21912743,ice,-13.572723,leptosol,0.038252715,5,9.4,47,32.307796,1,0,8.7260045,-0.55973215,farming,temperate-forest,false,3,0.26690523,11,organized,flat,cyclic,"farmer,shaman,chief",,12,,0.53529707,,false,,5,0,solar,,11,,organized,,,cyclic,,,,true,,true,,8.7037037,,2.6666667,,0.8,0.25,,,,,1,,true,true,1,,1,1,,0.9047619,1,0.095238095,,true,,4,,6.8364891,0.13703434,3.4027712,0.076656413,9,0.32576505,0.76159574,74,2,2,1427731.9,0,6,0.055953362,true,true,,,true,,,,3,,,,3,,,,0,,,,1,,,,0,,,,1,,108,,,49.210287,,9.8420574,,29.835811,,0.41922619,,21.652526,,0.27948413,,0.46666667,,0.4,,,,1,0.27659574,-0.045632525,7,2,true,
349,goblin-solo,yellow-white dwarf (F),false,35.935086,748.61795,499.98017,8.358734,0.62025191,0,false,-0,,5,red-giant,15,5,1,0,,0.17860157,0.035783631,0,0,0,19,0.58954641,0.56135134,3,0.15353254,0.023680484,evaporite,0.11782549,aquifer+aquitard+spring+runoff+karst,0.21602332,27.814977,0.40849343,25.137706,0.099387379,0.42728841,salt,0.058456966,0.0045797894,0.48051948,structural,0.59616444,ice,-9.6951174,leptosol,0.029917326,59,33.881356,1999,30.70005,1,0,10.753306,-0.24526426,farming,temperate-forest,false,3,0.27205139,3,organized,flat,cyclic,"farmer,shaman,chief",,42,,0.5183185,,false,,59,0,solar,,3,,organized,,,cyclic,,,,true,,true,,14.015385,,4.7538462,,1,0.43548387,,,,,1,,true,true,2,,1,1,,0.86666667,1,0.13333333,,true,,4,,6.6088752,0.12223131,2.8830798,0.10263171,8,0.40575745,0.76335705,38,2,1.5,1523066.1,0,5,0.074050524,true,true,,,true,,,,0,,,,0,,,,0,,,,,,,,0,,,,1,,300,,,49.210287,,9.8420574,,29.835811,,0.41922619,,21.652526,,0.27948413,,0.46666667,,0.4,,,,1,0.021010505,-0.060169698,7,5,false,
350,goblin-solo,yellow-white dwarf (F),false,33.579682,439.83898,314.3608,30.996654,0.60513182,2,false,1.8198714,22.420864,3,blue-giant,9,4,3,0,426.19886,0.13410077,0.014785942,1098,637,1,17,0.71829989,0.4922437,3,0.12448123,0.011425223,granite,0.14689314,aquifer+aquitard+spring+runoff+karst,0.2156166,27.135605,0.38443539,25.32169,0.13996014,0.34985701,salt,0.055085402,0.0012999393,0.8,structural,0.36872491,alpine,18.275814,leptosol,0.023918884,7,41.285714,289,3.328297,1,0,21.143083,-0.022333739,farming,tropical-seasonal-forest,false,3,0.22480284,13,organized,flat,cyclic,"farmer,shaman,chief",,41,,0.47939673,,false,,7,0,solar,,13,,organized,,,cyclic,,,,true,,true,,7.3333333,,2.4242424,,1,0.45,,,,,0.84615385,,true,true,1,,1,1,,0.81818182,1,0.18181818,,true,,4,,6.3518285,0.1460388,3.4649724,0.061373956,9,0.1736719,0.72215856,78,1,2,1065118.4,0,5,0.086036803,true,true,,,true,,,,3,,,,1,,,,0,,,,1,,,,0,,,,1,,240,,,49.210287,,9.8420574,,29.835811,,0.41922619,,21.652526,,0.27948413,,0.44444444,,0.33333333,,,,1,0.14532872,0.021675754,7,3,true,
351,goblin-solo,orange dwarf (K),false,38.63016,341.61105,212.23482,9.4393174,0.76114027,2,false,5.5242014,16.327736,3,red-giant,3,4,0,0,327.45843,0.055721559,0.058253431,742,460,7,9,0.61471608,0.51862882,3,0.052512084,0.0055417216,evaporite,0.11962996,aquifer+aquitard+spring+runoff+karst,0.086047396,25.589662,0.16848308,27.023895,0.095551895,0.45741985,salt,0.04172391,0.0002534533,0.5,structural,0.5,ice,-27.099583,leptosol,0.013179572,2,35,70,11.168128,1,0,2.2773054,-0.08246216,farming,taiga,true,2,0.3280953,9,folk,flat,cyclic,"farmer,chief",,34,,0.34797022,,true,,2,0,solar,,9,,folk,,,cyclic,,,,true,,true,,8.2,,2.25,,0,0.36363636,,,,,1,,true,true,2,,1,1,,1,1,0,,true,,4,,7.3849479,0.16486489,2.4136431,0.12672721,9,0.29140793,0.67346972,62,2,1,1336181.3,0,7,0.076369705,true,true,,,true,,,,2,,,,3,,,,0,,,,1,,,,0,,,,1,,144,,,49.210287,,9.8420574,,29.835811,,0.41922619,,21.652526,,0.27948413,,0.46666667,,0.4,,,,1,0.51428571,-0.36216939,7,2,false,
352,goblin-solo,orange dwarf (K),false,17.44375,248.20599,341.49444,2.5334475,1.7138183,1,false,0.48073935,6.3951327,4,blue-giant,5,5,1,0,257.82184,0.052021302,0.042653466,20,10,0,9,0.58676334,0.53967035,5,0.18502515,0.0012938821,evaporite,0.12069475,aquifer+aquitard+spring+runoff+karst,0.062917233,24.985794,0.3007621,25.924038,0.11177409,0.43327229,salt,0.043235022,0.0012996987,0.5,structural,0.63988348,ice,-4.1114075,leptosol,0.040645123,18,31.833333,573,25.389004,1,0,14.486492,-0.44356945,farming,temperate-forest,false,3,0.31606309,6,organized,flat,cyclic,"farmer,shaman,chief",,41,,0.47066956,,false,,18,0,solar,,6,,organized,,,cyclic,,,,true,,true,,8.0666667,,2.7333333,,1,0.083333333,,,,,0.83333333,,true,true,1,,1,1,,0.92307692,1,0.076923077,,true,,4,,7.3124727,0.13531481,2.3500677,0.14254675,8,0.24818338,0.54449924,50,2,2,1373325.3,2,4,0.0892183,true,true,,,true,,,,4,,,,3,,,,0,,,,1,,,,0,,,,1,,144,,,49.210287,,9.8420574,,29.835811,,0.41922619,,21.652526,,0.27948413,,0.46666667,,0.4,,,,1,0.073298429,0.040876268,7,3,true,
353,goblin-solo,yellow dwarf (G),false,39.846732,410.67711,247.35405,6.4552805,3.0585025,2,false,0.49417311,15.730661,4,red-giant,13,6,2,0,393.05839,0.092648833,0.17268495,1413,1408,0,32,0.62316293,0.61570355,3,0.1712807,0.024486109,sandstone,0.10417207,aquifer+aquitard+spring+runoff+karst,0.067634102,30.531826,0.10138637,26.419964,0.1273646,0.38695258,salt,0.062706219,0.00032391811,0,structural,1,ice,-7.8356457,leptosol,0.040360197,5,19,95,33.412008,1,0,17.710528,-0.24408517,farming,temperate-forest,false,3,0.25518269,9,organized,flat,cyclic,"farmer,shaman,chief",,21,,0.52863717,,false,,5,0,solar,,9,,organized,,,cyclic,,,,true,,true,,6.4782609,,2.0869565,,1,0.28571429,,,,,1,,true,true,3,,1,1,,1,1,0,,true,,4,,6.9370172,0.14695471,3.1186473,0.087080709,11,0.20206012,0.73455581,76,2,1,1469341.5,2,7,0.078645832,true,true,,,true,,,,2,,,,0,,,,0,,,,,,,,0,,,,1,,96,,,49.210287,,9.8420574,,29.835811,,0.41922619,,21.652526,,0.27948413,,0.46666667,,0.4,,,,1,0.24210526,0.12055429,7,2,false,
354,goblin-solo,yellow-white dwarf (F),false,29.561574,871.32537,707.39834,17.207145,1.5412841,1,false,0.41598993,34.670299,3,sun-like,7,5,0,0,853.40491,0.21764874,0.11519686,453,279,0,21,0.72996924,0.40828135,3,0.1320248,0.0312973,andesite,0.17530061,aquifer+aquitard+spring+runoff+karst,0.16300515,51.488855,0.4918181,24.499238,0.090678962,0.32998825,salt,0.067369905,0.0043395715,0.6875,structural,0.47721472,ice,-6.0662406,leptosol,0.10767562,38,29.552632,1123,40.436425,1,0,19.125902,-0.33096974,farming,tropical-seasonal-forest,false,3,0.23189585,6,organized,flat,cyclic,"farmer,shaman,chief",,40,,0.54,,false,,38,0,solar,,6,,organized,,,cyclic,,,,true,,true,,8.36,,2.6,,0.92105263,0.43181818,,,,,1,,true,true,2,,1,1,,0.90123457,1,0.098765432,,true,,4,,7.1840369,0.22548648,4.1416467,0.059250037,7,0.29111292,0.65234212,138,1,2,962573.96,0,5,0.089685465,true,true,,,true,,,,6,,,,3,,,,0,,,,1,,,,0,,,,1,,312,,,49.210287,,9.8420574,,29.835811,,0.41922619,,21.652526,,0.27948413,,0.46666667,,0.4,,,,1,0.035618878,-0.1786706,7,4,true,
355,goblin-solo,orange dwarf (K),false,23.024965,172.75034,180.06577,20.596328,0.34468853,2,true,5.0509565,13.781702,4,orange-giant,9,5,1,1,180.06747,0.033041496,0.028192268,136,91,0,35,0.59521019,0.51221277,3,0.1877838,0.030418437,shale,0.09100778,aquifer+aquitard+spring+runoff+karst,0.12827936,27.918463,0.30890779,25.509416,0.10879923,0.35836198,salt,0.065522742,0.0020505398,0.41176471,structural,0.53806666,ice,-7.2526548,leptosol,0.037874676,29,32.37931,939,33.445166,1,0,20.024077,-0.30712667,farming,temperate-forest,false,3,0.19027803,13,organized,flat,cyclic,"farmer,shaman,chief",,41,,0.52504088,,false,,29,0,solar,,13,,organized,,,cyclic,,,,true,,true,,8.0545455,,2.6545455,,1,0.52380952,,,,,1,,true,true,1,,1,1,,0.96363636,1,0.036363636,,true,,4,,9.4827606,0.16592277,2.2102958,0.18204678,11,0.67818588,0.68375847,91,2,2,1488176.8,1,3,0.092352598,true,true,,,true,,,,2,,,,2,,,,0,,,,1,,,,0,,,,1,,48,,,49.210287,,9.8420574,,29.835811,,0.41922619,,21.652526,,0.27948413,,0.46666667,,0.4,,,,1,0.044728435,-0.058790563,7,4,true,
356,goblin-solo,orange dwarf (K),false,32.524073,189.25654,139.65523,0.30791686,0.51463281,2,false,4.3269597,17.375355,4,blue-giant,12,5,4,0,181.90153,0.035497133,0.035723907,557,347,5,28,0.65868366,0.40326157,3,0.15897661,0.022093648,evaporite,0.14319434,aquifer+aquitard+spring+runoff+karst,0.15993134,40.919233,0.34961734,25.049568,0.092053501,0.34897361,salt,0.061482458,0.00064373078,0.22222222,structural,0.80081735,ice,-8.621684,leptosol,0.046062513,8,40.75,326,35.596041,1,0,10.905896,-0.022344564,farming,temperate-forest,false,3,0.24061226,10,organized,flat,cyclic,"farmer,shaman,chief",,41,,0.50383181,,false,,8,0,solar,,10,,organized,,,cyclic,,,,true,,true,,7.2857143,,2,,1,0.44444444,,,,,1,,true,true,2,,1,1,,0.8,1,0.2,,true,,4,,8.067394,0.19356306,3.6245343,0.081123969,9,0.24104141,0.80960402,161,1,2,1328364.8,0,6,0.11028157,true,true,,,true,,,,3,,,,0,,,,0,,,,,,,,0,,,,1,,96,,,49.210287,,9.8420574,,29.835811,,0.41922619,,21.652526,,0.27948413,,0.46666667,,0.4,,,,1,0.12883436,0.043820883,7,2,true,
357,goblin-solo,yellow-white dwarf (F),false,26.746135,723.24626,648.98762,18.623424,1.635418,1,false,1.4739799,21.45906,4,orange-giant,5,6,1,0,699.97811,0.22559065,0.13643107,190,121,0,19,0.7164201,0.30983127,3,0.13312338,0.014037401,andesite,0.1758781,aquifer+aquitard+spring+runoff+karst,0.28477961,28.277386,0.63094008,24.125268,0.12921832,0.32085055,salt,0.056926247,0.0031852617,0.89189189,numinous,0.10810811,tropical-seasonal-forest,11.754066,leptosol,0.054752066,4,41.5,166,10.5714,1,0,23.576882,-0.019911786,farming,tropical-seasonal-forest,false,3,0.21565083,6,organized,flat,cyclic,"farmer,shaman,chief",,42,,0.49803703,,false,,4,0,solar,,6,,organized,,,cyclic,,,,true,,true,,8,,2.6875,,1,0,,,,,1,,true,true,0,,1,1,,1,1,0,,true,,4,,6.9477606,0.17463858,3.8095918,0.065255603,8,0.27436295,0.66616042,111,1,2,820061.68,0,6,0.054902562,true,true,,,true,,,,5,,,,1,,,,0,,,,1,,,,0,,,,1,,360,,,49.210287,,9.8420574,,29.835811,,0.41922619,,21.652526,,0.27948413,,0.46666667,,0.4,,,,1,0.25301205,0.016360611,7,3,true,
358,goblin-solo,yellow dwarf (G),false,29.023679,354.60275,293.22492,6.6105873,2.5280669,0,false,-0,,2,red-dwarf,4,3,1,0,,0.10445404,0.17376425,0,0,0,34,0.52109272,0.62537595,3,0.18212001,0.022899272,evaporite,0.090431768,aquifer+aquitard+spring+runoff+karst,0.14135699,29.380327,0.20742213,25.763082,0.1205587,0.45470765,salt,0.052034653,0.0020390478,0.225,structural,0.81117151,alpine,12.083714,leptosol,0.050670337,38,33.657895,1279,5.47697,1,0,4.6533319,-0.22877556,farming,tropical-seasonal-forest,true,3,0.32650252,5,organized,flat,cyclic,"farmer,shaman,chief",,41,,0.54074048,,true,,38,0,solar,,5,,organized,,,cyclic,,,,true,,true,,7.9791667,,2.9583333,,1,0.3255814,,,,,0.8,,true,true,1,,1,1,,0.86956522,1,0.13043478,,true,,4,,6.7330962,0.16391329,2.7395416,0.11471608,6,0.30351226,0.76779339,48,2,1,1521053.9,1,5,0.080625557,true,true,,,true,,,,5,,,,3,,,,0,,,,1,,,,0,,,,1,,24,,,49.210287,,9.8420574,,29.835811,,0.41922619,,21.652526,,0.27948413,,0.46666667,,0.4,,,,1,0.032838155,-0.047472868,7,3,false,
359,goblin-solo,yellow dwarf (G),false,24.082556,300.12906,299.10021,33.014439,0.20900583,1,false,2.2436793,10.385223,5,sun-like,2,3,0,0,318.46052,0.066695054,0.0018721728,52,31,0,31,0.6253845,0.56278918,3,0.15489966,0.040281236,evaporite,0.10550668,aquifer+aquitard+spring+runoff+karst,0.15581623,32.185807,0.371261,25.802238,0.12121212,0.39537309,salt,0.055721711,0.0013033561,0.4,structural,0.53067465,ice,-4.8772209,leptosol,0.048810688,20,32.65,653,30.280332,1,0,17.126482,-0.29855443,farming,temperate-forest,false,3,0.25480613,6,organized,flat,cyclic,"farmer,shaman,chief",,41,,0.46347481,,false,,20,0,solar,,6,,organized,,,cyclic,,,,true,,true,,9.8125,,3.40625,,1,0.30769231,,,,,1,,true,true,1,,1,1,,0.95348837,1,0.046511628,,true,,4,,7.3376174,0.15715023,2.7177598,0.10316879,7,0.24183773,0.66783376,62,2,2,1407860.2,0,5,0.13320065,true,true,,,true,,,,3,,,,2,,,,0,,,,1,,,,0,,,,1,,216,,,49.210287,,9.8420574,,29.835811,,0.41922619,,21.652526,,0.27948413,,0.46666667,,0.4,,,,1,0.062787136,-0.053279621,7,6,true,
360,goblin-solo,yellow dwarf (G),false,31.311622,265.20664,203.27786,33.754316,1.3993013,2,false,2.212453,17.065692,4,blue-giant,10,6,0,0,254.72904,0.07301262,0.0075338445,341,218,1,36,0.66295591,0.53730262,3,0.15738978,0.037766711,shale,0.13660727,aquifer+aquitard+spring+runoff+karst,0.071273359,39.848001,0.16130668,25.601609,0.089453861,0.34513979,salt,0.067669566,0.0010140519,0.42857143,structural,0.60025739,alpine,15.664896,leptosol,0.047588005,9,40.444444,364,4.3984172,1,0,14.877571,-0.053381148,farming,tropical-seasonal-forest,false,3,0.21150225,11,organized,flat,cyclic,"farmer,shaman,chief",,41,,0.46309681,,false,,9,0,solar,,11,,organized,,,cyclic,,,,true,,true,,9.516129,,2.6129032,,1,0.3,,,,,0.90909091,,true,true,0,,1,1,,0.81818182,1,0.18181818,,true,,4,,7.0999323,0.14932286,3.0201952,0.082979347,10,0.25249891,0.74793847,51,2,2,1498512.9,0,6,0.070603323,true,true,,,true,,,,1,,,,0,,,,0,,,,,,,,0,,,,1,,528,,,49.210287,,9.8420574,,29.835811,,0.41922619,,21.652526,,0.27948413,,0.46666667,,0.4,,,,1,0.11538462,-0.15186731,7,3,true,
361,goblin-solo,orange dwarf (K),false,38.031334,165.6422,104.52993,31.558297,0.25723693,2,false,6.875563,17.733399,5,blue-giant,10,7,0,0,159.28202,0.036701278,0.010689398,1108,694,2,35,0.56755041,0.55402506,3,0.23277672,0.018944387,gneiss,0.114147,aquifer+aquitard+spring+runoff+karst,0.094049904,35.006057,0.3892966,25.632511,0.18262391,0.38715141,salt,0.065064898,0.0023145535,0.48780488,structural,0.57207393,alpine,4.4724776,leptosol,0.066275263,25,35.72,893,14.270939,1,0,15.786881,-0.24811519,farming,tropical-seasonal-forest,false,3,0.24912499,14,organized,flat,cyclic,"farmer,shaman,chief",,41,,0.51113513,,false,,25,0,solar,,14,,organized,,,cyclic,,,,true,,true,,6.6792453,,2.3773585,,0.76,0.48717949,,,,,0.92857143,,true,true,2,,1,1,,0.87096774,1,0.12903226,,true,,4,,7.078323,0.13353609,2.8476411,0.10175284,8,0.22558428,0.7006996,37,2,2,1683550.3,0,5,0.089311459,true,true,,,true,,,,3,,,,5,,,,0,,,,1,,,,0,,,,1,,72,,,49.210287,,9.8420574,,29.835811,,0.41922619,,21.652526,,0.27948413,,0.46666667,,0.4,,,,1,0.047032475,-0.033187147,7,4,true,
362,goblin-solo,yellow-white dwarf (F),false,27.447126,695.74415,608.3646,24.548492,0.80615131,2,false,1.1589989,37.004422,5,sun-like,6,4,2,0,682.30062,0.17878881,0.015633124,623,386,3,38,0.53605781,0.56219743,3,0.20396953,0.017162248,shale,0.12155336,aquifer+aquitard+spring+runoff+karst,0.088034098,34.180652,0.43054094,24.824195,0.10071564,0.4242791,salt,0.067509222,0.0027888866,0.54716981,structural,0.58442304,ice,-4.1947664,leptosol,0.036571248,33,31.545455,1041,31.600523,1,0,12.443495,-0.26493077,farming,temperate-forest,false,3,0.29130709,10,organized,flat,cyclic,"farmer,shaman,chief",,41,,0.46635172,,false,,33,0,solar,,10,,organized,,,cyclic,,,,true,,true,,9.0188679,,2.8867925,,1,0.44186047,,,,,1,,true,true,3,,1,1,,0.91489362,1,0.085106383,,true,,4,,6.7957714,0.15024509,2.8905811,0.10719691,5,0.60603031,0.65584406,38,2,1,1703912.4,0,5,0.079001836,true,true,,,true,,,,4,,,,8,,,,0,,,,1,,,,0,,,,1,,960,,,49.210287,,9.8420574,,29.835811,,0.41922619,,21.652526,,0.27948413,,0.46666667,,0.4,,,,1,0.039385207,-0.057517435,7,3,true,
363,goblin-solo,yellow-white dwarf (F),false,36.036404,753.15361,501.59519,3.8474328,4.2040021,0,false,-0,,2,blue-giant,3,3,0,0,,0.16659953,0.32690575,0,0,0,38,0.55715053,0.55953693,3,0.13671207,0.026854158,shale,0.119129,aquifer+aquitard+spring+runoff+karst,0.10909592,37.64005,0.26466373,25.758493,0.14112459,0.40738699,salt,0.069544423,0.00027563396,0.2,structural,0.8,ice,-16.465279,leptosol,0.036052922,4,41,164,22.210713,1,0,10.280656,-0.031136518,farming,temperate-forest,false,3,0.28748622,3,organized,flat,cyclic,"farmer,shaman,chief",,41,,0.54,,false,,4,0,solar,,3,,organized,,,cyclic,,,,true,,true,,6.2,,2.4,,1,0.28571429,,,,,0.33333333,,true,true,2,,1,1,,1,1,0,,true,,4,,8.2151186,0.16827433,2.5156002,0.13595528,8,0.62475193,0.70218996,50,2,1,1765629.4,2,5,0.093879198,true,true,,,true,,,,6,,,,4,,,,0,,,,1,,,,0,,,,1,,408,,,49.210287,,9.8420574,,29.835811,,0.41922619,,21.652526,,0.27948413,,0.46666667,,0.4,,,,1,0.25609756,-0.23378338,7,2,false,
364,goblin-solo,orange dwarf (K),true,,176.11925,,29.68624,0.4083268,3,false,6.6913917,34.698003,4,blue-giant,2,3,1,0,172.51262,0.046050203,,5210,3142,399,15,0.68255945,0.45904791,locked,0.075411357,0.025535863,andesite,0.11751134,aquifer+aquitard+spring+runoff+karst,0.24925017,25.717663,0.56379297,24.536627,0.11820349,0.34184419,salt,0.0775844,0.0031531185,0.92682927,numinous,0.11846366,ice,-16.944328,leptosol,0.016765362,6,34,204,0.80204366,1,0,49.005939,-0.45256529,farming,tropical-seasonal-forest,false,3,0.20518342,8,organized,flat,eternal,"farmer,shaman,chief",,40,,0.55367923,,false,,6,0,solar,,8,,organized,,,eternal,,,,true,,true,,7.5,,2.1818182,,0.66666667,0.42857143,,,,,0.875,,true,true,3,,1,1,,1,1,0,,true,,4,,6.5359916,0.14189841,3.4419019,0.070821737,7,0.27878182,0.70067217,57,2,2,1072876.3,0,3,0.076042108,true,true,,,true,,,,3,,,,5,,,,0,,,,1,,,,0,,,,1,,36,,,49.210287,,9.8420574,,29.835811,,0.41922619,,21.652526,,0.27948413,,0.46666667,,0.4,,,,1,0.20098039,0.091402748,7,2,false,
365,goblin-solo,yellow dwarf (G),false,33.102109,361.31503,261.964,13.162481,1.2605054,1,false,1.1493249,11.699896,4,red-giant,5,3,2,0,341.23018,0.097551497,0.093013174,256,159,0,12,0.52831893,0.59391336,3,0.25098872,0.013378253,shale,0.14134879,aquifer+aquitard+spring+runoff+karst,0.16536411,24.231394,0.57020858,24.819702,0.098959681,0.38201956,salt,0.059427866,0.0040370581,0.83333333,numinous,0.25868447,alpine,8.8177455,leptosol,0.074323275,20,32.65,653,13.608806,1,0,21.455733,-0.33803573,farming,tropical-seasonal-forest,false,3,0.24978003,6,organized,flat,cyclic,"farmer,shaman,chief",,42,,0.51228346,,false,,20,0,solar,,6,,organized,,,cyclic,,,,true,,true,,10.0625,,3.21875,,0.55,0.34615385,,,,,0.83333333,,true,true,0,,1,1,,0.86666667,1,0.13333333,,true,,4,,7.0297708,0.16677005,2.5721886,0.14254675,5,0.78039439,0.61160751,59,2,1,1427707,0,3,0.11104858,true,true,,,true,,,,5,,,,11,,,,0,,,,1,,,,0,,,,1,,36,,,49.210287,,9.8420574,,29.835811,,0.41922619,,21.652526,,0.27948413,,0.46666667,,0.4,,,,1,0.06431853,0.0026259813,7,4,true,
366,goblin-solo,yellow-white dwarf (F),false,19.082768,762.25855,958.67673,2.4061644,3.1386863,0,false,-0,,3,sun-like,2,3,0,0,,0.1805567,0.057446781,0,0,0,27,0.54284459,0.54774111,5,0.14779552,0.022069235,shale,0.11198334,aquifer+aquitard+spring+runoff+karst,0.19123144,31.978236,0.62864467,24.57376,0.15977785,0.42785432,salt,0.0518535,0.0018156574,0.97058824,numinous,0.082821821,ice,-11.843046,leptosol,0.03764819,4,11,44,22.998587,1,0,9.2216674,-1.0249075,farming,tropical-rainforest,true,3,0.27507209,1,organized,flat,cyclic,"farmer,shaman,chief",,18,,0.63,,true,,4,0,solar,,1,,organized,,,cyclic,,,,true,,true,,6.6666667,,1.8333333,,1,0.4,,,,,1,,true,true,1,,1,1,,1,1,0,,true,,4,,8.5635876,0.15416118,2.4677342,0.155925,9,0.31838086,0.68500344,68,2,1,1713481.8,0,5,0.10257342,true,true,,,true,,,,3,,,,4,,,,0,,,,1,,,,0,,,,1,,24,,,49.210287,,9.8420574,,29.835811,,0.41922619,,21.652526,,0.27948413,,0.46666667,,0.4,,,,1,0.40909091,-0.031584384,7,2,false,
367,goblin-solo,yellow dwarf (G),false,30.280254,357.96314,283.72005,4.9666024,0.49045089,1,false,0.36921422,10.614835,3,red-giant,6,5,2,0,336.29619,0.05786505,0.037844194,265,166,0,27,0.61093208,0.52374976,3,0.032859724,0.027830672,shale,0.12248227,aquifer+aquitard+spring+runoff+karst,0.15774613,31.290704,0.54847211,24.893714,0.14808308,0.40534605,salt,0.072035394,0.0035765828,0.9122807,structural,0.19486747,ice,-30.020952,leptosol,0.0044550417,19,12.052632,229,9.2302924,1,0,11.688405,-0.38144603,farming,taiga,false,3,0.24333312,6,organized,flat,cyclic,"farmer,shaman,chief",,12,,0.42973868,,false,,19,0,solar,,6,,organized,,,cyclic,,,,true,,true,,7.1612903,,2.9354839,,0.26315789,0.72,,,,,0.83333333,,true,true,0,,1,1,,0.95121951,1,0.048780488,,true,,4,,7.4856006,0.128678,2.6764275,0.10746546,10,0.22601493,0.80238414,52,2,1,1415171.1,1,3,0.099071002,true,true,,,true,,,,2,,,,0,,,,0,,,,,,,,0,,,,1,,72,,,49.210287,,9.8420574,,29.835811,,0.41922619,,21.652526,,0.27948413,,0.46666667,,0.4,,,,1,0.096069869,-0.36845618,7,4,true,
368,goblin-solo,yellow dwarf (G),false,32.669576,334.06435,245.41318,25.218398,2.5598434,1,false,0.79352385,8.3075158,3,orange-giant,6,4,0,0,309.31409,0.070298637,0.19966368,128,84,0,13,0.59157268,0.55744172,3,0.21976466,0.0049313998,sandstone,0.13066348,aquifer+aquitard+spring+runoff+karst,0.11733413,21.284186,0.28541542,25.739158,0.092887029,0.26676629,salt,0.044518401,0.0050806934,0.47058824,structural,0.66381269,ice,-7.9067278,leptosol,0.064315601,71,33.549296,2382,33.782897,1,0,4.116831,-0.22158871,farming,temperate-forest,false,3,0.15152421,6,organized,flat,cyclic,"farmer,shaman,chief",,42,,0.53929367,,false,,71,0,solar,,6,,organized,,,cyclic,,,,true,,true,,5.253012,,2.2771084,,0.47887324,0.55844156,,,,,1,,true,true,1,,1,1,,0.94495413,1,0.036697248,,true,,4,,7.1183938,0.14347387,3.2947314,0.085127679,9,0.17722654,0.76854721,84,2,2,1449940.4,1,6,0.054176849,true,true,,,true,,,,4,,,,4,,,,0,,,,1,,,,0,,,,1,,18,,,49.210287,,9.8420574,,29.835811,,0.41922619,,21.652526,,0.27948413,,0.46666667,,0.4,,,,1,0.017632242,0.032437566,7,4,true,
369,goblin-solo,yellow-white dwarf (F),false,18.518525,674.86319,874.62239,32.707775,0.61907071,3,false,3.1088051,32.856537,5,red-giant,1,3,0,0,660.24139,0.14052627,0.048559483,1871,967,14,22,0.59472194,0.49244021,5,0.096797031,0.018358479,evaporite,0.12752244,aquifer+aquitard+spring+runoff+karst,0.15565327,33.819513,0.30281308,25.551951,0.1039094,0.35136438,salt,0.061601109,0.0015661707,0.61538462,structural,0.41478402,ice,-18.8851,leptosol,0.024878019,11,25.818182,284,21.605257,1,0,8.7746911,-0.30451733,farming,temperate-forest,false,3,0.22739594,15,organized,flat,cyclic,"farmer,shaman,chief",,39,,0.46331144,,false,,11,0,solar,,15,,organized,,,cyclic,,,,true,,true,,6.2439024,,2.1463415,,0.90909091,0.42307692,,,,,1,,true,true,2,,1,1,,0.86666667,1,0.13333333,,true,,4,,6.7327236,0.15063881,3.4995254,0.077486451,7,0.42660081,0.72897053,95,1,2,1415948.5,0,6,0.058591985,true,true,,,true,,,,4,,,,3,,,,0,,,,1,,,,0,,,,1,,45,,,49.210287,,9.8420574,,29.835811,,0.41922619,,21.652526,,0.27948413,,0.44444444,,0.33333333,,,,1,0.13732394,-0.15927355,7,2,false,
370,goblin-solo,yellow dwarf (G),false,39.259133,609.85482,372.81811,6.899861,0.98189708,1,false,1.4070358,14.917791,5,orange-giant,4,4,0,0,582.72305,0.1102368,0.052038464,97,61,0,13,0.56508471,0.56211058,3,0.056418144,0.0087886334,evaporite,0.11220881,aquifer+aquitard+spring+runoff+karst,0.21285434,22.099424,0.36458041,25.236102,0.099410609,0.42133034,salt,0.051524684,0.0043222004,0.57142857,structural,0.51468474,ice,-28.150496,leptosol,0.012012349,45,27.111111,1220,10.401153,1,0,5.4005995,-0.35001011,farming,taiga,true,3,0.28217794,6,organized,flat,cyclic,"farmer,shaman,chief",,36,,0.585,,true,,45,0,solar,,6,,organized,,,cyclic,,,,true,,true,,9.2631579,,3.8421053,,1,0.64705882,,,,,1,,true,true,1,,1,1,,0.93846154,1,0.061538462,,true,,4,,6.9455579,0.16100309,2.6844681,0.12343147,7,0.63300589,0.78900895,47,2,1,1352056.2,0,6,0.10193652,true,true,,,true,,,,4,,,,20,,,,0,,,,1,,,,0,,,,1,,60,,,49.210287,,9.8420574,,29.835811,,0.41922619,,21.652526,,0.27948413,,0.46666667,,0.4,,,,1,0.030327869,-0.31570286,7,4,true,
371,goblin-solo,yellow-white dwarf (F),false,19.253851,1019.0698,1270.2745,26.682524,2.5322189,1,false,0.50651255,29.523564,3,sun-like,1,3,0,0,994.6762,0.20852549,0.052138795,265,168,0,23,0.55258532,0.55420964,5,0.073580392,0.031517016,shale,0.12729852,aquifer+aquitard+spring+runoff+karst,0.073388989,42.838533,0.28362525,25.646151,0.16440225,0.40295739,salt,0.061881125,0.00065477165,0.41666667,structural,0.58333333,ice,-25.405964,leptosol,0.018333606,7,36.714286,257,12.918789,1,0,6.5449783,-0.031508086,farming,taiga,true,3,0.25448791,9,organized,flat,cyclic,"farmer,shaman,chief",,36,,0.585,,true,,7,0,solar,,9,,organized,,,cyclic,,,,true,,true,,8.64,,2.72,,1,0,,,,,1,,true,true,1,,1,1,,1,1,0,,true,,4,,8.1044236,0.16210618,2.4071276,0.13944632,7,0.45828559,0.53968577,75,2,1,1801686.1,0,3,0.09130962,true,true,,,true,,,,3,,,,1,,,,0,,,,1,,,,0,,,,1,,216,,,49.210287,,9.8420574,,29.835811,,0.41922619,,21.652526,,0.27948413,,0.46666667,,0.4,,,,1,0.14785992,-0.24986979,7,3,true,
372,goblin-solo,orange dwarf (K),false,20.768862,189.58416,219.07891,33.133901,0.23688836,1,false,5.8629118,8.1457308,3,blue-giant,6,6,1,0,176.44036,0.030926039,0.0075870566,75,48,0,17,0.53708315,0.55990929,3,0.097773546,0.0095210195,evaporite,0.13020778,aquifer+aquitard+spring+runoff+karst,0.086646978,24.254604,0.36077418,25.573818,0.09144605,0.41651725,salt,0.046293915,0.00068558169,0.69230769,structural,0.35783256,ice,-20.162078,leptosol,0.025102837,5,34,170,15.279617,1,0,2.8443535,-0.071010324,farming,taiga,false,3,0.29363991,8,organized,flat,cyclic,"farmer,shaman,chief",,35,,0.5007872,,false,,5,0,solar,,8,,organized,,,cyclic,,,,true,,true,,8.952381,,3.047619,,1,0.30769231,,,,,0.875,,true,true,0,,1,1,,0.71428571,1,0.28571429,,true,,4,,6.7179953,0.13788189,2.6233407,0.11493579,6,0.43824491,0.71410805,27,2,2,1521764.8,0,5,0.11078751,true,true,,,true,,,,1,,,,0,,,,0,,,,,,,,0,,,,1,,324,,,49.210287,,9.8420574,,29.835811,,0.41922619,,21.652526,,0.27948413,,0.46666667,,0.4,,,,1,0.21176471,-0.28692264,7,2,true,
373,goblin-solo,yellow-white dwarf (F),false,27.567831,831.59252,723.96776,32.508754,0.098201402,3,false,3.7616629,42.622055,5,orange-giant,5,4,1,0,817.645,0.20543013,0.0075429659,337,216,1,24,0.68107026,0.50987446,3,0.16622723,0.043772277,shale,0.12630129,aquifer+aquitard+spring+runoff+karst,0.13984997,31.129892,0.41840171,24.485868,0.13219535,0.38020514,salt,0.068972188,0.0010716473,0.71428571,numinous,0.33357015,ice,-7.1716126,leptosol,0.050520514,5,38.4,192,31.70958,1,0,11.538906,-0.13883548,farming,temperate-forest,false,3,0.23423148,14,organized,flat,cyclic,"farmer,shaman,chief",,42,,0.50370072,,false,,5,0,solar,,14,,organized,,,cyclic,,,,true,,true,,9.030303,,2.4545455,,1,0.31578947,,,,,1,,true,true,1,,1,1,,1,1,0,,true,,4,,7.2222654,0.13996085,3.1231175,0.081148381,10,0.25153092,0.60865762,57,2,1,1276370.1,0,3,0.10259589,true,true,,,true,,,,3,,,,2,,,,0,,,,1,,,,0,,,,1,,600,,,49.210287,,9.8420574,,29.835811,,0.41922619,,21.652526,,0.27948413,,0.44444444,,0.33333333,,,,1,0.21875,0.10282466,7,2,true,
374,goblin-solo,yellow dwarf (G),false,28.817591,313.38213,260.99236,13.907736,0.60645712,0,false,-0,,2,sun-like,1,3,0,0,,0.063642699,0.027360353,0,0,0,25,0.52016503,0.55873823,3,0.1606611,0.038279381,shale,0.080793691,aquifer+aquitard+spring+runoff+karst,0.063495294,41.843868,0.24792674,25.928274,0.12846604,0.44899517,salt,0.057540834,0.0017298397,0.91176471,structural,0.27443643,ice,-14.893288,leptosol,0.030984482,7,17.142857,120,29.481558,1,0,14.448348,-0.84293277,farming,tropical-rainforest,true,3,0.2953447,1,organized,flat,cyclic,"farmer,shaman,chief",,34,,0.63,,true,,7,0,solar,,1,,organized,,,cyclic,,,,true,,true,,11.444444,,3.7777778,,0.85714286,0,,,,,1,,true,true,1,,1,1,,0.90243902,1,0.097560976,,true,,4,,8.1248651,0.15408317,2.2563992,0.16412773,6,0.53640295,0.789106,51,2,2,1860781.7,2,4,0.11124407,true,true,,,true,,,,3,,,,0,,,,0,,,,,,,,0,,,,1,,204,,,49.210287,,9.8420574,,29.835811,,0.41922619,,21.652526,,0.27948413,,0.46666667,,0.4,,,,1,0.28333333,-0.1518305,7,3,false,
375,goblin-solo,orange dwarf (K),false,17.920945,251.15673,336.35289,20.01217,0.045092039,2,true,7.665408,36.151779,5,red-giant,10,4,3,1,246.21804,0.037943863,0.0032164394,2553,1554,108,8,0.6288023,0.53133838,5,0.043308432,0.014818612,shale,0.12726077,aquifer+aquitard+spring+runoff+karst,0.099901348,30.298126,0.36487997,25.316907,0.089707333,0.35231832,salt,0.045644066,0.0034856955,0.81132075,structural,0.66153125,ice,-31.135924,leptosol,0.0074975337,35,15,525,9.7459531,1,0,9.7736025,-0.36277587,farming,taiga,true,3,0.19020059,11,organized,flat,cyclic,"farmer,shaman,chief",,19,,0.56991711,,true,,35,0,solar,,11,,organized,,,cyclic,,,,true,,true,,8.5789474,,2.5789474,,0.82857143,0.47826087,,,,,1,,true,true,2,,1,1,,0.98305085,1,0.016949153,,true,,4,,7.9006241,0.1397319,2.5982581,0.11427665,12,0.17481092,0.34400786,58,2,1,1580340.9,0,5,0.074633409,true,true,,,true,,,,3,,,,0,,,,0,,,,,,,,0,,,,1,,120,,,49.210287,,9.8420574,,29.835811,,0.41922619,,21.652526,,0.27948413,,0.44444444,,0.33333333,,,,1,0.043809524,-0.3745239,7,4,false,
376,goblin-solo,orange dwarf (K),false,25.700916,300.75371,280.84949,11.002824,0.46542771,2,false,7.9076224,45.56445,3,blue-giant,9,5,1,0,295.98645,0.051797264,0.0071735922,5572,5555,19,27,0.71488209,0.56682935,3,0.057785264,0.018749085,gneiss,0.1026629,aquifer+aquitard+spring+runoff+karst,0.2031852,25.825192,0.4121072,24.630313,0.11054029,0.34848874,salt,0.063894555,0.0027399606,0.96875,structural,0.14232606,ice,-26.223619,leptosol,0.017296001,10,16.7,167,19.052946,1,0,3.5601209,-0.20701295,farming,temperate-forest,false,3,0.20113023,11,organized,flat,cyclic,"farmer,shaman,chief",,19,,0.54,,false,,10,0,solar,,11,,organized,,,cyclic,,,,true,,true,,8,,2.40625,,1,0.33333333,,,,,0.90909091,,true,true,2,,1,1,,1,1,0,,true,,4,,5.9038066,0.098459924,3.3718968,0.061373956,9,0.19179724,0.68441211,27,2,2,1065895.4,0,2,0.10260729,true,true,,,true,,,,3,,,,7,,,,0,,,,1,,,,0,,,,1,,288,,,49.210287,,9.8420574,,29.835811,,0.41922619,,21.652526,,0.27948413,,0.46666667,,0.4,,,,1,0.11976048,-0.12732896,7,3,false,
377,goblin-solo,yellow-white dwarf (F),false,17.807724,824.48619,1111.1846,13.205162,0.92942891,1,false,2.9665042,40.511849,3,sun-like,6,3,2,0,809.85457,0.22591422,0.062373305,1795,1795,0,13,0.59962892,0.5220122,5,0.20626434,0.019408232,evaporite,0.13993902,aquifer+aquitard+spring+runoff+karst,0.15140244,26.063085,0.34213415,24.855677,0.1520122,0.36932927,salt,0.05328542,0.0027439024,0.64444444,structural,0.47423544,ice,-0.62571595,leptosol,0.057439024,33,30.69697,1013,31.477673,1,0,10.42513,-0.41192343,farming,tropical-seasonal-forest,false,3,0.23256098,5,organized,flat,cyclic,"farmer,shaman,chief",,40,,0.53336414,,false,,33,0,solar,,5,,organized,,,cyclic,,,,true,,true,,6.1162791,,2.0697674,,0.96969697,0.42105263,,,,,1,,true,true,3,,1,1,,0.92941176,1,0.082352941,,true,,4,,7.3125087,0.12478652,3.0934254,0.096235535,8,0.28280488,0.6199179,54,2,2,1490122.8,0,5,0.069369285,true,true,,,true,,,,3,,,,5,,,,0,,,,1,,,,0,,,,1,,192,,,49.210287,,9.8420574,,29.835811,,0.41922619,,21.652526,,0.27948413,,0.46666667,,0.4,,,,1,0.041461007,-0.10505915,7,3,false,
378,goblin-solo,orange dwarf (K),false,21.862419,331.80482,364.24678,4.2418924,1.1091668,1,false,0.7244002,8.1289821,2,sun-like,13,4,5,0,306.70328,0.052744437,0.06171388,174,109,0,16,0.52070211,0.58676718,3,0.050656706,0.010228993,evaporite,0.10339734,aquifer+aquitard+spring+runoff+karst,0.15957826,26.335045,0.36102481,25.53415,0.12718382,0.42418377,salt,0.050824741,0.00015280395,0.33333333,structural,0.66666667,ice,-32.341599,leptosol,0.0085060867,2,35.5,71,9.8192391,1,0,0.95434296,-0.040641984,farming,taiga,false,3,0.30555697,5,organized,flat,cyclic,"farmer,shaman,chief",,36,,0.47727955,,false,,2,0,solar,,5,,organized,,,cyclic,,,,true,,true,,8.4166667,,2.4166667,,1,0,,,,,1,,true,true,2,,1,1,,1,1,0,,true,,4,,6.6427275,0.13203475,2.6419665,0.1299253,6,0.42810574,0.57965309,35,2,2,1575551.2,0,3,0.098230748,true,true,,,true,,,,2,,,,6,,,,0,,,,1,,,,0,,,,1,,51,,,49.210287,,9.8420574,,29.835811,,0.41922619,,21.652526,,0.27948413,,0.46666667,,0.4,,,,1,0.50704225,-0.311351,7,2,true,
379,goblin-solo,yellow-white dwarf (F),false,18.558503,763.25603,987.04861,4.3640554,0.44277304,2,false,2.9272354,29.770152,2,orange-giant,0,0,0,0,777.84223,0.20894616,0.034005693,107,67,0,26,0.58583565,0.60813439,5,0.16605634,0.016258972,evaporite,0.094134984,aquifer+aquitard+spring+runoff+karst,0.10916593,34.773418,0.22004126,26.190055,0.13999411,0.40624816,salt,0.052794859,0.00053050398,0,structural,1,alpine,-1.8973534,leptosol,0.023931624,9,41.222222,371,23.566222,1,0,2.6846006,-0.031043429,farming,tropical-seasonal-forest,true,3,0.25912172,11,organized,flat,cyclic,"farmer,shaman,chief",,40,,0.45369458,,true,,9,0,solar,,11,,organized,,,cyclic,,,,true,,true,,7.516129,,2.1935484,,1,0.4,,,,,0.81818182,,true,true,0,,1,1,,1,1,0,,true,,4,,7.2808521,0.13307035,2.8450377,0.10426737,8,0.16386678,0.76447402,62,2,1,1745504.7,0,4,0.11147481,true,true,,,true,,,,2,,,,0,,,,0,,,,,,,,0,,,,1,,252,,,49.210287,,9.8420574,,29.835811,,0.41922619,,21.652526,,0.27948413,,0.44444444,,0.33333333,,,,1,0.11590296,-0.067968786,7,3,true,
380,goblin-solo,orange dwarf (K),false,16.560497,278.34841,403.39139,11.3261,4.9115511,0,false,-0,,3,orange-giant,7,7,1,0,,0.044895369,0.055853266,0,0,0,17,0.67372199,0.53617658,5,0.0527318,0.011522875,shale,0.11560045,aquifer+aquitard+spring+runoff+karst,0.12787131,25.581385,0.3993266,25.430362,0.11799476,0.40254396,salt,0.071832411,0.0042648709,0.9122807,numinous,0.13026845,ice,-26.541777,leptosol,0.01399177,8,35.875,287,13.054275,1,0,3.8955455,-0.060041163,farming,taiga,true,3,0.25117845,4,organized,flat,cyclic,"farmer,shaman,chief",,36,,0.43666464,,true,,8,0,solar,,4,,organized,,,cyclic,,,,true,,true,,11,,3.125,,1,0.16666667,,,,,1,,true,true,1,,1,1,,0.85714286,1,0.14285714,,true,,4,,6.7385782,0.12228482,2.9079274,0.0840291,10,0.27407407,0.75373732,43,2,2,1255601.5,0,5,0.062696401,true,true,,,true,,,,2,,,,0,,,,0,,,,,,,,0,,,,1,,252,,,49.210287,,9.8420574,,29.835811,,0.41922619,,21.652526,,0.27948413,,0.46666667,,0.4,,,,1,0.13240418,-0.1465513,7,4,false,
381,goblin-solo,yellow dwarf (G),false,21.220397,284.87066,322.1851,2.8295956,0.67940984,1,false,0.53299493,13.570578,4,orange-giant,0,0,0,0,270.92567,0.05852223,0.026242212,1740,1740,0,38,0.60475563,0.54033354,3,0.19183634,0.015184805,gneiss,0.12365658,aquifer+aquitard+spring+runoff+karst,0.1586782,26.328117,0.49752934,24.54344,0.11933292,0.42853613,salt,0.074423238,0.0013588635,0.77272727,numinous,0.22727273,ice,-6.8740917,leptosol,0.046386658,5,41,205,35.0646,1,0,10.256669,0,farming,tropical-seasonal-forest,true,3,0.25293391,6,organized,flat,cyclic,"farmer,shaman,chief",,41,,0.58520697,,true,,5,0,solar,,6,,organized,,,cyclic,,,,true,,true,,11.352941,,2.4705882,,0.6,0,,,,,1,,true,true,3,,1,1,,1,1,0,,true,,4,,6.5384746,0.11059312,3.3583652,0.082686392,7,0.28585547,0.62780009,48,2,2,1360117.6,1,5,0.067547042,true,true,,,true,,,,2,,,,2,,,,0,,,,1,,,,0,,,,1,,720,,,49.210287,,9.8420574,,29.835811,,0.41922619,,21.652526,,0.27948413,,0.46666667,,0.4,,,,1,0.2,-0.011874033,7,2,false,
382,goblin-solo,yellow dwarf (G),false,16.73312,537.20991,770.51009,14.190081,1.4391228,2,false,1.4233508,30.156103,2,sun-like,10,5,0,0,524.63071,0.10255948,0.091698836,470,295,4,40,0.59625995,0.58163019,5,0.066134466,0.030686978,shale,0.10394244,aquifer+aquitard+spring+runoff+karst,0.15546015,32.822689,0.29955255,25.611939,0.15485548,0.39049462,salt,0.074828621,0.00090700206,0.6,structural,0.40271705,ice,-22.930034,leptosol,0.015116701,11,33.363636,367,13.790343,1,0,2.9176436,-0.20043164,farming,temperate-forest,true,3,0.2482767,12,organized,flat,cyclic,"farmer,shaman,chief",,36,,0.43318619,,true,,11,0,solar,,12,,organized,,,cyclic,,,,true,,true,,6.5428571,,2.5428571,,0.90909091,0.26086957,,,,,1,,true,true,1,,1,1,,1,1,0,,true,,4,,7.2767082,0.15157079,2.8162088,0.10263171,7,0.34901439,0.67411747,47,2,1,1549339.7,1,6,0.071249123,true,true,,,true,,,,1,,,,0,,,,0,,,,,,,,0,,,,1,,108,,,49.210287,,9.8420574,,29.835811,,0.41922619,,21.652526,,0.27948413,,0.44444444,,0.33333333,,,,1,0.10354223,-0.1949481,7,2,true,
383,goblin-solo,yellow-white dwarf (F),false,29.747173,811.33244,654.5825,3.9937444,0.45801865,2,false,3.9270134,60.307702,3,blue-giant,11,4,3,0,801.65854,0.18125402,0.022637608,375,239,2,12,0.69400908,0.49138344,3,0.09372101,0.019261755,sandstone,0.13970002,aquifer+aquitard+spring+runoff+karst,0.23033349,31.517823,0.23767353,25.402148,0.047391096,0.30556885,salt,0.055574794,0.0011169619,0.57142857,numinous,0.42857143,ice,-14.823884,leptosol,0.026966651,6,39.333333,236,28.027904,1,0,14.169261,-0.055958966,farming,taiga,false,3,0.18094782,11,organized,flat,cyclic,"farmer,shaman,chief",,39,,0.40676308,,false,,6,0,solar,,11,,organized,,,cyclic,,,,true,,true,,9.1071429,,2.4642857,,1,0.41176471,,,,,0.90909091,,true,true,0,,1,1,,1,1,0,,true,,4,,7.3274644,0.14972775,3.5517967,0.06889312,10,0.16116164,0.61046824,115,1,2,1196440.4,0,4,0.07819565,true,true,,,true,,,,2,,,,0,,,,0,,,,,,,,0,,,,1,,672,,,49.210287,,9.8420574,,29.835811,,0.41922619,,21.652526,,0.27948413,,0.46666667,,0.4,,,,1,0.1779661,-0.13343993,7,3,true,
384,goblin-solo,orange dwarf (K),false,28.456884,285.33308,240.64454,22.277349,0.24922844,2,false,6.1897768,13.044524,5,blue-giant,13,6,4,0,270.96043,0.050842413,0.0093331064,304,192,1,40,0.64882086,0.5105318,3,0.10412089,0.042624872,gneiss,0.14494265,aquifer+aquitard+spring+runoff+karst,0.13479319,36.693762,0.40437956,24.689066,0.16468544,0.43524505,salt,0.066182407,0.0026416406,0.81578947,numinous,0.18421053,ice,-16.081209,leptosol,0.030100799,7,39.428571,276,22.477531,1,0,10.59508,-0.034160459,farming,taiga,false,2,0.28418491,13,folk,flat,cyclic,"farmer,chief",,39,,0.39970021,,false,,7,0,solar,,13,,folk,,,cyclic,,,,true,,true,,5.8181818,,2.2424242,,0.85714286,0.45,,,,,1,,true,true,2,,1,1,,1,1,0,,true,,4,,6.905044,0.11444619,3.2273718,0.079805674,9,0.39909628,0.81033763,45,2,1,1405049.8,1,4,0.10753674,true,true,,,true,,,,5,,,,4,,,,0,,,,1,,,,0,,,,1,,24,,,49.210287,,9.8420574,,29.835811,,0.41922619,,21.652526,,0.27948413,,0.46666667,,0.4,,,,1,0.14855072,-0.14095227,7,2,false,
385,goblin-solo,yellow dwarf (G),true,,429.88715,,18.775081,0.79613817,2,false,5.2198731,30.207695,5,sun-like,0,0,0,0,419.86915,0.10559734,,666,422,5,39,0.7224989,0.49151051,locked,0.090132318,0.038914116,gneiss,0.13284068,aquifer+aquitard+spring+runoff+karst,0.082783496,45.766696,0.35347937,25.368873,0.12879388,0.35779009,salt,0.083456685,0.0018474532,0.80952381,numinous,0.19047619,ice,-9.1423226,leptosol,0.030175068,4,39,156,0.91839623,1,0,59.764732,-0.049654026,farming,savanna,false,2,0.19591801,5,folk,flat,eternal,"farmer,chief",,39,,0.30580237,,false,,4,0,solar,,5,,folk,,,eternal,,,,true,,true,,7,,2.2857143,,0.75,0.22222222,,,,,0.8,,true,true,0,,1,1,,1,1,0,,true,,4,,7.1422155,0.14811156,3.1481901,0.066940091,9,0.2834521,0.80552958,81,1,1,1309925.2,0,8,0.10857722,true,true,,,true,,,,3,,,,1,,,,0,,,,1,,,,0,,,,1,,72,,,49.210287,,9.8420574,,29.835811,,0.41922619,,21.652526,,0.27948413,,0.46666667,,0.4,,,,1,0.25641026,0.25872898,7,2,false,
386,goblin-solo,orange dwarf (K),false,32.485714,148.5428,109.74138,27.468684,1.1497717,1,false,2.330872,10.88607,2,orange-giant,5,4,2,0,139.81722,0.034192039,0.046593878,357,224,0,27,0.50615204,0.60556627,3,0.2407109,0.010351057,evaporite,0.096297395,aquifer+aquitard+spring+runoff+karst,0.13851401,23.746504,0.3513273,25.477364,0.14232043,0.39863562,salt,0.058069589,0.002521133,0.68627451,structural,0.39825598,alpine,8.8815005,leptosol,0.072074744,24,36.333333,872,7.4099498,1,0,17.128667,-0.18278542,farming,tropical-seasonal-forest,true,3,0.27193633,6,organized,flat,cyclic,"farmer,shaman,chief",,42,,0.50664743,,true,,24,0,solar,,6,,organized,,,cyclic,,,,true,,true,,9.3333333,,2.7777778,,0.66666667,0.5,,,,,1,,true,true,0,,1,1,,0.82857143,1,0.17142857,,true,,4,,6.8193402,0.15381011,2.7558912,0.11674235,4,0.38509071,0.54046298,49,2,2,1569038.7,1,5,0.072720549,true,true,,,true,,,,2,,,,0,,,,0,,,,,,,,0,,,,1,,144,,,49.210287,,9.8420574,,29.835811,,0.41922619,,21.652526,,0.27948413,,0.46666667,,0.4,,,,1,0.048165138,0.099664709,7,3,true,
387,goblin-solo,yellow-white dwarf (F),false,31.192113,761.48653,585.90697,8.2529615,0.44823881,3,false,2.8669381,47.015591,3,orange-giant,4,7,1,0,768.98117,0.1476295,0.033868387,168,112,0,11,0.56405937,0.5753486,3,0.073580392,0.0019774425,evaporite,0.12079297,aquifer+aquitard+spring+runoff+karst,0.17354539,20.964504,0.30072241,25.083897,0.10259282,0.374643,salt,0.039512122,0.0015120121,0.7037037,structural,0.49051837,ice,-25.443992,leptosol,0.020552164,16,27.125,434,13.374194,1,0,4.3705273,-0.39946021,farming,taiga,false,3,0.23072185,14,organized,flat,cyclic,"farmer,shaman,chief",,37,,0.51659405,,false,,16,0,solar,,14,,organized,,,cyclic,,,,true,,true,,8.25,,2.5,,0.8125,0.53333333,,,,,1,,true,true,2,,1,1,,1,1,0,,true,,4,,6.8283558,0.12303534,2.6164771,0.12938821,6,0.35134681,0.77081641,38,2,2,1474274,0,4,0.096815022,true,true,,,true,,,,3,,,,8,,,,0,,,,1,,,,0,,,,1,,72,,,49.210287,,9.8420574,,29.835811,,0.41922619,,21.652526,,0.27948413,,0.44444444,,0.33333333,,,,1,0.087557604,-0.47695546,7,5,true,
388,goblin-solo,yellow dwarf (G),false,24.92476,352.24595,339.1769,3.355313,0.97057946,2,false,2.3362185,20.853016,2,red-dwarf,8,4,2,0,340.66332,0.079259824,0.080952376,298,190,0,25,0.67904399,0.45052103,3,0.16788731,0.016478688,andesite,0.15805887,aquifer+aquitard+spring+runoff+karst,0.22925382,39.203825,0.39644025,24.469886,0.10283715,0.30562105,salt,0.065049589,0.00098881874,0.84615385,numinous,0.15384615,tundra,-1.8876375,leptosol,0.074313532,2,41.5,83,39.197125,1,0,24.28763,-0.034765418,farming,temperate-forest,false,3,0.19038564,11,organized,flat,cyclic,"farmer,shaman,chief",,41,,0.47232841,,false,,2,0,solar,,11,,organized,,,cyclic,,,,true,,true,,8.9583333,,2.75,,0.5,0.30769231,,,,,1,,true,true,1,,1,1,,1,1,0,,true,,4,,7.4338444,0.16754871,3.7254996,0.071627362,10,0.27915114,0.697339,123,1,2,1208220.3,0,5,0.072881971,true,true,,,true,,,,2,,,,4,,,,0,,,,1,,,,0,,,,1,,384,,,49.210287,,9.8420574,,29.835811,,0.41922619,,21.652526,,0.27948413,,0.46666667,,0.4,,,,1,0.5060241,-0.029913251,7,2,true,
389,goblin-solo,yellow-white dwarf (F),false,32.638656,705.59753,518.84308,31.890049,2.4989569,2,false,0.97693437,31.669868,3,red-dwarf,3,5,0,0,689.77521,0.16174001,0.18623756,706,431,0,16,0.64855232,0.53021673,3,0.1111518,0.003954885,andesite,0.094053904,aquifer+aquitard+spring+runoff+karst,0.21957488,24.15406,0.33009169,25.584844,0.092942484,0.28737149,salt,0.052473747,0.001875521,0.2962963,structural,0.82428506,ice,-17.252716,leptosol,0.023617672,27,30.666667,828,32.824245,1,0,11.964749,-0.34412451,farming,temperate-forest,false,3,0.17067241,10,organized,flat,cyclic,"farmer,shaman,chief",,42,,0.53064216,,false,,27,0,solar,,10,,organized,,,cyclic,,,,true,,true,,6.212766,,2.4893617,,0.59259259,0.37837838,,,,,1,,true,true,1,,1,1,,0.94285714,1,0.057142857,,true,,4,,7.0252636,0.13604224,3.406996,0.078462966,9,0.24805502,0.5523473,57,2,2,1294036.8,2,5,0.078960188,true,true,,,true,,,,2,,,,0,,,,0,,,,,,,,0,,,,1,,54,,,49.210287,,9.8420574,,29.835811,,0.41922619,,21.652526,,0.27948413,,0.46666667,,0.4,,,,1,0.050724638,0.021752773,7,3,true,
390,goblin-solo,yellow-white dwarf (F),false,29.13424,459.01535,378.12444,14.313202,1.626039,1,false,0.21469397,9.0510395,2,orange-giant,1,4,0,0,427.52607,0.13999612,0.023680402,70,45,0,32,0.50280748,0.58632034,3,0.21768957,0.022899272,evaporite,0.11695964,aquifer+aquitard+spring+runoff+karst,0.11047825,28.022196,0.29868408,25.251644,0.13704213,0.38687027,salt,0.060024992,0.0032406953,0.48484848,structural,0.5929483,alpine,13.747413,leptosol,0.044240401,45,32.377778,1457,9.3073306,1,0,27.016607,-0.35294398,farming,tropical-seasonal-forest,false,3,0.26951782,6,organized,flat,cyclic,"farmer,shaman,chief",,42,,0.52755442,,false,,45,0,solar,,6,,organized,,,cyclic,,,,true,,true,,10.45614,,2.9122807,,0.95555556,0.50980392,,,,,1,,true,true,1,,1,1,,0.96491228,1,0.035087719,,true,,4,,6.555307,0.11022431,2.9872767,0.10661101,7,0.4863989,0.76360712,26,2,2,1749634.5,1,5,0.083912524,true,true,,,true,,,,1,,,,0,,,,0,,,,,,,,0,,,,1,,252,,,49.210287,,9.8420574,,29.835811,,0.41922619,,21.652526,,0.27948413,,0.46666667,,0.4,,,,1,0.028826356,-0.12501959,7,4,true,
391,goblin-solo,yellow-white dwarf (F),false,27.476295,718.22586,627.35608,25.871297,1.1597321,1,false,0.89098845,38.81585,4,blue-giant,4,4,1,0,705.12506,0.18910433,0.058451116,193,125,0,36,0.65883014,0.54404293,3,0.17040184,0.017089009,gneiss,0.1132737,aquifer+aquitard+spring+runoff+karst,0.074347048,35.95656,0.26991055,25.496913,0.10318426,0.40257603,salt,0.073279502,0.0025044723,0.65714286,structural,0.46805414,alpine,-0.85810047,leptosol,0.054525939,21,32.761905,688,20.99631,1,0,19.921051,-0.26705964,farming,tropical-seasonal-forest,false,3,0.25309481,8,organized,flat,cyclic,"farmer,shaman,chief",,41,,0.46126624,,false,,21,0,solar,,8,,organized,,,cyclic,,,,true,,true,,9.7027027,,2.8378378,,1,0.17241379,,,,,1,,true,true,1,,1,1,,0.89473684,1,0.10526316,,true,,4,,6.650181,0.15038575,3.4852849,0.067208632,8,0.44550984,0.74193697,77,1,2,1355738.6,2,6,0.087673929,true,true,,,true,,,,2,,,,0,,,,0,,,,,,,,0,,,,1,,120,,,49.210287,,9.8420574,,29.835811,,0.41922619,,21.652526,,0.27948413,,0.46666667,,0.4,,,,1,0.061046512,-0.020606517,7,3,true,
392,goblin-solo,orange dwarf (K),false,32.192664,235.96011,175.91097,20.547794,2.2392365,1,false,0.225431,6.7914759,5,sun-like,3,4,0,0,254.88672,0.040388555,0.043180423,22,14,0,10,0.70050291,0.48695794,3,0.10343733,0.014501245,andesite,0.17761656,aquifer+aquitard+spring+runoff+karst,0.25994457,21.670693,0.73793609,24.143974,0.094310401,0.27486143,salt,0.051289352,0.0022008477,0.96296296,structural,0.082738231,taiga,-16.616297,leptosol,0.03170851,3,7.3333333,22,23.643592,1,0,7.1970014,-0.49426218,farming,temperate-forest,true,3,0.14378872,7,organized,flat,cyclic,"farmer,shaman,chief",,10,,0.585,,true,,3,0,solar,,7,,organized,,,cyclic,,,,true,,true,,8.4117647,,2.5882353,,1,0,,,,,1,,true,true,0,,1,1,,1,1,0,,true,,4,,6.7600405,0.12049707,3.2648992,0.078121185,9,0.24633192,0.73415361,34,2,2,1147684.5,0,3,0.058905262,true,true,,,true,,,,3,,,,0,,,,0,,,,,,,,0,,,,1,,48,,,49.210287,,9.8420574,,29.835811,,0.41922619,,21.652526,,0.27948413,,0.46666667,,0.4,,,,1,0.45454545,-0.071788586,7,2,true,
393,goblin-solo,yellow dwarf (G),false,28.974808,333.74175,276.4402,28.247224,0.73494112,1,false,0.71575725,9.9999609,2,sun-like,12,5,4,0,312.66698,0.067577169,0.054958099,120,74,0,30,0.50676237,0.60874084,3,0.16725258,0.028514233,shale,0.11279945,aquifer+aquitard+spring+runoff+karst,0.16298753,34.704243,0.43328054,25.437338,0.12368838,0.3805682,salt,0.062607456,0.0018808157,0.28947368,structural,0.72115271,ice,-15.057587,leptosol,0.034003168,37,32.243243,1193,27.395051,1,0,11.855472,-0.29378899,farming,temperate-forest,false,3,0.22584637,7,organized,flat,cyclic,"farmer,shaman,chief",,41,,0.47564495,,false,,37,0,solar,,7,,organized,,,cyclic,,,,true,,true,,8.9607843,,2.5882353,,0.75675676,0.34090909,,,,,1,,true,true,1,,1,1,,0.9245283,1,0.075471698,,true,,4,,7.2420987,0.15745771,2.7294962,0.12606806,6,0.60290042,0.75981153,60,2,1,1826872.3,0,5,0.079828743,true,true,,,true,,,,4,,,,0,,,,0,,,,,,,,0,,,,1,,168,,,49.210287,,9.8420574,,29.835811,,0.41922619,,21.652526,,0.27948413,,0.46666667,,0.4,,,,1,0.035205365,-0.080900308,7,5,true,
394,goblin-solo,yellow-white dwarf (F),false,28.674576,674.57893,564.60798,19.354254,2.9495235,1,false,0.42600415,37.426278,2,red-dwarf,11,5,3,0,661.8477,0.12491547,0.23132236,185,119,0,35,0.5134759,0.57880476,3,0.060202139,0.011254333,evaporite,0.085202469,aquifer+aquitard+spring+runoff+karst,0.12057805,25.232342,0.23137137,26.008277,0.14757389,0.42942446,salt,0.057238477,0.00025089066,0.4,structural,0.83365516,ice,-32.075388,leptosol,0.01048723,6,15.666667,94,12.044249,1,0,10.382329,-1.2573931,farming,taiga,true,3,0.31732651,6,organized,flat,cyclic,"farmer,shaman,chief",,32,,0.46018598,,true,,6,0,solar,,6,,organized,,,cyclic,,,,true,,true,,7.2777778,,2.5,,0.83333333,0.25,,,,,1,,true,true,2,,1,1,,1,1,0,,true,,4,,7.1317492,0.14425945,2.8573537,0.11815829,9,0.42907321,0.7984864,47,2,1.5,1589804.9,0,5,0.066517205,true,true,,,true,,,,4,,,,8,,,,0,,,,1,,,,0,,,,1,,300,,,49.210287,,9.8420574,,29.835811,,0.41922619,,21.652526,,0.27948413,,0.46666667,,0.4,,,,1,0.34042553,-0.42872862,7,3,true,
395,goblin-solo,orange dwarf (K),false,38.125665,262.59126,165.30047,20.855525,0.5585551,3,false,3.7484799,38.934266,4,sun-like,10,4,0,0,257.75051,0.044127803,0.030765603,6250,5933,403,12,0.67447879,0.56637168,3,0.053610664,0.019188516,evaporite,0.10859457,aquifer+aquitard+spring+runoff+karst,0.15524224,28.309646,0.22026399,25.772685,0.071171441,0.36365682,salt,0.040471666,0.0037498125,0.46,structural,0.62021813,ice,-24.195313,leptosol,0.01139943,38,29.210526,1110,15.186712,1,0,10.943761,-0.27410475,farming,taiga,true,3,0.25183741,16,organized,flat,cyclic,"farmer,shaman,chief",,39,,0.52322218,,true,,38,0,solar,,16,,organized,,,cyclic,,,,true,,true,,8.2285714,,2.6,,0.97368421,0.48148148,,,,,1,,true,true,1,,1,1,,0.96,1,0.04,,true,,4,,6.2957168,0.12880453,3.2717073,0.070553196,8,0.27291135,0.75171297,54,2,2,1257778.5,1,5,0.075813534,true,true,,,true,,,,3,,,,5,,,,0,,,,1,,,,0,,,,1,,1440,,,49.210287,,9.8420574,,29.835811,,0.41922619,,21.652526,,0.27948413,,0.44444444,,0.33333333,,,,1,0.035135135,-0.20766971,7,3,false,
396,goblin-solo,yellow dwarf (G),false,33.570485,399.71693,285.76311,6.0391025,4.8169561,0,false,-0,,5,orange-giant,1,3,0,0,,0.064333366,0.16032063,0,0,0,24,0.51440359,0.58523956,3,0.041282164,0.027855085,evaporite,0.13523704,aquifer+aquitard+spring+runoff+karst,0.20004022,22.645267,0.4771002,24.416286,0.098587301,0.44975114,salt,0.055036058,0.0020612337,1,structural,0.031316644,ice,-29.588551,leptosol,0.0020109597,3,2,6,7.0361664,1,0,8.9974968,0,farming,taiga,true,3,0.33663466,2,organized,flat,cyclic,"farmer,shaman,chief",,2,,0.585,,true,,3,0,solar,,2,,organized,,,cyclic,,,,true,,true,,7.8571429,,2.7142857,,1,0.4,,,,,0.5,,true,true,1,,1,1,,1,1,0.013333333,,true,,4,,6.4229737,0.14478156,2.8192417,0.11913481,4,0.49917048,0.68151173,48,2,2,1405114.1,0,5,0.079633121,true,true,,,true,,,,5,,,,1,,,,0,,,,1,,,,0,,,,1,,96,,,49.210287,,9.8420574,,29.835811,,0.41922619,,21.652526,,0.27948413,,0.46666667,,0.4,,,,1,0.33333333,-0.38296203,7,2,false,
397,goblin-solo,yellow-white dwarf (F),false,35.389288,632.72033,429.09278,32.910204,1.5450573,0,false,-0,,5,sun-like,9,4,2,0,,0.20486883,0.018204964,0,0,0,21,0.55954299,0.56274249,3,0.17255017,0.019359406,evaporite,0.090732735,aquifer+aquitard+spring+runoff+karst,0.19027824,29.654067,0.57837269,24.564117,0.10514355,0.47212061,salt,0.060646511,0.003159295,0.43859649,structural,0.65312752,alpine,14.590814,leptosol,0.043232458,50,35.08,1754,5.2297719,1,0,12.756599,-0.20851966,farming,tropical-seasonal-forest,false,3,0.34125928,3,organized,flat,cyclic,"farmer,shaman,chief",,41,,0.51045723,,false,,50,0,solar,,3,,organized,,,cyclic,,,,true,,true,,8.9821429,,2.8928571,,0.98,0.56603774,,,,,0.66666667,,true,true,0,,1,1,,0.89473684,1,0.11842105,,true,,4,,7.4578271,0.13250954,2.5076185,0.13763976,6,0.55099213,0.5911286,60,2,1,1464355.9,0,5,0.13861704,true,true,,,true,,,,3,,,,0,,,,0,,,,,,,,0,,,,1,,288,,,49.210287,,9.8420574,,29.835811,,0.41922619,,21.652526,,0.27948413,,0.46666667,,0.4,,,,1,0.023945268,-0.13934292,7,4,false,
398,goblin-solo,yellow-white dwarf (F),false,28.616045,531.79642,446.01251,24.857357,2.010996,1,false,0.072110419,6.6513808,3,blue-giant,14,5,3,0,507.11015,0.14956765,0.14273912,8,6,0,32,0.49880377,0.58139308,3,0.21710366,0.013378253,evaporite,0.099853872,aquifer+aquitard+spring+runoff+karst,0.10720896,20.554001,0.36833902,24.968859,0.10287384,0.42547491,salt,0.057232669,0.0032148076,0.72727273,structural,0.40816912,alpine,3.269133,leptosol,0.05523624,35,24.542857,859,27.127365,1,0,15.834289,-0.48131716,farming,tropical-seasonal-forest,false,3,0.27433025,9,organized,flat,cyclic,"farmer,shaman,chief",,39,,0.50552442,,false,,35,0,solar,,9,,organized,,,cyclic,,,,true,,true,,8.1886792,,2.5849057,,1,0.59090909,,,,,0.88888889,,true,true,1,,1,1,,0.91780822,1,0.082191781,,true,,4,,6.5513889,0.12286217,2.9923706,0.10980909,2,0.96171456,0.72607539,33,2,2,1526317.4,0,4,0.041465389,true,true,,,true,,,,2,,,,7,,,,0,,,,1,,,,0,,,,1,,288,,,49.210287,,9.8420574,,29.835811,,0.41922619,,21.652526,,0.27948413,,0.46666667,,0.4,,,,1,0.04540163,0.010442255,7,4,true,
399,goblin-solo,yellow-white dwarf (F),false,35.107693,736.21255,503.28289,12.973035,0.085372005,2,false,2.2652984,31.358784,5,blue-giant,6,5,1,0,719.60768,0.14659278,0.0011286501,324,204,1,10,0.55414775,0.61134534,3,0.072286509,0.0074215126,evaporite,0.10808739,aquifer+aquitard+spring+runoff+karst,0.034769753,26.473257,0.019000164,26.90087,0.12736133,0.41384219,salt,0.046836889,0.0010951103,0.45,structural,0.62946857,ice,-26.73585,leptosol,0.017357499,15,23.666667,355,12.712903,1,0,4.1187031,-0.48716394,farming,taiga,false,3,0.29025899,9,organized,flat,cyclic,"farmer,shaman,chief",,29,,0.40558134,,false,,15,0,solar,,9,,organized,,,cyclic,,,,true,,true,,8.3939394,,2.6363636,,1,0.33333333,,,,,1,,true,true,2,,1,1,,1,1,0,,true,,4,,6.6659109,0.13755752,2.7163156,0.11144475,6,0.57580901,0.56488453,41,2,2,1561253,1,5,0.10383591,true,true,,,true,,,,3,,,,3,,,,0,,,,1,,,,0,,,,1,,30,,,49.210287,,9.8420574,,29.835811,,0.41922619,,21.652526,,0.27948413,,0.46666667,,0.4,,,,1,0.098591549,-0.32847542,7,3,true,
400,goblin-solo,yellow-white dwarf (F),false,31.904719,612.78128,460.95848,4.0252596,1.8557331,1,false,0.36989141,14.30964,4,blue-giant,1,4,0,0,584.36571,0.18740643,0.061279783,111,71,0,26,0.64620868,0.55803202,3,0.17272106,0.027537718,shale,0.10150428,aquifer+aquitard+spring+runoff+karst,0.08942865,28.422308,0.14539056,26.254975,0.12337842,0.42478609,salt,0.056793076,0.0017940933,0.34615385,structural,0.72042569,alpine,11.663304,leptosol,0.04326525,24,37.5,900,7.2175291,1,0,19.073218,-0.11513132,farming,tropical-seasonal-forest,true,3,0.28677891,9,organized,flat,cyclic,"farmer,shaman,chief",,41,,0.585,,true,,24,0,solar,,9,,organized,,,cyclic,,,,true,,true,,8.3333333,,2.5,,0.58333333,0.51515152,,,,,0.77777778,,true,true,1,,1,1,,0.94117647,1,0.058823529,,true,,4,,8.2479907,0.17358589,2.6858675,0.11168888,14,0.2807066,0.76432566,73,2,1,1356040.2,0,5,0.10544822,true,true,,,true,,,,5,,,,10,,,,0,,,,1,,,,0,,,,1,,54,,,49.210287,,9.8420574,,29.835811,,0.41922619,,21.652526,,0.27948413,,0.46666667,,0.4,,,,1,0.046666667,-0.032553251,7,3,true,
401,goblin-solo,yellow dwarf (G),false,19.049797,262.2312,330.37355,19.99117,0.45439177,2,false,4.606824,24.293789,3,red-dwarf,10,5,3,0,254.77169,0.068555067,0.02009482,851,538,11,40,0.63873834,0.56521152,5,0.13661442,0.032249402,shale,0.078321395,aquifer+aquitard+spring+runoff+karst,0.10393296,33.050468,0.29598594,26.040809,0.097175294,0.35018246,salt,0.068585495,0.0018921476,0.60714286,structural,0.40896637,alpine,7.2856726,leptosol,0.037032031,21,31.52381,662,4.7037505,1,0,20.963458,-0.40701554,farming,tropical-seasonal-forest,false,3,0.19962157,12,organized,flat,cyclic,"farmer,shaman,chief",,41,,0.53307639,,false,,21,0,solar,,12,,organized,,,cyclic,,,,true,,true,,10.266667,,2.7777778,,1,0.45454545,,,,,0.91666667,,true,true,1,,1,1,,0.90361446,1,0.096385542,,true,,4,,7.887431,0.16456851,2.5355608,0.11332454,11,0.19962157,0.72149675,75,2,1,1527751.1,0,4,0.060510037,true,true,,,true,,,,5,,,,12,,,,0,,,,1,,,,0,,,,1,,48,,,49.210287,,9.8420574,,29.835811,,0.41922619,,21.652526,,0.27948413,,0.46666667,,0.4,,,,1,0.063444109,-0.16582386,7,3,true,
402,goblin-solo,orange dwarf (K),false,22.901916,164.82999,172.73313,6.4200378,0.13855261,1,false,0.22441414,7.6449228,3,orange-giant,4,4,1,0,151.76437,0.034245419,0.0050564684,235,151,0,39,0.72821151,0.48432588,3,0.17062155,0.015331283,gneiss,0.14434564,aquifer+aquitard+spring+runoff+karst,0.14012396,32.80402,0.46195994,25.045039,0.1336567,0.23919878,salt,0.06539543,0.0012575227,0.42857143,structural,0.57142857,temperate-forest,3.7163487,leptosol,0.15063325,8,41.375,331,24.660473,1,0,18.851997,-0.020155082,farming,tropical-seasonal-forest,false,3,0.12620138,8,organized,flat,cyclic,"farmer,shaman,chief",,42,,0.5224181,,false,,8,0,solar,,8,,organized,,,cyclic,,,,true,,true,,7.9166667,,2.4166667,,0.875,0,,,,,1,,true,true,3,,1,1,,1,1,0,,true,,4,,6.6467514,0.16442242,3.7776071,0.055588106,9,0.2233001,0.72637053,100,1,2,976527.87,0,5,0.04298461,true,true,,,true,,,,3,,,,8,,,,0,,,,1,,,,0,,,,1,,144,,,49.210287,,9.8420574,,29.835811,,0.41922619,,21.652526,,0.27948413,,0.46666667,,0.4,,,,1,0.12688822,-0.02706519,7,3,false,
403,goblin-solo,yellow dwarf (G),false,21.69364,416.45085,460.72584,32.54844,3.0628619,0,false,-0,,2,red-dwarf,3,6,1,0,,0.072563814,0.22960555,0,0,0,19,0.66136907,0.5963521,3,0.040110346,0.020995069,sandstone,0.094802105,aquifer+aquitard+spring+runoff+karst,0.097109076,29.740036,0.034316199,26.015289,0.14440199,0.3743782,salt,0.059154202,0.0012255785,1,structural,0.20930487,ice,-25.966099,leptosol,0.010525557,3,4,12,10.484977,1,0,4.9288971,-0.4495701,farming,taiga,false,3,0.26140869,4,organized,flat,cyclic,"farmer,shaman,chief",,4,,0.46829491,,false,,3,0,solar,,4,,organized,,,cyclic,,,,true,,true,,11.727273,,2.6363636,,1,0,,,,,1,,true,true,2,,1,1,,1,1,0,,true,,4,,5.7659098,0.097899325,3.5929353,0.067989844,8,0.23300411,0.76307438,36,2,2,1285302.2,1,7,0.12732733,true,true,,,true,,,,2,,,,1,,,,0,,,,1,,,,0,,,,1,,300,,,49.210287,,9.8420574,,29.835811,,0.41922619,,21.652526,,0.27948413,,0.46666667,,0.4,,,,1,0.41666667,-0.32930368,7,2,false,
404,goblin-solo,yellow-white dwarf (F),false,35.075603,506.68481,346.69213,0.38670372,1.4055308,1,false,0.3191096,6.4796278,2,red-dwarf,0,0,0,0,535.3073,0.14672197,0.049473364,8,6,0,39,0.57021142,0.55211588,3,0.19930667,0.019261755,shale,0.11758023,aquifer+aquitard+spring+runoff+karst,0.11280886,33.305987,0.35955694,25.332196,0.14291394,0.41357569,salt,0.057706492,0.00045441636,0.5,structural,0.5,alpine,9.0733003,leptosol,0.05333712,4,41.25,165,8.4536829,1,0,21.900115,-0.017658824,farming,tropical-seasonal-forest,false,3,0.27872763,6,organized,flat,cyclic,"farmer,shaman,chief",,41,,0.48678377,,false,,4,0,solar,,6,,organized,,,cyclic,,,,true,,true,,9.6875,,2.5625,,1,0.4,,,,,0.83333333,,true,true,1,,1,1,,1,1,0,,true,,4,,7.5706342,0.13940959,2.653445,0.12418827,10,0.27100256,0.70221556,69,2,1,1592705,0,3,0.062928173,true,true,,,true,,,,1,,,,4,,,,0,,,,1,,,,0,,,,1,,120,,,49.210287,,9.8420574,,29.835811,,0.41922619,,21.652526,,0.27948413,,0.46666667,,0.4,,,,1,0.25454545,-0.0068997463,7,2,false,
405,goblin-solo,yellow-white dwarf (F),false,20.60009,811.74521,945.71843,12.099617,0.41753232,2,false,5.7247001,46.739005,4,blue-giant,8,5,1,0,799.29039,0.2039679,0.028721562,425,269,2,25,0.7403203,0.46347654,3,0.14635516,0.012719106,shale,0.13716273,aquifer+aquitard+spring+runoff+karst,0.080755852,27.450584,0.40387327,25.212686,0.10660901,0.3532951,salt,0.069651328,0.00094011469,0.7,numinous,0.3,ice,-6.1542165,leptosol,0.054244618,3,42,126,39.6301,1,0,6.9479829,0,farming,temperate-forest,false,3,0.17993795,9,organized,flat,cyclic,"farmer,shaman,chief",,42,,0.50632231,,false,,3,0,solar,,9,,organized,,,cyclic,,,,true,,true,,5.6190476,,2.2380952,,1,0.33333333,,,,,1,,true,true,2,,1,1,,1,1,0,,true,,4,,6.2730726,0.11536524,3.1108166,0.068331624,9,0.27103507,0.58220985,39,2,2,1055146.4,1,7,0.048414816,true,true,,,true,,,,2,,,,3,,,,0,,,,1,,,,0,,,,1,,132,,,49.210287,,9.8420574,,29.835811,,0.41922619,,21.652526,,0.27948413,,0.44444444,,0.33333333,,,,1,0.33333333,-0.00019510391,7,2,true,
406,goblin-solo,yellow-white dwarf (F),false,38.481664,704.7904,439.55921,26.334038,3.9935853,1,false,0.14864649,33.070499,4,red-giant,2,3,1,0,689.62127,0.16590823,0.049459543,692,424,0,38,0.70760705,0.48818569,3,0.14398711,0.024998779,andesite,0.1295817,aquifer+aquitard+spring+runoff+karst,0.14978709,31.451248,0.30600317,25.777701,0.091926192,0.3333055,salt,0.069745387,0.0010854137,0.69230769,structural,0.30907999,ice,-9.0492524,leptosol,0.052183351,8,21.75,174,34.756265,1,0,8.6309242,-0.25348648,farming,temperate-forest,false,3,0.22025549,6,organized,flat,cyclic,"farmer,shaman,chief",,28,,0.53813487,,false,,8,0,solar,,6,,organized,,,cyclic,,,,true,,true,,8.55,,2.45,,0.75,0.28571429,,,,,1,,true,true,1,,1,1,,1,1,0,,true,,4,,6.3495463,0.13274305,3.4395569,0.063082857,9,0.26901561,0.78700156,53,1,2,1086435.8,1,3,0.058072808,true,true,,,true,,,,3,,,,2,,,,0,,,,1,,,,0,,,,1,,210,,,49.210287,,9.8420574,,29.835811,,0.41922619,,21.652526,,0.27948413,,0.46666667,,0.4,,,,1,0.16091954,-0.092711765,7,2,true,
407,goblin-solo,yellow-white dwarf (F),false,38.354717,701.53488,438.97696,33.613556,4.1250341,0,false,-0,,2,red-dwarf,2,3,0,0,,0.18688194,0.28203631,0,0,0,11,0.57763293,0.53835038,3,0.24451931,0.012255261,evaporite,0.11062944,aquifer+aquitard+spring+runoff+karst,0.14415352,21.947865,0.30876828,25.732858,0.069995954,0.39304086,salt,0.04609611,0.002254205,0.46153846,structural,0.59930992,alpine,-1.3618464,leptosol,0.040228889,27,35.481481,958,37.918827,1,0,13.620785,-0.16801609,farming,tropical-seasonal-forest,false,3,0.26449338,3,organized,flat,cyclic,"farmer,shaman,chief",,42,,0.52562211,,false,,27,0,solar,,3,,organized,,,cyclic,,,,true,,true,,7.6060606,,2.6363636,,0.55555556,0.23333333,,,,,1,,true,true,1,,1,1,,0.88571429,1,0.11428571,,true,,4,,7.2510876,0.14770656,2.731169,0.11185977,8,0.25911797,0.5948662,46,2,2,1485851,0,3,0.082716406,true,true,,,true,,,,4,,,,5,,,,0,,,,1,,,,0,,,,1,,30,,,49.210287,,9.8420574,,29.835811,,0.41922619,,21.652526,,0.27948413,,0.46666667,,0.4,,,,1,0.043841336,0.044589783,7,4,false,
408,goblin-solo,yellow-white dwarf (F),false,36.396407,957.00541,631.05488,32.631771,2.0714965,2,false,0.43757282,38.330683,4,red-giant,0,0,0,0,941.07618,0.2177009,0.16146924,62,39,0,40,0.6409355,0.4840223,3,0.098676822,0.034983643,gneiss,0.12489801,aquifer+aquitard+spring+runoff+karst,0.14849062,37.724443,0.43534131,24.972604,0.098177862,0.36748708,salt,0.070087739,0.0041474028,0.70491803,structural,0.26858699,ice,-16.858208,leptosol,0.033519173,28,30,840,24.607853,1,0,14.569594,-0.27001503,farming,temperate-forest,false,3,0.22878705,10,organized,flat,cyclic,"farmer,shaman,chief",,32,,0.52040479,,false,,28,0,solar,,10,,organized,,,cyclic,,,,true,,true,,6.6666667,,2.7291667,,0.5,0.39473684,,,,,1,,true,true,0,,1,1,,0.975,1,0.025,,true,,4,,7.2361531,0.14779574,3.1617493,0.080342757,9,0.28521893,0.69975709,58,2,2,1405887.9,1,7,0.070361947,true,true,,,true,,,,3,,,,2,,,,0,,,,1,,,,0,,,,1,,63,,,49.210287,,9.8420574,,29.835811,,0.41922619,,21.652526,,0.27948413,,0.46666667,,0.4,,,,1,0.047619048,-0.19930696,7,4,true,
409,goblin-solo,orange dwarf (K),false,26.532634,233.34371,211.07022,24.855607,1.8487081,1,false,1.5416535,8.5345572,2,orange-giant,6,6,2,0,249.09444,0.042872576,0.0045276054,37,21,0,38,0.53986622,0.51273345,3,0.1616132,0.030247547,shale,0.10229202,aquifer+aquitard+spring+runoff+karst,0.10176146,31.833549,0.28337224,25.808788,0.18320246,0.39070458,salt,0.055489091,0.0026528014,0.48,structural,0.62077038,ice,-13.762146,leptosol,0.040800085,44,30.090909,1324,26.546535,1,0,12.537106,-0.35995638,farming,temperate-forest,false,3,0.24209465,6,organized,flat,cyclic,"farmer,shaman,chief",,40,,0.52990172,,false,,44,0,solar,,6,,organized,,,cyclic,,,,true,,true,,8.7142857,,2.6428571,,1,0.44,,,,,1,,true,true,1,,1,1,,0.90123457,1,0.098765432,,true,,4,,8.892518,0.1771602,2.3978666,0.14779552,9,0.35600594,0.72406903,92,2,1,1668892,1,4,0.095357162,true,true,,,true,,,,4,,,,0,,,,0,,,,,,,,0,,,,1,,135,,,49.210287,,9.8420574,,29.835811,,0.41922619,,21.652526,,0.27948413,,0.46666667,,0.4,,,,1,0.031722054,-0.25959629,7,3,true,
410,goblin-solo,yellow-white dwarf (F),false,27.641497,624.57635,542.29451,21.18744,2.0039658,1,false,1.0429471,102.71216,5,blue-giant,6,4,1,0,620.12402,0.13125106,0.019321213,818,513,0,35,0.50290513,0.59728907,3,0.10836873,0.023118988,shale,0.094931736,aquifer+aquitard+spring+runoff+karst,0.12601906,33.171048,0.40379138,25.090292,0.13259994,0.45187113,salt,0.061700708,0.00024555545,0.4,structural,0.6,ice,-18.634387,leptosol,0.0256851,3,40.333333,121,18.199077,1,0,5.7181532,-0.023891958,farming,temperate-forest,false,3,0.29108143,8,organized,flat,cyclic,"farmer,shaman,chief",,40,,0.46841854,,false,,3,0,solar,,8,,organized,,,cyclic,,,,true,,true,,9.3157895,,2.6315789,,1,0.18181818,,,,,0.75,,true,true,1,,1,1,,1,1,0,,true,,4,,7.4988705,0.15992619,2.5534187,0.14452419,7,0.3175523,0.70135387,56,2,1,1641844.9,2,6,0.093076013,true,true,,,true,,,,2,,,,4,,,,0,,,,1,,,,0,,,,1,,300,,,49.210287,,9.8420574,,29.835811,,0.41922619,,21.652526,,0.27948413,,0.46666667,,0.4,,,,1,0.33884298,-0.27909684,7,2,true,
411,goblin-solo,orange dwarf (K),false,18.737573,177.92231,227.89159,11.907905,0.45650536,2,false,1.0070557,16.128573,3,blue-giant,7,6,5,0,170.48488,0.031583659,0.03467731,715,455,1,39,0.65343489,0.49760496,5,0.13146331,0.017137835,gneiss,0.11961116,aquifer+aquitard+spring+runoff+karst,0.10587489,29.812276,0.28817977,25.614192,0.16877994,0.29783037,salt,0.063386462,0.0006339814,0,structural,1,ice,-12.330761,leptosol,0.044801352,9,37.444444,337,24.022717,1,0,8.1371923,-0.043236381,farming,temperate-forest,false,3,0.17089321,9,organized,flat,cyclic,"farmer,shaman,chief",,39,,0.45173586,,false,,9,0,solar,,9,,organized,,,cyclic,,,,true,,true,,8.7777778,,2.2592593,,0.88888889,0.44444444,,,,,1,,true,true,2,,1,1,,1,1,0,,true,,4,,7.5265126,0.140303,3.5170273,0.080489234,10,0.28747535,0.78806874,84,1,2,1314720,0,5,0.058127441,true,true,,,true,,,,3,,,,0,,,,0,,,,,,,,0,,,,1,,144,,,49.210287,,9.8420574,,29.835811,,0.41922619,,21.652526,,0.27948413,,0.46666667,,0.4,,,,1,0.115727,0.025690155,7,2,true,
412,goblin-solo,yellow dwarf (G),false,35.059879,496.40739,339.81228,21.550617,3.2617511,0,false,-0,,3,orange-giant,0,0,0,0,,0.10242695,0.22076197,0,0,0,19,0.69818368,0.53741001,3,0.099018603,0.0092036522,conglomerate,0.11073364,aquifer+aquitard+spring+runoff+karst,0.1919437,24.762709,0.2117609,25.324305,0.14640459,0.28277926,salt,0.05412272,0.0014559573,0.66666667,structural,0.31799725,ice,-17.009303,leptosol,0.029604465,17,38.352941,652,29.713932,1,0,9.2174626,-0.081394504,farming,temperate-forest,false,3,0.16371431,2,organized,flat,cyclic,"farmer,shaman,chief",,40,,0.46327021,,false,,17,0,solar,,2,,organized,,,cyclic,,,,true,,true,,9.2857143,,4.2857143,,1,0.31578947,,,,,1,,true,true,0,,1,1,,0.96296296,1,0.11111111,,true,,4,,6.4512663,0.11062141,3.4779817,0.067452761,11,0.32022972,0.71293291,53,2,2,1203249.3,0,6,0.10858928,true,true,,,true,,,,1,,,,0,,,,0,,,,,,,,0,,,,1,,12,,,49.210287,,9.8420574,,29.835811,,0.41922619,,21.652526,,0.27948413,,0.46666667,,0.4,,,,1,0.064417178,-0.089435066,7,3,false,
413,goblin-solo,yellow-white dwarf (F),false,37.209609,1014.7465,654.50612,33.894744,4.6813227,0,false,-0,,5,blue-giant,2,3,0,0,,0.22556523,0.052254534,0,0,0,19,0.63727357,0.5140665,3,0.099140667,0.015917192,shale,0.13090591,aquifer+aquitard+spring+runoff+karst,0.13205007,28.68344,0.37589178,25.464729,0.11912774,0.43323462,salt,0.057548101,0.0035671019,0.90566038,numinous,0.094339623,ice,-18.511933,leptosol,0.027123435,5,39.4,197,20.418733,1,0,9.3650954,-0.019148723,farming,taiga,false,3,0.30179028,2,organized,flat,cyclic,"farmer,shaman,chief",,40,,0.53724481,,false,,5,0,solar,,2,,organized,,,cyclic,,,,true,,true,,9.1111111,,2.6666667,,1,0.28571429,,,,,1,,true,true,1,,1,1,,1,1,0,,true,,4,,7.0631064,0.13102217,2.771713,0.10407207,8,0.23980347,0.74833157,47,2,2,1364541.2,0,6,0.10117034,true,true,,,true,,,,1,,,,0,,,,0,,,,,,,,0,,,,1,,192,,,49.210287,,9.8420574,,29.835811,,0.41922619,,21.652526,,0.27948413,,0.46666667,,0.4,,,,1,0.20304569,-0.21239451,7,2,false,
414,goblin-solo,yellow dwarf (G),false,23.686344,286.627,290.42253,33.575845,0.71850859,2,false,4.6806022,29.751701,4,blue-giant,12,5,4,0,279.89756,0.057666357,0.031576416,2126,1972,66,16,0.56637859,0.51818489,3,0.16107612,0.026439139,shale,0.084281049,aquifer+aquitard+spring+runoff+karst,0.15133431,31.37679,0.37338138,25.406556,0.085801149,0.37090418,salt,0.059015889,0.0018015989,1,structural,0.1926174,ice,-11.456808,leptosol,0.040761176,8,24.5,196,32.048519,1,0,18.601642,-0.23766028,farming,temperate-forest,false,3,0.23752956,11,organized,flat,cyclic,"farmer,shaman,chief",,31,,0.50044919,,false,,8,0,solar,,11,,organized,,,cyclic,,,,true,,true,,6.3666667,,2.4333333,,1,0.52631579,,,,,1,,true,true,0,,1,1,,0.94594595,1,0,,true,,4,,8.4922046,0.15433084,2.2356989,0.16334652,10,0.37861727,0.70395122,53,2,1,1506425.7,1,4,0.12447703,true,true,,,true,,,,6,,,,0,,,,0,,,,,,,,0,,,,1,,48,,,49.210287,,9.8420574,,29.835811,,0.41922619,,21.652526,,0.27948413,,0.46666667,,0.4,,,,1,0.15816327,-0.12247935,7,2,false,
415,goblin-solo,orange dwarf (K),false,37.453232,187.30321,120.02374,31.010056,1.0707276,1,false,2.5538429,7.8497579,3,red-dwarf,2,4,1,0,187.54601,0.029328199,0.072932298,31,18,0,8,0.69132367,0.48702942,3,0.070943802,0.014818612,evaporite,0.14568175,aquifer+aquitard+spring+runoff+karst,0.2265106,25.964186,0.51368238,24.732483,0.077032585,0.32924707,salt,0.043338375,0.0012654223,0.75,numinous,0.25,ice,-21.539351,leptosol,0.01937678,4,38.5,154,17.002828,1,0,2.9867713,-0.021463522,farming,temperate-forest,true,3,0.21891806,6,organized,flat,cyclic,"farmer,shaman,chief",,38,,0.53677542,,true,,4,0,solar,,6,,organized,,,cyclic,,,,true,,true,,8.125,,2.9375,,0.25,0.4,,,,,1,,true,true,1,,1,1,,1,1,0,,true,,4,,6.9935371,0.11236038,3.1427897,0.078829159,10,0.23568491,0.54346712,62,2,2,1200986.9,1,4,0.06021711,true,true,,,true,,,,2,,,,3,,,,0,,,,1,,,,0,,,,1,,264,,,49.210287,,9.8420574,,29.835811,,0.41922619,,21.652526,,0.27948413,,0.46666667,,0.4,,,,1,0.25324675,-0.26905581,7,2,true,
416,goblin-solo,orange dwarf (K),false,31.166495,148.71194,114.51677,31.562827,0.45569451,2,false,7.3832973,18.445635,2,blue-giant,0,0,0,0,143.19147,0.031028766,0.014972009,4634,2287,40,14,0.50576144,0.563102,3,0.25372296,0.011376398,shale,0.11183008,aquifer+aquitard+spring+runoff+karst,0.13445295,22.928714,0.29493702,25.585388,0.11429983,0.39688812,salt,0.049333614,0.0018276118,0.54054054,structural,0.62170081,alpine,0.49736534,leptosol,0.058779946,34,34.147059,1161,21.032771,1,0,16.915451,-0.26293249,farming,tropical-seasonal-forest,false,3,0.25581625,12,organized,flat,cyclic,"farmer,shaman,chief",,42,,0.49188057,,false,,34,0,solar,,12,,organized,,,cyclic,,,,true,,true,,10.706897,,2.6896552,,1,0.39130435,,,,,0.91666667,,true,true,1,,1,1,,0.86206897,1,0.13793103,,true,,4,,7.5993182,0.12949331,2.4423514,0.15773156,6,0.47932823,0.66772688,40,2,1,1645195.1,2,3,0.089230341,true,true,,,true,,,,3,,,,1,,,,0,,,,1,,,,0,,,,1,,288,,,49.210287,,9.8420574,,29.835811,,0.41922619,,21.652526,,0.27948413,,0.44444444,,0.33333333,,,,1,0.037037037,0.06261138,7,3,false,
417,goblin-solo,yellow dwarf (G),false,31.687716,485.16953,367.46317,29.502817,2.0042022,1,false,0.40603348,7.0928807,4,red-giant,11,9,3,0,444.55599,0.083753392,0.010609611,48,34,0,34,0.69969728,0.58035932,3,0.035569552,0.024168742,shale,0.090155272,aquifer+aquitard+spring+runoff+karst,0.10080481,42.418534,0.30168279,25.664309,0.11803918,0.36411674,gold,0.079856512,0.0020323551,1,structural,0.04535623,ice,-29.170569,leptosol,0.010812129,3,3,9,8.9139411,1,0,6.8025429,-0.60768204,farming,taiga,true,3,0.15315828,6,organized,flat,cyclic,"farmer,shaman,chief",,4,,0.44579401,,true,,3,0,solar,,6,,organized,,,cyclic,,,,true,,true,,7.5333333,,2.4,,0.66666667,0.22222222,,,,,1,,true,true,0,,1,1,,1,1,0,,true,,4,,7.1158364,0.12389858,2.7685215,0.085176505,13,0.18665149,0.74166013,55,2,1,1426152.9,1,3,0.093696837,true,true,,,true,,,,3,,,,0,,,,0,,,,,,,,0,,,,1,,432,,,49.210287,,9.8420574,,29.835811,,0.41922619,,21.652526,,0.27948413,,0.46666667,,0.4,,,,1,0.44444444,-0.41648357,7,2,true,
418,goblin-solo,orange dwarf (K),true,,237.031,,0.78662483,1.1413161,0,false,-0,,5,red-giant,5,6,0,0,,0.046102144,,0,0,0,23,0.71519945,0.45439739,locked,0.07611933,0.011620526,sandstone,0.17118121,aquifer+aquitard+spring+runoff+karst,0.12334991,31.673327,0.29393108,25.578271,0.12566432,0.33850506,salt,0.063478041,0.0040288016,0.55319149,structural,0.58486939,ice,-33.89751,leptosol,0.047574147,43,33.186047,1427,0.42057798,1,0,73.549615,-0.29407243,farming,tropical-seasonal-forest,false,3,0.21609806,1,organized,flat,eternal,"farmer,shaman,chief",,40,,0.42073458,,false,,43,0,solar,,1,,organized,,,eternal,,,,true,,true,,8.6444444,,2.6888889,,1,0.34090909,,,,,0,,true,true,2,,1,1,,0.93023256,1,0.069767442,,true,,4,,7.3171362,0.18982062,3.776853,0.067599238,6,0.37870735,0.79946631,114,1,2,972651.08,1,5,0.087663785,true,true,,,true,,,,5,,,,4,,,,0,,,,1,,,,0,,,,1,,150,,,49.210287,,9.8420574,,29.835811,,0.41922619,,21.652526,,0.27948413,,0.5,,0.5,,,,1,0.028731605,0.1969139,7,5,false,
419,goblin-solo,yellow dwarf (G),false,23.060998,569.34678,592.52955,0.81085432,0.20574938,1,false,3.7531848,21.257262,3,blue-giant,5,4,1,0,550.86002,0.1041058,0.014497355,276,174,0,35,0.6572433,0.56125356,3,0.055588106,0.03359211,sandstone,0.12286325,aquifer+aquitard+spring+runoff+karst,0.0063390313,39.154208,0.040099715,26.709069,0.12428775,0.32400285,salt,0.059114,0.00078347578,0.27272727,structural,0.76967944,ice,-25.941605,leptosol,0.01025641,10,36.3,363,12.221603,1,0,7.826188,-0.020839514,farming,taiga,false,3,0.19700855,5,organized,flat,cyclic,"farmer,shaman,chief",,37,,0.53937253,,false,,10,0,solar,,5,,organized,,,cyclic,,,,true,,true,,7,,2.05,,0.7,0.26666667,,,,,1,,true,true,0,,1,1,,1,1,0,,true,,4,,7.1346366,0.18684871,3.4984681,0.069137249,7,0.32094017,0.70395837,99,2,2,1377149.8,1,4,0.056583602,true,true,,,true,,,,2,,,,1,,,,0,,,,1,,,,0,,,,1,,36,,,49.210287,,9.8420574,,29.835811,,0.41922619,,21.652526,,0.27948413,,0.46666667,,0.4,,,,1,0.10192837,-0.28128732,7,2,true,
420,goblin-solo,orange dwarf (K),false,39.582221,217.82704,132.07569,20.533226,0.92276891,1,false,2.3056493,10.106046,5,orange-giant,10,4,0,0,208.87198,0.043780573,0.014860021,41,25,0,12,0.56518236,0.50244231,3,0.18541575,0.031956447,evaporite,0.10381225,aquifer+aquitard+spring+runoff+karst,0.14395598,30.568707,0.4529785,25.101901,0.092358655,0.45421369,salt,0.053054456,0.00072988603,0.76923077,numinous,0.28601403,ice,-9.4768661,leptosol,0.038964685,4,41.5,166,37.375405,1,0,15.114352,-0.019911786,farming,tropical-seasonal-forest,false,3,0.33007692,7,organized,flat,cyclic,"farmer,shaman,chief",,41,,0.49339947,,false,,4,0,solar,,7,,organized,,,cyclic,,,,true,,true,,8.3333333,,2.6111111,,1,0.36363636,,,,,1,,true,true,2,,1,1,,0.66666667,1,0.33333333,,true,,4,,7.7155881,0.15678312,2.2659989,0.1492847,6,0.44579193,0.720672,48,2,1,1408101.1,1,5,0.082199412,true,true,,,true,,,,2,,,,0,,,,0,,,,,,,,0,,,,1,,96,,,49.210287,,9.8420574,,29.835811,,0.41922619,,21.652526,,0.27948413,,0.46666667,,0.4,,,,1,0.25301205,-0.099552576,7,2,true,
421,goblin-solo,yellow-white dwarf (F),false,23.15649,1005.2356,1041.8528,10.53179,4.0220954,1,false,0.06574213,9.7331883,5,blue-giant,14,8,2,0,1027.7393,0.20811412,0.30217054,6,4,0,15,0.70479957,0.55094277,3,0.04269811,0.017186661,evaporite,0.11288455,aquifer+aquitard+spring+runoff+karst,0.12843202,28.104509,0.21038703,26.158253,0.093202117,0.35329143,salt,0.049983351,0.00041349653,0.4,structural,0.6,ice,-24.316115,leptosol,0.0086007278,3,38,114,12.149081,1,0,3.4355829,-0.046793794,farming,temperate-forest,false,3,0.23999338,6,organized,flat,cyclic,"farmer,shaman,chief",,38,,0.54,,false,,3,0,solar,,6,,organized,,,cyclic,,,,true,,true,,8.7333333,,3.2,,1,0,,,,,0.83333333,,true,true,0,,1,1,,1,1,0,,true,,4,,6.1458188,0.11574679,3.4988929,0.059738294,9,0.16862388,0.65455137,68,2,2,1128557,1,4,0.093519779,true,true,,,true,,,,5,,,,0,,,,0,,,,,,,,0,,,,1,,12,,,49.210287,,9.8420574,,29.835811,,0.41922619,,21.652526,,0.27948413,,0.46666667,,0.4,,,,1,0.34210526,-0.25379784,7,2,false,
422,goblin-solo,yellow-white dwarf (F),false,38.152933,728.11525,458.01894,17.582634,0.2287833,2,false,1.2658634,23.491022,4,orange-giant,6,5,2,0,706.7163,0.19943329,0.016236465,137,87,0,13,0.58939993,0.52529877,3,0.22642937,0.019920902,shale,0.1344313,aquifer+aquitard+spring+runoff+karst,0.14269576,23.923012,0.41215292,25.160446,0.14899816,0.37196028,salt,0.048753833,0.0011891313,0.3,structural,0.78117322,alpine,0.63568383,leptosol,0.047208514,18,39.111111,704,43.162409,1,0,14.312735,-0.088192872,farming,temperate-forest,false,3,0.22914561,10,organized,flat,cyclic,"farmer,shaman,chief",,42,,0.50459466,,false,,18,0,solar,,10,,organized,,,cyclic,,,,true,,true,,7.4736842,,2.3421053,,1,0.42857143,,,,,1,,true,true,1,,1,1,,1,1,0,,true,,4,,7.7415644,0.12873145,2.6512349,0.12106342,11,0.22914561,0.77518,35,2,1,1599589.1,1,3,0.1068344,true,true,,,true,,,,2,,,,5,,,,0,,,,1,,,,0,,,,1,,120,,,49.210287,,9.8420574,,29.835811,,0.41922619,,21.652526,,0.27948413,,0.46666667,,0.4,,,,1,0.059659091,-0.0081677726,7,3,true,
423,goblin-solo,yellow-white dwarf (F),false,21.662983,442.19012,489.89389,4.2733804,0.28069658,2,false,6.0634503,39.483124,3,blue-giant,7,4,0,0,434.21655,0.12496135,0.010640674,626,399,4,10,0.65182364,0.50287477,3,0.17950784,0.014330355,shale,0.13223952,aquifer+aquitard+spring+runoff+karst,0.20656289,24.020549,0.47209368,24.810313,0.08806619,0.30675922,salt,0.060244393,0.0063104754,0.52222222,structural,0.57750045,alpine,12.70541,leptosol,0.07425326,61,30.622951,1868,7.1884268,1,0,16.7511,-0.32936005,farming,tropical-seasonal-forest,false,3,0.18167157,11,organized,flat,cyclic,"farmer,shaman,chief",,42,,0.52275766,,false,,61,0,solar,,11,,organized,,,cyclic,,,,true,,true,,7.1084337,,2.3012048,,0.78688525,0.54166667,,,,,0.81818182,,true,true,1,,1,1,,0.93258427,1,0.06741573,,true,,4,,6.8533045,0.10472989,3.1292977,0.084517358,10,0.24652924,0.25701382,45,2,2,1296478.2,0,6,0.071073648,true,true,,,true,,,,2,,,,3,,,,0,,,,1,,,,0,,,,1,,117,,,49.210287,,9.8420574,,29.835811,,0.41922619,,21.652526,,0.27948413,,0.44444444,,0.33333333,,,,1,0.02248394,-0.019548503,7,4,true,
424,goblin-solo,yellow-white dwarf (F),false,18.954165,675.89258,855.82361,21.920599,2.4385849,0,false,-0,,4,red-giant,15,6,6,0,,0.15146304,0.094535515,0,0,0,13,0.61012646,0.59436443,5,0.10878375,0.019212929,shale,0.11590482,aquifer+aquitard+spring+runoff+karst,0.063494051,25.754862,0.15666875,26.356728,0.07608015,0.39236068,salt,0.064551534,0.0010644959,0.94117647,numinous,0.13723918,ice,-15.318202,leptosol,0.038196619,3,11.666667,35,22.122403,1,0,5.1867798,-0.76633806,farming,temperate-forest,false,3,0.25842204,2,organized,flat,cyclic,"farmer,shaman,chief",,18,,0.52455268,,false,,3,0,solar,,2,,organized,,,cyclic,,,,true,,true,,5.4285714,,2,,0.66666667,0,,,,,1,,true,true,1,,1,1,,1,1,0,,true,,4,,7.0908876,0.15292502,2.606594,0.11688882,9,0.36831559,0.70135172,57,2,1,1466809.8,1,5,0.10540782,true,true,,,true,,,,5,,,,7,,,,0,,,,1,,,,0,,,,1,,384,,,49.210287,,9.8420574,,29.835811,,0.41922619,,21.652526,,0.27948413,,0.46666667,,0.4,,,,1,0.51428571,-0.13521057,7,2,false,
425,goblin-solo,orange dwarf (K),false,34.130047,166.08294,116.78832,30.143071,1.3692736,1,false,2.0392294,10.290927,5,sun-like,7,5,1,0,155.73955,0.03389855,0.03986886,2263,2263,0,17,0.61012646,0.56862868,3,0.19923344,0.0038816464,evaporite,0.11189731,aquifer+aquitard+spring+runoff+karst,0.32429555,17.811136,0.66136506,24.204217,0.060801503,0.36174076,salt,0.04903507,0.0008140263,0.53846154,structural,0.43800533,alpine,-1.931229,leptosol,0.078584847,7,18.285714,128,35.436383,1,0,9.1983904,-0.53307801,farming,tropical-seasonal-forest,false,3,0.22391985,10,organized,flat,cyclic,"farmer,shaman,chief",,26,,0.51979178,,false,,7,0,solar,,10,,organized,,,cyclic,,,,true,,true,,8.6666667,,2.3703704,,1,0.11764706,,,,,1,,true,true,1,,1,1,,1,1,0,,true,,4,,6.3177508,0.10760749,3.2168799,0.086812167,7,0.26374452,0.84038291,42,2,2,1285527.7,0,6,0.078478371,true,true,,,true,,,,2,,,,0,,,,0,,,,,,,,0,,,,1,,54,,,49.210287,,9.8420574,,29.835811,,0.41922619,,21.652526,,0.27948413,,0.46666667,,0.4,,,,1,0.203125,0.065003441,7,2,false,
426,goblin-solo,yellow-white dwarf (F),false,18.153745,1112.8666,1471.2556,6.9440052,0.72663617,3,false,4.8380815,192.84848,5,red-dwarf,8,4,0,0,1108.5803,0.22363399,0.023003118,3264,1955,12,18,0.63842098,0.44345419,5,0.040940384,0.0053952444,conglomerate,0.16264938,aquifer+aquitard+spring+runoff+karst,0.15873337,27.272618,0.23502802,25.050833,0.14428465,0.30747417,salt,0.052037518,0.0012153129,0.55555556,structural,0.50012726,ice,-26.467919,leptosol,0.0078995341,10,33.4,334,10.921089,1,0,7.7116368,-0.044051295,farming,taiga,false,3,0.20106677,16,organized,flat,cyclic,"farmer,shaman,chief",,32,,0.4183282,,false,,10,0,solar,,16,,organized,,,cyclic,,,,true,,true,,10.214286,,2.5,,1,0.46153846,,,,,0.9375,,true,true,3,,1,1,,0.83333333,1,0.16666667,,true,,4,,7.3693698,0.18036675,3.7192612,0.074654558,10,0.20113429,0.73177579,152,1,2,1150030.5,0,6,0.077453352,true,true,,,true,,,,5,,,,4,,,,0,,,,1,,,,0,,,,1,,84,,,49.210287,,9.8420574,,29.835811,,0.41922619,,21.652526,,0.27948413,,0.46666667,,0.4,,,,1,0.10479042,-0.21187114,7,2,true,
427,goblin-solo,yellow-white dwarf (F),false,33.508712,1145.5962,820.51224,1.4108643,4.3103124,1,false,0.098005893,10.875201,4,orange-giant,6,5,1,0,1132.902,0.22660564,0.17756714,4,3,0,30,0.60578097,0.63617785,3,0.027806259,0.043235194,evaporite,0.086574189,aquifer+aquitard+spring+runoff+karst,0.071402031,35.448286,0.15289819,26.440512,0.11908595,0.39552886,salt,0.061693684,0.00099083478,0.3125,structural,0.62105489,ice,-32.759693,leptosol,0.0039014119,16,23.8125,381,7.3952606,1,0,14.920045,-0.26926843,farming,taiga,true,3,0.2670919,6,organized,flat,cyclic,"farmer,shaman,chief",,33,,0.64353617,,true,,16,0,solar,,6,,organized,,,cyclic,,,,true,,true,,9,,3.5357143,,1,0.31818182,,,,,1,,true,true,1,,1,1,,0.92307692,1,0.076923077,,true,,4,,6.3379904,0.1333651,3.0529189,0.085420634,8,0.23941045,0.79961916,49,2,2,1572968.4,3,3,0.074363484,true,true,,,true,,,,3,,,,3,,,,0,,,,1,,,,0,,,,1,,63,,,49.210287,,9.8420574,,29.835811,,0.41922619,,21.652526,,0.27948413,,0.46666667,,0.4,,,,1,0.086614173,-0.3094199,7,3,false,
428,goblin-solo,yellow dwarf (G),false,34.837736,345.1377,237.76817,2.2316732,1.0106044,1,false,1.6616435,18.068263,3,sun-like,5,5,1,0,332.17587,0.098375225,0.070404756,270,171,0,15,0.68522045,0.52784241,3,0.13722474,0.015941604,evaporite,0.1500698,aquifer+aquitard+spring+runoff+karst,0.14076315,26.114118,0.333566,25.357711,0.089731658,0.37071506,salt,0.050155287,0.00023266636,0,structural,1,alpine,14.100284,leptosol,0.023344191,3,41.666667,125,5.230023,1,0,19.01301,-0.019572581,farming,tropical-seasonal-forest,false,3,0.24887545,7,organized,flat,cyclic,"farmer,shaman,chief",,41,,0.46587127,,false,,3,0,solar,,7,,organized,,,cyclic,,,,true,,true,,8.1764706,,2.4117647,,0.66666667,0,,,,,1,,true,true,0,,1,1,,1,1,0,,true,,4,,6.5315678,0.11317568,3.0963896,0.077999121,10,0.24453234,0.8024185,45,2,2,1209273.2,0,7,0.069536932,true,true,,,true,,,,2,,,,2,,,,0,,,,1,,,,0,,,,1,,48,,,49.210287,,9.8420574,,29.835811,,0.41922619,,21.652526,,0.27948413,,0.46666667,,0.4,,,,1,0.336,-0.067398948,7,2,true,
429,goblin-solo,yellow dwarf (G),false,31.670848,388.12264,294.11727,29.239218,0.22243749,0,false,-0,,4,orange-giant,1,3,0,0,,0.09067465,0.0066119553,0,0,0,17,0.51103462,0.57751261,3,0.23245935,0.0072750354,evaporite,0.10964102,aquifer+aquitard+spring+runoff+karst,0.086025263,34.201427,0.17614459,25.97588,0.10484797,0.43152429,salt,0.055520876,0.00014978281,0,structural,1,ice,-5.5566996,leptosol,0.035099106,3,42,126,33.22087,1,0,1.3370867,0,farming,tropical-seasonal-forest,false,3,0.30231165,5,organized,flat,cyclic,"farmer,shaman,chief",,42,,0.5175558,,false,,3,0,solar,,5,,organized,,,cyclic,,,,true,,true,,10.615385,,3.0769231,,1,0,,,,,1,,true,true,1,,1,1,,1,1,0,,true,,4,,7.3902111,0.15485063,2.2894666,0.17015771,4,0.78990464,0.57702835,44,3,2,1593614.2,1,6,0.10891378,true,true,,,true,,,,4,,,,1,,,,0,,,,1,,,,0,,,,1,,30,,,49.210287,,9.8420574,,29.835811,,0.41922619,,21.652526,,0.27948413,,0.46666667,,0.4,,,,1,0.33333333,0.0039354839,7,2,false,
430,goblin-solo,yellow dwarf (G),false,34.242916,511.37925,358.41287,10.263715,0.884247,1,false,0.86680261,15.316434,3,orange-giant,11,6,4,0,488.9153,0.092193954,0.048150627,745,414,0,13,0.71810458,0.52385901,3,0.034739515,0.0095698452,shale,0.15242054,aquifer+aquitard+spring+runoff+karst,0.16186022,20.799257,0.37871309,24.854378,0.1208106,0.35368494,salt,0.057814496,0.0034641032,0.675,structural,0.47670298,ice,-19.667958,leptosol,0.0082272452,22,23.045455,507,9.6640616,1,0,8.1940455,-0.62697427,farming,taiga,true,3,0.2282844,6,organized,flat,cyclic,"farmer,shaman,chief",,37,,0.585,,true,,22,0,solar,,6,,organized,,,cyclic,,,,true,,true,,7.4411765,,3,,1,0.39285714,,,,,1,,true,true,2,,1,1,,0.96,1,0.04,,true,,4,,6.3231252,0.10755384,3.1351773,0.07067526,11,0.36009353,0.68727113,34,2,2,1086764.3,0,6,0.059485715,true,true,,,true,,,,5,,,,4,,,,0,,,,1,,,,0,,,,1,,24,,,49.210287,,9.8420574,,29.835811,,0.41922619,,21.652526,,0.27948413,,0.46666667,,0.4,,,,1,0.07495069,-0.16649605,7,3,true,
431,goblin-solo,yellow-white dwarf (F),false,30.779373,729.66861,568.95397,34.984909,0.1350991,2,false,1.200082,19.429155,2,sun-like,9,6,1,0,703.99731,0.14040079,0.0099867956,151,97,0,15,0.53798643,0.54261559,3,0.056076363,0.0078609443,evaporite,0.1192074,aquifer+aquitard+spring+runoff+karst,0.15709379,23.654037,0.44845443,24.909911,0.14858653,0.4281638,salt,0.055901361,0.0015323646,0.86206897,numinous,0.13793103,ice,-24.156483,leptosol,0.0090885073,4,37.75,151,9.9989513,1,0,5.877486,-0.041070935,farming,taiga,false,3,0.29970938,12,organized,flat,cyclic,"farmer,shaman,chief",,37,,0.52015616,,false,,4,0,solar,,12,,organized,,,cyclic,,,,true,,true,,9.0714286,,3,,0.25,0.25,,,,,1,,true,true,2,,1,1,,1,1,0,,true,,4,,6.476622,0.11724144,3.1697351,0.09245154,5,0.45003963,0.55222238,50,2,2,1521767.6,0,4,0.099075587,true,true,,,true,,,,1,,,,4,,,,0,,,,1,,,,0,,,,1,,126,,,49.210287,,9.8420574,,29.835811,,0.41922619,,21.652526,,0.27948413,,0.44444444,,0.33333333,,,,1,0.25827815,-0.38044118,7,2,true,
432,goblin-solo,yellow dwarf (G),false,31.508218,283.85089,216.21094,30.139092,0.99211494,2,false,0.2987123,16.690396,4,sun-like,1,4,0,0,272.43228,0.059144446,0.016116769,438,221,4,21,0.69496118,0.45914366,3,0.17806748,0.019652361,andesite,0.14597839,aquifer+aquitard+spring+runoff+karst,0.044257703,40.244102,0.13205282,25.677601,0.11796719,0.25242097,salt,0.049312973,0.00032012805,0,structural,1,ice,-5.4259107,leptosol,0.065866347,4,41.5,166,39.061704,1,0,13.008945,-0.019911786,farming,temperate-forest,false,3,0.14509804,12,organized,flat,cyclic,"farmer,shaman,chief",,41,,0.50773531,,false,,4,0,solar,,12,,organized,,,cyclic,,,,true,,true,,13.214286,,3,,1,0.25,,,,,1,,true,true,1,,1,1,,1,1,0,,true,,4,,8.0423622,0.18626395,3.8225535,0.069479029,8,0.21184474,0.6560087,166,1,2,1202569.8,1,4,0.062832868,true,true,,,true,,,,1,,,,0,,,,0,,,,,,,,0,,,,1,,540,,,49.210287,,9.8420574,,29.835811,,0.41922619,,21.652526,,0.27948413,,0.46666667,,0.4,,,,1,0.25301205,-0.0028007098,7,2,true,
433,goblin-solo,orange dwarf (K),true,,137.18413,,0.088949135,0.023867888,1,true,7.4664372,8.9769543,5,orange-giant,3,3,0,1,134.84928,0.031337426,,53,35,0,19,0.49978028,0.59194729,locked,0.12326058,0.022655144,evaporite,0.10605173,aquifer+aquitard+spring+runoff+karst,0.16456808,28.118824,0.3772572,25.001187,0.11791118,0.41317716,salt,0.046927344,0.00078086872,0.8125,numinous,0.1875,ice,-22.967633,leptosol,0.031966813,3,41.333333,124,0.52173934,1,0,14.723373,-0.023316192,farming,temperate-forest,false,3,0.26798438,3,organized,flat,eternal,"farmer,shaman,chief",,41,,0.54514483,,false,,3,0,solar,,3,,organized,,,eternal,,,,true,,true,,9.3333333,,2.8888889,,1,0,,,,,0.66666667,,true,true,3,,1,1,,1,1,0,,true,,4,,7.0680477,0.15640492,2.6986145,0.12980323,3,0.81922889,0.75056728,50,2,1,1609142,0,4,0.078267461,true,true,,,true,,,,4,,,,8,,,,0,,,,1,,,,0,,,,1,,162,,,49.210287,,9.8420574,,29.835811,,0.41922619,,21.652526,,0.27948413,,0.5,,0.5,,,,1,0.33870968,0.3433793,7,2,true,
434,goblin-solo,orange dwarf (K),false,19.385082,249.74016,309.19465,1.5038952,2.2597085,1,false,0.26749817,6.3547778,5,sun-like,7,6,2,0,276.08084,0.038549433,0.16639188,44,28,0,29,0.69842781,0.48611673,5,0.056027538,0.034178019,evaporite,0.14571359,aquifer+aquitard+spring+runoff+karst,0.21646564,28.668561,0.22035133,25.615658,0.13421841,0.31457945,salt,0.059248025,0.0024285599,0.63333333,structural,0.71136079,ice,-24.8607,leptosol,0.014247551,24,16.625,399,11.473945,1,0,6.8421362,-0.78726834,farming,taiga,false,2,0.20845139,7,folk,flat,cyclic,"farmer,chief",,36,,0.32745829,,false,,24,0,solar,,7,,folk,,,cyclic,,,,true,,true,,8.2368421,,2.8684211,,0.54166667,0.32258065,,,,,1,,true,true,1,,1,1,,0.96363636,1,0.036363636,,true,,4,,6.957122,0.1597834,3.4395802,0.071309995,10,0.20553712,0.72076054,81,1,2,1105390.4,0,4,0.082669576,true,true,,,true,,,,5,,,,3,,,,0,,,,1,,,,0,,,,1,,72,,,49.210287,,9.8420574,,29.835811,,0.41922619,,21.652526,,0.27948413,,0.46666667,,0.4,,,,1,0.09273183,-0.27261997,7,4,false,
435,goblin-solo,yellow-white dwarf (F),false,30.642888,857.27257,671.42959,17.745213,0.26705306,2,false,3.4811655,77.175971,3,blue-giant,8,5,1,0,849.20143,0.21388824,0.01720178,581,370,2,24,0.71744544,0.55235874,3,0.1306821,0.03674137,shale,0.12329359,aquifer+aquitard+spring+runoff+karst,0.18394678,34.284686,0.24537757,25.464051,0.12657681,0.32261966,salt,0.057354275,0.00051840332,0,structural,1,ice,-8.6085557,leptosol,0.039312252,6,36.333333,218,32.576352,1,0,21.321903,-0.10343701,farming,taiga,false,3,0.17487472,10,organized,flat,cyclic,"farmer,shaman,chief",,33,,0.42351999,,false,,6,0,solar,,10,,organized,,,cyclic,,,,true,,true,,8.3076923,,2.5,,1,0.5,,,,,1,,true,true,2,,1,1,,1,1,0,,true,,4,,6.8688044,0.13756017,2.86528,0.079854499,11,0.2349231,0.72377244,53,2,1,1241059.1,0,8,0.081772386,true,true,,,true,,,,3,,,,10,,,,0,,,,1,,,,0,,,,1,,105,,,49.210287,,9.8420574,,29.835811,,0.41922619,,21.652526,,0.27948413,,0.44444444,,0.33333333,,,,1,0.18348624,-0.081210614,7,2,true,
436,goblin-solo,yellow-white dwarf (F),false,26.931324,677.99089,604.19538,29.903151,1.2457053,1,false,0.45698973,23.2443,3,red-dwarf,7,3,1,0,657.91557,0.21751597,0.08464923,117,79,0,38,0.6409355,0.50856677,3,0.19698745,0.023826962,gneiss,0.124966,aquifer+aquitard+spring+runoff+karst,0.24660049,32.674196,0.48449823,24.887789,0.10212129,0.31289094,salt,0.067949575,0.0044193636,0.55384615,structural,0.58147971,alpine,16.861267,leptosol,0.079888496,61,31.852459,1943,5.2722959,1,0,14.146248,-0.26890836,farming,tropical-seasonal-forest,false,3,0.17589067,7,organized,flat,cyclic,"farmer,shaman,chief",,42,,0.52298463,,false,,61,0,solar,,7,,organized,,,cyclic,,,,true,,true,,12.573333,,2.8266667,,0.93442623,0.54411765,,,,,0.85714286,,true,true,3,,1,1,,0.95833333,1,0.041666667,,true,,4,,6.9149818,0.12086319,3.3908876,0.075679898,9,0.36191188,0.75673346,65,1,2,1401861.1,2,5,0.064882131,true,true,,,true,,,,3,,,,4,,,,0,,,,1,,,,0,,,,1,,216,,,49.210287,,9.8420574,,29.835811,,0.41922619,,21.652526,,0.27948413,,0.46666667,,0.4,,,,1,0.021616058,-0.15515818,7,5,false,
437,goblin-solo,yellow-white dwarf (F),false,25.32323,801.67383,759.78349,19.951675,0.38494776,2,false,2.2865044,28.934984,4,sun-like,3,3,0,0,782.1102,0.2044815,0.030514009,417,260,0,30,0.74129681,0.52250637,3,0.12255261,0.018187588,shale,0.12390299,aquifer+aquitard+spring+runoff+karst,0.20552987,35.290674,0.52703595,25.346779,0.063225441,0.33707653,salt,0.066735829,0.00066056431,0,structural,1,ice,-8.1769857,leptosol,0.03265075,7,40.428571,283,39.555574,1,0,14.056562,-0.02141134,farming,temperate-forest,false,3,0.20317071,11,organized,flat,cyclic,"farmer,shaman,chief",,39,,0.43105224,,false,,7,0,solar,,11,,organized,,,cyclic,,,,true,,true,,7.7931034,,2.3103448,,0.57142857,0.5,,,,,1,,true,true,2,,1,1,,1,1,0,,true,,4,,6.7544673,0.13615961,3.121109,0.06855134,10,0.18561857,0.71862702,62,1.5,2,1118566,1,4,0.097265177,true,true,,,true,,,,8,,,,4,,,,0,,,,1,,,,0,,,,1,,24,,,49.210287,,9.8420574,,29.835811,,0.41922619,,21.652526,,0.27948413,,0.46666667,,0.4,,,,1,0.14487633,-0.075265002,7,3,true,
438,goblin-solo,yellow-white dwarf (F),false,26.350194,765.98465,697.6659,24.797765,0.69666246,3,false,4.8995371,130.41456,3,red-dwarf,3,4,0,0,761.68693,0.14552783,0.0028656722,3084,1562,135,30,0.68321859,0.59324908,3,0.037205215,0.021532152,shale,0.076217633,aquifer+aquitard+spring+runoff+karst,0.061883477,43.705072,0.12006782,26.508876,0.13239827,0.3787762,salt,0.072509254,0.00084771887,1,structural,0.056449276,ice,-28.961625,leptosol,0.011713933,4,2.75,11,10.149538,1,0,11.643781,-0.22131051,farming,taiga,false,2,0.21878853,16,folk,flat,cyclic,"farmer,chief",,3,,0.38807853,,false,,4,0,solar,,16,,folk,,,cyclic,,,,true,,true,,6.9722222,,2.3888889,,1,0.35,,,,,1,,true,true,2,,1,1,,1,1,0,,true,,4,,7.6470487,0.18205527,2.5050454,0.11049265,11,0.20414612,0.79578634,62,2,1,1472255,0,4,0.11114243,true,true,,,true,,,,1,,,,0,,,,0,,,,,,,,0,,,,1,,192,,,49.210287,,9.8420574,,29.835811,,0.41922619,,21.652526,,0.27948413,,0.44444444,,0.33333333,,,,1,0.27272727,-0.37661421,7,3,false,
439,goblin-solo,orange dwarf (K),false,29.808533,162.54371,130.87021,9.1963898,0.22305758,2,false,5.1140625,13.056237,5,orange-giant,0,0,0,0,154.31433,0.031044526,0.011688676,2174,1188,4,22,0.56640301,0.57153313,3,0.18417069,0.0049313998,evaporite,0.11350712,aquifer+aquitard+spring+runoff+karst,0.17110523,20.413801,0.47626823,24.867126,0.088564833,0.42339958,salt,0.051273318,0.0034344913,0.49180328,structural,0.59661251,ice,-11.784293,leptosol,0.040763471,44,32.159091,1415,34.270632,1,0,5.6350434,-0.30355245,farming,temperate-forest,false,3,0.29463431,12,organized,flat,cyclic,"farmer,shaman,chief",,42,,0.49650381,,false,,44,0,solar,,12,,organized,,,cyclic,,,,true,,true,,6.9852941,,2.8529412,,1,0.46428571,,,,,1,,true,true,0,,1,1,,0.93103448,1,0.068965517,,true,,4,,6.5888365,0.11419824,3.0794362,0.091304136,6,0.34575756,0.73149837,44,2,2,1384309.6,1,4,0.060198535,true,true,,,true,,,,2,,,,0,,,,0,,,,,,,,0,,,,1,,168,,,49.210287,,9.8420574,,29.835811,,0.41922619,,21.652526,,0.27948413,,0.46666667,,0.4,,,,1,0.029681979,-0.039300334,7,3,true,
440,goblin-solo,yellow dwarf (G),false,28.820565,411.82102,342.93931,12.148453,0.00090014312,3,false,1.6077428,34.583284,3,sun-like,8,4,2,0,403.41941,0.095910055,0.000069402141,504,319,3,13,0.70689908,0.52340496,3,0.16688638,0.013280602,shale,0.11510911,aquifer+aquitard+spring+runoff+karst,0.096118607,25.746507,0.25828752,25.840044,0.069132101,0.35890388,salt,0.056967051,0.0049975012,0.31666667,structural,0.75711167,ice,-3.0151425,leptosol,0.061635849,56,29.107143,1630,39.804945,1,0,10.296537,-0.43535959,farming,tropical-seasonal-forest,false,3,0.20697984,13,organized,flat,cyclic,"farmer,shaman,chief",,41,,0.52772395,,false,,56,0,solar,,13,,organized,,,cyclic,,,,true,,true,,7.2804878,,2.5121951,,0.91071429,0.49275362,,,,,1,,true,true,2,,1,1,,0.89873418,1,0.10126582,,true,,4,,6.8395487,0.10692069,2.8176221,0.087251599,11,0.21272697,0.63028398,40,2,2,1175691.3,0,5,0.088807243,true,true,,,true,,,,4,,,,3,,,,0,,,,1,,,,0,,,,1,,12,,,49.210287,,9.8420574,,29.835811,,0.41922619,,21.652526,,0.27948413,,0.46666667,,0.4,,,,1,0.025766871,0.021053906,7,4,true,
441,goblin-solo,orange dwarf (K),false,21.658576,250.90531,278.0297,23.129785,0.11591594,2,false,4.2075245,30.162661,4,blue-giant,15,6,2,0,245.00953,0.038531226,0.0044989498,4407,4402,8,34,0.72965187,0.52149178,3,0.032615595,0.034739515,andesite,0.12281019,aquifer+aquitard+spring+runoff+karst,0.11423153,52.252424,0.1065559,26.383306,0.15875023,0.28183132,salt,0.074074327,0.0024381434,0.14814815,structural,0.90901108,ice,-26.228482,leptosol,0.0091204623,26,31,806,11.196671,1,0,4.3360008,-0.22032332,farming,taiga,false,3,0.15649269,11,organized,flat,cyclic,"farmer,shaman,chief",,37,,0.50473402,,false,,26,0,solar,,11,,organized,,,cyclic,,,,true,,true,,8.1666667,,2.7083333,,0.65384615,0.54054054,,,,,1,,true,true,0,,1,1,,0.93333333,1,0.066666667,,true,,4,,7.3801642,0.20569869,3.8499065,0.057297007,8,0.280838,0.73062264,150,1,2,1140539.9,0,5,0.085509495,true,true,,,true,,,,2,,,,0,,,,0,,,,,,,,0,,,,1,,432,,,49.210287,,9.8420574,,29.835811,,0.41922619,,21.652526,,0.27948413,,0.44444444,,0.33333333,,,,1,0.045905707,-0.17971641,7,5,false,
442,goblin-solo,yellow-white dwarf (F),false,20.072417,894.52672,1069.5593,16.356586,2.3338001,0,false,-0,,5,red-giant,11,7,3,0,,0.17276639,0.12224707,0,0,0,22,0.74044236,0.49633183,3,0.040842732,0.018309653,andesite,0.16798345,aquifer+aquitard+spring+runoff+karst,0.17861174,31.954952,0.37895034,25.607234,0.12311889,0.22357035,gold,0.05506847,0.0017870579,0.63157895,structural,0.14191879,ice,-24.801802,leptosol,0.0082768999,13,31.076923,404,11.883627,1,0,3.1913793,-0.17938593,farming,taiga,true,3,0.083239278,2,organized,flat,cyclic,"farmer,shaman,chief",,35,,0.63,,true,,13,0,solar,,2,,organized,,,cyclic,,,,true,,true,,8.5882353,,3.2941176,,0.76923077,0.33333333,,,,,0.5,,true,true,2,,1,1,,1,1,0,,true,,4,,7.4290758,0.13765713,3.2389689,0.068795469,10,0.19262603,0.68693379,65,2,2,1210675.6,0,4,0.094446324,true,true,,,true,,,,4,,,,2,,,,0,,,,1,,,,0,,,,1,,72,,,49.210287,,9.8420574,,29.835811,,0.41922619,,21.652526,,0.27948413,,0.46666667,,0.4,,,,1,0.089108911,-0.31981474,7,3,false,
443,goblin-solo,yellow-white dwarf (F),false,20.202065,706.27717,839.05543,3.8504579,1.8641881,1,false,1.0789297,37.814888,3,orange-giant,8,5,1,0,693.06662,0.12623629,0.0066770316,191,124,0,9,0.59535667,0.55432881,3,0.036424003,0.020213857,shale,0.10147813,aquifer+aquitard+spring+runoff+karst,0.10449472,25.455979,0.16217195,25.601746,0.10190045,0.36144796,salt,0.047709003,0.0002413273,0.5,structural,0.5,ice,-29.496205,leptosol,0.0047662142,2,35.5,71,7.7649578,1,0,4.0189842,-0.040641984,farming,taiga,true,3,0.21025641,9,organized,flat,cyclic,"farmer,shaman,chief",,35,,0.675,,true,,2,0,solar,,9,,organized,,,cyclic,,,,true,,true,,6.8,,3.1,,0,0,,,,,1,,true,true,0,,1,1,,1,1,0,,true,,4,,7.6778315,0.14451724,2.4087723,0.13988575,8,0.20555053,0.60722404,59,2,1.5,1498133.6,1,7,0.075237814,true,true,,,true,,,,1,,,,0,,,,0,,,,,,,,0,,,,1,,96,,,49.210287,,9.8420574,,29.835811,,0.41922619,,21.652526,,0.27948413,,0.46666667,,0.4,,,,1,0.50704225,-0.26806435,7,2,true,
444,goblin-solo,yellow dwarf (G),false,28.540859,584.90639,491.84761,13.308403,2.4503488,1,false,0.76448712,11.54972,3,sun-like,14,7,3,0,613.33889,0.11168372,0.18931743,21,12,0,26,0.54443142,0.55238197,3,0.077559689,0.033323568,shale,0.13016451,aquifer+aquitard+spring+runoff+karst,0.16360324,31.069256,0.5217834,24.922954,0.13954236,0.38695675,salt,0.059758936,0.0011253416,0.80952381,structural,0.35275017,ice,-23.248858,leptosol,0.013396924,11,33.090909,364,12.025012,1,0,7.718961,-0.24482937,farming,temperate-forest,true,3,0.23224908,5,organized,flat,cyclic,"farmer,shaman,chief",,39,,0.585,,true,,11,0,solar,,5,,organized,,,cyclic,,,,true,,true,,7.8095238,,2.4761905,,1,0.5625,,,,,1,,true,true,1,,1,1,,0.81818182,1,0.18181818,,true,,4,,7.7417188,0.11740584,2.6246086,0.12352912,7,0.39215476,0.67064972,49,2,2,1752934,0,5,0.074598995,true,true,,,true,,,,3,,,,0,,,,0,,,,,,,,0,,,,1,,240,,,49.210287,,9.8420574,,29.835811,,0.41922619,,21.652526,,0.27948413,,0.46666667,,0.4,,,,1,0.10714286,-0.29631125,7,3,true,
445,goblin-solo,yellow-white dwarf (F),false,23.936644,623.90671,625.55808,6.2711394,3.7038171,1,false,0.035719796,8.5371043,3,sun-like,2,3,1,0,609.70091,0.16023966,0.23942858,8,7,0,30,0.58769103,0.56616733,3,0.22479371,0.020189444,shale,0.11990053,aquifer+aquitard+spring+runoff+karst,0.10930191,31.750843,0.29587305,25.884497,0.13292676,0.36911599,salt,0.060432362,0.0029605068,0.66,structural,0.44735229,alpine,-1.613863,leptosol,0.045295755,22,26.181818,576,23.137877,1,0,6.0283356,-0.56473185,farming,temperate-forest,false,3,0.24962994,5,organized,flat,cyclic,"farmer,shaman,chief",,41,,0.51400492,,false,,22,0,solar,,5,,organized,,,cyclic,,,,true,,true,,7.09375,,2.9375,,1,0.25925926,,,,,1,,true,true,0,,1,1,,0.85714286,1,0.14285714,,true,,4,,6.484209,0.10397186,2.8600642,0.094087203,8,0.295577,0.73703595,41,2,1,1559722.5,1,4,0.071808281,true,true,,,true,,,,3,,,,2,,,,0,,,,1,,,,0,,,,1,,72,,,49.210287,,9.8420574,,29.835811,,0.41922619,,21.652526,,0.27948413,,0.46666667,,0.4,,,,1,0.072916667,-0.034418197,7,3,true,
446,goblin-solo,yellow dwarf (G),false,25.013807,275.38028,264.21915,29.631471,2.6691801,1,false,0.76444811,9.5736423,2,sun-like,1,3,0,0,257.29332,0.068051657,0.10914489,164,105,0,25,0.51276793,0.56859405,3,0.22528197,0.029271032,evaporite,0.14435314,aquifer+aquitard+spring+runoff+karst,0.13508368,31.193811,0.42774827,24.607059,0.085479507,0.42574406,salt,0.074123967,0.0020543141,0.90243902,numinous,0.097560976,alpine,4.4379869,leptosol,0.069044994,4,41.75,167,25.033757,1,0,10.844421,-0.013152898,farming,temperate-forest,false,3,0.30108227,9,organized,flat,cyclic,"farmer,shaman,chief",,41,,0.51172732,,false,,4,0,solar,,9,,organized,,,cyclic,,,,true,,true,,6.9090909,,2.6363636,,1,0.15384615,,,,,1,,true,true,2,,1,1,,1,1,0,,true,,4,,6.4555541,0.13272987,3.1133454,0.098310629,4,0.72251729,0.71917192,39,2,2,1685669.2,0,7,0.056549755,true,true,,,true,,,,4,,,,11,,,,0,,,,1,,,,0,,,,1,,48,,,49.210287,,9.8420574,,29.835811,,0.41922619,,21.652526,,0.27948413,,0.46666667,,0.4,,,,1,0.25149701,-0.13219644,7,2,true,
447,goblin-solo,yellow-white dwarf (F),false,35.126261,478.39424,326.86262,23.998162,1.5391915,1,false,0.97575705,14.603305,3,blue-giant,14,7,3,0,456.55426,0.13339301,0.12908854,194,123,0,26,0.52245984,0.5987424,3,0.17457644,0.022459841,evaporite,0.11308215,aquifer+aquitard+spring+runoff+karst,0.18311947,20.937737,0.31281632,25.353325,0.11124176,0.41705434,salt,0.055999619,0.00071570983,0.14285714,structural,0.87536604,alpine,6.3895848,leptosol,0.030519912,14,33.714286,472,13.064652,1,0,10.80404,-0.37164507,farming,tropical-seasonal-forest,false,3,0.32483002,10,organized,flat,cyclic,"farmer,shaman,chief",,41,,0.48753843,,false,,14,0,solar,,10,,organized,,,cyclic,,,,true,,true,,7.8235294,,2.6176471,,0.85714286,0.20833333,,,,,0.9,,true,true,2,,1,1,,1,1,0,,true,,4,,6.259274,0.1409931,2.9819175,0.10392559,5,0.36112673,0.74439537,45,2,2,1391386.6,0,6,0.059098861,true,true,,,true,,,,3,,,,4,,,,0,,,,1,,,,0,,,,1,,240,,,49.210287,,9.8420574,,29.835811,,0.41922619,,21.652526,,0.27948413,,0.46666667,,0.4,,,,1,0.088983051,0.013489504,7,3,false,
448,goblin-solo,orange dwarf (K),false,39.543762,266.5057,161.74831,12.593594,0.18895261,2,true,5.0403103,21.621739,2,sun-like,2,3,0,1,257.95927,0.056875449,0.0055784796,1810,1047,2,37,0.60309555,0.55012917,3,0.18150969,0.0082515502,andesite,0.10542502,aquifer+aquitard+spring+runoff+karst,0.10056588,26.429535,0.21398696,25.836713,0.070057818,0.32101119,salt,0.065741439,0.0014146882,0.26086957,structural,0.78446596,ice,-5.5599458,leptosol,0.039672776,21,39.190476,823,32.393544,1,0,6.3273332,-0.044598911,farming,temperate-forest,false,3,0.18372494,10,organized,flat,cyclic,"farmer,shaman,chief",,41,,0.48562424,,false,,21,0,solar,,10,,organized,,,cyclic,,,,true,,true,,7.5121951,,2.6585366,,1,0.35483871,,,,,1,,true,true,1,,1,1,,0.92592593,1,0.074074074,,true,,4,,7.2699085,0.13071966,3.1149843,0.091865632,8,0.2902571,0.8114627,59,2,2,1523869.5,2,5,0.089048796,true,true,,,true,,,,3,,,,2,,,,0,,,,1,,,,0,,,,1,,216,,,49.210287,,9.8420574,,29.835811,,0.41922619,,21.652526,,0.27948413,,0.44444444,,0.33333333,,,,1,0.04981774,-0.0045569108,7,3,true,
449,goblin-solo,yellow-white dwarf (F),true,,805.04003,,26.961078,1.6388178,1,false,1.2798467,83.482964,5,orange-giant,13,4,2,0,804.16725,0.20811262,,62,41,0,24,0.59391631,0.58109895,locked,0.10617157,0.012719106,shale,0.090236864,aquifer+aquitard+spring+runoff+karst,0.21143441,22.503357,0.52542984,25.057984,0.079115066,0.38709871,salt,0.057090121,0.001082121,0.72222222,numinous,0.27777778,ice,-20.004376,leptosol,0.040820007,5,37.8,189,1.333051,1,0,44.722314,-0.11179477,farming,tropical-seasonal-forest,true,3,0.26698329,3,organized,flat,eternal,"farmer,shaman,chief",,39,,0.60430346,,true,,5,0,solar,,3,,organized,,,eternal,,,,true,,true,,9.1818182,,2.4545455,,1,0.25,,,,,0.66666667,,true,true,2,,1,1,,1,1,0,,true,,4,,6.4547126,0.12421131,2.7820282,0.10421854,9,0.30912589,0.72009627,45,2,1.5,1297465.2,0,6,0.058305962,true,true,,,true,,,,1,,,,1,,,,0,,,,1,,,,0,,,,1,,216,,,49.210287,,9.8420574,,29.835811,,0.41922619,,21.652526,,0.27948413,,0.5,,0.5,,,,1,0.21164021,0.38833791,7,2,true,
450,goblin-solo,orange dwarf (K),false,25.110855,241.8219,231.12418,17.481727,0.20289736,2,false,6.3485243,18.73593,3,red-dwarf,9,5,3,0,233.01287,0.04900691,0.01532985,574,371,1,15,0.55036375,0.57194049,3,0.20233387,0.0032957375,evaporite,0.11961125,aquifer+aquitard+spring+runoff+karst,0.16787925,21.750353,0.36665219,25.324543,0.085134108,0.34987512,salt,0.048369964,0.0010858942,0.75,structural,0.46798018,ice,-8.3942873,leptosol,0.065153654,13,39.307692,511,31.528176,1,0,4.0832192,-0.089983817,farming,temperate-forest,false,3,0.23091541,11,organized,flat,cyclic,"farmer,shaman,chief",,42,,0.5278853,,false,,13,0,solar,,11,,organized,,,cyclic,,,,true,,true,,9.2285714,,2.5142857,,0.84615385,0.375,,,,,1,,true,true,1,,1,1,,0.71428571,1,0.28571429,,true,,4,,6.7154311,0.12227333,2.9324348,0.10534154,8,0.34004778,0.76470875,32,2,2,1561270.6,0,6,0.089317391,true,true,,,true,,,,5,,,,1,,,,0,,,,1,,,,0,,,,1,,216,,,49.210287,,9.8420574,,29.835811,,0.41922619,,21.652526,,0.27948413,,0.44444444,,0.33333333,,,,1,0.082191781,-0.0041198276,7,4,true,
451,goblin-solo,yellow-white dwarf (F),false,33.778107,500.831,355.85013,13.917358,1.487558,1,false,1.146506,13.642443,4,red-giant,3,5,0,0,476.62691,0.11987187,0.11306585,123,81,0,15,0.73057956,0.5079739,3,0.16688638,0.0061032176,shale,0.14987314,aquifer+aquitard+spring+runoff+karst,0.13102573,19.457216,0.43376223,25.318227,0.12205509,0.29974628,salt,0.055083158,0.00099673795,0.36363636,structural,0.69338825,alpine,1.0231082,leptosol,0.037876042,9,40.555556,365,34.89399,1,0,5.8014908,-0.035156552,farming,temperate-forest,false,3,0.16654585,5,organized,flat,cyclic,"farmer,shaman,chief",,41,,0.50873227,,false,,9,0,solar,,5,,organized,,,cyclic,,,,true,,true,,6.9473684,,2.2631579,,1,0.21428571,,,,,1,,true,true,2,,1,1,,0.69230769,1,0.30769231,,true,,4,,6.3783508,0.094680218,3.0211446,0.074361603,9,0.40268213,0.71115668,29,2,2,1104582.8,0,6,0.083747269,true,true,,,true,,,,5,,,,12,,,,0,,,,1,,,,0,,,,1,,12,,,49.210287,,9.8420574,,29.835811,,0.41922619,,21.652526,,0.27948413,,0.46666667,,0.4,,,,1,0.11506849,0.017966117,7,2,true,
452,goblin-solo,yellow dwarf (G),false,30.592565,441.09526,346.04114,30.904589,2.9351502,0,false,-0,,4,blue-giant,1,5,0,0,,0.083855074,0.02018009,0,0,0,8,0.62399297,0.55934294,3,0.11283629,0.011644939,evaporite,0.15575899,aquifer+aquitard+spring+runoff+karst,0.094468251,26.361087,0.27983379,25.389518,0.07596416,0.3488508,salt,0.052285705,0.00090897286,0.57142857,numinous,0.42857143,ice,-18.978438,leptosol,0.024347487,6,40.5,243,22.299607,1,0,3.3730724,-0.016846519,farming,temperate-forest,false,3,0.23483963,2,organized,flat,cyclic,"farmer,shaman,chief",,41,,0.53985101,,false,,6,0,solar,,2,,organized,,,cyclic,,,,true,,true,,10.4,,3.2,,0.83333333,0.25,,,,,1,,true,true,1,,1,1,,1,1,0,,true,,4,,6.4104632,0.1223304,3.2441423,0.08087984,7,0.20750552,0.69836068,43,2,2,1431584.6,0,5,0.0844162,true,true,,,true,,,,5,,,,13,,,,0,,,,1,,,,0,,,,1,,120,,,49.210287,,9.8420574,,29.835811,,0.41922619,,21.652526,,0.27948413,,0.46666667,,0.4,,,,1,0.16872428,-0.03891424,7,2,false,
453,goblin-solo,yellow-white dwarf (F),false,19.789216,494.5699,599.80536,25.294073,3.4258899,1,false,0.078993698,9.7161126,5,sun-like,4,3,1,0,462.54612,0.14897075,0.22742268,75,48,0,21,0.60412089,0.61198816,5,0.15748743,0.017308725,evaporite,0.13603848,aquifer+aquitard+spring+runoff+karst,0.13653182,23.829196,0.40910212,24.738531,0.1798224,0.38869018,salt,0.071017813,0.0014183522,0.65217391,structural,0.40055481,alpine,15.607207,leptosol,0.032005427,11,38.181818,420,7.28549,1,0,4.7461239,-0.14477291,farming,tropical-seasonal-forest,false,3,0.26356685,7,organized,flat,cyclic,"farmer,shaman,chief",,42,,0.51333769,,false,,11,0,solar,,7,,organized,,,cyclic,,,,true,,true,,9.24,,3.12,,0.90909091,0.38888889,,,,,0.85714286,,true,true,1,,1,1,,1,1,0,,true,,4,,5.577096,0.11435395,3.5977597,0.069576681,6,0.21429452,0.63695969,46,2,2,1251457.5,2,5,0.06851962,true,true,,,true,,,,2,,,,7,,,,0,,,,1,,,,0,,,,1,,432,,,49.210287,,9.8420574,,29.835811,,0.41922619,,21.652526,,0.27948413,,0.46666667,,0.4,,,,1,0.1,-0.12843126,7,2,true,
454,goblin-solo,orange dwarf (K),false,32.406881,284.73644,210.8711,3.2859429,0.55679801,1,false,2.4618022,7.966273,4,red-giant,2,4,0,0,262.7656,0.053738114,0.028690205,1022,460,0,21,0.56147161,0.58280911,3,0.11308042,0.029075729,evaporite,0.12586984,aquifer+aquitard+spring+runoff+karst,0.22846963,33.997038,0.31559316,25.138639,0.16316874,0.40627957,salt,0.062878766,0.00050102989,0.55555556,numinous,0.44444444,ice,-14.894216,leptosol,0.027723654,4,41.75,167,19.609641,1,0,5.6256593,-0.013152898,farming,temperate-forest,false,3,0.27684685,5,organized,flat,cyclic,"farmer,shaman,chief",,41,,0.5218386,,false,,4,0,solar,,5,,organized,,,cyclic,,,,true,,true,,9.4285714,,2.7857143,,1,0,,,,,1,,true,true,3,,1,1,,1,1,0,,true,,4,,6.5730876,0.10309953,3.0423209,0.10062985,7,0.56939264,0.6474642,36,2,2,1672889.7,0,6,0.098556383,true,true,,,true,,,,3,,,,13,,,,0,,,,1,,,,0,,,,1,,216,,,49.210287,,9.8420574,,29.835811,,0.41922619,,21.652526,,0.27948413,,0.46666667,,0.4,,,,1,0.25149701,-0.1032897,7,2,false,
455,goblin-solo,yellow dwarf (G),false,25.991374,418.92487,386.82822,20.968658,1.7848135,2,false,0.98204538,20.902883,4,red-giant,11,6,2,0,405.21127,0.10553394,0.033457819,196,127,0,17,0.50349104,0.59002852,3,0.22630731,0.032249402,evaporite,0.11421969,aquifer+aquitard+spring+runoff+karst,0.16801062,28.748827,0.49193628,25.292804,0.14942472,0.44016127,salt,0.061216759,0.00024584522,0.4,structural,0.6,alpine,-1.3194173,leptosol,0.042088701,3,19,57,34.037829,1,0,10.124622,-0.24058935,farming,tropical-seasonal-forest,false,3,0.30470056,12,organized,flat,cyclic,"farmer,shaman,chief",,17,,0.54,,false,,3,0,solar,,12,,organized,,,cyclic,,,,true,,true,,10.185185,,2.5925926,,1,0.26666667,,,,,1,,true,true,1,,1,1,,1,1,0,,true,,4,,7.6541358,0.1624018,2.7005465,0.13139007,8,0.41710099,0.32686536,60,2,2,1695875.9,2,5,0.080989747,true,true,,,true,,,,3,,,,0,,,,0,,,,,,,,0,,,,1,,900,,,49.210287,,9.8420574,,29.835811,,0.41922619,,21.652526,,0.27948413,,0.44444444,,0.33333333,,,,1,0.38596491,-0.04214994,7,2,false,
456,goblin-solo,yellow dwarf (G),false,29.698221,529.67688,428.04735,6.9981124,1.3498804,1,false,2.4899964,24.600882,2,blue-giant,8,5,3,0,514.8004,0.11021766,0.10613903,178,113,0,30,0.6739417,0.56491465,3,0.093696597,0.030882281,shale,0.10257562,aquifer+aquitard+spring+runoff+karst,0.038185085,41.519639,0.19174903,26.150637,0.09508835,0.3721174,salt,0.07222385,0.0041179994,0.58181818,structural,0.69655876,ice,-18.166958,leptosol,0.02837676,44,30.227273,1330,24.623189,1,0,17.176076,-0.31153448,farming,temperate-forest,false,3,0.19444444,5,organized,flat,cyclic,"farmer,shaman,chief",,40,,0.47282071,,false,,44,0,solar,,5,,organized,,,cyclic,,,,true,,true,,10.481481,,2.9074074,,0.84090909,0.40816327,,,,,1,,true,true,0,,1,1,,1,1,0,,true,,4,,7.5442728,0.13543331,2.5649414,0.099750989,8,0.28563941,0.71483163,51,2,2,1496387.6,1,5,0.086874716,true,true,,,true,,,,1,,,,1,,,,0,,,,1,,,,0,,,,1,,45,,,49.210287,,9.8420574,,29.835811,,0.41922619,,21.652526,,0.27948413,,0.46666667,,0.4,,,,1,0.030075188,-0.27056103,7,4,true,
457,goblin-solo,orange dwarf (K),false,27.996809,193.84405,166.17098,31.028992,0.57409749,2,true,5.0398968,15.776835,3,blue-giant,14,5,5,1,185.55179,0.031768746,0.037538769,2998,1601,6,15,0.5005615,0.60670642,3,0.090767052,0.018382891,shale,0.082217226,aquifer+aquitard+spring+runoff+karst,0.033727637,38.066044,0.034851892,26.538944,0.13442174,0.42413726,salt,0.053281109,0.0011242546,0.43478261,structural,0.70135501,ice,-25.375986,leptosol,0.02082315,19,24.894737,473,16.332397,1,0,9.2424245,-0.49867596,farming,taiga,false,3,0.28125917,12,organized,flat,cyclic,"farmer,shaman,chief",,40,,0.51679881,,false,,19,0,solar,,12,,organized,,,cyclic,,,,true,,true,,9.8372093,,3.2093023,,0.36842105,0.41935484,,,,,0.91666667,,true,true,1,,1,1,,0.93548387,1,0.064516129,,true,,4,,7.1479618,0.1388096,2.5413884,0.1306821,4,0.38703686,0.62807155,34,2,2,1966808.4,3,5,0.087977088,true,true,,,true,,,,4,,,,8,,,,0,,,,1,,,,0,,,,1,,180,,,49.210287,,9.8420574,,29.835811,,0.41922619,,21.652526,,0.27948413,,0.46666667,,0.4,,,,1,0.084566596,-0.33918097,7,5,false,
458,goblin-solo,yellow-white dwarf (F),false,22.212167,472.1028,510.10183,12.27388,0.9805628,1,false,2.5151824,34.137063,2,red-dwarf,2,3,1,0,462.25043,0.14657088,0.026680328,913,567,0,29,0.6399834,0.52756493,3,0.16796055,0.018578194,shale,0.12836509,aquifer+aquitard+spring+runoff+karst,0.21407744,28.817192,0.28819421,25.109993,0.12497457,0.36651522,salt,0.056381298,0.005221401,0.48051948,structural,0.58854472,alpine,19.899846,leptosol,0.04556859,52,32.615385,1696,4.4755859,1,0,22.07867,-0.2820543,farming,tropical-seasonal-forest,false,3,0.23618363,7,organized,flat,cyclic,"farmer,shaman,chief",,42,,0.4873491,,false,,52,0,solar,,7,,organized,,,cyclic,,,,true,,true,,9.3181818,,2.8636364,,0.96153846,0.52542373,,,,,0.85714286,,true,true,1,,1,1,,0.97222222,1,0.027777778,,true,,4,,6.8900106,0.10446864,2.9204776,0.088740784,9,0.23604801,0.76556236,43,2,2,1416370.1,2,6,0.09469503,true,true,,,true,,,,1,,,,0,,,,0,,,,,,,,0,,,,1,,144,,,49.210287,,9.8420574,,29.835811,,0.41922619,,21.652526,,0.27948413,,0.46666667,,0.4,,,,1,0.024764151,-0.066252196,7,5,true,
459,goblin-solo,yellow-white dwarf (F),false,22.799163,702.39624,739.39159,4.3889148,0.87359314,2,false,3.3172656,27.202675,2,red-giant,10,4,3,0,684.434,0.14220284,0.030866758,339,216,2,30,0.69640154,0.40004825,3,0.071114692,0.043454909,andesite,0.16452235,aquifer+aquitard+spring+runoff+karst,0.17594082,40.530383,0.48150531,24.607273,0.11209392,0.33885494,salt,0.069286338,0.0032164683,0.95,structural,0.17766542,ice,-18.149712,leptosol,0.022434867,10,10.5,105,19.714798,1,0,3.8670961,-0.42561234,farming,temperate-forest,true,3,0.22346414,10,organized,flat,cyclic,"farmer,shaman,chief",,9,,0.54381419,,true,,10,0,solar,,10,,organized,,,cyclic,,,,true,,true,,7.0333333,,2.5333333,,1,0.45,,,,,1,,true,true,1,,1,1,,1,1,0,,true,,4,,7.0502192,0.14222108,3.4622646,0.071627362,8,0.32204889,0.66042674,83,1,2,1126938.3,0,6,0.11119428,true,true,,,true,,,,2,,,,4,,,,0,,,,1,,,,0,,,,1,,240,,,49.210287,,9.8420574,,29.835811,,0.41922619,,21.652526,,0.27948413,,0.46666667,,0.4,,,,1,0.13333333,-0.18072575,7,3,true,
460,goblin-solo,yellow dwarf (G),false,27.630764,339.25707,294.67769,28.780849,1.3904466,1,false,0.35545292,10.295704,2,orange-giant,7,3,0,0,318.13873,0.084699759,0.06222311,1109,588,0,15,0.67826278,0.51627589,3,0.19137249,0.0069088423,shale,0.14310646,aquifer+aquitard+spring+runoff+karst,0.14416875,26.344161,0.52796115,25.226601,0.14849382,0.35541392,salt,0.052757497,0.0022004704,0.89655172,numinous,0.10344828,alpine,6.7845616,leptosol,0.066241748,3,42,126,13.874966,1,0,21.29744,0,farming,temperate-forest,false,3,0.2167084,10,organized,flat,cyclic,"farmer,shaman,chief",,42,,0.51243261,,false,,3,0,solar,,10,,organized,,,cyclic,,,,true,,true,,10.304348,,2.9565217,,1,0,,,,,1,,true,true,2,,1,1,,1,1,0,,true,,4,,6.7795622,0.089955066,2.7165051,0.090596162,9,0.36527809,0.75056556,29,2,2,1334117.7,0,3,0.10677876,true,true,,,true,,,,2,,,,3,,,,0,,,,1,,,,0,,,,1,,120,,,49.210287,,9.8420574,,29.835811,,0.41922619,,21.652526,,0.27948413,,0.46666667,,0.4,,,,1,0.33333333,0.033215588,7,2,false,
461,goblin-solo,yellow-white dwarf (F),false,22.534108,826.46518,880.22851,27.751726,0.69654266,2,false,0.56807911,14.182366,4,sun-like,1,3,0,0,787.76583,0.18567546,0.01942525,105,64,1,40,0.62846052,0.48570865,3,0.096308774,0.026561203,gneiss,0.10486891,aquifer+aquitard+spring+runoff+karst,0.21420593,32.709801,0.46862475,24.612703,0.1136737,0.35968198,salt,0.071467188,0.0029568303,0.93333333,structural,0.22931151,ice,-19.737061,leptosol,0.026545765,15,7.2,108,26.481727,1,0,3.0427525,-0.56989256,farming,temperate-forest,true,3,0.23562652,11,organized,flat,cyclic,"farmer,shaman,chief",,10,,0.54471957,,true,,15,0,solar,,11,,organized,,,cyclic,,,,true,,true,,9.2162162,,2.3513514,,0.93333333,0.61538462,,,,,1,,true,true,2,,1,1,,1,1,0,,true,,4,,6.6559649,0.15286628,3.606257,0.069894048,8,0.43169722,0.65240833,75,1,1,1252697.2,0,4,0.091409767,true,true,,,true,,,,4,,,,2,,,,0,,,,1,,,,0,,,,1,,120,,,49.210287,,9.8420574,,29.835811,,0.41922619,,21.652526,,0.27948413,,0.44444444,,0.33333333,,,,1,0.11111111,-0.15989152,7,4,false,
462,goblin-solo,yellow-white dwarf (F),false,23.010804,727.7346,759.01869,34.135035,3.9568175,1,false,0.047108474,9.4294455,4,sun-like,0,0,0,0,747.72169,0.14052545,0.25489697,7,6,0,35,0.67389288,0.42693517,3,0.057370246,0.025950881,andesite,0.15848181,aquifer+aquitard+spring+runoff+karst,0.12150022,31.84949,0.10031442,26.129878,0.11768229,0.32527324,salt,0.070695878,0.00074861506,0.6,structural,0.36016111,ice,-21.079199,leptosol,0.012576733,5,29.2,146,13.948146,1,0,9.2600477,-0.280199,farming,taiga,true,3,0.21590058,6,organized,flat,cyclic,"farmer,shaman,chief",,37,,0.585,,true,,5,0,solar,,6,,organized,,,cyclic,,,,true,,true,,6.7058824,,2.4117647,,1,0.36363636,,,,,1,,true,true,1,,1,1,,0.81818182,1,0.18181818,,true,,4,,7.7424107,0.15094234,3.2872241,0.080123041,9,0.2432999,0.75680177,85,1,2,1187261,0,5,0.04873613,true,true,,,true,,,,2,,,,6,,,,0,,,,1,,,,0,,,,1,,12,,,49.210287,,9.8420574,,29.835811,,0.41922619,,21.652526,,0.27948413,,0.46666667,,0.4,,,,1,0.25342466,-0.16323053,7,3,false,
463,goblin-solo,yellow-white dwarf (F),false,26.508337,817.18237,739.85692,8.7455331,1.4127302,2,false,1.0788284,34.504013,5,sun-like,11,7,4,0,800.28824,0.18025482,0.037371986,731,441,0,32,0.54814218,0.65659949,3,0.10436502,0.022996924,evaporite,0.10508401,aquifer+aquitard+spring+runoff+karst,0.072073046,33.895673,0.30639149,25.887899,0.11821276,0.45631855,salt,0.062486775,0.0011886109,1,structural,0.073484173,ice,-20.491451,leptosol,0.021719164,4,5.25,21,18.0599,1,0,4.4382193,-0.70287285,farming,temperate-forest,false,3,0.31136204,9,organized,flat,cyclic,"farmer,shaman,chief",,6,,0.4404366,,false,,4,0,solar,,9,,organized,,,cyclic,,,,true,,true,,8.5909091,,2.9090909,,1,0.30769231,,,,,1,,true,true,1,,1,1,,1,1,0,,true,,4,,5.882105,0.11049633,3.1470039,0.091914457,8,0.21173483,0.75981397,39,2,1,1706015,0,5,0.11390169,true,true,,,true,,,,3,,,,0,,,,0,,,,,,,,0,,,,1,,30,,,49.210287,,9.8420574,,29.835811,,0.41922619,,21.652526,,0.27948413,,0.46666667,,0.4,,,,1,0.38095238,-0.065735522,7,2,true,
464,goblin-solo,yellow-white dwarf (F),false,22.154967,734.47053,795.63617,33.32073,0.30429158,1,false,1.301655,17.795538,2,red-giant,2,4,1,0,706.61344,0.22977672,0.023506393,94,60,0,24,0.655925,0.52788421,3,0.17342903,0.034300083,gneiss,0.11948347,aquifer+aquitard+spring+runoff+karst,0.16730524,34.454974,0.32034908,25.512824,0.11359444,0.37860082,salt,0.067242423,0.0021995175,0.5483871,structural,0.67505594,alpine,11.504486,leptosol,0.06286363,23,29.173913,671,8.6231502,1,0,13.240899,-0.45833659,farming,tropical-seasonal-forest,false,3,0.23662551,7,organized,flat,cyclic,"farmer,shaman,chief",,42,,0.51047992,,false,,23,0,solar,,7,,organized,,,cyclic,,,,true,,true,,11,,2.9459459,,1,0.33333333,,,,,0.85714286,,true,true,3,,1,1,,0.93939394,1,0.060606061,,true,,4,,6.6400349,0.15801001,3.3900196,0.072677115,8,0.20632893,0.47410812,58,2,2,1323546.5,0,3,0.086744627,true,true,,,true,,,,3,,,,1,,,,0,,,,1,,,,0,,,,1,,81,,,49.210287,,9.8420574,,29.835811,,0.41922619,,21.652526,,0.27948413,,0.46666667,,0.4,,,,1,0.062593145,0.063074979,7,3,false,
465,goblin-solo,yellow-white dwarf (F),false,34.285761,598.36604,418.85566,31.421055,2.0344561,1,false,0.098981106,26.514058,3,sun-like,4,3,0,0,582.5645,0.18789992,0.1031081,244,155,0,39,0.60656218,0.54827501,3,0.19466823,0.014037401,shale,0.13024324,aquifer+aquitard+spring+runoff+karst,0.19607843,25.97402,0.43013155,24.904237,0.1132415,0.3658476,salt,0.062177253,0.0028543063,0.65217391,structural,0.45080643,alpine,15.415604,leptosol,0.080727228,22,34.454545,758,7.0647683,1,0,23.342073,-0.32485746,farming,tropical-seasonal-forest,false,3,0.22480764,8,organized,flat,cyclic,"farmer,shaman,chief",,42,,0.50308601,,false,,22,0,solar,,8,,organized,,,cyclic,,,,true,,true,,7.6842105,,2.8157895,,1,0.5,,,,,0.875,,true,true,1,,1,1,,0.93333333,1,0.066666667,,true,,4,,7.2655099,0.13816215,2.9973001,0.095796104,8,0.30007446,0.77071056,45,2,2,1386160.5,0,5,0.06786826,true,true,,,true,,,,3,,,,3,,,,0,,,,1,,,,0,,,,1,,384,,,49.210287,,9.8420574,,29.835811,,0.41922619,,21.652526,,0.27948413,,0.46666667,,0.4,,,,1,0.055408971,-0.069006635,7,3,true,
466,goblin-solo,yellow dwarf (G),false,21.377195,407.18269,457.14063,25.443432,4.6861185,0,false,-0,,5,sun-like,7,5,2,0,,0.10044796,0.36117452,0,0,0,8,0.57118793,0.55439795,3,0.2073141,0.0075924027,evaporite,0.11773413,aquifer+aquitard+spring+runoff+karst,0.13845716,21.733195,0.23472815,25.948476,0.074637062,0.38423,salt,0.047718349,0.0029035013,0.80392157,structural,0.31334546,alpine,-1.2682689,leptosol,0.035297467,24,34.291667,823,23.669947,1,0,15.600494,-0.13332581,farming,tropical-seasonal-forest,false,3,0.25180757,4,organized,flat,cyclic,"farmer,shaman,chief",,42,,0.50642579,,false,,24,0,solar,,4,,organized,,,cyclic,,,,true,,true,,7.96875,,3.25,,1,0.35714286,,,,,1,,true,true,1,,1,1,,0.82608696,1,0.17391304,,true,,4,,6.740415,0.12420994,3.0416186,0.094111616,5,0.67873612,0.63073092,49,2,2,1473702.3,0,5,0.088303065,true,true,,,true,,,,2,,,,13,,,,0,,,,1,,,,0,,,,1,,96,,,49.210287,,9.8420574,,29.835811,,0.41922619,,21.652526,,0.27948413,,0.46666667,,0.4,,,,1,0.051032807,0.079254539,7,5,false,
467,goblin-solo,yellow dwarf (G),false,33.08487,366.93824,266.17961,1.4597219,0.48082346,1,false,2.9088371,11.772287,4,orange-giant,0,0,0,0,346.69468,0.066444546,0.024973379,203,128,0,27,0.72555051,0.51912471,3,0.065841512,0.033836238,gneiss,0.10229497,aquifer+aquitard+spring+runoff+karst,0.13129336,43.807411,0.27850916,25.473763,0.09873688,0.38534069,salt,0.082252842,0.00044476072,1,structural,0.19616255,ice,-20.734226,leptosol,0.019124711,2,38.5,77,19.65441,1,0,7.6900877,-0.037474705,farming,taiga,false,3,0.2615193,8,organized,flat,cyclic,"farmer,shaman,chief",,39,,0.44841842,,false,,2,0,solar,,8,,organized,,,cyclic,,,,true,,true,,8.2222222,,2.4444444,,1,0,,,,,1,,true,true,2,,1,1,,1,1,0,,true,,4,,6.1612084,0.16665325,3.7796378,0.053488599,9,0.2035225,0.5523638,90,1,2,1075658.5,0,6,0.15708155,true,true,,,true,,,,3,,,,0,,,,0,,,,,,,,0,,,,1,,240,,,49.210287,,9.8420574,,29.835811,,0.41922619,,21.652526,,0.27948413,,0.46666667,,0.4,,,,1,0.50649351,-0.1016827,7,2,false,
468,goblin-solo,yellow dwarf (G),false,34.944215,316.14276,217.12968,15.01018,0.7274086,1,false,1.0803472,21.992198,4,orange-giant,0,0,0,0,306.1561,0.064772396,0.048361188,2540,2541,0,29,0.71192813,0.51415254,3,0.13551584,0.033763,andesite,0.14389831,aquifer+aquitard+spring+runoff+karst,0.14881356,34.672862,0.25711864,25.705599,0.092542373,0.32415254,salt,0.07079959,0.00016949153,0,structural,1,ice,-7.0995473,leptosol,0.036186441,2,41,82,35.746352,1,0,12.266515,0,farming,temperate-forest,false,3,0.19067797,5,organized,flat,cyclic,"farmer,shaman,chief",,41,,0.47923923,,false,,2,0,solar,,5,,organized,,,cyclic,,,,true,,true,,8,,2.6666667,,1,0,,,,,1,,true,true,3,,1,1,,1,1,0,,true,,4,,6.695275,0.13035412,3.5098954,0.065011474,9,0.18754237,0.76495457,66,1,2,1207669.5,1,5,0.057335838,true,true,,,true,,,,3,,,,5,,,,0,,,,1,,,,0,,,,1,,156,,,49.210287,,9.8420574,,29.835811,,0.41922619,,21.652526,,0.27948413,,0.46666667,,0.4,,,,1,0.5,0.035570166,7,2,false,
469,goblin-solo,yellow dwarf (G),false,32.335129,566.82852,420.71533,16.123043,4.7192927,1,false,0.039864978,13.117327,5,orange-giant,12,7,5,0,538.27241,0.10539692,0.32228188,235,147,0,30,0.61933011,0.35714744,3,0.10270495,0.02372931,gneiss,0.15064452,aquifer+aquitard+spring+runoff+karst,0.14897711,38.32799,0.36195729,24.876836,0.16250882,0.35291477,salt,0.075075976,0.0033989611,0.9245283,numinous,0.092592593,ice,-20.458118,leptosol,0.019431796,5,37.2,186,17.439875,1,0,7.3678353,-0.015806237,farming,taiga,false,3,0.23619573,7,organized,flat,cyclic,"farmer,shaman,chief",,38,,0.54,,false,,5,0,solar,,7,,organized,,,cyclic,,,,true,,true,,8.7894737,,2.6842105,,0.6,0,,,,,1,,true,true,2,,1,1,,1,1,0,,true,,4,,7.613286,0.21556504,3.8717152,0.077657341,7,0.43205284,0.69950849,164,1,2,1133378.9,0,4,0.088469026,true,true,,,true,,,,4,,,,8,,,,0,,,,1,,,,0,,,,1,,180,,,49.210287,,9.8420574,,29.835811,,0.41922619,,21.652526,,0.27948413,,0.46666667,,0.4,,,,1,0.20430108,-0.094534153,7,2,true,
470,goblin-solo,orange dwarf (K),false,17.852939,240.20344,322.90944,18.656982,2.0893986,0,false,-0,,5,blue-giant,1,3,0,0,,0.038206211,0.079291228,0,0,0,24,0.64056931,0.59199891,5,0.044407011,0.0060788047,shale,0.098689126,aquifer+aquitard+spring+runoff+karst,0.080554235,26.37029,0.1939822,25.860276,0.087685934,0.35801127,salt,0.060621819,0.0014263397,0.61904762,structural,0.70148545,ice,-25.554959,leptosol,0.012429532,14,25.857143,362,11.071428,1,0,8.2938147,-0.4622814,farming,taiga,false,3,0.19934796,2,organized,flat,cyclic,"farmer,shaman,chief",,38,,0.52707231,,false,,14,0,solar,,2,,organized,,,cyclic,,,,true,,true,,10.5,,2.7777778,,1,0.4375,,,,,1,,true,true,1,,1,1,,0.93103448,1,0.068965517,,true,,4,,6.8200128,0.13336841,2.6569988,0.099750989,8,0.20967194,0.73417639,53,2,2,1385027.3,0,3,0.10337176,true,true,,,true,,,,3,,,,4,,,,0,,,,1,,,,0,,,,1,,540,,,49.210287,,9.8420574,,29.835811,,0.41922619,,21.652526,,0.27948413,,0.46666667,,0.4,,,,1,0.10497238,-0.33096265,7,3,false,
471,goblin-solo,yellow-white dwarf (F),false,25.119906,873.18089,834.25239,19.541755,0.48008306,3,false,6.9203755,49.601366,2,red-dwarf,10,3,4,0,860.42916,0.16968369,0.0059264655,2184,2147,28,40,0.71024364,0.49229084,3,0.043772277,0.030320785,gneiss,0.13101356,aquifer+aquitard+spring+runoff+karst,0.085601146,45.680402,0.3400455,25.347151,0.14146095,0.35015587,salt,0.081665755,0.0016850619,0.9,structural,0.1905655,ice,-27.567846,leptosol,0.011037156,8,35.75,286,11.433012,1,0,6.6205235,-0.027974241,farming,taiga,true,3,0.21754149,17,organized,flat,cyclic,"farmer,shaman,chief",,37,,0.5606765,,true,,8,0,solar,,17,,organized,,,cyclic,,,,true,,true,,7.5,,2.547619,,1,0.4,,,,,1,,true,true,2,,1,1,,0.94285714,1,0.057142857,,true,,4,,6.6857361,0.17272739,3.6051273,0.05680875,8,0.24096386,0.61652873,112,1,2,1152859.3,4,5,0.11664252,true,true,,,true,,,,3,,,,5,,,,0,,,,1,,,,0,,,,1,,90,,,49.210287,,9.8420574,,29.835811,,0.41922619,,21.652526,,0.27948413,,0.44444444,,0.33333333,,,,1,0.12937063,-0.16656296,7,2,false,
472,goblin-solo,yellow dwarf (G),false,37.516439,469.45393,300.31886,8.6932992,0.5864754,3,false,6.9694955,76.061253,5,blue-giant,8,4,4,0,464.94,0.098467934,0.040519683,1692,1060,4,27,0.54079391,0.53726741,3,0.17206191,0.018260827,evaporite,0.11908559,aquifer+aquitard+spring+runoff+karst,0.13896863,29.219667,0.18426369,26.020768,0.13822435,0.41174907,salt,0.059042995,0.0021796917,0.53658537,structural,0.52021012,ice,-14.065635,leptosol,0.034396598,31,30.580645,948,27.100654,1,0,3.5562595,-0.40016966,farming,temperate-forest,false,3,0.31095162,16,organized,flat,cyclic,"farmer,shaman,chief",,40,,0.5314746,,false,,31,0,solar,,16,,organized,,,cyclic,,,,true,,true,,6.968254,,3.0793651,,1,0.5106383,,,,,0.9375,,true,true,1,,1,1,,0.92727273,1,0.072727273,,true,,4,,7.1861328,0.1243668,3.1016754,0.098237391,5,0.43896863,0.70502742,46,2,2,1605568.2,3,5,0.077349615,true,true,,,true,,,,0,,,,0,,,,0,,,,,,,,0,,,,1,,60,,,49.210287,,9.8420574,,29.835811,,0.41922619,,21.652526,,0.27948413,,0.44444444,,0.33333333,,,,1,0.043248945,-0.046910802,7,5,true,
473,goblin-solo,yellow-white dwarf (F),false,34.345795,658.61386,460.22323,7.4187244,0.037422529,3,false,6.0889179,38.471567,3,red-giant,5,4,0,0,646.36284,0.13236698,0.0025324737,1692,1483,59,30,0.62352912,0.58653784,3,0.083321127,0.015258044,evaporite,0.14415408,aquifer+aquitard+spring+runoff+karst,0.12275469,26.985469,0.47824395,25.155769,0.12878542,0.39031191,salt,0.066765624,0.0020102458,0.5483871,structural,0.49586684,taiga,-19.455104,leptosol,0.015757733,18,29.444444,530,13.085367,1,0,9.9287741,-0.32414837,farming,taiga,false,2,0.26152649,14,folk,flat,cyclic,"farmer,chief",,31,,0.37605255,,false,,18,0,solar,,14,,folk,,,cyclic,,,,true,,true,,8.8913043,,2.5217391,,1,0.5625,,,,,1,,true,true,0,,1,1,,0.92,1,0.08,,true,,4,,5.7235107,0.1425441,3.239223,0.073409501,5,0.60009079,0.73357421,29,2,2,1264090.3,1,4,0.065162426,true,true,,,true,,,,6,,,,2,,,,0,,,,1,,,,0,,,,1,,48,,,49.210287,,9.8420574,,29.835811,,0.41922619,,21.652526,,0.27948413,,0.44444444,,0.33333333,,,,1,0.073584906,-0.080456355,7,3,false,
474,goblin-solo,orange dwarf (K),false,19.115132,217.76484,273.41459,6.5519248,0.11793412,3,false,7.7835053,24.788518,2,white-dwarf,10,4,4,0,211.62211,0.043921327,0.00012295556,1359,851,8,27,0.6348567,0.56247911,5,0.17421024,0.017455202,evaporite,0.1176038,aquifer+aquitard+spring+runoff+karst,0.11265628,21.969515,0.30982149,25.688712,0.15083239,0.36986027,salt,0.054297501,0.0010028749,0.6,numinous,0.4,ice,-4.9672483,leptosol,0.067058902,6,40.833333,245,29.6009,1,0,9.7751809,-0.038068026,farming,temperate-forest,false,3,0.24583807,14,organized,flat,cyclic,"farmer,shaman,chief",,42,,0.52594374,,false,,6,0,solar,,14,,organized,,,cyclic,,,,true,,true,,8.0588235,,2.3529412,,0.66666667,0.45,,,,,1,,true,true,1,,1,1,,1,1,0,,true,,4,,6.3284037,0.1250866,3.4372813,0.075362531,10,0.20271445,0.72359748,48,2,2,1197351.1,0,6,0.099328315,true,true,,,true,,,,3,,,,0,,,,0,,,,,,,,0,,,,1,,360,,,49.210287,,9.8420574,,29.835811,,0.41922619,,21.652526,,0.27948413,,0.44444444,,0.33333333,,,,1,0.17142857,0.075164007,7,2,true,
475,goblin-solo,yellow dwarf (G),false,31.41469,644.58887,492.44901,0.85860435,0.16440112,3,false,5.9307977,67.439411,3,red-dwarf,4,4,1,0,637.63805,0.11208797,0.003476342,859,542,3,26,0.66686197,0.5238165,3,0.027220351,0.034910405,gneiss,0.12223362,aquifer+aquitard+spring+runoff+karst,0.10076213,33.341774,0.40136304,25.379082,0.13110069,0.36091162,salt,0.079677149,0.001612194,1,structural,0.14029921,ice,-35.847818,leptosol,0.000073281548,4,10.25,41,10.128523,1,0,8.960438,-0.88897619,fishing,tundra,true,2,0.22512091,15,folk,flat,cyclic,"fisher,chief",,17,,0.030301169,,true,,4,0,solar,,15,,folk,,,cyclic,,,,true,,true,,7.0294118,,2.2352941,,1,0.31578947,,,,,1,,true,true,1,,1,1,,1,1,0,,true,,4,,6.8394373,0.14179529,3.0542864,0.080782188,9,0.3161366,0.72688195,56,2,2,1334867.2,0,5,0.083574696,true,true,,,true,,,,4,,,,0,,,,0,,,,,,,,0,,,,1,,72,,,49.210287,,9.8420574,,29.835811,,0.41922619,,21.652526,,0.27948413,,0.46666667,,0.4,,,,1,0.41463415,-0.26074756,7,2,false,
476,goblin-solo,yellow-white dwarf (F),true,,636.22913,,11.994669,4.4389824,0,false,-0,,4,blue-giant,3,3,1,0,,0.11686183,,0,0,0,36,0.6944241,0.55228889,locked,0.060568332,0.015795127,andesite,0.13102181,aquifer+aquitard+spring+runoff+karst,0.03379404,30.345508,0.14172725,26.405843,0.13861149,0.34776704,salt,0.057748455,0.00039945674,0.2,structural,0.8,ice,-47.151131,leptosol,0.0089478309,4,38.75,155,0.75407101,1,0,24.659115,-0.014177911,farming,tropical-seasonal-forest,false,3,0.21906208,1,organized,flat,eternal,"farmer,shaman,chief",,39,,0.42050823,,false,,4,0,solar,,1,,organized,,,eternal,,,,true,,true,,8,,2.5,,0.5,0,,,,,0,,true,true,1,,1,1,,1,1,0,,true,,4,,6.3365347,0.12564674,3.0330956,0.073458327,8,0.22513382,0.8149084,38,2,2,1238218,1,6,0.061172225,true,true,,,true,,,,5,,,,1,,,,0,,,,1,,,,0,,,,1,,240,,,49.210287,,9.8420574,,29.835811,,0.41922619,,21.652526,,0.27948413,,0.5,,0.5,,,,1,0.2516129,0.11863001,7,2,false,
477,goblin-solo,orange dwarf (K),false,35.265143,255.12859,173.62999,20.441221,0.44938646,2,false,6.9832797,16.090738,2,orange-giant,0,0,0,0,244.40407,0.047458712,0.005629505,2319,2314,3,31,0.73648748,0.34296832,3,0.12211318,0.030296372,andesite,0.12979433,aquifer+aquitard+spring+runoff+karst,0.34676672,37.193511,0.39827682,24.221968,0.12738558,0.32175283,salt,0.066117173,0.0039836946,0.8372093,numinous,0.2258013,ice,-10.851161,leptosol,0.085325181,11,37.272727,410,36.519811,1,0,3.2604152,-0.1875205,farming,temperate-forest,false,3,0.19872151,10,organized,flat,cyclic,"farmer,shaman,chief",,42,,0.525033,,false,,11,0,solar,,10,,organized,,,cyclic,,,,true,,true,,10.129032,,2.8709677,,1,0.42857143,,,,,1,,true,true,1,,1,1,,0.78947368,1,0.21052632,,true,,4,,7.1917765,0.24999912,4.2935911,0.060934525,7,0.27524551,0.74580217,159,1,2,793215.66,0,5,0.08418383,true,true,,,true,,,,3,,,,14,,,,0,,,,1,,,,0,,,,1,,768,,,49.210287,,9.8420574,,29.835811,,0.41922619,,21.652526,,0.27948413,,0.46666667,,0.4,,,,1,0.10243902,0.034988489,7,4,false,
478,goblin-solo,orange dwarf (K),false,31.410949,195.54215,149.40687,21.018491,3.1086683,0,false,-0,,4,red-giant,4,5,1,0,,0.049245228,0.098967044,0,0,0,18,0.55973829,0.56288122,3,0.18204678,0.01071725,shale,0.10097593,aquifer+aquitard+spring+runoff+karst,0.15359876,26.062618,0.45414218,25.256975,0.10774093,0.39153821,salt,0.0557776,0.0039924587,0.55555556,structural,0.55495409,alpine,8.835103,leptosol,0.034490407,58,25.344828,1470,8.5528266,1,0,4.5646556,-0.29801966,farming,tropical-seasonal-forest,false,3,0.24581346,6,organized,flat,cyclic,"farmer,shaman,chief",,33,,0.53650558,,false,,58,0,solar,,6,,organized,,,cyclic,,,,true,,true,,9.0428571,,2.6142857,,0.89655172,0.453125,,,,,0.83333333,,true,true,2,,1,1,,0.86666667,1,0.13333333,,true,,4,,7.6396795,0.16282097,2.4384461,0.1521166,9,0.46323611,0.74264766,56,2,1,1565297.5,0,6,0.062944727,true,true,,,true,,,,1,,,,1,,,,0,,,,1,,,,0,,,,1,,60,,,49.210287,,9.8420574,,29.835811,,0.41922619,,21.652526,,0.27948413,,0.46666667,,0.4,,,,1,0.024489796,0.079387721,7,4,false,
479,goblin-solo,yellow-white dwarf (F),false,34.170471,529.33715,371.78568,22.121892,0.40525714,1,false,3.970402,22.662958,2,blue-giant,2,3,1,0,513.1214,0.15423808,0.022782472,386,244,0,10,0.56210634,0.62780844,3,0.19381378,0.0041746008,evaporite,0.10759882,aquifer+aquitard+spring+runoff+karst,0.14996934,20.882218,0.24251547,25.72076,0.14952333,0.39950939,salt,0.045369086,0.00089201093,0.3125,structural,0.6875,alpine,6.7092687,leptosol,0.057590455,11,37.636364,414,11.256758,1,0,17.069109,-0.1158193,farming,tropical-seasonal-forest,false,3,0.26431399,9,organized,flat,cyclic,"farmer,shaman,chief",,42,,0.52992007,,false,,11,0,solar,,9,,organized,,,cyclic,,,,true,,true,,7.9310345,,2.862069,,0.72727273,0.4,,,,,0.77777778,,true,true,0,,1,1,,1,1,0,,true,,4,,6.0062263,0.12029382,3.0000079,0.094648699,7,0.37676312,0.71679605,39,2,2,1435921.2,1,4,0.044413402,true,true,,,true,,,,3,,,,0,,,,0,,,,,,,,0,,,,1,,168,,,49.210287,,9.8420574,,29.835811,,0.41922619,,21.652526,,0.27948413,,0.46666667,,0.4,,,,1,0.10144928,0.064544072,7,3,true,
480,goblin-solo,yellow dwarf (G),false,27.446625,478.177,418.12967,20.070343,0.63121958,3,false,5.8034318,64.611325,3,orange-giant,0,0,0,0,472.77535,0.10330979,0.01604132,3891,2202,138,33,0.65384991,0.53621553,3,0.1101997,0.02619501,shale,0.10875238,aquifer+aquitard+spring+runoff+karst,0.1411242,26.714618,0.33648353,25.00315,0.067353128,0.37541435,salt,0.077823231,0.001269483,0.44444444,structural,0.61981055,ice,-14.017185,leptosol,0.024120178,13,40.461538,526,29.724245,1,0,6.2596244,-0.0440034,farming,temperate-forest,false,3,0.26221877,15,organized,flat,cyclic,"farmer,shaman,chief",,42,,0.52548431,,false,,13,0,solar,,15,,organized,,,cyclic,,,,true,,true,,7.9534884,,2.5581395,,0.61538462,0.53571429,,,,,1,,true,true,1,,1,1,,1,1,0,,true,,4,,6.9529145,0.1397183,2.9392507,0.093696597,10,0.32555187,0.62347808,47,2,2,1311523.3,1,4,0.087020776,true,true,,,true,,,,2,,,,3,,,,0,,,,1,,,,0,,,,1,,99,,,49.210287,,9.8420574,,29.835811,,0.41922619,,21.652526,,0.27948413,,0.44444444,,0.33333333,,,,1,0.079847909,-0.04045883,7,3,true,
481,goblin-solo,yellow-white dwarf (F),false,29.093497,895.71077,738.89565,9.6677165,0.28137111,1,false,0.061137294,11.299433,2,sun-like,5,4,0,0,922.63009,0.21074323,0.0046740043,8,6,0,22,0.56884429,0.58184701,3,0.11537523,0.018041111,evaporite,0.097389729,aquifer+aquitard+spring+runoff+karst,0.11001642,31.326845,0.3680992,26.232443,0.10124002,0.46429987,salt,0.05694408,0.0011890606,0.71428571,numinous,0.31849631,ice,-15.694166,leptosol,0.030405979,7,37.428571,262,22.830352,1,0,10.439844,-0.058216054,farming,temperate-forest,false,3,0.33588132,5,organized,flat,cyclic,"farmer,shaman,chief",,35,,0.43754023,,false,,7,0,solar,,5,,organized,,,cyclic,,,,true,,true,,9.8235294,,2.4705882,,1,0.16666667,,,,,1,,true,true,2,,1,1,,1,1,0,,true,,4,,6.9433975,0.13749448,2.661274,0.11334896,7,0.48298511,0.71110475,53,2,1,1545752.8,0,5,0.09416009,true,true,,,true,,,,2,,,,0,,,,0,,,,,,,,0,,,,1,,192,,,49.210287,,9.8420574,,29.835811,,0.41922619,,21.652526,,0.27948413,,0.46666667,,0.4,,,,1,0.15267176,-0.20578157,7,2,true,
482,goblin-solo,yellow-white dwarf (F),false,19.743357,655.35909,796.65369,8.1951398,1.2792207,2,false,2.8836897,30.778896,4,red-dwarf,11,5,4,0,640.35723,0.14498695,0.082065577,255,162,1,31,0.7412724,0.54161162,5,0.095283433,0.034837166,shale,0.098320438,aquifer+aquitard+spring+runoff+karst,0.1334214,41.998275,0.47971315,25.578799,0.11898471,0.42847707,salt,0.070075337,0.0042460842,0.97777778,structural,0.38999209,ice,-15.24786,leptosol,0.037554256,12,9.75,117,23.764869,1,0,13.742012,-0.44145121,farming,temperate-forest,false,2,0.27826005,9,folk,flat,cyclic,"farmer,chief",,4,,0.38992503,,false,,12,0,solar,,9,,folk,,,cyclic,,,,true,,true,,9.8,,2.8666667,,1,0.28571429,,,,,1,,true,true,2,,1,1,,0.97368421,1,0.026315789,,true,,4,,7.9933518,0.21063502,2.4440591,0.099555686,9,0.40998302,0.72180668,72,2,1,1170644.7,0,5,0.10551144,true,true,,,true,,,,4,,,,0,,,,0,,,,,,,,0,,,,1,,300,,,49.210287,,9.8420574,,29.835811,,0.41922619,,21.652526,,0.27948413,,0.44444444,,0.33333333,,,,1,0.11965812,-0.017421796,7,2,false,
483,goblin-solo,yellow-white dwarf (F),false,16.228231,596.19139,881.70998,16.243611,1.2196018,2,false,1.0809104,31.655993,3,red-dwarf,13,5,2,0,582.99007,0.13323853,0.01848901,197,124,0,33,0.70457985,0.32088257,5,0.12994971,0.021385675,evaporite,0.17122552,aquifer+aquitard+spring+runoff+karst,0.25568135,29.827712,0.40368565,24.678728,0.1480043,0.34178993,salt,0.065522666,0.00090901578,0.63636364,numinous,0.36363636,taiga,-5.843386,leptosol,0.059333939,4,39,156,30.199219,1,0,8.2966166,-0.15293248,farming,temperate-forest,false,3,0.25559871,9,organized,flat,cyclic,"farmer,shaman,chief",,41,,0.53643678,,false,,4,0,solar,,9,,organized,,,cyclic,,,,true,,true,,10.636364,,2.7727273,,0.5,0.30769231,,,,,1,,true,true,0,,1,1,,1,1,0,,true,,4,,7.7208684,0.17887147,3.6101131,0.073116547,9,0.23254277,0.66304764,103,1,2,926409.64,1,7,0.08296446,true,true,,,true,,,,2,,,,0,,,,0,,,,,,,,0,,,,1,,1008,,,49.210287,,9.8420574,,29.835811,,0.41922619,,21.652526,,0.27948413,,0.46666667,,0.4,,,,1,0.26923077,-0.04021257,7,2,true,
484,goblin-solo,yellow-white dwarf (F),false,35.771691,1011.1148,678.37873,30.501661,3.3150826,0,false,-0,,2,blue-giant,1,4,0,0,,0.19408322,0.10990496,0,0,0,19,0.50913041,0.60556025,3,0.039817392,0.010424296,evaporite,0.1042423,aquifer+aquitard+spring+runoff+karst,0.14402944,24.565142,0.35301139,25.587131,0.12523002,0.39588203,salt,0.047596449,0.0014920177,0.93333333,numinous,0.066666667,ice,-31.731587,leptosol,0.0054707316,2,35,70,7.5981393,1,0,7.0680858,-0.08246216,farming,taiga,true,2,0.26204804,3,folk,flat,cyclic,"farmer,chief",,36,,0.38702378,,true,,2,0,solar,,3,,folk,,,cyclic,,,,true,,true,,9.75,,3.125,,0.5,0,,,,,0.66666667,,true,true,2,,1,1,,1,1,0,,true,,4,,6.5587875,0.12151429,2.7563574,0.11517992,10,0.25697518,0.81492988,42,2,1,1637474.1,0,6,0.06108227,true,true,,,true,,,,2,,,,0,,,,0,,,,,,,,0,,,,1,,63,,,49.210287,,9.8420574,,29.835811,,0.41922619,,21.652526,,0.27948413,,0.46666667,,0.4,,,,1,0.51428571,-0.38533121,7,2,false,
485,goblin-solo,yellow-white dwarf (F),false,38.818387,962.17605,594.87854,9.8743059,0.80195473,2,false,4.6421465,56.613379,4,sun-like,13,6,5,0,949.82306,0.21624114,0.063934821,968,588,0,8,0.63788389,0.59954156,3,0.073848933,0.046286802,evaporite,0.079552349,aquifer+aquitard+spring+runoff+karst,0.099642689,47.973236,0.016584642,26.497484,0.1004517,0.35697431,salt,0.057942044,0.0014831794,1,structural,0.11500615,ice,-25.311923,leptosol,0.015843053,5,38.4,192,22.373979,1,0,17.304006,-0.019646148,farming,taiga,false,3,0.21998247,9,organized,flat,cyclic,"farmer,shaman,chief",,38,,0.49206298,,false,,5,0,solar,,9,,organized,,,cyclic,,,,true,,true,,9.6956522,,3,,1,0.28571429,,,,,1,,true,true,0,,1,1,,1,1,0,,true,,4,,7.4148732,0.13819811,2.9207892,0.090962355,11,0.37355896,0.50430887,50,2,2,1834614.5,0,4,0.095049518,true,true,,,true,,,,0,,,,0,,,,0,,,,,,,,0,,,,1,,384,,,49.210287,,9.8420574,,29.835811,,0.41922619,,21.652526,,0.27948413,,0.46666667,,0.4,,,,1,0.203125,-0.21440043,7,2,true,
486,goblin-solo,orange dwarf (K),false,27.536127,229.26024,199.81916,12.321832,0.15947803,2,false,7.1656004,36.272317,5,sun-like,1,3,0,0,224.74384,0.035137439,0.0082402386,2520,1550,29,29,0.50068356,0.54613015,3,0.06625653,0.023753723,shale,0.092309197,aquifer+aquitard+spring+runoff+karst,0.098469662,38.112848,0.43485063,25.2718,0.10228328,0.41749377,salt,0.062658151,0.0016623478,0.85294118,numinous,0.14705882,ice,-28.164128,leptosol,0.013298783,5,34.6,173,10.35601,1,0,7.046743,-0.019392186,farming,taiga,true,3,0.26284653,10,organized,flat,cyclic,"farmer,shaman,chief",,35,,0.63,,true,,5,0,solar,,10,,organized,,,cyclic,,,,true,,true,,8.08,,2.8,,1,0.46666667,,,,,1,,true,true,1,,1,1,,1,1,0,,true,,4,,9.0176158,0.17472168,2.1798431,0.21056101,4,0.83176062,0.71205777,65,3,1,1777687.9,0,5,0.09156663,true,true,,,true,,,,0,,,,0,,,,0,,,,,,,,0,,,,1,,90,,,49.210287,,9.8420574,,29.835811,,0.41922619,,21.652526,,0.27948413,,0.46666667,,0.4,,,,1,0.20231214,-0.37356507,7,2,true,
487,goblin-solo,yellow-white dwarf (F),false,33.726975,926.29991,659.15184,31.394974,0.062238673,1,false,0.22214338,11.829988,4,blue-giant,0,0,0,0,967.85654,0.22088255,0.0046793946,11,7,0,33,0.5897173,0.47572296,3,0.14948001,0.025364972,evaporite,0.13322623,aquifer+aquitard+spring+runoff+karst,0.24675711,22.396155,0.34576937,24.64753,0.090027371,0.35427823,salt,0.059698285,0.0023801023,0.4,structural,0.63867263,ice,-13.041118,leptosol,0.044388909,36,36.888889,1328,31.514949,1,0,16.961965,-0.14432381,farming,temperate-forest,false,3,0.27329525,8,organized,flat,cyclic,"farmer,shaman,chief",,41,,0.45998608,,false,,36,0,solar,,8,,organized,,,cyclic,,,,true,,true,,9.4615385,,2.6346154,,1,0.29545455,,,,,0.875,,true,true,1,,1,1,,0.92857143,1,0.071428571,,true,,4,,6.6305028,0.148393,3.4951676,0.084517358,6,0.4256218,0.57856432,53,2,2,1220687.5,3,3,0.10963416,true,true,,,true,,,,3,,,,0,,,,0,,,,,,,,0,,,,1,,66,,,49.210287,,9.8420574,,29.835811,,0.41922619,,21.652526,,0.27948413,,0.46666667,,0.4,,,,1,0.030873494,-0.060276811,7,4,true,
488,goblin-solo,yellow-white dwarf (F),false,23.244437,895.82657,924.94551,21.883763,3.9435317,1,false,0.15311658,20.85637,5,orange-giant,4,3,1,0,866.3186,0.20573959,0.25299244,101,65,0,12,0.5741663,0.6510348,3,0.12987647,0.011718178,evaporite,0.11465918,aquifer+aquitard+spring+runoff+karst,0.071088689,33.950926,0.12251333,26.80666,0.089491487,0.38875193,salt,0.044737825,0.0009172734,0.9375,structural,0.13557024,ice,-19.043537,leptosol,0.029868715,4,37.5,150,21.924351,1,0,5.1284206,-0.12606472,farming,taiga,false,3,0.25018632,8,organized,flat,cyclic,"farmer,shaman,chief",,35,,0.47899741,,false,,4,0,solar,,8,,organized,,,cyclic,,,,true,,true,,8.8,,2.5,,1,0,,,,,1,,true,true,1,,1,1,,1,1,0,,true,,4,,6.233115,0.12645975,3.0631009,0.088594307,6,0.326492,0.56579269,43,2,1,1703209.8,0,4,0.056687299,true,true,,,true,,,,2,,,,0,,,,0,,,,,,,,0,,,,1,,189,,,49.210287,,9.8420574,,29.835811,,0.41922619,,21.652526,,0.27948413,,0.46666667,,0.4,,,,1,0.27333333,-0.071694014,7,2,true,
489,goblin-solo,orange dwarf (K),false,24.196598,158.36569,157.07897,31.753866,1.4388189,0,false,-0,,3,red-dwarf,6,6,1,0,,0.040702501,0.12017009,0,0,0,40,0.53325033,0.60447722,3,0.16427421,0.012694693,evaporite,0.098854543,aquifer+aquitard+spring+runoff+karst,0.18949736,28.852232,0.452168,25.064141,0.072336419,0.47936608,salt,0.060737968,0.0022490716,0.86046512,numinous,0.13953488,alpine,13.77165,leptosol,0.041215545,6,41.5,249,5.6821025,1,0,22.730167,-0.016440539,farming,tropical-seasonal-forest,false,3,0.33521628,3,organized,flat,cyclic,"farmer,shaman,chief",,41,,0.51913547,,false,,6,0,solar,,3,,organized,,,cyclic,,,,true,,true,,8.5833333,,2.5,,1,0.55555556,,,,,0.66666667,,true,true,1,,1,1,,1,1,0,,true,,4,,5.7582928,0.11748193,3.1325841,0.087153948,6,0.30869815,0.69110395,22,2,2,1454137.4,1,5,0.08674658,true,true,,,true,,,,3,,,,0,,,,0,,,,,,,,0,,,,1,,54,,,49.210287,,9.8420574,,29.835811,,0.41922619,,21.652526,,0.27948413,,0.46666667,,0.4,,,,1,0.1686747,-0.14526519,7,3,false,
490,goblin-solo,yellow dwarf (G),false,31.326634,376.57393,288.50129,20.552322,0.31968369,3,false,3.3814374,42.219752,4,blue-giant,3,4,0,0,370.15862,0.070358535,0.0048452518,1639,1016,20,35,0.53173673,0.48276941,3,0.14115522,0.01794346,shale,0.11073458,aquifer+aquitard+spring+runoff+karst,0.11662583,29.809766,0.51102654,24.952512,0.11553099,0.37365101,salt,0.060072616,0.0010426985,0.75,numinous,0.25,ice,-17.481793,leptosol,0.037797821,5,40,200,22.504663,1,0,11.14629,-0.024852424,farming,taiga,false,3,0.22412804,15,organized,flat,cyclic,"farmer,shaman,chief",,39,,0.51948121,,false,,5,0,solar,,15,,organized,,,cyclic,,,,true,,true,,7.5714286,,2.6857143,,1,0.3,,,,,0.93333333,,true,true,3,,1,1,,1,1,0,,true,,4,,8.6623281,0.14502704,2.3635422,0.16153996,6,0.76210834,0.7787343,58,2,1,1682888.2,0,5,0.11710749,true,true,,,true,,,,5,,,,5,,,,0,,,,1,,,,0,,,,1,,36,,,49.210287,,9.8420574,,29.835811,,0.41922619,,21.652526,,0.27948413,,0.44444444,,0.33333333,,,,1,0.205,-0.35908731,7,2,true,
491,goblin-solo,orange dwarf (K),false,23.90616,181.9968,182.7112,13.927044,1.8528611,1,false,0.80132858,7.5799996,3,orange-giant,4,4,1,0,167.4202,0.031732542,0.016748288,307,190,0,27,0.73011572,0.46558118,3,0.10348616,0.01352473,gneiss,0.14961556,aquifer+aquitard+spring+runoff+karst,0.068113976,36.878501,0.17114428,25.891287,0.12618725,0.30990502,salt,0.060251923,0.002804161,0.67741935,structural,0.39021975,ice,-15.278245,leptosol,0.034735414,29,20.137931,584,30.039314,1,0,5.8667454,-0.33906054,farming,temperate-forest,true,3,0.19430122,7,organized,flat,cyclic,"farmer,shaman,chief",,30,,0.63,,true,,29,0,solar,,7,,organized,,,cyclic,,,,true,,true,,8.5581395,,2.8604651,,0.89655172,0.36111111,,,,,1,,true,true,1,,1,1,,0.93333333,1,0.066666667,,true,,4,,7.3529628,0.19752347,3.7925997,0.059884771,8,0.29516056,0.74033928,138,1,2,1083897.1,0,4,0.067131794,true,true,,,true,,,,4,,,,2,,,,0,,,,1,,,,0,,,,1,,72,,,49.210287,,9.8420574,,29.835811,,0.41922619,,21.652526,,0.27948413,,0.46666667,,0.4,,,,1,0.051369863,0.0013597172,7,6,true,
492,goblin-solo,yellow-white dwarf (F),false,20.79784,892.7345,1030.1852,0.94879117,0.37982885,2,false,6.7123767,64.356221,3,red-giant,11,6,0,0,882.60609,0.22489057,0.0073743176,2645,2639,2,32,0.60075192,0.57099181,3,0.2247693,0.017528441,gneiss,0.13048795,aquifer+aquitard+spring+runoff+karst,0.088907912,26.336344,0.24361013,25.383614,0.13519628,0.32438547,salt,0.065563218,0.0022624434,0.7027027,structural,0.37092557,ice,-7.1216249,leptosol,0.064387917,19,32.526316,618,33.365757,1,0,6.1842863,-0.23397946,farming,temperate-forest,false,3,0.16815458,10,organized,flat,cyclic,"farmer,shaman,chief",,26,,0.52088182,,false,,19,0,solar,,10,,organized,,,cyclic,,,,true,,true,,7.7435897,,2.6410256,,0.89473684,0.4137931,,,,,0.9,,true,true,2,,1,1,,0.95918367,1,0.040816327,,true,,4,,6.4793077,0.11726391,3.3257165,0.079756848,8,0.16216216,0.74167521,58,2,2,1443273.5,0,4,0.086171583,true,true,,,true,,,,2,,,,0,,,,0,,,,,,,,0,,,,1,,60,,,49.210287,,9.8420574,,29.835811,,0.41922619,,21.652526,,0.27948413,,0.46666667,,0.4,,,,1,0.064724919,0.075477925,7,3,false,
493,goblin-solo,yellow-white dwarf (F),false,22.779371,979.50971,1031.9966,1.156863,2.459984,2,false,0.8674205,55.700643,2,sun-like,9,7,2,0,966.85247,0.20742281,0.017304742,325,204,3,9,0.63551584,0.53811119,3,0.06574386,0.027098286,andesite,0.092297388,aquifer+aquitard+spring+runoff+karst,0.13683858,32.935461,0.12558607,25.848798,0.10093771,0.29176155,salt,0.063795147,0.00087073007,0.30769231,structural,0.73387824,ice,-24.350286,leptosol,0.013328868,11,34.454545,379,15.44256,1,0,8.9023982,-0.25896088,farming,taiga,false,3,0.16470194,9,organized,flat,cyclic,"farmer,shaman,chief",,39,,0.49014293,,false,,11,0,solar,,9,,organized,,,cyclic,,,,true,,true,,6.4827586,,2.3793103,,1,0.4,,,,,1,,true,true,2,,1,1,,0.84615385,1,0.15384615,,true,,4,,7.3785436,0.17939435,3.43823,0.079756848,10,0.23831212,0.34278925,119,1,2,1405465.2,0,4,0.082555733,true,true,,,true,,,,5,,,,4,,,,0,,,,1,,,,0,,,,1,,168,,,49.210287,,9.8420574,,29.835811,,0.41922619,,21.652526,,0.27948413,,0.46666667,,0.4,,,,1,0.1055409,-0.11547396,7,3,true,
494,goblin-solo,orange dwarf (K),false,38.284237,182.33435,114.30356,16.93685,0.03015686,1,false,3.2977675,12.646321,3,red-giant,9,5,1,0,172.83564,0.03839975,0.00023260401,2533,2533,0,11,0.50480934,0.5867186,3,0.21410087,0.011644939,evaporite,0.14563203,aquifer+aquitard+spring+runoff+karst,0.15923881,21.858877,0.36048117,25.544008,0.061181227,0.38897653,salt,0.044235664,0.00073949911,0.26666667,structural,0.75030984,ice,-2.1896178,leptosol,0.050926839,12,40.583333,487,30.206227,1,0,10.788954,-0.039730697,farming,tropical-seasonal-forest,false,3,0.27346677,6,organized,flat,cyclic,"farmer,shaman,chief",,42,,0.53635453,,false,,12,0,solar,,6,,organized,,,cyclic,,,,true,,true,,7.9166667,,2.7083333,,1,0.33333333,,,,,1,,true,true,3,,1,1,,0.85714286,1,0.14285714,,true,,4,,5.9496605,0.11431341,3.0457663,0.09704116,3,0.80240584,0.66764318,24,2,2,1563283.9,0,4,0.099439594,true,true,,,true,,,,2,,,,9,,,,0,,,,1,,,,0,,,,1,,30,,,49.210287,,9.8420574,,29.835811,,0.41922619,,21.652526,,0.27948413,,0.46666667,,0.4,,,,1,0.0862423,-0.014263231,7,2,false,
495,goblin-solo,yellow dwarf (G),false,28.961899,444.65059,368.4708,26.790111,2.0761927,2,false,1.0394762,17.290604,4,blue-giant,3,3,1,0,427.24971,0.083132172,0.027644294,205,129,1,28,0.5633514,0.58727496,3,0.071798252,0.014403594,evaporite,0.10622834,aquifer+aquitard+spring+runoff+karst,0.21720899,29.929591,0.35726266,25.015085,0.13535726,0.42508107,salt,0.061207678,0.00027954825,0,structural,1,ice,-24.694934,leptosol,0.014871967,5,39,195,16.657611,1,0,4.2547287,-0.036525897,farming,temperate-forest,true,3,0.28922062,10,organized,flat,cyclic,"farmer,shaman,chief",,39,,0.63886556,,true,,5,0,solar,,10,,organized,,,cyclic,,,,true,,true,,9.48,,3.36,,1,0.26666667,,,,,1,,true,true,1,,1,1,,1,1,0,,true,,4,,6.6553831,0.15845088,2.8329137,0.11007763,6,0.38577659,0.78153968,45,2,1,1513891.9,0,5,0.086388423,true,true,,,true,,,,5,,,,5,,,,0,,,,1,,,,0,,,,1,,126,,,49.210287,,9.8420574,,29.835811,,0.41922619,,21.652526,,0.27948413,,0.44444444,,0.33333333,,,,1,0.20512821,-0.28259575,7,2,true,
496,goblin-solo,yellow-white dwarf (F),false,21.97459,635.7473,694.34449,11.348986,1.1544544,3,false,2.4198994,39.20677,4,red-giant,3,3,1,0,624.10614,0.17142021,0.088536372,2419,2360,38,11,0.5758752,0.54210557,3,0.24954836,0.020702114,shale,0.10654464,aquifer+aquitard+spring+runoff+karst,0.24192713,21.79909,0.41046451,24.836464,0.05733034,0.37477695,salt,0.042005964,0.0039141196,0.57352941,structural,0.50394703,alpine,1.5676999,leptosol,0.075922408,36,27.027778,973,24.414929,1,0,23.192159,-0.46346882,farming,tropical-seasonal-forest,false,3,0.23979739,16,organized,flat,cyclic,"farmer,shaman,chief",,42,,0.52054501,,false,,36,0,solar,,16,,organized,,,cyclic,,,,true,,true,,8.5147059,,2.75,,1,0.38461538,,,,,1,,true,true,1,,1,1,,0.96,1,0.04,,true,,4,,8.5033017,0.13543748,2.1857999,0.19078658,8,0.4386692,0.79088379,66,2,1,1340435.1,0,3,0.071006127,true,true,,,true,,,,6,,,,14,,,,0,,,,1,,,,0,,,,1,,672,,,49.210287,,9.8420574,,29.835811,,0.41922619,,21.652526,,0.27948413,,0.44444444,,0.33333333,,,,1,0.043165468,-0.019228511,7,4,false,
497,goblin-solo,yellow-white dwarf (F),false,34.063988,804.25125,566.64034,17.825778,0.7249459,2,false,1.3226071,18.179374,4,orange-giant,1,3,0,0,774.24894,0.2014603,0.01141824,138,77,0,20,0.6244324,0.59126365,3,0.16700845,0.031175236,shale,0.11069943,aquifer+aquitard+spring+runoff+karst,0.14840094,29.503345,0.39853094,25.483607,0.11297452,0.38813053,salt,0.055515168,0.0005200208,1,structural,0.23199876,ice,-8.1936924,leptosol,0.038546542,3,37.666667,113,30.146368,1,0,10.992099,-0.11642578,farming,tropical-seasonal-forest,false,3,0.23173427,11,organized,flat,cyclic,"farmer,shaman,chief",,40,,0.51675542,,false,,3,0,solar,,11,,organized,,,cyclic,,,,true,,true,,7.8,,2.88,,1,0.28571429,,,,,1,,true,true,2,,1,1,,0.85714286,1,0.14285714,,true,,4,,7.0283654,0.17015857,2.7062005,0.10294907,8,0.52327093,0.79711684,62,2,1.5,1448614,0,5,0.067907768,true,true,,,true,,,,5,,,,9,,,,0,,,,1,,,,0,,,,1,,96,,,49.210287,,9.8420574,,29.835811,,0.41922619,,21.652526,,0.27948413,,0.46666667,,0.4,,,,1,0.3539823,0.029470501,7,2,false,
498,goblin-solo,yellow dwarf (G),true,,534.69486,,7.0873357,0.36926326,2,false,5.7726878,30.95452,3,sun-like,11,6,6,0,522.59009,0.090709611,,253,160,0,10,0.55361066,0.5298332,locked,0.12194229,0.02058005,evaporite,0.13677878,aquifer+aquitard+spring+runoff+karst,0.17555373,21.574837,0.49144107,24.911538,0.11359037,0.46453377,salt,0.047853066,0.0021328958,0.69230769,structural,0.36432188,ice,-23.412305,leptosol,0.018375718,16,40.9375,655,0.45540033,1,0,40.279044,-0.018187167,foraging,alpine,false,2,0.35269346,5,folk,flat,eternal,"forager,chief",,40,,0.055996766,,false,,16,0,solar,,5,,folk,,,eternal,,,,true,,true,,9.9230769,,2.6923077,,0.875,0.33333333,,,,,0.8,,true,true,1,,1,1,,0.90909091,1,0.090909091,,true,,4,,7.3714915,0.16374285,2.3313618,0.16105171,4,0.73437244,0.45937698,51,3,1,1214638.1,0,3,0.077020915,true,true,,,true,,,,8,,,,1,,,,0,,,,1,,,,0,,,,1,,288,,,49.210287,,9.8420574,,29.835811,,0.41922619,,21.652526,,0.27948413,,0.46666667,,0.4,,,,1,0.064122137,0.24755741,7,4,false,
499,goblin-solo,yellow dwarf (G),false,24.746371,594.726,576.78858,33.54597,0.034271922,2,false,2.5041846,22.800312,5,sun-like,9,4,3,0,576.66797,0.10997904,0.002679925,221,143,0,37,0.60790489,0.6216923,3,0.050119623,0.024290806,gneiss,0.093642986,aquifer+aquitard+spring+runoff+karst,0.10329369,35.822665,0.28653259,25.618104,0.096258016,0.40906544,salt,0.076066157,0.00062262624,0.6,numinous,0.4,ice,-28.579121,leptosol,0.012763838,4,37.5,150,11.572956,1,0,7.0980402,-0.02203595,farming,taiga,true,3,0.25733142,13,organized,flat,cyclic,"farmer,shaman,chief",,37,,0.50683314,,true,,4,0,solar,,13,,organized,,,cyclic,,,,true,,true,,8.4,,2.6333333,,0.75,0.35294118,,,,,1,,true,true,1,,1,1,,1,1,0,,true,,4,,6.4667856,0.14679304,3.1079056,0.083052585,8,0.25010896,0.6036102,50,2,2,1510681.1,0,3,0.07925622,true,true,,,true,,,,5,,,,3,,,,0,,,,1,,,,0,,,,1,,264,,,49.210287,,9.8420574,,29.835811,,0.41922619,,21.652526,,0.27948413,,0.46666667,,0.4,,,,1,0.25333333,-0.21494817,7,2,true,
0,goblin-twin-solo,orange dwarf (K),false,39.468465,210.22422,127.83322,0.50286208,0.2341928,1,false,2.1014552,10.915751,2,sun-like,1,3,0,0,197.81964,0.039366628,0.014161104,414,260,0,24,0.57047996,0.57883369,3,0.13575997,0.021727455,shale,0.090258043,aquifer+aquitard+spring+runoff+karst,0.11503922,31.33123,0.35904286,24.939626,0.12993066,0.39183813,salt,0.072751503,0.0014777765,1,numinous,0,ice,-14.057515,leptosol,0.031942708,6,40.333333,242,27.682658,1,0,10.813128,-0.036922513,,,,,0.22536092,,,,,,,,,,,,,0,0,,,,,,,,,,,,,,,,,,,,,0.18181818,solar,5,organized,8.5625,,1,true,,,,,,,1,1,0,,,,,,7.6868647,0.15296167,2.5580607,0.128607,9,0.34454928,0.50274848,67,2,1,1586190.3,1,5,0.10787094,true,,,,,,,,,,,,,,,,,,,,,,,,,,,,,,,,,,,,,,,,,,,,,,,,,,,0,,-0.23971497,7,0,false,
1,goblin-twin-solo,yellow-white dwarf (F),false,37.217271,538.08417,346.98998,26.018308,0.53924504,2,false,6.9558867,154.48781,2,sun-like,0,0,0,0,535.50476,0.13584927,0.041365297,4010,2462,4,12,0.64857673,0.56450156,3,0.19193399,0.011864655,evaporite,0.14324418,aquifer+aquitard+spring+runoff+karst,0.12837791,24.688138,0.41125391,25.364034,0.11260854,0.39722126,salt,0.041249897,0.00062521709,1,numinous,0,ice,-2.5442753,leptosol,0.053421327,6,40.833333,245,40.361767,1,0,14.573777,-0.038068026,,,,,0.2550191,,,,,,,,,,,,,0,0,,,,,,,,,,,,,,,,,,,,,0.375,solar,10,organized,7.4230769,,1,true,,,,,,,1,1,0,,,,,,6.3948803,0.10976272,2.8998282,0.088569894,9,0.30670372,0.74607767,40,2,2,1316923.2,0,4,0.061901574,true,,,,,,,,,,,,,,,,,,,,,,,,,,,,,,,,,,,,,,,,,,,,,,,,,,,0,,-0.056498982,7,0,false,
2,goblin-twin-solo,yellow-white dwarf (F),false,30.984018,713.81569,552.91655,7.9774105,0.18925526,1,false,0.25711486,9.2551863,4,orange-giant,8,4,3,0,665.66644,0.19622325,0.010826899,49,32,0,21,0.7010644,0.4924459,3,0.17135394,0.033909477,andesite,0.13515721,aquifer+aquitard+spring+runoff+karst,0.16880359,38.819578,0.17991017,25.690957,0.069334422,0.30208248,salt,0.057644839,0.0005716619,1,numinous,0,alpine,3.2332155,leptosol,0.092527562,4,41,164,20.592181,1,0,17.82182,-0.047208417,,,,,0.20155165,,,,,,,,,,,,,0,0,,,,,,,,,,,,,,,,,,,,,0,solar,5,organized,8.1428571,,1,true,,,,,,,1,1,0,,,,,,6.8741607,0.16239582,3.6808297,0.063961721,9,0.37329522,0.73512268,101,1,2,1123295.8,0,5,0.042400918,true,,,,,,,,,,,,,,,,,,,,,,,,,,,,,,,,,,,,,,,,,,,,,,,,,,,0,,-0.033686892,7,0,false,
3,goblin-twin-solo,orange dwarf (K),false,18.362052,167.9366,219.50044,9.8012403,0.5945975,1,false,2.5858069,6.898721,3,sun-like,4,3,0,0,160.18629,0.036504615,0.045463063,32,21,0,35,0.49851081,0.6072437,5,0.21031688,0.016771642,evaporite,0.11259858,aquifer+aquitard+spring+runoff+karst,0.08485055,29.656188,0.15563236,25.513614,0.1476974,0.46456041,salt,0.058634829,0.000048680752,1,numinous,0,alpine,3.412073,leptosol,0.04858339,9,41,369,17.912778,1,0,12.360597,-0.033841744,,,,,0.32767014,,,,,,,,,,,,,0,0,,,,,,,,,,,,,,,,,,,,,0,solar,5,organized,8.4736842,,1,true,,,,,,,1,1,0,,,,,,7.07411,0.16498824,2.6092917,0.13641912,5,0.32825431,0.8227221,50,2,2,1652283.9,1,6,0.089483597,true,,,,,,,,,,,,,,,,,,,,,,,,,,,,,,,,,,,,,,,,,,,,,,,,,,,0,,-0.13806244,7,0,false,
4,goblin-twin-solo,yellow-white dwarf (F),false,21.322605,594.82946,669.51985,19.640048,0.00098276344,2,false,2.0754212,22.939414,2,red-dwarf,4,4,0,0,576.76028,0.13342177,0.000079483576,2067,1718,82,15,0.59481959,0.52075676,3,0.15092037,0.022655144,evaporite,0.12610713,aquifer+aquitard+spring+runoff+karst,0.11399651,22.865197,0.43315057,25.098619,0.096101705,0.41019461,salt,0.056961532,0.0010242815,1,numinous,0,ice,-12.917805,leptosol,0.03934446,2,41,82,32.215939,1,0,18.327261,0,,,,,0.27294089,,,,,,,,,,,,,0,0,,,,,,,,,,,,,,,,,,,,,0.33333333,solar,10,organized,6.7272727,,1,true,,,,,,,1,1,0,,,,,,6.8332566,0.14025968,2.7486131,0.1020458,9,0.21208652,0.62965676,53,2,2,1321924.1,0,4,0.053378947,true,,,,,,,,,,,,,,,,,,,,,,,,,,,,,,,,,,,,,,,,,,,,,,,,,,,0,,-0.12156995,7,0,false,
5,goblin-twin-solo,orange dwarf (K),false,38.510487,230.57971,143.69886,6.7765897,1.1873016,1,false,3.1306029,12.143922,3,orange-giant,2,3,0,0,218.21728,0.045276023,0.0034179358,304,196,0,12,0.73621893,0.46210088,3,0.16879059,0.0073970998,shale,0.17130958,aquifer+aquitard+spring+runoff+karst,0.24858862,20.436188,0.57371587,24.406991,0.090050902,0.31105969,salt,0.05623223,0.00018509949,1,numinous,0,temperate-forest,-1.1112149,leptosol,0.086626562,25,40.6,1015,36.393091,1,0,6.2240473,-0.032153289,,,,,0.19787136,,,,,,,,,,,,,0,0,,,,,,,,,,,,,,,,,,,,,0.22580645,solar,6,organized,11,,0.83333333,true,,,,,,,1,1,0,,,,,,6.5606369,0.13360778,3.388722,0.068771056,10,0.27616844,0.65102615,39,2,2,935953.83,1,5,0.069354655,true,,,,,,,,,,,,,,,,,,,,,,,,,,,,,,,,,,,,,,,,,,,,,,,,,,,0,,0.044530477,7,0,false,
6,goblin-twin-solo,yellow dwarf (G),false,29.322238,515.0707,421.58094,25.027395,0.21160642,3,false,5.4776329,95.225183,3,sun-like,7,3,1,0,511.08717,0.089692091,0.012472569,6869,6832,52,35,0.62343147,0.55183144,3,0.046506518,0.020116205,gneiss,0.13011345,aquifer+aquitard+spring+runoff+karst,0.10450567,23.367679,0.37666126,24.772346,0.13024311,0.3482658,salt,0.074774187,0.00097244733,1,numinous,0,ice,-27.570138,leptosol,0.00726094,6,27.5,165,9.8867019,1,0,5.2569805,-0.096449322,,,,,0.18100486,,,,,,,,,,,,,0,0,,,,,,,,,,,,,,,,,,,,,0.4,solar,14,folk,11.147059,,1,true,,,,,,,1,1,0,,,,,,6.9164442,0.13948751,3.4196126,0.078267663,8,0.23293355,0.58883704,71,2,2,1285543.5,2,5,0.092632304,true,,,,,,,,,,,,,,,,,,,,,,,,,,,,,,,,,,,,,,,,,,,,,,,,,,,0,,-0.26718649,7,0,false,
7,goblin-twin-solo,orange dwarf (K),false,20.044465,214.48447,256.81041,19.948296,1.1594465,1,false,3.0424187,19.449863,3,sun-like,0,0,0,0,206.93712,0.054361849,0.031566115,616,387,0,30,0.53503247,0.57786412,3,0.21715248,0.019530296,shale,0.11808254,aquifer+aquitard+spring+runoff+karst,0.17394729,27.673637,0.23926284,25.164853,0.087157408,0.40596451,salt,0.067985183,0.00021001785,1,numinous,0,alpine,10.597801,leptosol,0.060327628,3,41.666667,125,7.6538082,1,0,22.969218,-0.019572581,,,,,0.25611677,,,,,,,,,,,,,0,0,,,,,,,,,,,,,,,,,,,,,0.36363636,solar,8,organized,8.9473684,,1,true,,,,,,,1,1,0,,,,,,7.1477727,0.15700659,2.8713505,0.10966261,6,0.36170324,0.65919145,51,2,2,1592832.7,0,5,0.087469269,true,,,,,,,,,,,,,,,,,,,,,,,,,,,,,,,,,,,,,,,,,,,,,,,,,,,0,,-0.046620521,7,0,false,
8,goblin-twin-solo,orange dwarf (K),true,,236.08395,,21.786886,0.24637259,2,false,6.8177564,37.87817,3,red-giant,3,3,2,0,231.61841,0.052770421,,4367,2397,42,30,0.59206093,0.52998205,locked,0.14032518,0.021825106,evaporite,0.11585877,aquifer+aquitard+spring+runoff+karst,0.19263914,23.211573,0.38725314,24.849602,0.1374626,0.37241173,salt,0.060288077,0.0023339318,1,numinous,0,ice,-21.127327,leptosol,0.065110712,10,39.1,391,1.7589254,1,0,44.052636,-0.067350508,,,,,0.23698384,,,,,,,,,,,,,0,0,,,,,,,,,,,,,,,,,,,,,0.4375,solar,6,organized,7.5454545,,0.83333333,true,,,,,,,1,1,0,,,,,,6.2316238,0.12655556,3.5629404,0.075801963,7,0.29096349,0.73426265,48,2,2,1309513.5,1,4,0.078021894,true,,,,,,,,,,,,,,,,,,,,,,,,,,,,,,,,,,,,,,,,,,,,,,,,,,,0,,0.20003257,7,0,false,
9,goblin-twin-solo,yellow dwarf (G),false,39.283304,457.07157,279.24631,20.663642,3.2220241,0,false,-0,,4,red-giant,9,4,3,0,,0.090839609,0.055597036,0,0,0,24,0.60780724,0.55287893,3,0.09967775,0.019066452,shale,0.10669157,aquifer+aquitard+spring+runoff+karst,0.1902272,31.177443,0.4422658,25.531908,0.10936819,0.35082477,salt,0.05261379,0.00099595394,1,numinous,0,ice,-19.980263,leptosol,0.025147837,7,9.2857143,65,24.102264,1,0,4.9041629,-0.29532906,,,,,0.22103953,,,,,,,,,,,,,0,0,,,,,,,,,,,,,,,,,,,,,0.33333333,solar,2,organized,5.7272727,,1,true,,,,,,,1,1,0,,,,,,7.3018938,0.11944366,2.7683409,0.10978468,9,0.24102085,0.74787811,45,2,1.5,1525805.2,1,3,0.10070638,true,,,,,,,,,,,,,,,,,,,,,,,,,,,,,,,,,,,,,,,,,,,,,,,,,,,0,,-0.20110775,7,0,false,
10,goblin-twin-solo,yellow-white dwarf (F),false,30.954571,558.93974,433.36262,15.912464,0.47068695,1,false,1.6402643,29.528595,4,orange-giant,3,3,0,0,545.6353,0.18025142,0.037344718,273,173,0,39,0.69681656,0.52492149,3,0.14425565,0.027879498,shale,0.11820597,aquifer+aquitard+spring+runoff+karst,0.019486271,34.203864,0.1231178,26.640751,0.17102826,0.34785409,salt,0.067972603,0.000080521781,1,numinous,0,alpine,17.198739,leptosol,0.033577583,10,41.2,412,4.5864436,1,0,15.17605,-0.025475375,,,,,0.21241646,,,,,,,,,,,,,0,0,,,,,,,,,,,,,,,,,,,,,0.625,solar,6,organized,7.9545455,,0.83333333,true,,,,,,,1,1,0,,,,,,7.3348358,0.14159403,2.7750224,0.083784971,7,0.36613254,0.54891776,59,2,1,1317594.9,1,5,0.079525293,true,,,,,,,,,,,,,,,,,,,,,,,,,,,,,,,,,,,,,,,,,,,,,,,,,,,0,,-0.072125046,7,0,false,
11,goblin-twin-solo,yellow-white dwarf (F),false,24.024689,531.39276,530.84666,19.973192,2.0899473,0,false,-0,,3,red-giant,14,6,2,0,,0.15237887,0.044504518,0,0,0,34,0.71788487,0.48476982,3,0.1500415,0.0263659,gneiss,0.12123572,aquifer+aquitard+spring+runoff+karst,0.099515403,41.330952,0.26817238,25.939934,0.13110073,0.3347179,salt,0.068853288,0.00017307027,1,numinous,0,alpine,10.831619,leptosol,0.040238837,2,40.5,81,9.428013,1,0,12.189792,-0.03562391,,,,,0.176099,,,,,,,,,,,,,0,0,,,,,,,,,,,,,,,,,,,,,0.4,solar,3,organized,7.5,,0.66666667,true,,,,,,,1,1,0,,,,,,7.0915957,0.1354944,3.2168944,0.07135882,11,0.20006923,0.68159155,79,2,2,1293233.5,0,6,0.056698069,true,,,,,,,,,,,,,,,,,,,,,,,,,,,,,,,,,,,,,,,,,,,,,,,,,,,0,,0.040814955,7,0,false,
12,goblin-twin-solo,yellow-white dwarf (F),false,17.668131,747.07687,1014.8127,12.03345,0.76141959,1,false,2.0158435,28.629893,4,blue-giant,8,9,2,0,728.72254,0.22013259,0.055735628,242,153,0,31,0.55370832,0.55341612,5,0.17396611,0.053513012,shale,0.10201849,aquifer+aquitard+spring+runoff+karst,0.14200536,36.050257,0.48268694,25.042597,0.11038783,0.41567748,salt,0.075196049,0.00049231442,1,numinous,0,alpine,3.9002069,leptosol,0.034297905,22,36.909091,812,9.020094,1,0,15.625453,-0.10755962,,,,,0.24320333,,,,,,,,,,,,,0,0,,,,,,,,,,,,,,,,,,,,,0.25806452,solar,9,organized,7.525,,0.77777778,true,,,,,,,1,1,0,,,,,,8.1592637,0.18939977,2.666833,0.12228407,6,0.31212735,0.70742041,94,2,1,1704498.2,1,5,0.068152252,true,,,,,,,,,,,,,,,,,,,,,,,,,,,,,,,,,,,,,,,,,,,,,,,,,,,0,,-0.015618882,7,0,false,
13,goblin-twin-solo,yellow dwarf (G),true,,442.32165,,26.269825,0.33714496,2,false,2.5753945,20.368416,2,orange-giant,8,5,2,0,427.41681,0.10162251,,364,195,1,28,0.63224452,0.55270844,locked,0.082881695,0.02424198,shale,0.12825279,aquifer+aquitard+spring+runoff+karst,0.14776952,26.541656,0.46521508,25.297677,0.14352098,0.37719065,salt,0.058550064,0.0011285183,1,numinous,0,ice,-26.292767,leptosol,0.022902284,18,40.444444,728,0.71937251,1,0,15.766771,-0.034635733,,,,,0.23320499,,,,,,,,,,,,,0,0,,,,,,,,,,,,,,,,,,,,,0.086956522,solar,5,organized,12.321429,,0.8,true,,,,,,,1,1,0,,,,,,6.4305229,0.1214945,3.0626915,0.082002832,9,0.21541423,0.75509357,41,2,2,1315261.3,1,7,0.047281565,true,,,,,,,,,,,,,,,,,,,,,,,,,,,,,,,,,,,,,,,,,,,,,,,,,,,0,,0.14693554,7,0,false,
14,goblin-twin-solo,yellow-white dwarf (F),false,32.445774,470.80404,348.25173,5.3469141,0.8556946,1,false,0.21532032,6.4290248,5,orange-giant,2,5,1,0,483.78674,0.12684924,0.029446946,7,6,0,34,0.72933451,0.41336701,3,0.17618769,0.028221278,gneiss,0.17696401,aquifer+aquitard+spring+runoff+karst,0.17344638,37.506677,0.50266077,24.362882,0.12753675,0.30053215,salt,0.074798067,0.001623523,1,numinous,0,tropical-seasonal-forest,11.786326,leptosol,0.085956526,4,41.75,167,15.878768,1,0,4.5525534,-0.013152898,,,,,0.19572472,,,,,,,,,,,,,0,0,,,,,,,,,,,,,,,,,,,,,0.4,solar,6,organized,7,,0.83333333,true,,,,,,,1,1,0,,,,,,6.838258,0.15642516,3.6952052,0.062203994,9,0.19328944,0.74667626,100,1,2,991171.61,0,3,0.064444309,true,,,,,,,,,,,,,,,,,,,,,,,,,,,,,,,,,,,,,,,,,,,,,,,,,,,0,,-0.043523564,7,0,false,
15,goblin-twin-solo,yellow dwarf (G),false,33.830953,253.68267,179.9649,24.108515,0.033936237,2,false,7.4000931,19.591595,5,blue-giant,7,4,1,0,256.24205,0.063124792,0.0017053705,157,120,0,18,0.57597285,0.5723991,3,0.21663981,0.031956447,evaporite,0.11526282,aquifer+aquitard+spring+runoff+karst,0.18872704,29.228204,0.36300305,25.246391,0.091024239,0.36254246,salt,0.06014679,0,0,,0,alpine,6.0097031,leptosol,0.056825379,2,41.5,83,15.190372,1,0,9.5749811,-0.034765418,,,,,0.23179227,,,,,,,,,,,,,0,0,,,,,,,,,,,,,,,,,,,,,0.53846154,solar,11,organized,6.25,,0.90909091,true,,,,,,,1,1,0,,,,,,6.9917752,0.13346872,3.0241876,0.10116694,7,0.3607001,0.66732039,52,2,2,1665605.6,0,6,0.084506674,true,,,,,,,,,,,,,,,,,,,,,,,,,,,,,,,,,,,,,,,,,,,,,,,,,,,0,,0.083489088,7,0,false,
16,goblin-twin-solo,orange dwarf (K),false,31.939094,197.1304,148.12974,16.414617,3.7893679,0,false,-0,,3,sun-like,2,3,1,0,,0.03806513,0.10187252,0,0,0,16,0.49897466,0.49904985,3,0.20133294,0.047360969,shale,0.12045023,aquifer+aquitard+spring+runoff+karst,0.18715587,30.710192,0.48477318,25.367101,0.12863616,0.41173318,salt,0.057108013,0.0027286459,1,numinous,0,ice,-10.175745,leptosol,0.040734785,30,38.833333,1165,33.832833,1,0,16.366709,-0.088503375,,,,,0.27539833,,,,,,,,,,,,,0,0,,,,,,,,,,,,,,,,,,,,,0.3030303,solar,3,organized,8.6388889,,1,true,,,,,,,1,1,0,,,,,,8.0970006,0.14329262,2.6030964,0.13893365,2,0.50908737,0.63502453,41,2,1,1770962.2,0,4,0.13741008,true,,,,,,,,,,,,,,,,,,,,,,,,,,,,,,,,,,,,,,,,,,,,,,,,,,,0,,-0.066473368,7,0,false,
17,goblin-twin-solo,yellow-white dwarf (F),false,17.125658,667.93999,936.05512,1.8370222,1.0411647,1,false,0.64132242,20.294936,2,red-dwarf,0,0,0,0,645.21797,0.17202915,0.079731436,1110,1110,0,29,0.6229188,0.5183219,5,0.1638836,0.010521947,gneiss,0.11718244,aquifer+aquitard+spring+runoff+karst,0.082027709,27.998414,0.39563641,25.282428,0.10306876,0.3960896,salt,0.079893604,0.0012948336,1,numinous,0,ice,-6.2208672,leptosol,0.068626182,23,36.478261,839,30.584022,1,0,15.612819,-0.065467644,,,,,0.26440502,,,,,,,,,,,,,0,0,,,,,,,,,,,,,,,,,,,,,0.28571429,solar,5,organized,10.030303,,1,true,,,,,,,1,1,0.034482759,,,,,,6.5762486,0.15156181,3.387045,0.077339974,8,0.34656222,0.7047962,53,2,2,1267448,0,5,0.062813538,true,,,,,,,,,,,,,,,,,,,,,,,,,,,,,,,,,,,,,,,,,,,,,,,,,,,0,,-0.04393268,7,0,false,
18,goblin-twin-solo,yellow-white dwarf (F),false,24.175235,675.48079,670.58455,12.624555,0.51690659,3,false,6.0072609,28.762159,2,red-dwarf,12,5,2,0,658.89968,0.14527943,0.03361608,724,466,8,30,0.66791172,0.55134897,3,0.1456716,0.035081295,shale,0.16047931,aquifer+aquitard+spring+runoff+karst,0.087480703,36.688155,0.30015438,25.392817,0.16643387,0.36786003,salt,0.072544386,0.00058810556,1,numinous,0,taiga,-14.360027,leptosol,0.043005219,14,27.214286,381,26.038237,1,0,2.1230034,-0.3947525,,,,,0.24053518,,,,,,,,,,,,,0,0,,,,,,,,,,,,,,,,,,,,,0.4,solar,16,organized,7.1956522,,1,true,,,,,,,1,1,0,,,,,,6.7789576,0.14061001,3.0032089,0.077925883,11,0.26949938,0.67643995,61,2,2,1410636.7,0,6,0.090901707,true,,,,,,,,,,,,,,,,,,,,,,,,,,,,,,,,,,,,,,,,,,,,,,,,,,,0,,0.01242611,7,0,false,
19,goblin-twin-solo,yellow-white dwarf (F),false,17.486359,618.39543,848.74675,11.478861,2.8024763,0,false,-0,,5,red-giant,10,5,0,0,,0.16887051,0.038275308,0,0,0,38,0.59545432,0.57190272,5,0.15065182,0.045505591,gneiss,0.10095951,aquifer+aquitard+spring+runoff+karst,0.12099451,45.839707,0.36449219,25.45734,0.15002112,0.38820832,salt,0.075738449,0.00012069278,1,numinous,0,alpine,0.25540821,leptosol,0.054794521,6,16.166667,97,17.109001,1,0,11.180112,-0.26744539,,,,,0.24778227,,,,,,,,,,,,,0,0,,,,,,,,,,,,,,,,,,,,,0,solar,1,organized,9.375,,1,true,,,,,,,1,1,0,,,,,,6.8896509,0.12976861,2.9965686,0.086348323,7,0.35706958,0.67582021,57,2,2,1769291.6,1,5,0.099192623,true,,,,,,,,,,,,,,,,,,,,,,,,,,,,,,,,,,,,,,,,,,,,,,,,,,,0,,-0.18464467,7,0,false,
20,goblin-twin-solo,yellow dwarf (G),false,39.305102,491.1334,299.88986,20.64228,1.9584304,1,false,0.14636774,10.580246,3,sun-like,14,6,2,0,461.28605,0.10726699,0.061688817,290,177,0,24,0.72191299,0.54411377,3,0.09950686,0.017723744,shale,0.094987271,aquifer+aquitard+spring+runoff+karst,0.11184268,32.26252,0.35835309,25.464126,0.08559389,0.31595119,salt,0.06302475,0,0,,0,ice,-15.619478,leptosol,0.02519533,2,13,26,33.976974,1,0,3.7443423,-0.91753784,,,,,0.17417259,,,,,,,,,,,,,0,0,,,,,,,,,,,,,,,,,,,,,0,solar,10,organized,7.9545455,,1,true,,,,,,,1,1,0,,,,,,7.1221235,0.11060222,3.033582,0.074556906,13,0.34325345,0.75040281,48,2,2,1204629.3,1,3,0.052828752,true,,,,,,,,,,,,,,,,,,,,,,,,,,,,,,,,,,,,,,,,,,,,,,,,,,,0,,-0.1455375,7,0,false,
21,goblin-twin-solo,orange dwarf (K),false,21.632194,184.41637,204.60212,4.35263,0.049798714,1,false,7.0015151,19.017449,5,red-giant,7,7,1,0,177.75748,0.028586916,0.0038157805,3767,3766,0,36,0.58363849,0.55291703,3,0.076339046,0.028074801,shale,0.10888303,aquifer+aquitard+spring+runoff+karst,0.18880094,31.160949,0.49070654,24.974287,0.13948989,0.40287306,salt,0.070446726,0,0,,0,ice,-24.54873,leptosol,0.019349164,16,35.125,562,14.346928,1,0,11.611183,-0.088830062,,,,,0.2544122,,,,,,,,,,,,,0,0,,,,,,,,,,,,,,,,,,,,,0.45454545,solar,6,organized,6.1785714,,0.83333333,true,,,,,,,1,1,0,,,,,,7.4099583,0.15137996,2.6741667,0.11886627,7,0.21536206,0.73812721,56,2,1,1506923.1,1,6,0.058136071,true,,,,,,,,,,,,,,,,,,,,,,,,,,,,,,,,,,,,,,,,,,,,,,,,,,,0,,-0.36134027,7,0,false,
22,goblin-twin-solo,yellow-white dwarf (F),false,21.89133,897.74666,984.22162,18.26454,0.65336805,3,false,4.7322358,92.981154,5,orange-giant,7,3,0,0,890.65799,0.21457767,0.047080304,1267,799,34,28,0.58815488,0.55180794,3,0.15267809,0.022996924,evaporite,0.12335507,aquifer+aquitard+spring+runoff+karst,0.26247777,25.765744,0.44694724,24.782094,0.13449911,0.37794902,salt,0.065714888,0.00065204505,1,numinous,0,ice,-12.44086,leptosol,0.039419087,5,19.4,97,28.912619,1,0,9.3872354,-0.56040415,,,,,0.25637226,,,,,,,,,,,,,0,0,,,,,,,,,,,,,,,,,,,,,0.4,solar,15,organized,6.9714286,,1,true,,,,,,,1,1,0.12903226,,,,,,6.6506432,0.11892402,3.062345,0.092939798,7,0.51132187,0.66649403,46,2,2,1476250.5,0,6,0.09086482,true,,,,,,,,,,,,,,,,,,,,,,,,,,,,,,,,,,,,,,,,,,,,,,,,,,,0,,0.035319185,7,0,false,
23,goblin-twin-solo,orange dwarf (K),false,36.643213,135.56155,88.787987,21.513696,0.41491956,1,true,5.7234221,10.932209,3,sun-like,0,0,0,1,127.57335,0.028835526,0.011080076,730,463,0,30,0.6020458,0.59254033,3,0.21261169,0.021288023,sandstone,0.11784553,aquifer+aquitard+spring+runoff+karst,0.098705601,28.070503,0.36488559,25.418948,0.088583522,0.36960923,salt,0.058427128,0.00042942151,1,numinous,0,alpine,3.5461927,leptosol,0.086375069,6,42,252,13.85787,1,0,12.464269,0,,,,,0.23225569,,,,,,,,,,,,,0,0,,,,,,,,,,,,,,,,,,,,,0.53846154,solar,7,organized,5.95,,1,true,,,,,,,1,1,0,,,,,,6.4566395,0.12122511,3.0620135,0.086079781,9,0.23526164,0.73622056,50,2,2,1487993.8,1,5,0.083280304,true,,,,,,,,,,,,,,,,,,,,,,,,,,,,,,,,,,,,,,,,,,,,,,,,,,,0,,-0.034991767,7,0,false,
24,goblin-twin-solo,yellow-white dwarf (F),false,25.395143,757.4138,715.80345,6.3045318,0.65216598,2,false,2.9133166,30.509042,5,orange-giant,11,7,3,0,739.80612,0.18894438,0.0077969477,2057,2055,96,30,0.56798984,0.57945298,3,0.20816855,0.018065524,gneiss,0.13664105,aquifer+aquitard+spring+runoff+karst,0.097479656,25.848652,0.31187839,25.19548,0.1386189,0.37822107,salt,0.063808517,0.00073462929,1,numinous,0,ice,-6.2398726,leptosol,0.061369801,4,41.25,165,32.320904,1,0,20.031719,-0.017658824,,,,,0.24434901,,,,,,,,,,,,,0,0,,,,,,,,,,,,,,,,,,,,,0.35714286,solar,10,organized,8.25,,1,true,,,,,,,1,1,0,,,,,,6.6502228,0.10935951,3.2375705,0.091133245,8,0.41224005,0.76749996,45,2,2,1546411.9,2,4,0.076215803,true,,,,,,,,,,,,,,,,,,,,,,,,,,,,,,,,,,,,,,,,,,,,,,,,,,,0,,0.071272281,7,0,false,
25,goblin-twin-solo,yellow-white dwarf (F),false,20.615434,518.35026,603.45109,34.627306,0.98975313,2,false,4.0368294,33.483907,3,red-giant,9,5,2,0,507.39083,0.13112835,0.035643771,387,251,0,29,0.56664714,0.60576869,3,0.20304184,0.0080562473,evaporite,0.10348713,aquifer+aquitard+spring+runoff+karst,0.092389161,25.050466,0.22381838,25.874359,0.1060222,0.3875838,salt,0.058453966,0.00033800913,1,numinous,0,ice,-3.8958572,leptosol,0.047771957,8,40.625,325,27.273799,1,0,15.413259,-0.049406266,,,,,0.25976001,,,,,,,,,,,,,0,0,,,,,,,,,,,,,,,,,,,,,0.47368421,solar,11,organized,9.0333333,,1,true,,,,,,,1,1,0,,,,,,6.1470173,0.11178449,3.0197434,0.088667546,5,0.73083207,0.69813907,47,2,2,1453859,0,5,0.071875416,true,,,,,,,,,,,,,,,,,,,,,,,,,,,,,,,,,,,,,,,,,,,,,,,,,,,0,,0.0077718223,7,0,false,
26,goblin-twin-solo,orange dwarf (K),false,17.831834,210.60119,283.44973,14.952708,0.11471706,1,false,1.1534936,10.080006,2,sun-like,15,6,3,0,205.89315,0.035263184,0.0078356574,32,22,0,15,0.51528246,0.61833291,5,0.082637567,0.010106928,evaporite,0.096549987,aquifer+aquitard+spring+runoff+karst,0.19355326,23.535944,0.19022916,25.746576,0.072576177,0.4199446,salt,0.050547462,0.00010073029,1,numinous,0,ice,-24.67192,leptosol,0.018030723,9,37.888889,341,16.789872,1,0,6.9929432,-0.049294299,,,,,0.29685218,,,,,,,,,,,,,0,0,,,,,,,,,,,,,,,,,,,,,0.42857143,solar,5,organized,9.3684211,,1,true,,,,,,,1,1,0,,,,,,7.0209804,0.15602944,2.6419125,0.13815243,8,0.28133971,0.77023257,64,2,1,1512288.5,1,3,0.066363782,true,,,,,,,,,,,,,,,,,,,,,,,,,,,,,,,,,,,,,,,,,,,,,,,,,,,0,,-0.15120171,7,0,false,
27,goblin-twin-solo,yellow-white dwarf (F),false,19.147265,717.87433,899.81436,11.817192,3.4058996,1,false,0.37978858,45.505501,4,blue-giant,15,5,2,0,706.52679,0.1334245,0.068994906,392,250,0,30,0.68741761,0.55631053,5,0.03393389,0.017381964,andesite,0.13003749,aquifer+aquitard+spring+runoff+karst,0.060762262,33.946113,0.19431428,26.373824,0.14229928,0.35613871,salt,0.057301442,0,0,,0,ice,-27.872122,leptosol,0.0064042487,4,34.75,139,9.3985264,1,0,7.6703377,-0.081617241,,,,,0.22071228,,,,,,,,,,,,,0,0,,,,,,,,,,,,,,,,,,,,,0,solar,5,folk,7.7142857,,1,true,,,,,,,1,1,0,,,,,,6.6368695,0.12170229,3.0723818,0.074093062,10,0.20228054,0.76457692,51,2,2,1352601.9,0,6,0.10448876,true,,,,,,,,,,,,,,,,,,,,,,,,,,,,,,,,,,,,,,,,,,,,,,,,,,,0,,-0.27575936,7,0,false,
28,goblin-twin-solo,yellow dwarf (G),false,33.087197,428.26931,310.64776,17.882228,0.23277889,3,false,5.7324249,41.480007,3,red-giant,6,4,0,0,420.85011,0.088317213,0.018356712,1616,1021,43,35,0.74049119,0.49369708,3,0.08717836,0.016381036,shale,0.10084666,aquifer+aquitard+spring+runoff+karst,0.046284102,29.436105,0.17883349,26.805954,0.090874882,0.32079022,salt,0.05758646,0,0,,0,ice,-16.395262,leptosol,0.031796802,22,34.363636,756,31.33434,1,0,15.442568,-0.20570415,,,,,0.16669802,,,,,,,,,,,,,0,0,,,,,,,,,,,,,,,,,,,,,0.425,solar,18,organized,9.6034483,,1,true,,,,,,,1,1,0,,,,,,7.0738667,0.1224899,2.6536593,0.084297642,10,0.24233302,0.72044613,43,2,1,1106108.4,0,4,0.1231841,true,,,,,,,,,,,,,,,,,,,,,,,,,,,,,,,,,,,,,,,,,,,,,,,,,,,0,,-0.11076922,7,0,false,
29,goblin-twin-solo,yellow dwarf (G),false,24.010308,331.32169,331.17945,17.743611,0.88342039,0,false,-0,,2,sun-like,10,5,0,0,,0.0597861,0.049549873,0,0,0,20,0.5667692,0.59348586,3,0.087129535,0.026390313,evaporite,0.11196889,aquifer+aquitard+spring+runoff+karst,0.13665051,28.241222,0.44607235,25.355085,0.1591908,0.43322439,salt,0.070607568,0.00022540291,1,numinous,0,ice,-19.900599,leptosol,0.016848867,9,30.555556,275,15.45888,1,0,2.0739518,-0.3338769,,,,,0.30840753,,,,,,,,,,,,,0,0,,,,,,,,,,,,,,,,,,,,,0.36363636,solar,2,organized,7.9230769,,1,true,,,,,,,1,1,0,,,,,,6.3843645,0.14183783,2.966342,0.095112543,4,0.56395808,0.50911821,47,2,1,1475143.6,1,6,0.081664735,true,,,,,,,,,,,,,,,,,,,,,,,,,,,,,,,,,,,,,,,,,,,,,,,,,,,0,,-0.070231239,7,0,false,
30,goblin-twin-solo,yellow-white dwarf (F),false,31.184414,906.62394,697.7516,28.303073,3.7270843,0,false,-0,,4,red-giant,0,0,0,0,,0.20987901,0.16572871,0,0,0,39,0.57829208,0.53977075,3,0.13492994,0.015233631,gneiss,0.098008568,aquifer+aquitard+spring+runoff+karst,0.087935626,33.52444,0.27069584,25.968211,0.1099919,0.38323492,salt,0.064843974,0.00017367141,1,numinous,0,ice,-17.073164,leptosol,0.030971402,11,40,440,24.881948,1,0,11.115201,-0.027634058,,,,,0.25193933,,,,,,,,,,,,,0,0,,,,,,,,,,,,,,,,,,,,,0.53846154,solar,2,organized,10.266667,,1,true,,,,,,,1,1,0,,,,,,7.0593988,0.12685456,2.9555269,0.09652849,6,0.56570568,0.67767374,36,2,2,1623534.7,1,4,0.054310252,true,,,,,,,,,,,,,,,,,,,,,,,,,,,,,,,,,,,,,,,,,,,,,,,,,,,0,,-0.049462006,7,0,false,
31,goblin-twin-solo,yellow-white dwarf (F),false,29.360295,809.8111,661.96427,25.124644,0.76539585,2,false,2.7647099,55.72716,5,orange-giant,17,8,6,0,799.33122,0.20015628,0.054465625,437,291,7,37,0.64821054,0.59083969,3,0.13634588,0.044675553,gneiss,0.092158223,aquifer+aquitard+spring+runoff+karst,0.050312283,54.699659,0.12470507,26.633545,0.15482304,0.34489938,salt,0.070543027,0,0,,0,ice,-12.401368,leptosol,0.028105482,15,40.4,606,30.201381,1,0,1.7553388,-0.03228421,,,,,0.1981263,,,,,,,,,,,,,0,0,,,,,,,,,,,,,,,,,,,,,0.56,solar,10,organized,7.2857143,,1,true,,,,,,,1,1,0,,,,,,7.1788501,0.14237854,2.8001284,0.08981495,10,0.19354615,0.77674496,61,2,2,1772198.6,0,5,0.10367225,true,,,,,,,,,,,,,,,,,,,,,,,,,,,,,,,,,,,,,,,,,,,,,,,,,,,0,,-0.10227686,7,0,false,
32,goblin-twin-solo,yellow-white dwarf (F),false,30.947686,700.37069,543.13904,30.49692,4.4626664,0,false,-0,,4,blue-giant,10,6,3,0,,0.14243151,0.27234983,0,0,0,37,0.70992627,0.53652584,3,0.069088423,0.027733021,shale,0.14660832,aquifer+aquitard+spring+runoff+karst,0.16116815,24.553038,0.48863828,25.332603,0.16074735,0.37998653,salt,0.0677691,0,0,,0,ice,-17.826724,leptosol,0.021208551,8,39.125,313,15.994077,1,0,9.3525363,-0.01996749,,,,,0.26855748,,,,,,,,,,,,,0,0,,,,,,,,,,,,,,,,,,,,,0,solar,3,organized,8.3571429,,0.66666667,true,,,,,,,1,1,0,,,,,,6.0981691,0.13860889,3.2263948,0.064083785,11,0.24726477,0.73356321,60,2,2,976335.75,0,4,0.062307256,true,,,,,,,,,,,,,,,,,,,,,,,,,,,,,,,,,,,,,,,,,,,,,,,,,,,0,,-0.1230935,7,0,false,
33,goblin-twin-solo,yellow dwarf (G),false,34.207894,431.65614,302.84669,22.103478,0.37864482,2,false,5.5979459,34.704087,4,red-giant,7,4,2,0,422.79812,0.085252026,0.0023880813,958,595,7,26,0.72718617,0.40402685,3,0.10321762,0.018993213,andesite,0.16751678,aquifer+aquitard+spring+runoff+karst,0.23391499,24.902936,0.52769575,24.859379,0.12501119,0.29136465,salt,0.043369466,0,0,,0,ice,-10.635455,leptosol,0.044205817,5,41.2,206,27.97817,1,0,5.0326579,-0.036302849,,,,,0.19534676,,,,,,,,,,,,,0,0,,,,,,,,,,,,,,,,,,,,,0.4,solar,10,organized,7.16,,1,true,,,,,,,1,1,0,,,,,,6.6438105,0.16363679,3.8168645,0.062692251,7,0.21852349,0.76734534,73,1,2,878088.07,1,7,0.09728626,true,,,,,,,,,,,,,,,,,,,,,,,,,,,,,,,,,,,,,,,,,,,,,,,,,,,0,,-0.16644641,7,0,false,
34,goblin-twin-solo,yellow-white dwarf (F),false,38.888037,880.38193,543.33333,16.012443,0.71742693,2,false,4.8832254,107.0367,3,red-dwarf,5,5,1,0,874.31345,0.18403781,0.044437871,4451,3628,3,18,0.7276256,0.48660034,3,0.089106977,0.0098627997,andesite,0.17289594,aquifer+aquitard+spring+runoff+karst,0.32069553,20.011944,0.64820292,24.113148,0.071524603,0.28251322,salt,0.056874771,0.0006274088,1,numinous,0,taiga,-17.179495,leptosol,0.025544501,7,36,252,20.318346,1,0,5.2184799,-0.046963751,,,,,0.17020704,,,,,,,,,,,,,0,0,,,,,,,,,,,,,,,,,,,,,0.52941176,solar,10,organized,6,,1,true,,,,,,,1,1,0,,,,,,6.2544187,0.12375447,3.8783763,0.058444412,9,0.15541812,0.71848705,64,1,2,919275.26,2,5,0.078270004,true,,,,,,,,,,,,,,,,,,,,,,,,,,,,,,,,,,,,,,,,,,,,,,,,,,,0,,-0.030792004,7,0,false,
35,goblin-twin-solo,orange dwarf (K),false,33.981773,309.75913,218.77078,2.8267815,1.6177503,0,false,-0,,2,white-dwarf,5,5,3,0,,0.047421132,0.052570959,0,0,0,17,0.64613544,0.58544326,3,0.028196865,0.011986719,evaporite,0.10817523,aquifer+aquitard+spring+runoff+karst,0.18109693,19.160199,0.35405312,25.190219,0.051672991,0.43973784,salt,0.048330036,0.00068989307,1,numinous,0,ice,-32.429488,leptosol,0.0013107968,8,30.75,246,7.6403013,1,0,8.0282041,-0.11974788,,,,,0.32114522,,,,,,,,,,,,,0,0,,,,,,,,,,,,,,,,,,,,,0.2,solar,2,folk,6.8333333,,0.5,true,,,,,,,1,1,0,,,,,,5.8284335,0.11524074,3.114246,0.07646111,9,0.25146602,0.65502316,34,2,2,1188643.9,0,5,0.083834894,true,,,,,,,,,,,,,,,,,,,,,,,,,,,,,,,,,,,,,,,,,,,,,,,,,,,0,,-0.25837109,7,0,false,
36,goblin-twin-solo,yellow-white dwarf (F),false,16.891725,1066.5243,1515.3328,32.816732,0.66232758,3,false,2.4366398,100.85607,5,red-giant,1,3,1,0,1058.8086,0.20431895,0.0035169893,2025,1876,57,10,0.6386651,0.43145733,5,0.038743225,0.027830672,evaporite,0.12526181,aquifer+aquitard+spring+runoff+karst,0.17897439,36.187496,0.23383555,25.28817,0.063644348,0.30612796,salt,0.063997543,0,0,,0,ice,-31.059404,leptosol,0.0035132761,13,21.692308,282,9.961715,1,0,3.0521842,-0.37321278,,,,,0.22464698,,,,,,,,,,,,,0,0,,,,,,,,,,,,,,,,,,,,,0.44444444,solar,14,organized,7.6585366,,1,true,,,,,,,1,1,0,,,,,,6.9709789,0.20968326,3.889701,0.07050437,7,0.23086278,0.66605146,126,1,2,1161310.6,0,4,0.067777676,true,,,,,,,,,,,,,,,,,,,,,,,,,,,,,,,,,,,,,,,,,,,,,,,,,,,0,,-0.13267106,7,0,false,
37,goblin-twin-solo,orange dwarf (K),false,26.63299,335.50736,302.33844,18.689662,0.31190668,2,false,3.7647175,21.925019,4,sun-like,6,4,3,0,324.97516,0.05398384,0.011569009,335,213,1,14,0.69449734,0.56169091,3,0.032029686,0.022728382,evaporite,0.11435193,aquifer+aquitard+spring+runoff+karst,0.14567684,24.093476,0.31260988,25.218241,0.071599808,0.39699537,salt,0.059947451,0.0000799105,1,numinous,0,ice,-30.620773,leptosol,0.007671408,4,35.75,143,10.035405,1,0,5.9674429,-0.015376196,,,,,0.278568,,,,,,,,,,,,,0,0,,,,,,,,,,,,,,,,,,,,,0.42857143,solar,10,organized,9.75,,1,true,,,,,,,1,1,0,,,,,,5.3724279,0.10173582,3.6158787,0.06098335,7,0.28520058,0.4933039,41,2,2,1039243.1,0,4,0.071780163,true,,,,,,,,,,,,,,,,,,,,,,,,,,,,,,,,,,,,,,,,,,,,,,,,,,,0,,-0.14642431,7,0,false,
38,goblin-twin-solo,yellow dwarf (G),false,20.200098,266.16895,316.23881,15.753202,0.51107711,3,false,4.9268212,28.35539,4,orange-giant,3,4,0,0,259.55145,0.068332273,0.02898292,1252,780,7,12,0.73394854,0.48394201,3,0.13781065,0.014208291,sandstone,0.094145715,aquifer+aquitard+spring+runoff+karst,0.17783079,38.170801,0.31666361,25.992971,0.088731877,0.32593136,salt,0.050794349,0.0011011195,1,numinous,0,alpine,8.8526513,leptosol,0.060102771,5,41,205,9.7157714,1,0,13.093374,-0.02424743,,,,,0.19012663,,,,,,,,,,,,,0,0,,,,,,,,,,,,,,,,,,,,,0.65,solar,15,organized,7.3428571,,0.93333333,true,,,,,,,1,1,0,,,,,,7.1201444,0.17751399,3.5744859,0.061886627,9,0.23646541,0.5061317,126,1,2,1101622,1,6,0.077476293,true,,,,,,,,,,,,,,,,,,,,,,,,,,,,,,,,,,,,,,,,,,,,,,,,,,,0,,0.018626746,7,0,false,
39,goblin-twin-solo,yellow dwarf (G),false,28.984705,459.0317,380.08877,30.347629,1.7121121,1,false,1.7252418,20.714688,2,orange-giant,2,3,1,0,443.77715,0.079820565,0.058397189,296,183,0,39,0.61810947,0.53678962,3,0.044699966,0.040183585,gneiss,0.12082081,aquifer+aquitard+spring+runoff+karst,0.12702167,36.387214,0.28683756,25.87112,0.1011315,0.32576871,salt,0.074046904,0,0,,0,ice,-29.12288,leptosol,0.0066483411,4,4,16,10.797247,1,0,9.5738203,-0.32054317,,,,,0.18909416,,,,,,,,,,,,,0,0,,,,,,,,,,,,,,,,,,,,,0.2,solar,6,organized,7.1875,,1,true,,,,,,,1,1,0.225,,,,,,7.5569082,0.13548415,3.0445273,0.089985841,11,0.20219907,0.73708465,46,2,2,1591988.5,2,3,0.051760246,true,,,,,,,,,,,,,,,,,,,,,,,,,,,,,,,,,,,,,,,,,,,,,,,,,,,0,,-0.2422426,7,0,false,
40,goblin-twin-solo,yellow-white dwarf (F),false,35.322824,407.52318,276.89055,32.441977,1.5207381,2,false,0.8499224,28.14596,5,sun-like,23,6,4,0,397.34081,0.1238627,0.1164791,479,305,2,20,0.68331624,0.48334875,3,0.15634002,0.033738587,shale,0.14885908,aquifer+aquitard+spring+runoff+karst,0.2450663,24.541579,0.69989208,24.053443,0.080635214,0.31984274,salt,0.062618919,0.00030835646,1,numinous,0,alpine,20.70265,leptosol,0.066836263,8,41.5,332,4.2757979,1,0,7.7931582,-0.018180002,,,,,0.17221708,,,,,,,,,,,,,0,0,,,,,,,,,,,,,,,,,,,,,0.31818182,solar,14,organized,9.3055556,,0.92857143,true,,,,,,,1,1,0,,,,,,7.1485186,0.12207335,3.3094551,0.079463893,10,0.16551033,0.80673063,81,2,2,1194772.4,1,5,0.084134889,true,,,,,,,,,,,,,,,,,,,,,,,,,,,,,,,,,,,,,,,,,,,,,,,,,,,0,,-0.053314565,7,0,false,
41,goblin-twin-solo,yellow-white dwarf (F),false,29.232728,785.69124,645.05064,3.9968108,1.3822485,1,false,0.86060394,21.032897,3,red-giant,5,5,1,0,759.82764,0.20017167,0.0941707,978,978,0,23,0.73551096,0.49335426,3,0.1246277,0.03232264,sandstone,0.13365331,aquifer+aquitard+spring+runoff+karst,0.064334502,39.660067,0.2934281,26.083087,0.12146945,0.32388776,salt,0.071011101,0.00064611409,1,numinous,0,ice,-6.6619054,leptosol,0.067749677,5,41.2,206,35.537271,1,0,10.275138,-0.014282589,,,,,0.19558796,,,,,,,,,,,,,0,0,,,,,,,,,,,,,,,,,,,,,0.2,solar,5,organized,7.4666667,,1,true,,,,,,,1,1,0,,,,,,7.0128333,0.13054742,3.0910876,0.066940091,11,0.21894037,0.73075364,72,1,1,1227808.8,0,5,0.081015728,true,,,,,,,,,,,,,,,,,,,,,,,,,,,,,,,,,,,,,,,,,,,,,,,,,,,0,,-0.12767286,7,0,false,
42,goblin-twin-solo,yellow dwarf (G),false,21.11712,368.05357,418.29974,0.95930567,0.253804,2,false,4.7005903,22.012258,5,red-giant,2,3,1,0,356.47412,0.077572545,0.015017878,535,339,0,16,0.72984718,0.49394542,3,0.10275377,0.020335921,shale,0.12326044,aquifer+aquitard+spring+runoff+karst,0.1749503,18.47109,0.40249413,24.788488,0.056750407,0.30986806,salt,0.053247157,0.00009036689,1,numinous,0,ice,-12.157681,leptosol,0.058557744,8,35,280,35.357849,1,0,10.878998,-0.14326564,,,,,0.18326405,,,,,,,,,,,,,0,0,,,,,,,,,,,,,,,,,,,,,0.5,solar,10,organized,6.2142857,,1,true,,,,,,,1,1,0,,,,,,6.2601992,0.1056785,3.1526699,0.075972853,11,0.18019158,0.74173929,30,2,1,1009469.5,0,7,0.069852308,true,,,,,,,,,,,,,,,,,,,,,,,,,,,,,,,,,,,,,,,,,,,,,,,,,,,0,,0.020424609,7,0,false,
43,goblin-twin-solo,orange dwarf (K),false,32.014807,229.78901,172.26205,17.486596,4.4009505,0,false,-0,,4,sun-like,3,3,1,0,,0.048084454,0.17028943,0,0,0,16,0.67814072,0.52093447,3,0.18231532,0.038840877,shale,0.12393811,aquifer+aquitard+spring+runoff+karst,0.17164745,33.833707,0.46776396,25.273095,0.069326456,0.36976638,salt,0.063983615,0.000075849515,1,numinous,0,ice,-2.0611342,leptosol,0.049302184,3,17,51,33.342541,1,0,14.351168,0,,,,,0.20069782,,,,,,,,,,,,,0,0,,,,,,,,,,,,,,,,,,,,,0,solar,2,organized,9.1428571,,1,true,,,,,,,1,1,0,,,,,,7.4278179,0.14232524,2.6492429,0.10133783,11,0.26433556,0.68800962,57,2,1,1352673.7,0,6,0.07810912,true,,,,,,,,,,,,,,,,,,,,,,,,,,,,,,,,,,,,,,,,,,,,,,,,,,,0,,0.1297467,7,0,false,
44,goblin-twin-solo,yellow dwarf (G),false,38.456168,347.55298,216.90334,20.990588,2.4555922,1,false,0.4926356,7.8238561,3,sun-like,13,6,3,0,320.55282,0.099651332,0.12602329,102,64,0,35,0.51166935,0.59881018,3,0.20890093,0.03325033,evaporite,0.11888217,aquifer+aquitard+spring+runoff+karst,0.16857471,28.589851,0.49527571,25.015487,0.083487477,0.4186372,salt,0.074286437,0.00024996251,1,numinous,0,alpine,13.594815,leptosol,0.044843274,15,40.866667,613,5.3164992,1,0,13.622308,-0.030893795,,,,,0.28215768,,,,,,,,,,,,,0,0,,,,,,,,,,,,,,,,,,,,,0.28571429,solar,6,organized,7.1111111,,1,true,,,,,,,1,1,0,,,,,,6.4128364,0.1242498,3.1564639,0.095722865,5,0.34249863,0.6694874,34,2,1,1714944.6,4,8,0.099342883,true,,,,,,,,,,,,,,,,,,,,,,,,,,,,,,,,,,,,,,,,,,,,,,,,,,,0,,-0.072151114,7,0,false,
45,goblin-twin-solo,orange dwarf (K),false,23.459299,219.60728,224.66889,0.33645571,1.5535757,1,false,2.1233431,8.3579438,5,red-giant,3,4,0,0,227.21595,0.036747455,0.0092000014,27,20,0,23,0.7056052,0.47118335,3,0.095796104,0.023509594,evaporite,0.16610001,aquifer+aquitard+spring+runoff+karst,0.20532382,32.317564,0.37399453,24.831265,0.074384277,0.33808774,salt,0.072260374,0.00033170246,1,numinous,0,taiga,-13.813953,leptosol,0.026121569,6,7.5,45,21.086595,1,0,8.4150811,-0.73956606,,,,,0.21345053,,,,,,,,,,,,,0,0,,,,,,,,,,,,,,,,,,,,,0,solar,6,organized,10.666667,,0.83333333,true,,,,,,,1,1,0.2173913,,,,,,7.2787819,0.1742107,3.6025578,0.068063083,9,0.24272328,0.59195055,112,1,2,1109354.9,0,4,0.12209285,true,,,,,,,,,,,,,,,,,,,,,,,,,,,,,,,,,,,,,,,,,,,,,,,,,,,0,,-0.081149244,7,0,false,
46,goblin-twin-solo,yellow-white dwarf (F),false,35.245553,541.34997,368.62521,11.835941,0.26393542,3,false,4.9002027,51.374532,2,orange-giant,14,4,2,0,533.71179,0.1178677,0.020609869,3654,2830,239,35,0.68917533,0.53330192,3,0.11605879,0.038377032,shale,0.10014138,aquifer+aquitard+spring+runoff+karst,0.016336789,42.034175,0.099434496,26.623264,0.13886271,0.40457116,salt,0.070152278,0,0,,0,ice,-12.445733,leptosol,0.032280867,9,35.111111,316,26.895502,1,0,9.8336079,-0.22462852,,,,,0.24622997,,,,,,,,,,,,,0,0,,,,,,,,,,,,,,,,,,,,,0.30434783,solar,14,organized,8.8108108,,1,true,,,,,,,1,1,0,,,,,,7.662546,0.15148021,2.8033448,0.088521068,8,0.37818096,0.73357467,54,2,1,1472428.8,0,4,0.10783762,true,,,,,,,,,,,,,,,,,,,,,,,,,,,,,,,,,,,,,,,,,,,,,,,,,,,0,,-0.11677183,7,0,false,
47,goblin-twin-solo,yellow-white dwarf (F),false,34.7666,421.40756,290.90511,23.776874,0.37474446,1,false,0.20879261,23.862257,3,red-dwarf,1,4,0,0,409.14683,0.12809273,0.027274996,284,180,0,20,0.67125629,0.52123868,3,0.1399834,0.031834383,evaporite,0.11852072,aquifer+aquitard+spring+runoff+karst,0.1347839,34.804173,0.22010991,25.724791,0.10760434,0.37108273,salt,0.065491077,0.0001485222,1,numinous,0,alpine,17.560766,leptosol,0.06133967,4,41,164,4.7149654,1,0,12.395224,-0.031136518,,,,,0.2615476,,,,,,,,,,,,,0,0,,,,,,,,,,,,,,,,,,,,,0.38461538,solar,9,organized,6.1818182,,0.88888889,true,,,,,,,1,1,0,,,,,,6.6842262,0.12644596,3.1304141,0.073116547,8,0.25961681,0.74315463,54,2,2,1350259.5,0,6,0.087971644,true,,,,,,,,,,,,,,,,,,,,,,,,,,,,,,,,,,,,,,,,,,,,,,,,,,,0,,-0.1550312,7,0,false,
48,goblin-twin-solo,yellow-white dwarf (F),false,33.280165,752.73819,542.83736,1.1639289,0.91634022,1,false,4.1094547,45.663378,4,blue-giant,1,3,1,0,740.94427,0.1835787,0.069910472,289,180,0,11,0.6274596,0.49560944,3,0.16366388,0.006591475,shale,0.12365662,aquifer+aquitard+spring+runoff+karst,0.21074705,18.361648,0.51743119,24.584663,0.092726081,0.38964613,salt,0.048910504,0,0,,0,ice,-7.8900429,leptosol,0.05,3,38,114,34.264696,1,0,7.9907976,-0.065012513,,,,,0.26002621,,,,,,,,,,,,,0,0,,,,,,,,,,,,,,,,,,,,,0,solar,8,organized,9.0526316,,0.875,true,,,,,,,1,1,0,,,,,,6.8629574,0.11404062,2.9173857,0.093965138,7,0.21015727,0.6983812,42,2,1,1217621.9,0,5,0.091571906,true,,,,,,,,,,,,,,,,,,,,,,,,,,,,,,,,,,,,,,,,,,,,,,,,,,,0,,-0.072114315,7,0,false,
49,goblin-twin-solo,orange dwarf (K),false,28.162123,167.26311,142.54304,20.490833,1.9825708,0,false,-0,,2,blue-giant,11,6,4,0,,0.040252696,0.14247304,0,0,0,16,0.60658659,0.62289792,3,0.23004248,0.024095503,evaporite,0.12019857,aquifer+aquitard+spring+runoff+karst,0.12503878,30.937948,0.18032889,25.925433,0.064970524,0.4086255,salt,0.057084864,0.00080670183,1,numinous,0,alpine,11.509202,leptosol,0.10102389,16,41.125,658,9.4591736,1,0,10.138496,-0.021278678,,,,,0.29053677,,,,,,,,,,,,,0,0,,,,,,,,,,,,,,,,,,,,,0.15,solar,4,organized,10.208333,,0.5,true,,,,,,,1,1,0,,,,,,6.2033294,0.13072657,3.2161701,0.082515502,8,0.24635433,0.60740748,42,2,2,1479556.3,0,4,0.074399598,true,,,,,,,,,,,,,,,,,,,,,,,,,,,,,,,,,,,,,,,,,,,,,,,,,,,0,,0.034670181,7,0,false,
50,goblin-twin-solo,yellow dwarf (G),false,34.302101,287.30934,201.02046,18.984492,0.69899186,1,false,0.45055058,6.1690855,3,red-giant,6,4,0,0,268.16388,0.066796498,0.040025479,17,11,0,38,0.51994532,0.5776546,3,0.23209316,0.015966017,evaporite,0.12357608,aquifer+aquitard+spring+runoff+karst,0.17560008,27.860679,0.48810008,24.860729,0.1168633,0.47457282,salt,0.075453775,0.00081366965,1,numinous,0,alpine,1.5923624,leptosol,0.043124491,3,41.666667,125,18.404829,1,0,3.7176585,-0.019572581,,,,,0.34626729,,,,,,,,,,,,,0,0,,,,,,,,,,,,,,,,,,,,,0,solar,8,organized,10.473684,,0.875,true,,,,,,,1,1,0,,,,,,6.711008,0.16169844,2.8466111,0.11652263,6,0.41085232,0.67925857,60,2,1,1509569.3,2,3,0.099156627,true,,,,,,,,,,,,,,,,,,,,,,,,,,,,,,,,,,,,,,,,,,,,,,,,,,,0,,0.01447767,7,0,false,
51,goblin-twin-solo,yellow-white dwarf (F),false,18.689382,740.76136,951.24989,24.69739,0.074815666,1,false,2.2840534,22.556557,5,orange-giant,4,4,1,0,718.1074,0.22578911,0.00096202387,143,95,0,15,0.74364045,0.50947529,5,0.12340706,0.01054636,sandstone,0.10884678,aquifer+aquitard+spring+runoff+karst,0.1863632,35.988551,0.29359109,25.854537,0.089324826,0.27797353,salt,0.046164753,0.00047614513,1,numinous,0,alpine,7.6893582,leptosol,0.058184935,5,41.8,209,7.5206989,1,0,7.2949897,-0.0097247009,,,,,0.15541377,,,,,,,,,,,,,0,0,,,,,,,,,,,,,,,,,,,,,0.33333333,solar,10,organized,8.92,,0.9,true,,,,,,,1,1,0,,,,,,6.5079301,0.17013515,3.7011807,0.054416288,9,0.20807542,0.67396774,107,1,2,1043403.9,1,6,0.093188661,true,,,,,,,,,,,,,,,,,,,,,,,,,,,,,,,,,,,,,,,,,,,,,,,,,,,0,,0.028693603,7,0,false,
52,goblin-twin-solo,yellow-white dwarf (F),false,39.000531,592.33706,364.51015,32.007475,1.5467714,0,false,-0,,3,red-giant,3,6,1,0,,0.17524017,0.014950231,0,0,0,32,0.52624384,0.5644646,3,0.24930423,0.015966017,shale,0.098938473,aquifer+aquitard+spring+runoff+karst,0.20725549,23.280247,0.6128517,24.128699,0.12367309,0.42023086,salt,0.054539472,0.00020612182,1,numinous,0,alpine,10.43435,leptosol,0.10522519,9,35.333333,318,9.2562866,1,0,4.7409403,-0.056412081,,,,,0.28001649,,,,,,,,,,,,,0,0,,,,,,,,,,,,,,,,,,,,,0.41666667,solar,3,organized,6.4,,0.66666667,true,,,,,,,1,1,0,,,,,,7.9325069,0.18527456,2.5110732,0.1591475,9,0.35123158,0.6342891,63,2,3,1435374.5,1,6,0.085583698,true,,,,,,,,,,,,,,,,,,,,,,,,,,,,,,,,,,,,,,,,,,,,,,,,,,,0,,0.019444515,7,0,false,
53,goblin-twin-solo,yellow-white dwarf (F),false,24.402809,837.46454,823.6408,28.105163,0.18136033,1,false,5.3752856,58.354009,4,red-giant,5,4,2,0,827.14165,0.206838,0.0014624528,298,189,0,15,0.70187003,0.46749099,3,0.18219325,0.012304087,granite,0.1873567,aquifer+aquitard+spring+runoff+karst,0.30732067,20.461894,0.6695054,23.989163,0.13421225,0.30723878,salt,0.06371933,0.00065509335,1,numinous,0,ice,-4.3046292,leptosol,0.089010809,9,38.777778,349,42.366333,1,0,14.996427,-0.056926548,,,,,0.1799869,,,,,,,,,,,,,0,0,,,,,,,,,,,,,,,,,,,,,0.375,solar,7,organized,6.6956522,,1,true,,,,,,,1,1,0,,,,,,6.3609464,0.085988228,3.6174529,0.07118793,9,0.1787586,0.77810003,45,2,2,1098448,0,3,0.06887507,true,,,,,,,,,,,,,,,,,,,,,,,,,,,,,,,,,,,,,,,,,,,,,,,,,,,0,,0.082007278,7,0,false,
54,goblin-twin-solo,yellow dwarf (G),false,38.593614,406.70486,252.91533,23.770691,1.213742,3,false,2.3948662,47.065235,3,red-giant,0,0,0,0,400.49726,0.10087115,0.050321862,882,562,11,24,0.49553244,0.56378242,3,0.26810214,0.023851374,shale,0.097996516,aquifer+aquitard+spring+runoff+karst,0.18050716,30.673913,0.46888308,25.515971,0.12001549,0.4193283,salt,0.059688282,0.00014518002,1,numinous,0,alpine,2.1564752,leptosol,0.048828881,52,10.192308,530,14.968342,1,0,28.476453,-0.26439428,,,,,0.28861789,,,,,,,,,,,,,0,0,,,,,,,,,,,,,,,,,,,,,0.46268657,solar,15,organized,7.3414634,,1,true,,,,,,,0.98422091,1,0.22682446,,,,,,8.2625119,0.18508368,2.4149895,0.15614472,7,0.33570461,0.68426631,61,2,1,1702986.9,0,4,0.098323012,true,,,,,,,,,,,,,,,,,,,,,,,,,,,,,,,,,,,,,,,,,,,,,,,,,,,0,,-0.05570298,7,0,false,
55,goblin-twin-solo,yellow-white dwarf (F),false,39.914032,479.85424,288.53266,17.810897,1.541774,0,false,-0,,3,sun-like,2,4,0,0,,0.1297013,0.053493139,0,0,0,16,0.54064743,0.50775935,3,0.21786046,0.021580977,shale,0.093059099,aquifer+aquitard+spring+runoff+karst,0.079931973,29.643143,0.42203444,25.71192,0.06946216,0.38079294,salt,0.052451474,0,0,,0,alpine,5.0465954,leptosol,0.027954932,12,41,492,21.674887,1,0,6.3833211,-0.016212736,,,,,0.21922832,,,,,,,,,,,,,0,0,,,,,,,,,,,,,,,,,,,,,0.3125,solar,4,organized,9.15,,0.75,true,,,,,,,1,1,0,,,,,,8.6403045,0.15832475,2.1156199,0.19684097,4,0.69010417,0.70140923,54,3,2,1613871.4,0,4,0.089328365,true,,,,,,,,,,,,,,,,,,,,,,,,,,,,,,,,,,,,,,,,,,,,,,,,,,,0,,-0.011831251,7,0,false,
56,goblin-twin-solo,yellow-white dwarf (F),false,35.103761,713.48414,487.80013,26.890427,0.79074191,1,false,1.3754083,36.01958,5,orange-giant,5,5,1,0,699.36407,0.14452633,0.059515689,371,234,0,19,0.55920121,0.52625166,3,0.099750989,0.018431717,shale,0.11730173,aquifer+aquitard+spring+runoff+karst,0.11397873,29.00573,0.29319894,25.576348,0.072995126,0.37987373,salt,0.066249904,0.00099689854,1,numinous,0,ice,-23.244143,leptosol,0.022707133,3,39.333333,118,18.004188,1,0,2.3285803,-0.024496882,,,,,0.26113203,,,,,,,,,,,,,0,0,,,,,,,,,,,,,,,,,,,,,0,solar,6,folk,7.4,,1,true,,,,,,,1,1,0,,,,,,8.0151052,0.16297229,2.5383672,0.13048679,7,0.65224856,0.65616399,55,2,1,1580420.7,1,5,0.10267516,true,,,,,,,,,,,,,,,,,,,,,,,,,,,,,,,,,,,,,,,,,,,,,,,,,,,0,,-0.24853736,7,0,false,
57,goblin-twin-solo,orange dwarf (K),false,33.584714,283.97689,202.93296,5.5605169,1.4524136,2,false,2.3841603,30.83003,4,blue-giant,0,0,0,0,277.52488,0.046632255,0.0026206289,669,426,3,8,0.65253161,0.54106654,3,0.055661345,0.0018553782,andesite,0.13145507,aquifer+aquitard+spring+runoff+karst,0.21204244,19.006887,0.27063866,25.488981,0.055153516,0.31813391,salt,0.049704072,0,0,,0,ice,-23.380221,leptosol,0.014403148,8,35.375,283,13.791949,1,0,4.5801218,-0.1212854,,,,,0.18548444,,,,,,,,,,,,,0,0,,,,,,,,,,,,,,,,,,,,,0.5,solar,10,organized,6.8928571,,1,true,,,,,,,1,1,0,,,,,,6.5625643,0.11400584,3.1127152,0.085420634,8,0.26726621,0.58902764,35,2,2,1265806.6,0,4,0.069428898,true,,,,,,,,,,,,,,,,,,,,,,,,,,,,,,,,,,,,,,,,,,,,,,,,,,,0,,-0.32151364,7,0,false,
58,goblin-twin-solo,yellow-white dwarf (F),false,30.000967,589.79039,471.8171,12.145118,0.10813173,0,false,-0,,2,orange-giant,7,4,1,0,,0.13125828,0.0045798346,0,0,0,15,0.65590059,0.46527137,3,0.14039842,0.041916899,evaporite,0.15189784,aquifer+aquitard+spring+runoff+karst,0.13458673,36.93909,0.19460802,25.211079,0.091947499,0.37829017,salt,0.06279862,0,0,,0,ice,-9.617114,leptosol,0.038666194,10,41.1,411,31.135713,1,0,13.411261,-0.015643949,,,,,0.28116353,,,,,,,,,,,,,0,0,,,,,,,,,,,,,,,,,,,,,0.18181818,solar,1,organized,7.6666667,,1,true,,,,,,,1,1,0,,,,,,6.4955993,0.11139897,3.5311652,0.06608564,8,0.25448741,0.55225494,73,1,2,1227187.1,0,5,0.097072108,true,,,,,,,,,,,,,,,,,,,,,,,,,,,,,,,,,,,,,,,,,,,,,,,,,,,0,,-0.081306561,7,0,false,
59,goblin-twin-solo,yellow dwarf (G),false,17.362291,257.2361,355.57903,11.91928,0.43344872,2,true,6.1098531,12.446253,4,blue-giant,2,3,0,1,268.73013,0.06919731,0.010042431,80,65,0,16,0.67923929,0.38199254,5,0.16520189,0.033958303,gneiss,0.16013395,aquifer+aquitard+spring+runoff+karst,0.2702641,48.626433,0.6363498,24.242135,0.093538321,0.32506279,salt,0.070387297,0.00015221859,1,numinous,0,savanna,18.873914,leptosol,0.081513053,2,7,14,4.7135537,1,0,46.426108,-0.84799691,,,,,0.19072989,,,,,,,,,,,,,0,0,,,,,,,,,,,,,,,,,,,,,0.33333333,solar,10,organized,8.2727273,,0.9,true,,,,,,,1,1,0,,,,,,8.3066047,0.24660168,3.7921436,0.075313705,9,0.19209986,0.70285264,212,1,2,1223337.5,0,5,0.062669449,true,,,,,,,,,,,,,,,,,,,,,,,,,,,,,,,,,,,,,,,,,,,,,,,,,,,0,,-0.24556075,7,0,false,
60,goblin-twin-solo,yellow dwarf (G),false,28.848727,272.56684,226.75538,5.5384029,0.3979564,1,false,5.7768299,34.970417,5,sun-like,1,3,0,0,267.00118,0.070094345,0.034200518,4686,3179,0,39,0.66422538,0.53315399,3,0.19178751,0.062887554,shale,0.12556347,aquifer+aquitard+spring+runoff+karst,0.10665988,37.046945,0.3978479,24.815076,0.18132907,0.43696379,salt,0.070226646,0.000072706122,1,numinous,0,alpine,12.397717,leptosol,0.074523775,7,42,294,9.2394411,0.99936354,0,16.518794,-0.030072488,,,,,0.26072415,,,,,,,,,,,,,0,0,,,,,,,,,,,,,,,,,,,,,0,solar,5,organized,7.0588235,,1,true,,,,,,,1,1,0,,,,,,7.9057843,0.17146451,2.8075752,0.097260876,10,0.32921332,0.74085675,81,2,1,1407078.8,0,4,0.047816429,true,,,,,,,,,,,,,,,,,,,,,,,,,,,,,,,,,,,,,,,,,,,,,,,,,,,0,,0.0063050211,7,0,false,
61,goblin-twin-solo,orange dwarf (K),false,23.928258,221.73022,222.39502,34.027561,0.58880085,2,false,4.0564691,17.684881,4,red-giant,11,6,3,0,213.20314,0.036568744,0.024459917,691,450,2,31,0.69283726,0.58861866,3,0.060226551,0.015502173,andesite,0.10626292,aquifer+aquitard+spring+runoff+karst,0.096487045,31.528808,0.17374026,25.934976,0.10014306,0.37505961,salt,0.059521468,0,0,,0,ice,-22.081264,leptosol,0.016531553,5,38.4,192,15.21384,1,0,10.939554,-0.03230168,,,,,0.25997457,,,,,,,,,,,,,0,0,,,,,,,,,,,,,,,,,,,,,0.4,solar,10,organized,8.04,,1,true,,,,,,,1,1,0,,,,,,6.2404859,0.12434448,3.2820782,0.06574386,7,0.24781434,0.68892648,50,1,2,1228327.7,0,3,0.099181987,true,,,,,,,,,,,,,,,,,,,,,,,,,,,,,,,,,,,,,,,,,,,,,,,,,,,0,,-0.24749771,7,0,false,
62,goblin-twin-solo,yellow dwarf (G),false,33.314842,399.01696,287.45168,22.043868,0.68489265,1,false,2.859991,21.262838,4,red-dwarf,9,8,0,0,386.17229,0.095427664,0.0052624957,222,143,0,20,0.71742102,0.5187041,3,0.16295591,0.012865583,shale,0.12086393,aquifer+aquitard+spring+runoff+karst,0.18064795,25.677335,0.43602592,25.103472,0.11507559,0.35403888,salt,0.045917031,0.0040604752,1,numinous,0,ice,-1.5678121,leptosol,0.062116631,4,41.5,166,33.380978,1,0,21.841622,-0.019911786,,,,,0.2063067,,,,,,,,,,,,,0,0,,,,,,,,,,,,,,,,,,,,,0.2,solar,6,organized,9,,1,true,,,,,,,1,1,0,,,,,,6.3798133,0.15474455,3.1472437,0.073385089,12,0.26686825,0.75517065,52,2,2,1111884,0,3,0.070832492,true,,,,,,,,,,,,,,,,,,,,,,,,,,,,,,,,,,,,,,,,,,,,,,,,,,,0,,0.053459959,7,0,false,
63,goblin-twin-solo,yellow dwarf (G),false,34.791858,361.57392,249.41967,34.732608,0.20185504,3,false,7.901103,28.928604,4,red-giant,5,4,2,0,352.75515,0.076217187,0.0077931187,1056,656,17,35,0.59909184,0.57021069,3,0.18295005,0.038425858,shale,0.11100962,aquifer+aquitard+spring+runoff+karst,0.22268908,34.141579,0.53075143,25.513601,0.097856534,0.393801,salt,0.05893889,0.0013396663,1,numinous,0,ice,-10.252145,leptosol,0.043600049,17,39.588235,673,30.27604,1,0,11.480684,-0.033993951,,,,,0.26714164,,,,,,,,,,,,,0,0,,,,,,,,,,,,,,,,,,,,,0.46875,solar,15,organized,7.9148936,,1,true,,,,,,,1,1,0,,,,,,6.9163218,0.13362987,2.7683716,0.10646453,9,0.28236512,0.76653205,57,2,1,1473703.8,0,4,0.08875687,true,,,,,,,,,,,,,,,,,,,,,,,,,,,,,,,,,,,,,,,,,,,,,,,,,,,0,,-0.043062317,7,0,false,
64,goblin-twin-solo,orange dwarf (K),false,36.752217,238.9771,156.05726,14.500401,0.19722656,2,false,5.6990934,28.935352,5,blue-giant,5,4,2,0,233.2079,0.035312574,0.014820981,594,378,5,27,0.68419511,0.49683055,3,0.030809043,0.016942532,andesite,0.15545764,aquifer+aquitard+spring+runoff+karst,0.2394867,29.789716,0.50479283,24.583028,0.13458565,0.34562461,salt,0.058615946,0.000077303649,1,numinous,0,ice,-26.838687,leptosol,0.0027829314,19,27.947368,531,8.7827028,1,0,8.0972678,-0.15708758,,,,,0.22379406,,,,,,,,,,,,,0,0,,,,,,,,,,,,,,,,,,,,,0.6,solar,11,organized,9.9756098,,0.90909091,true,,,,,,,1,1,0,,,,,,6.6965276,0.13294882,3.324069,0.072359748,9,0.31949598,0.71640563,51,2,2,1191445,0,4,0.12381531,true,,,,,,,,,,,,,,,,,,,,,,,,,,,,,,,,,,,,,,,,,,,,,,,,,,,0,,-0.17745322,7,0,false,
65,goblin-twin-solo,yellow-white dwarf (F),false,22.500995,581.72508,620.4793,11.854693,0.90272999,3,false,4.0053755,28.587032,3,red-dwarf,0,0,0,0,567.34886,0.18376678,0.067986602,2355,1271,96,22,0.55805381,0.57205988,3,0.17731068,0.038743225,evaporite,0.13080705,aquifer+aquitard+spring+runoff+karst,0.13257471,38.606931,0.30768381,25.593556,0.12605645,0.43026018,salt,0.061966538,0.00016571839,1,numinous,0,alpine,14.842719,leptosol,0.025299674,6,41.333333,248,4.3680172,1,0,13.291259,-0.016463263,,,,,0.30442468,,,,,,,,,,,,,0,0,,,,,,,,,,,,,,,,,,,,,0.57142857,solar,15,organized,10.138889,,0.93333333,true,,,,,,,1,1,0,,,,,,7.1400342,0.153173,2.8352543,0.10062985,7,0.3541402,0.75979289,48,2,2,1802893,0,4,0.097569299,true,,,,,,,,,,,,,,,,,,,,,,,,,,,,,,,,,,,,,,,,,,,,,,,,,,,0,,-0.15819897,7,0,false,
66,goblin-twin-solo,orange dwarf (K),false,31.353129,186.18857,142.52248,6.9419511,1.0812104,1,false,3.1454244,14.102429,2,sun-like,9,4,2,0,177.46879,0.040769308,0.016787578,370,237,0,13,0.69122601,0.54214105,3,0.14486597,0.014305942,shale,0.093137255,aquifer+aquitard+spring+runoff+karst,0.17354522,27.887855,0.30036369,25.444858,0.053684377,0.30328906,gold,0.060141946,0.00086970272,1,numinous,0,alpine,-1.1393435,leptosol,0.022612271,3,40.666667,122,21.608545,1,0,21.038464,-0.020055903,,,,,0.13828273,,,,,,,,,,,,,0,0,,,,,,,,,,,,,,,,,,,,,0,solar,5,organized,7.8461538,,1,true,,,,,,,1,1,0,,,,,,7.6193308,0.14106674,2.5793043,0.10673307,12,0.28123023,0.7583539,50,2,1.5,1377668.3,0,3,0.095726441,true,,,,,,,,,,,,,,,,,,,,,,,,,,,,,,,,,,,,,,,,,,,,,,,,,,,0,,-0.064097396,7,0,false,
67,goblin-twin-solo,orange dwarf (K),false,25.214839,150.00953,142.78214,32.294856,0.73475755,2,true,5.7744546,22.293252,2,red-giant,5,3,2,1,145.38885,0.033458696,0.053968344,729,466,3,35,0.59284215,0.614702,3,0.21768957,0.019652361,evaporite,0.10726706,aquifer+aquitard+spring+runoff+karst,0.10600791,27.126537,0.27761122,25.985779,0.061937882,0.39219331,salt,0.057886434,0.00017987768,1,numinous,0,alpine,8.1235941,leptosol,0.09473558,6,41.333333,248,12.092646,1,0,24.951478,-0.024259659,,,,,0.2719151,,,,,,,,,,,,,0,0,,,,,,,,,,,,,,,,,,,,,0.29411765,solar,11,organized,7.4285714,,1,true,,,,,,,1,1,0,,,,,,6.1683767,0.11683237,3.3229084,0.078609443,9,0.33445257,0.77831998,43,2,2,1430472.1,0,6,0.093094236,true,,,,,,,,,,,,,,,,,,,,,,,,,,,,,,,,,,,,,,,,,,,,,,,,,,,0,,-0.034783421,7,0,false,
68,goblin-twin-solo,yellow-white dwarf (F),false,25.315279,688.43487,652.66659,22.407607,0.66529878,0,false,-0,,3,sun-like,13,7,2,0,,0.15067263,0.031462589,0,0,0,22,0.52844099,0.58008905,3,0.13649236,0.019969728,shale,0.11933112,aquifer+aquitard+spring+runoff+karst,0.1248188,31.237758,0.50072479,24.823179,0.11218679,0.43192172,salt,0.068333686,0.0021225927,1,numinous,0,ice,-16.227479,leptosol,0.034479188,23,19.304348,444,24.756601,1,0,10.596629,-0.41498619,,,,,0.28556637,,,,,,,,,,,,,0,0,,,,,,,,,,,,,,,,,,,,,0.48,solar,2,organized,9.8518519,,1,true,,,,,,,1,1,0,,,,,,6.6847824,0.12577122,2.7281241,0.11954983,6,0.2904328,0.74097501,29,2,1,1602410.1,1,3,0.11088406,true,,,,,,,,,,,,,,,,,,,,,,,,,,,,,,,,,,,,,,,,,,,,,,,,,,,0,,-0.21083174,7,0,false,
69,goblin-twin-solo,yellow-white dwarf (F),false,39.841465,924.26786,556.76739,7.4850083,0.63483269,3,false,3.6573544,121.5509,3,sun-like,7,4,3,0,918.70206,0.18194873,0.046448487,1024,651,36,20,0.67479615,0.41948803,3,0.042429569,0.023070163,evaporite,0.14661061,aquifer+aquitard+spring+runoff+karst,0.18204339,23.677368,0.53119135,24.720222,0.071315967,0.37159372,salt,0.052774817,0,0,,0,ice,-27.073717,leptosol,0.0079573606,40,25.775,1031,12.259097,1,0,8.8020971,-0.25162909,,,,,0.28068463,,,,,,,,,,,,,0,0,,,,,,,,,,,,,,,,,,,,,0.55555556,solar,14,organized,8.7352941,,1,true,,,,,,,1,1,0.020618557,,,,,,7.3935879,0.15144671,3.402226,0.080831014,10,0.2257338,0.75629364,99,1,2,1106511.2,0,4,0.084925299,true,,,,,,,,,,,,,,,,,,,,,,,,,,,,,,,,,,,,,,,,,,,,,,,,,,,0,,-0.14156759,7,0,false,
70,goblin-twin-solo,yellow dwarf (G),true,,566.38999,,20.586036,0.13333181,3,false,7.0737646,101.87419,5,red-giant,9,4,3,0,562.3488,0.11198309,,997,633,10,40,0.70787559,0.4991643,locked,0.074117475,0.013817685,shale,0.13438075,aquifer+aquitard+spring+runoff+karst,0.088584322,33.415716,0.34689955,25.27284,0.10997827,0.28647836,gold,0.06442838,0,0,,0,ice,-31.256298,leptosol,0.018719706,4,39.5,158,0.75699721,1,0,8.1059575,-0.020920083,,,,,0.13713856,,,,,,,,,,,,,0,0,,,,,,,,,,,,,,,,,,,,,0.33333333,solar,8,organized,14.2,,0.875,true,,,,,,,1,1,0,,,,,,7.0743033,0.11315635,3.0329502,0.072530638,10,0.16396457,0.69862556,59,2,2,1302790,0,7,0.075313106,true,,,,,,,,,,,,,,,,,,,,,,,,,,,,,,,,,,,,,,,,,,,,,,,,,,,0,,0.37089069,7,0,false,
71,goblin-twin-solo,yellow-white dwarf (F),false,19.758205,692.82184,841.56046,21.982855,0.47679433,1,false,0.37454336,13.032512,3,sun-like,9,5,2,0,725.87646,0.19876629,0.031556602,19,14,0,16,0.52797715,0.5090768,5,0.23011572,0.013378253,shale,0.13312645,aquifer+aquitard+spring+runoff+karst,0.18153607,26.994329,0.56855443,24.489533,0.10080166,0.3834497,salt,0.054051654,0.0025342643,1,numinous,0,alpine,5.7942232,leptosol,0.045668477,7,41.142857,288,16.076673,1,0,9.3314411,-0.010429823,,,,,0.23392811,,,,,,,,,,,,,0,0,,,,,,,,,,,,,,,,,,,,,0,solar,8,organized,10.869565,,1,true,,,,,,,1,1,0,,,,,,7.8888635,0.15849962,2.5369271,0.14486597,7,0.45135764,0.62326974,39,2,1,1570815.2,4,6,0.079672598,true,,,,,,,,,,,,,,,,,,,,,,,,,,,,,,,,,,,,,,,,,,,,,,,,,,,0,,-0.1312664,7,0,false,
72,goblin-twin-solo,yellow-white dwarf (F),false,38.692128,663.34914,411.46301,11.614701,0.42759259,0,false,-0,,3,orange-giant,6,5,2,0,,0.12134381,0.012215265,0,0,0,26,0.56381524,0.50366598,3,0.063912895,0.027781847,shale,0.11093077,aquifer+aquitard+spring+runoff+karst,0.12486707,28.835646,0.5041697,25.482033,0.12335591,0.41450719,salt,0.060666465,0.001063413,1,numinous,0,ice,-28.074917,leptosol,0.015391504,4,35.75,143,10.451549,1,0,8.8634608,-0.015376196,,,,,0.27514412,,,,,,,,,,,,,0,0,,,,,,,,,,,,,,,,,,,,,0,solar,2,organized,12,,0.5,true,,,,,,,1,1,0,,,,,,9.274118,0.17067623,2.2548303,0.16771642,12,0.16779538,0.59075391,68,2,1,1540712,0,5,0.069979363,true,,,,,,,,,,,,,,,,,,,,,,,,,,,,,,,,,,,,,,,,,,,,,,,,,,,0,,-0.44311307,7,0,false,
73,goblin-twin-solo,yellow dwarf (G),false,31.945211,486.99557,365.87311,10.664502,1.0663822,2,false,2.4229039,15.319144,4,sun-like,4,4,0,0,465.70256,0.081507784,0.079150645,200,132,0,24,0.65626678,0.49190341,3,0.02023827,0.046506518,gneiss,0.11207386,aquifer+aquitard+spring+runoff+karst,0.16583807,37.122153,0.39098011,25.105928,0.095809659,0.37322443,salt,0.080503546,0.00092329545,1,numinous,0,ice,-33.544689,leptosol,0.0021306818,8,32.625,261,7.8953244,1,0,2.948692,-0.15760656,,,,,0.21235795,,,,,,,,,,,,,0,0,,,,,,,,,,,,,,,,,,,,,0.35294118,solar,9,organized,8.9615385,,1,true,,,,,,,1,1,0,,,,,,7.3145986,0.1534265,3.2791954,0.079219765,7,0.24886364,0.67701976,60,2,2,1395669.6,0,4,0.084243769,true,,,,,,,,,,,,,,,,,,,,,,,,,,,,,,,,,,,,,,,,,,,,,,,,,,,0,,-0.21069624,7,0,false,
74,goblin-twin-solo,yellow dwarf (G),false,27.571992,316.485,275.4839,11.928497,1.0002125,1,false,3.8047191,12.341144,4,white-dwarf,5,4,1,0,299.64788,0.060821403,0.029076448,1127,586,0,12,0.60561008,0.49396472,3,0.13588204,0.014647722,andesite,0.12596719,aquifer+aquitard+spring+runoff+karst,0.17963479,27.65989,0.24834417,25.62694,0.10683999,0.35041783,salt,0.062454348,0.00012380068,1,numinous,0,ice,-13.852025,leptosol,0.03280718,4,39.75,159,26.158443,1,0,7.0758215,-0.013818937,,,,,0.24673476,,,,,,,,,,,,,0,0,,,,,,,,,,,,,,,,,,,,,0,solar,6,organized,8.25,,1,true,,,,,,,1,1,0,,,,,,7.4099333,0.14404035,3.3163249,0.090937942,8,0.36756422,0.57885764,64,2,2,1409044.3,0,4,0.092384384,true,,,,,,,,,,,,,,,,,,,,,,,,,,,,,,,,,,,,,,,,,,,,,,,,,,,0,,-0.018685734,7,0,false,
75,goblin-twin-solo,yellow-white dwarf (F),false,23.77355,794.74744,802.31765,27.525268,1.4066793,1,false,0.45955971,14.67398,5,orange-giant,9,4,0,0,758.45769,0.20437766,0.11001813,674,674,0,34,0.63710268,0.57147662,3,0.1756506,0.049899907,gneiss,0.099091826,aquifer+aquitard+spring+runoff+karst,0.06485032,40.366068,0.18540195,25.867483,0.11516986,0.40450723,salt,0.075941628,0.0014799865,1,numinous,0,ice,-7.6857442,leptosol,0.035250589,17,14.117647,240,35.197808,1,0,21.741985,-0.37514312,,,,,0.25590313,,,,,,,,,,,,,0,0,,,,,,,,,,,,,,,,,,,,,0.2,solar,8,organized,9.7272727,,1,true,,,,,,,1,1,0,,,,,,7.704194,0.17530566,3.0009502,0.086128607,11,0.18291288,0.63200613,75,1,2,1602362.8,2,3,0.06981967,true,,,,,,,,,,,,,,,,,,,,,,,,,,,,,,,,,,,,,,,,,,,,,,,,,,,0,,0.081895603,7,0,false,
76,goblin-twin-solo,yellow dwarf (G),false,21.225377,432.18862,488.68516,28.152404,0.23489606,2,false,7.3247517,52.432751,2,sun-like,3,6,1,0,426.21558,0.11102802,0.011296715,1755,1088,15,21,0.58737366,0.57425157,3,0.18439041,0.01811435,evaporite,0.10549047,aquifer+aquitard+spring+runoff+karst,0.13596024,26.83968,0.14885812,26.252017,0.10519465,0.38699562,salt,0.050208441,0.00041415217,1,numinous,0,alpine,-0.20488703,leptosol,0.043545143,4,40.25,161,18.853931,0.99960281,0,13.367384,-0.034222422,,,,,0.24204236,,,,,,,,,,,,,0,0,,,,,,,,,,,,,,,,,,,,,0.5,solar,12,organized,7.4642857,,1,true,,,,,,,1,1,0,,,,,,6.823768,0.13186668,3.0381703,0.09159709,8,0.26162584,0.75631073,39,2,2,1494621.6,0,5,0.075284167,true,,,,,,,,,,,,,,,,,,,,,,,,,,,,,,,,,,,,,,,,,,,,,,,,,,,0,,0.027416102,7,0,false,
77,goblin-twin-solo,yellow dwarf (G),false,36.483296,353.87835,232.79367,33.405227,0.26122404,2,false,6.0714419,16.870899,2,orange-giant,13,4,4,0,339.74012,0.084953047,0.021270317,275,176,0,27,0.64364533,0.42954032,3,0.20211415,0.013231776,gneiss,0.14112489,aquifer+aquitard+spring+runoff+karst,0.24977735,25.642417,0.78187299,23.477551,0.10741933,0.38357197,salt,0.086810814,0.0017126807,1,numinous,0,tundra,2.2845701,leptosol,0.088442831,6,41.5,249,28.390022,1,0,15.991471,-0.016440539,,,,,0.20922107,,,,,,,,,,,,,0,0,,,,,,,,,,,,,,,,,,,,,0.35294118,solar,11,organized,9.0357143,,1,true,,,,,,,1,1,0,,,,,,6.8504633,0.14682238,3.4774601,0.077877057,8,0.20113722,0.64587775,71,2,2,1208086.9,0,5,0.095628124,true,,,,,,,,,,,,,,,,,,,,,,,,,,,,,,,,,,,,,,,,,,,,,,,,,,,0,,-0.042050706,7,0,false,
78,goblin-twin-solo,yellow dwarf (G),true,,454.89234,,25.525179,0.80351106,3,false,4.1033457,34.228402,5,blue-giant,11,10,4,0,445.49316,0.082372926,,646,412,16,23,0.64474391,0.41224574,locked,0.12406621,0.025096431,granite,0.14231721,aquifer+aquitard+spring+runoff+karst,0.36118747,16.571294,0.69468114,23.593556,0.11297416,0.32442276,salt,0.065776525,0.0048790544,1,numinous,0,ice,-16.833203,leptosol,0.065283123,5,41.4,207,0.47691993,1,0,26.423593,-0.018225802,,,,,0.20656954,,,,,,,,,,,,,0,0,,,,,,,,,,,,,,,,,,,,,0.30769231,solar,8,organized,6.4761905,,0.875,true,,,,,,,1,1,0,,,,,,6.6220695,0.11784085,3.5123918,0.083150237,11,0.14857064,0.80430218,63,2,2,1071834.6,0,6,0.13011057,true,,,,,,,,,,,,,,,,,,,,,,,,,,,,,,,,,,,,,,,,,,,,,,,,,,,0,,0.31739834,7,0,false,
79,goblin-twin-solo,yellow-white dwarf (F),false,38.870361,723.76248,446.87775,22.037904,1.0211549,1,false,1.214669,23.269014,3,sun-like,9,5,2,0,702.0984,0.20148515,0.060859976,357,223,0,25,0.68941946,0.44851438,3,0.17237928,0.022240125,gneiss,0.16271027,aquifer+aquitard+spring+runoff+karst,0.24744537,34.30764,0.58033328,24.461746,0.15186291,0.30891369,salt,0.068841518,0.00094324792,1,numinous,0,tundra,5.1965911,leptosol,0.076717497,14,41,574,25.037434,1,0,8.9922435,-0.018416997,,,,,0.19588115,,,,,,,,,,,,,0,0,,,,,,,,,,,,,,,,,,,,,0.25,solar,6,organized,8.7307692,,1,true,,,,,,,1,1,0,,,,,,6.4637452,0.13511286,3.5925643,0.065011474,8,0.37478384,0.65178653,72,1,2,1088460.6,0,6,0.059002794,true,,,,,,,,,,,,,,,,,,,,,,,,,,,,,,,,,,,,,,,,,,,,,,,,,,,0,,-0.13580709,7,0,false,
80,goblin-twin-solo,yellow-white dwarf (F),true,,589.38497,,25.614069,0.65518819,1,false,2.2031813,35.978336,3,blue-giant,8,6,0,0,577.66995,0.11737917,,2230,2230,0,30,0.60207021,0.51840491,locked,0.11376398,0.0070797324,evaporite,0.12441718,aquifer+aquitard+spring+runoff+karst,0.21128834,26.280647,0.35220859,25.190871,0.14441718,0.39509202,salt,0.052614326,0.0017791411,1,numinous,0,ice,-25.965533,leptosol,0.030858896,10,40.2,402,2.2704006,1,0,2.6032208,-0.018135623,,,,,0.26754601,,,,,,,,,,,,,0,0,,,,,,,,,,,,,,,,,,,,,0.15384615,solar,3,organized,10.6875,,0.66666667,true,,,,,,,1,1,0,,,,,,6.8467881,0.097433416,2.9713335,0.097260876,8,0.28527607,0.79341341,37,2,2,1498637.2,1,4,0.071767663,true,,,,,,,,,,,,,,,,,,,,,,,,,,,,,,,,,,,,,,,,,,,,,,,,,,,0,,0.2692944,7,0,false,
81,goblin-twin-solo,yellow dwarf (G),false,37.716216,457.83321,291.3335,5.4887757,0.11890324,3,false,7.0820746,45.424012,4,red-giant,16,6,0,0,450.56183,0.083625658,0.0010404437,1920,1178,35,19,0.73617011,0.45933191,3,0.058517651,0.0064205849,evaporite,0.14481355,aquifer+aquitard+spring+runoff+karst,0.1945961,37.602015,0.23993708,24.962258,0.10372906,0.33515314,salt,0.051221832,0.000092532618,1,numinous,0,taiga,-19.100698,leptosol,0.014527621,5,37.8,189,16.558218,1,0,4.4443745,-0.033236258,,,,,0.24225039,,,,,,,,,,,,,0,0,,,,,,,,,,,,,,,,,,,,,0.33333333,solar,13,folk,8.4516129,,1,true,,,,,,,1,1,0,,,,,,7.5645422,0.23561064,4.3055866,0.057956154,6,0.3492181,0.68960706,168,1,2,931179.2,1,5,0.083587762,true,,,,,,,,,,,,,,,,,,,,,,,,,,,,,,,,,,,,,,,,,,,,,,,,,,,0,,-0.20386112,7,0,false,
82,goblin-twin-solo,yellow-white dwarf (F),false,16.47159,968.63231,1411.3498,33.31292,0.39087896,3,false,7.850691,92.39445,5,orange-giant,16,7,3,0,960.97207,0.19797042,0.025060904,1701,1495,58,15,0.67809189,0.52563325,5,0.062179581,0.0094966066,andesite,0.14378887,aquifer+aquitard+spring+runoff+karst,0.07659639,26.530206,0.24965873,25.555628,0.10177461,0.27855301,salt,0.061517938,0,0,,0,ice,-24.731709,leptosol,0.016987714,8,37,296,15.189247,1,0,7.2868699,-0.016171031,,,,,0.15925982,,,,,,,,,,,,,0,0,,,,,,,,,,,,,,,,,,,,,0.34782609,solar,15,organized,7.1842105,,1,true,,,,,,,1,1,0,,,,,,6.8342039,0.14638491,3.6192746,0.068136321,10,0.1486425,0.75382061,100,1,2,1223814.2,0,4,0.078568591,true,,,,,,,,,,,,,,,,,,,,,,,,,,,,,,,,,,,,,,,,,,,,,,,,,,,0,,-0.1186567,7,0,false,
83,goblin-twin-solo,yellow dwarf (G),false,29.11515,398.26123,328.29195,26.545815,0.31941826,1,false,7.5688953,23.158805,4,orange-giant,2,4,0,0,386.33179,0.09425972,0.024074759,413,259,0,16,0.60575655,0.51216794,3,0.22701528,0.031517016,evaporite,0.13573596,aquifer+aquitard+spring+runoff+karst,0.21400706,27.876099,0.39760976,24.778643,0.093999628,0.35153879,salt,0.066190177,0.00049538671,1,numinous,0,alpine,0.66300575,leptosol,0.081305344,16,40.0625,641,30.754992,1,0,21.49435,-0.03699745,,,,,0.23939563,,,,,,,,,,,,,0,0,,,,,,,,,,,,,,,,,,,,,0.27272727,solar,6,organized,7.8928571,,1,true,,,,,,,1,1,0,,,,,,6.6930966,0.15255943,3.533099,0.082002832,8,0.32800793,0.66120734,80,2,2,1372600.7,0,5,0.079819082,true,,,,,,,,,,,,,,,,,,,,,,,,,,,,,,,,,,,,,,,,,,,,,,,,,,,0,,0.066566892,7,0,false,
84,goblin-twin-solo,orange dwarf (K),false,26.292466,164.09049,149.78328,32.293198,0.23058286,1,false,7.4189049,12.183516,4,sun-like,6,4,0,0,155.37265,0.032599781,0.01817553,346,222,0,17,0.52822128,0.61428202,3,0.25408916,0.016039256,shale,0.12688228,aquifer+aquitard+spring+runoff+karst,0.093557568,32.367368,0.2814489,25.774525,0.11244502,0.38680466,salt,0.056084128,0.00056921087,1,numinous,0,alpine,-4.1501272,leptosol,0.072238034,12,41.666667,500,34.263413,1,0,11.016839,-0.011611748,,,,,0.25283312,,,,,,,,,,,,,0,0,,,,,,,,,,,,,,,,,,,,,0.33333333,solar,6,organized,8.0416667,,1,true,,,,,,,1,1,0,,,,,,6.7284016,0.12783264,2.7423957,0.1210146,7,0.22494179,0.76210376,39,2,2,1805264.5,0,5,0.062192288,true,,,,,,,,,,,,,,,,,,,,,,,,,,,,,,,,,,,,,,,,,,,,,,,,,,,0,,0.025625369,7,0,false,
85,goblin-twin-solo,yellow dwarf (G),false,38.444626,359.41154,224.37146,4.0571312,0.25999947,1,false,2.7430778,15.968133,3,red-giant,4,3,3,0,344.20738,0.084997933,0.020249553,935,544,0,35,0.69947756,0.56328188,3,0.16925443,0.026317074,evaporite,0.12445167,aquifer+aquitard+spring+runoff+karst,0.11194151,31.545597,0.33168156,26.13946,0.13801787,0.35377742,salt,0.048148594,0,0,,0,alpine,0.94035025,leptosol,0.085783916,6,41.833333,251,30.018048,1,0,12.289707,-0.02501262,,,,,0.23484972,,,,,,,,,,,,,0,0,,,,,,,,,,,,,,,,,,,,,0.18181818,solar,5,organized,8.625,,1,true,,,,,,,1,1,0,,,,,,6.3551972,0.14931834,3.2267476,0.066744788,8,0.28765232,0.72948028,42,2,2,1177930.4,0,4,0.07520073,true,,,,,,,,,,,,,,,,,,,,,,,,,,,,,,,,,,,,,,,,,,,,,,,,,,,0,,-0.040597236,7,0,false,
86,goblin-twin-solo,yellow-white dwarf (F),false,21.87297,510.51734,560.16243,3.2744601,2.7600803,0,false,-0,,5,blue-giant,14,6,3,0,,0.12443739,0.20054395,0,0,0,32,0.68329183,0.3834117,3,0.18614814,0.02917338,gneiss,0.14830802,aquifer+aquitard+spring+runoff+karst,0.21883913,49.828875,0.61435289,24.400604,0.11839975,0.3857242,salt,0.069743026,0.00069374855,1,numinous,0,ice,-1.1151223,leptosol,0.084251908,9,41,369,41.549485,1,0,20.671251,-0.021070866,,,,,0.25290989,,,,,,,,,,,,,0,0,,,,,,,,,,,,,,,,,,,,,0.15384615,solar,4,organized,7.7647059,,0.5,true,,,,,,,1,1,0,,,,,,7.9306691,0.22525539,3.7413185,0.071798252,9,0.23703076,0.65335402,147,1,2,1225451.1,0,5,0.069454449,true,,,,,,,,,,,,,,,,,,,,,,,,,,,,,,,,,,,,,,,,,,,,,,,,,,,0,,-0.057405737,7,0,false,
87,goblin-twin-solo,orange dwarf (K),false,36.217566,268.77411,178.10636,29.55644,1.9186294,1,false,1.0606247,16.297411,5,sun-like,3,4,1,0,257.62309,0.040176718,0.0097690938,672,420,0,34,0.62404179,0.54181818,3,0.032981788,0.011937894,evaporite,0.14201299,aquifer+aquitard+spring+runoff+karst,0.19077922,21.412039,0.53032468,24.611363,0.14597403,0.38616883,salt,0.058536151,0.000064935065,1,numinous,0,ice,-27.672934,leptosol,0.0030519481,8,34.75,278,7.8986949,1,0,1.4763799,-0.011501785,,,,,0.26493506,,,,,,,,,,,,,0,0,,,,,,,,,,,,,,,,,,,,,0.14285714,solar,6,folk,11.5,,1,true,,,,,,,1,1,0,,,,,,6.3151825,0.13231745,3.0491868,0.088203701,8,0.34948052,0.74823007,39,2,1,1207809.2,3,4,0.10450687,true,,,,,,,,,,,,,,,,,,,,,,,,,,,,,,,,,,,,,,,,,,,,,,,,,,,0,,-0.28482426,7,0,false,
88,goblin-twin-solo,yellow dwarf (G),false,31.696566,511.84434,387.5582,34.803147,0.57689903,3,false,3.0200805,72.193054,3,blue-giant,4,5,1,0,506.6775,0.10727385,0.014209206,1175,749,16,27,0.5079586,0.56685686,3,0.15277574,0.02602412,shale,0.10528405,aquifer+aquitard+spring+runoff+karst,0.11317291,30.472385,0.39955346,24.960578,0.11004713,0.40798809,salt,0.067758864,0.00034730836,1,numinous,0,ice,-17.449608,leptosol,0.033341603,20,40.2,804,24.952941,1,0,12.865252,-0.029878438,,,,,0.25631357,,,,,,,,,,,,,0,0,,,,,,,,,,,,,,,,,,,,,0.45714286,solar,15,organized,5.82,,1,true,,,,,,,1,1,0,,,,,,7.7260877,0.16091331,2.4895915,0.1460622,6,0.36546763,0.76123128,62,2,1,1764574.2,1,5,0.073689231,true,,,,,,,,,,,,,,,,,,,,,,,,,,,,,,,,,,,,,,,,,,,,,,,,,,,0,,-0.13765429,7,0,false,
89,goblin-twin-solo,orange dwarf (K),false,16.476066,185.5535,270.28807,11.200738,0.43745036,2,false,7.9108103,26.784764,4,sun-like,0,0,0,0,180.68218,0.032335613,0.030319111,2299,1405,7,24,0.64840584,0.47514234,5,0.14230262,0.022850447,sandstone,0.15518678,aquifer+aquitard+spring+runoff+karst,0.21316484,35.60045,0.38112762,25.246318,0.1228996,0.31912234,salt,0.077345601,0,0,,0,ice,-10.475471,leptosol,0.073739758,12,40.25,483,26.124852,1,0,9.6741728,-0.029936519,,,,,0.20636023,,,,,,,,,,,,,0,0,,,,,,,,,,,,,,,,,,,,,0.47826087,solar,11,organized,7.3823529,,1,true,,,,,,,1,1,0,,,,,,7.0029156,0.18235635,3.8331111,0.070479957,6,0.36106096,0.79912887,128,1,2,1283943.6,1,6,0.086697294,true,,,,,,,,,,,,,,,,,,,,,,,,,,,,,,,,,,,,,,,,,,,,,,,,,,,0,,-0.1153968,7,0,false,
90,goblin-twin-solo,yellow-white dwarf (F),false,19.966006,627.96098,754.83618,0.62238986,0.33582249,2,false,3.9947125,42.722268,5,blue-giant,0,0,0,0,617.46279,0.17017008,0.017265971,334,202,0,19,0.66393243,0.54162429,5,0.15699917,0.028514233,shale,0.10678483,aquifer+aquitard+spring+runoff+karst,0.093273282,26.311918,0.3908906,25.773698,0.091457213,0.36662792,salt,0.055123497,0,0,,0,alpine,0.98252522,leptosol,0.036321371,3,41.666667,125,21.060897,1,0,11.440124,-0.019572581,,,,,0.23122185,,,,,,,,,,,,,0,0,,,,,,,,,,,,,,,,,,,,,0.30769231,solar,10,organized,9.2608696,,0.9,true,,,,,,,1,1,0,,,,,,7.2072253,0.15807378,2.7975092,0.092231825,9,0.36996949,0.7480489,72,2,2,1293401.8,0,4,0.062437952,true,,,,,,,,,,,,,,,,,,,,,,,,,,,,,,,,,,,,,,,,,,,,,,,,,,,0,,-0.073241275,7,0,false,
91,goblin-twin-solo,yellow-white dwarf (F),false,33.11373,844.71602,612.22896,33.54489,0.024086713,1,false,3.1836876,64.518797,5,red-dwarf,18,7,6,0,835.20262,0.21947086,0.0012331547,498,317,0,27,0.58188077,0.53056577,3,0.19654802,0.020482398,evaporite,0.11584049,aquifer+aquitard+spring+runoff+karst,0.17451976,29.619812,0.3791674,25.210291,0.087581012,0.36182636,salt,0.06570683,0.0011093595,1,numinous,0,ice,-5.4217617,leptosol,0.051964734,3,39.333333,118,35.047483,1,0,18.421788,-0.11446347,,,,,0.22157996,,,,,,,,,,,,,0,0,,,,,,,,,,,,,,,,,,,,,0,solar,6,organized,6.7333333,,1,true,,,,,,,1,1,0,,,,,,6.9861801,0.14445429,3.0740628,0.093135101,9,0.35382729,0.76947017,55,2,2,1459922.5,0,7,0.06183368,true,,,,,,,,,,,,,,,,,,,,,,,,,,,,,,,,,,,,,,,,,,,,,,,,,,,0,,0.021086212,7,0,false,
92,goblin-twin-solo,yellow-white dwarf (F),false,26.598143,897.54615,809.8726,24.520118,0.30933491,2,false,1.6280582,97.167599,5,blue-giant,10,5,4,0,890.76208,0.18461301,0.022357928,927,590,6,28,0.71671305,0.47931748,3,0.063229335,0.031858796,shale,0.11427094,aquifer+aquitard+spring+runoff+karst,0.14753533,37.588103,0.43786625,25.17294,0.12926577,0.34677697,salt,0.071507801,0.00034470872,1,numinous,0,ice,-21.806698,leptosol,0.022406067,14,36.428571,510,16.206565,1,0,6.7901244,-0.026637329,,,,,0.23422958,,,,,,,,,,,,,0,0,,,,,,,,,,,,,,,,,,,,,0.22222222,solar,13,folk,7.9,,0.92307692,true,,,,,,,1,1,0,,,,,,6.560532,0.13865062,3.0577265,0.076778478,9,0.32230265,0.67728103,36,2,2,1178562.7,0,5,0.11164211,true,,,,,,,,,,,,,,,,,,,,,,,,,,,,,,,,,,,,,,,,,,,,,,,,,,,0,,-0.24124728,7,0,false,
93,goblin-twin-solo,yellow-white dwarf (F),false,30.414183,385.2393,303.99447,6.3275895,1.925867,0,false,-0,,2,red-giant,13,13,3,0,,0.11420326,0.12133675,0,0,0,30,0.66791172,0.50731456,3,0.14198525,0.030271959,evaporite,0.10754981,aquifer+aquitard+spring+runoff+karst,0.12291406,28.296351,0.37712269,25.929764,0.097037418,0.32007645,salt,0.061025961,0.000073513196,1,numinous,0,alpine,13.164361,leptosol,0.050577079,4,41.25,165,5.7366528,1,0,10.856017,-0.017658824,,,,,0.21245314,,,,,,,,,,,,,0,0,,,,,,,,,,,,,,,,,,,,,0,solar,2,organized,5.875,,0.5,true,,,,,,,1,1,0,,,,,,7.1135541,0.12276114,3.1417864,0.077877057,8,0.26508858,0.74620217,51,1,2,1284103.3,0,6,0.056965699,true,,,,,,,,,,,,,,,,,,,,,,,,,,,,,,,,,,,,,,,,,,,,,,,,,,,0,,-0.13088207,7,0,false,
94,goblin-twin-solo,orange dwarf (K),false,23.977661,215.97575,216.17697,18.874428,0.049382528,1,true,6.8636722,11.784621,5,red-giant,9,6,1,1,204.0079,0.041395249,0.0038244463,1993,1993,0,17,0.62042869,0.54527914,3,0.15607148,0.0023436356,andesite,0.13120659,aquifer+aquitard+spring+runoff+karst,0.12805506,19.587085,0.13776692,25.959016,0.095124775,0.35830975,salt,0.043518684,0,0,,0,ice,-10.526602,leptosol,0.034602521,4,41.75,167,32.344788,1,0,8.6085892,-0.013152898,,,,,0.24253923,,,,,,,,,,,,,0,0,,,,,,,,,,,,,,,,,,,,,0,solar,6,organized,7.75,,1,true,,,,,,,1,1,0,,,,,,6.2048081,0.098513505,3.2869222,0.077510864,8,0.24498328,0.78778323,38,2,2,1352562.6,1,3,0.061741462,true,,,,,,,,,,,,,,,,,,,,,,,,,,,,,,,,,,,,,,,,,,,,,,,,,,,0,,-0.017219717,7,0,false,
95,goblin-twin-solo,yellow dwarf (G),true,,373.52003,,0.64254744,2.1425867,1,false,1.2724011,26.024121,2,orange-giant,2,3,0,0,363.51288,0.064003032,,343,219,0,28,0.51435477,0.56758659,locked,0.11774327,0.0090327621,shale,0.098326044,aquifer+aquitard+spring+runoff+karst,0.11194893,25.660154,0.34765998,25.580156,0.13245865,0.42432011,salt,0.049983108,0,0,,0,ice,-33.657254,leptosol,0.026139848,14,17.428571,244,0.66409577,1,0,25.280555,-0.45131142,,,,,0.29563163,,,,,,,,,,,,,0,0,,,,,,,,,,,,,,,,,,,,,0.17647059,solar,3,organized,9.2,,0.66666667,true,,,,,,,1,1,0,,,,,,7.3889152,0.14046203,2.469209,0.14930912,10,0.26707887,0.76248893,47,2,2,1517916.8,1,5,0.078859072,true,,,,,,,,,,,,,,,,,,,,,,,,,,,,,,,,,,,,,,,,,,,,,,,,,,,0,,0.075596558,7,0,false,
96,goblin-twin-solo,yellow-white dwarf (F),false,17.071755,579.21527,814.2787,8.1319574,0.38070152,1,false,7.8550778,55.240742,5,blue-giant,6,4,2,0,571.67625,0.11455778,0.023127182,454,288,0,11,0.62030663,0.5370668,5,0.07279918,0.017650505,evaporite,0.13380055,aquifer+aquitard+spring+runoff+karst,0.21609979,21.954132,0.34771427,25.438964,0.072590497,0.33028998,salt,0.050601033,0.00032148139,1,numinous,0,ice,-19.893726,leptosol,0.017038513,4,38.75,155,15.923708,1,0,2.952511,-0.014177911,,,,,0.21699994,,,,,,,,,,,,,0,0,,,,,,,,,,,,,,,,,,,,,0.2,solar,6,organized,9.125,,0.83333333,true,,,,,,,1,1,0,,,,,,6.5368721,0.13025183,3.2924383,0.081514574,8,0.35613708,0.64517446,47,2,2,1304038.7,0,4,0.069508316,true,,,,,,,,,,,,,,,,,,,,,,,,,,,,,,,,,,,,,,,,,,,,,,,,,,,0,,-0.14966603,7,0,false,
97,goblin-twin-solo,yellow-white dwarf (F),false,21.170987,513.49673,582.11369,29.500797,1.2588783,2,false,2.5825268,61.004718,3,blue-giant,11,4,5,0,507.36313,0.13363634,0.066354476,2765,1588,10,14,0.53639959,0.60010532,3,0.22081441,0.0076656413,evaporite,0.084518167,aquifer+aquitard+spring+runoff+karst,0.15513428,23.116732,0.23844128,25.970622,0.068720379,0.435703,salt,0.046665429,0.000052659294,1,numinous,0,alpine,-3.7032799,leptosol,0.033543971,6,42.166667,253,31.456118,1,0,18.030288,-0.011752397,,,,,0.30500263,,,,,,,,,,,,,0,0,,,,,,,,,,,,,,,,,,,,,0.33333333,solar,12,organized,6.6666667,,0.91666667,true,,,,,,,1,1,0,,,,,,6.6919103,0.13422237,2.594435,0.1267028,7,0.37019484,0.76121423,40,2,2,1508923.4,1,4,0.051982996,true,,,,,,,,,,,,,,,,,,,,,,,,,,,,,,,,,,,,,,,,,,,,,,,,,,,0,,0.038097476,7,0,false,
98,goblin-twin-solo,orange dwarf (K),false,26.723725,161.18885,144.76022,30.941791,0.14164128,1,false,4.2638442,12.816055,2,sun-like,6,4,2,0,152.91881,0.041100667,0.0068185472,691,437,0,33,0.5699917,0.54473714,3,0.1729896,0.013427079,shale,0.10253208,aquifer+aquitard+spring+runoff+karst,0.12972635,23.293434,0.38787328,25.470993,0.10764165,0.40155558,salt,0.068444805,0.00062450324,1,numinous,0,alpine,13.398169,leptosol,0.033666402,21,40.904762,859,6.3843968,1,0,22.702862,-0.025563123,,,,,0.27551947,,,,,,,,,,,,,0,0,,,,,,,,,,,,,,,,,,,,,0.39285714,solar,7,organized,10.142857,,0.85714286,true,,,,,,,1,1,0,,,,,,6.6189089,0.11577449,3.0436933,0.1005322,7,0.44833655,0.68184112,34,2,1,1429666.3,1,5,0.11418759,true,,,,,,,,,,,,,,,,,,,,,,,,,,,,,,,,,,,,,,,,,,,,,,,,,,,0,,-0.05625639,7,0,false,
99,goblin-twin-solo,yellow-white dwarf (F),false,30.955418,971.57752,753.27234,22.185039,1.8718529,1,false,0.80916093,31.708135,2,sun-like,9,5,1,0,949.87049,0.21763913,0.044968065,231,154,0,28,0.61576583,0.51985514,3,0.10294907,0.019652361,evaporite,0.15820573,aquifer+aquitard+spring+runoff+karst,0.20274477,27.797972,0.37638986,25.249231,0.10140416,0.36806659,salt,0.062182947,0.0019060931,1,numinous,0,ice,-16.769559,leptosol,0.025986403,6,40,240,21.928425,1,0,13.494246,-0.020349914,,,,,0.2517949,,,,,,,,,,,,,0,0,,,,,,,,,,,,,,,,,,,,,0,solar,6,organized,6,,1,true,,,,,,,1,1,0,,,,,,6.7070176,0.13313013,3.3637779,0.077047019,8,0.28839189,0.69861614,86,2,2,1341329.4,1,3,0.064677699,true,,,,,,,,,,,,,,,,,,,,,,,,,,,,,,,,,,,,,,,,,,,,,,,,,,,0,,-0.19154944,7,0,false,
100,goblin-twin-solo,yellow dwarf (G),false,33.400121,308.46138,221.6481,32.570436,2.0204593,1,false,0.14398117,6.3012804,3,sun-like,6,4,0,0,338.62039,0.082244155,0.047394051,24,16,0,25,0.54474879,0.58386958,3,0.23460769,0.030369611,evaporite,0.12339125,aquifer+aquitard+spring+runoff+karst,0.11100386,33.271126,0.49453024,24.828201,0.12752038,0.4475547,salt,0.076862563,0.00048262548,1,numinous,0,alpine,11.219713,leptosol,0.063116688,3,21.666667,65,10.967142,1,0,15.320637,-0.54068755,,,,,0.30850493,,,,,,,,,,,,,0,0,,,,,,,,,,,,,,,,,,,,,0.22222222,solar,6,organized,8,,1,true,,,,,,,1,1,0,,,,,,7.2646791,0.17890663,2.7361965,0.11701089,8,0.33016946,0.63493579,65,2,1,1675393.2,1,5,0.10237226,true,,,,,,,,,,,,,,,,,,,,,,,,,,,,,,,,,,,,,,,,,,,,,,,,,,,0,,-0.059254615,7,0,false,
101,goblin-twin-solo,yellow-white dwarf (F),false,31.876142,538.14483,405.17689,5.4218004,1.0785941,1,false,0.13539676,6.4007782,2,red-dwarf,3,3,0,0,491.44663,0.13875348,0.037567256,19,12,0,11,0.65868366,0.59573707,3,0.19237342,0.017577267,evaporite,0.12824548,aquifer+aquitard+spring+runoff+karst,0.15685573,27.085173,0.45340104,25.223605,0.080967027,0.43580574,salt,0.05060744,0.00064373078,1,numinous,0,alpine,-0.35390563,leptosol,0.045919462,19,22.105263,420,25.664944,1,0,3.4032001,-0.66741087,,,,,0.29161004,,,,,,,,,,,,,0,0,,,,,,,,,,,,,,,,,,,,,0.32,solar,6,organized,7.8387097,,0.83333333,true,,,,,,,1,1,0.045454545,,,,,,5.9939466,0.11546471,2.9585552,0.083223475,8,0.25534654,0.70792886,53,2,2,1290913.9,1,6,0.08765905,true,,,,,,,,,,,,,,,,,,,,,,,,,,,,,,,,,,,,,,,,,,,,,,,,,,,0,,-0.0000072535492,7,0,false,
102,goblin-twin-solo,orange dwarf (K),false,30.447104,148.81625,117.30476,34.815317,0.42755718,2,false,7.5085132,27.537312,2,red-dwarf,12,8,0,0,145.01355,0.028864649,0.015833635,2507,1570,73,36,0.58546946,0.5647821,3,0.20416484,0.009618671,shale,0.10418139,aquifer+aquitard+spring+runoff+karst,0.047526502,27.462158,0.26666667,25.761849,0.12025913,0.38904594,salt,0.059281236,0.00011778563,1,numinous,0,alpine,-5.3467109,leptosol,0.040400471,6,40.833333,245,33.563843,1,0,20.333477,-0.027871829,,,,,0.24564193,,,,,,,,,,,,,0,0,,,,,,,,,,,,,,,,,,,,,0.29411765,solar,11,organized,7.0714286,,1,true,,,,,,,1,1,0,,,,,,7.4707421,0.14217219,2.5251236,0.12213759,8,0.28727915,0.80282538,39,2,2,1566405.3,1,5,0.11119868,true,,,,,,,,,,,,,,,,,,,,,,,,,,,,,,,,,,,,,,,,,,,,,,,,,,,0,,-0.04261727,7,0,false,
103,goblin-twin-solo,orange dwarf (K),false,35.294775,228.31363,155.25038,1.3273248,1.3651226,1,false,1.798123,12.498416,2,red-giant,8,3,0,0,216.41168,0.034102012,0.041877109,254,159,0,24,0.6191104,0.50730676,3,0.037131976,0.013964162,evaporite,0.12075375,aquifer+aquitard+spring+runoff+karst,0.26490194,26.087662,0.62113832,24.143514,0.12966286,0.42917575,salt,0.059157989,0.00089732086,1,numinous,0,ice,-30.235715,leptosol,0.0066017177,5,4.8,24,9.274694,1,0,5.8593203,-0.30666711,,,,,0.31034483,,,,,,,,,,,,,0,0,,,,,,,,,,,,,,,,,,,,,0,solar,5,organized,9.2,,1,true,,,,,,,1,1,0.025974026,,,,,,6.7961345,0.13213695,3.0641862,0.089668473,10,0.20189719,0.63821957,49,2,2,1325853.1,0,5,0.10628256,true,,,,,,,,,,,,,,,,,,,,,,,,,,,,,,,,,,,,,,,,,,,,,,,,,,,0,,-0.15666218,7,0,false,
104,goblin-twin-solo,orange dwarf (K),false,19.821128,160.28183,194.07392,28.328823,0.058396495,2,false,6.874385,31.278514,2,red-dwarf,18,5,5,0,156.64319,0.034754736,0.0034224968,7582,4663,232,33,0.53390948,0.5601299,5,0.21065866,0.036936673,evaporite,0.13031636,aquifer+aquitard+spring+runoff+karst,0.13084014,38.691053,0.46752567,24.878057,0.16336686,0.43169914,salt,0.070749878,0.00041902367,1,numinous,0,alpine,2.4765072,leptosol,0.068143725,9,41.777778,376,16.644024,1,0,7.7116971,-0.0083367306,,,,,0.31054892,,,,,,,,,,,,,0,0,,,,,,,,,,,,,,,,,,,,,0.58333333,solar,15,organized,7.1025641,,0.93333333,true,,,,,,,1,1,0,,,,,,6.5551481,0.12217378,3.0685513,0.09865241,8,0.43395139,0.6641588,33,2,2,1722244.4,1,4,0.093151049,true,,,,,,,,,,,,,,,,,,,,,,,,,,,,,,,,,,,,,,,,,,,,,,,,,,,0,,-0.21955237,7,0,false,
105,goblin-twin-solo,yellow-white dwarf (F),false,34.615996,573.22879,397.43161,18.127929,1.3430833,2,false,1.0109995,18.020478,2,red-dwarf,2,6,0,0,551.48786,0.14212459,0.10161907,1156,644,2,21,0.70802207,0.44757525,3,0.13610175,0.036765783,andesite,0.14431438,aquifer+aquitard+spring+runoff+karst,0.30576923,41.968692,0.49331104,23.933751,0.11571906,0.3527592,salt,0.084558542,0.00025083612,1,numinous,0,tundra,-3.5395092,leptosol,0.068812709,6,42,252,32.340345,1,0,16.559197,0,,,,,0.21973244,,,,,,,,,,,,,0,0,,,,,,,,,,,,,,,,,,,,,0.35294118,solar,11,organized,6.7857143,,1,true,,,,,,,1,1,0,,,,,,6.1019611,0.10536476,3.4580784,0.063790831,9,0.15351171,0.58009165,44,1,2,1171126.9,1,7,0.12258645,true,,,,,,,,,,,,,,,,,,,,,,,,,,,,,,,,,,,,,,,,,,,,,,,,,,,0,,-0.19063535,7,0,false,
106,goblin-twin-solo,yellow dwarf (G),false,23.917671,433.83591,435.32926,11.443298,1.0007926,2,false,3.7474933,13.913467,5,blue-giant,2,3,0,0,439.25193,0.1071836,0.076344726,35,22,0,20,0.59674821,0.52918029,3,0.20457985,0.023436356,shale,0.12229083,aquifer+aquitard+spring+runoff+karst,0.15849376,30.131181,0.36893086,24.98498,0.12876862,0.3496186,salt,0.067285078,0.000060540017,1,numinous,0,alpine,-0.90363366,leptosol,0.053638455,3,41.333333,124,29.339669,1,0,12.131777,-0.023316192,,,,,0.20753118,,,,,,,,,,,,,0,0,,,,,,,,,,,,,,,,,,,,,0.38461538,solar,10,organized,9.173913,,0.9,true,,,,,,,1,1,0,,,,,,7.1832267,0.11943713,2.8703923,0.1054636,9,0.20214312,0.66953762,31,2,1,1564906.8,0,4,0.086171708,true,,,,,,,,,,,,,,,,,,,,,,,,,,,,,,,,,,,,,,,,,,,,,,,,,,,0,,-0.084906305,7,0,false,
107,goblin-twin-solo,orange dwarf (K),false,35.496815,237.19159,160.36927,6.690281,0.13726346,2,false,4.128212,62.668882,3,sun-like,6,4,0,0,234.44914,0.043408287,0.0061642926,1590,1012,4,31,0.67936136,0.49566012,3,0.12016015,0.039500024,gneiss,0.15044922,aquifer+aquitard+spring+runoff+karst,0.22864322,30.343272,0.70275621,24.162533,0.091061367,0.37657987,salt,0.08428897,0.001142074,1,numinous,0,ice,-12.291088,leptosol,0.029922339,6,40.666667,244,27.449281,0.9973588,0,7.1881704,-0.041326876,,,,,0.22407492,,,,,,,,,,,,,0,0,,,,,,,,,,,,,,,,,,,,,0.4375,solar,10,organized,9.7692308,,1,true,,,,,,,1,1,0,,,,,,7.1658176,0.12760111,3.4943724,0.072286509,9,0.2469164,0.73387609,69,1,2,1246205.6,0,4,0.084990599,true,,,,,,,,,,,,,,,,,,,,,,,,,,,,,,,,,,,,,,,,,,,,,,,,,,,0,,-0.14219499,7,0,false,
108,goblin-twin-solo,yellow dwarf (G),false,34.915437,468.03093,321.71278,29.888228,0.18426602,0,false,-0,,4,orange-giant,9,4,1,0,,0.10794926,0.015408926,0,0,0,14,0.64733167,0.51716738,3,0.19989258,0.0067135394,evaporite,0.14751488,aquifer+aquitard+spring+runoff+karst,0.22726014,22.556387,0.35726153,25.139459,0.048594767,0.35193133,salt,0.047246589,0.0004845632,1,numinous,0,ice,-3.7748086,leptosol,0.079053025,2,40.5,81,33.846463,1,0,17.663711,-0.03562391,,,,,0.23418247,,,,,,,,,,,,,0,0,,,,,,,,,,,,,,,,,,,,,0,solar,2,organized,8.6666667,,1,true,,,,,,,1,1,0,,,,,,6.6622997,0.1213203,3.1382851,0.082954934,7,0.43105358,0.74298827,51,2,2,1294150.3,0,7,0.057271644,true,,,,,,,,,,,,,,,,,,,,,,,,,,,,,,,,,,,,,,,,,,,,,,,,,,,0,,0.047273627,7,0,false,
109,goblin-twin-solo,yellow-white dwarf (F),false,30.456982,691.26096,544.71132,22.535193,1.3287766,3,false,2.1098669,38.053202,4,blue-giant,3,3,0,0,678.29157,0.18874484,0.054112808,550,353,12,25,0.70431131,0.54441876,3,0.16468922,0.011840242,shale,0.090488771,aquifer+aquitard+spring+runoff+karst,0.11286328,29.094423,0.27642008,25.985344,0.11269815,0.29070343,gold,0.048541219,0,0,,0,alpine,1.703666,leptosol,0.035089168,40,16.5,660,25.959739,1,0,23.544336,-0.40928229,,,,,0.12607332,,,,,,,,,,,,,0,0,,,,,,,,,,,,,,,,,,,,,0.41818182,solar,15,folk,9.8714286,,0.93333333,true,,,,,,,0.98611111,1,0.0625,,,,,,7.145179,0.11374233,2.5115623,0.10458474,12,0.16677675,0.75959182,40,2,1,1243711.5,1,4,0.058931841,true,,,,,,,,,,,,,,,,,,,,,,,,,,,,,,,,,,,,,,,,,,,,,,,,,,,0,,0.038608427,7,0,false,
110,goblin-twin-solo,yellow dwarf (G),false,39.130299,419.79944,257.47789,34.207749,0.43391472,2,false,1.230227,31.496713,4,red-giant,9,6,1,0,410.33778,0.11065704,0.0061153039,1164,716,7,33,0.67169572,0.56893218,3,0.17123187,0.048703677,shale,0.094809637,aquifer+aquitard+spring+runoff+karst,0.14879536,50.615155,0.36994349,25.316322,0.12804878,0.37061273,salt,0.076479432,0,0,,0,alpine,5.9458079,leptosol,0.05361392,10,34.8,348,10.676242,1,0,9.5991109,-0.24678028,,,,,0.23535098,,,,,,,,,,,,,0,0,,,,,,,,,,,,,,,,,,,,,0.22727273,solar,12,organized,7.5,,0.91666667,true,,,,,,,1,1,0,,,,,,7.2066531,0.1469062,2.859253,0.088057224,8,0.25505651,0.738115,67,2,1,1597780.6,0,3,0.11502151,true,,,,,,,,,,,,,,,,,,,,,,,,,,,,,,,,,,,,,,,,,,,,,,,,,,,0,,-0.027465027,7,0,false,
111,goblin-twin-solo,yellow-white dwarf (F),false,25.091671,533.36708,510.16172,3.6349893,0.85666988,3,false,4.1718429,30.121332,3,blue-giant,5,4,2,0,520.87762,0.11711269,0.031801519,941,546,18,12,0.7319711,0.55068768,3,0.098969777,0.019701186,evaporite,0.10993715,aquifer+aquitard+spring+runoff+karst,0.077056198,30.831404,0.27115402,25.546518,0.10447217,0.42016577,salt,0.051802319,0,0,,0,ice,-12.871358,leptosol,0.038072684,4,40,160,29.05509,1,0,18.226899,0,,,,,0.2771655,,,,,,,,,,,,,0,0,,,,,,,,,,,,,,,,,,,,,0.33333333,solar,14,organized,8.84375,,0.92857143,true,,,,,,,1,1,0,,,,,,6.2830931,0.1405104,3.2857824,0.06310727,7,0.24574187,0.53866185,54,2,2,1063656.5,1,7,0.092669987,true,,,,,,,,,,,,,,,,,,,,,,,,,,,,,,,,,,,,,,,,,,,,,,,,,,,0,,0.063126298,7,0,false,
112,goblin-twin-solo,yellow-white dwarf (F),false,30.25141,658.55371,522.46453,29.14058,2.4804897,1,false,0.9902227,21.632611,5,red-giant,4,3,2,0,637.57792,0.12407783,0.15913215,160,104,0,17,0.69427762,0.51018127,3,0.045896196,0.026243836,shale,0.11818254,aquifer+aquitard+spring+runoff+karst,0.19875429,31.705022,0.43456041,24.740095,0.12345285,0.38137826,salt,0.058269627,0.00023955921,1,numinous,0,ice,-24.300257,leptosol,0.0142937,3,32.666667,98,12.169376,1,0,10.372335,-0.024993443,,,,,0.23213288,,,,,,,,,,,,,0,0,,,,,,,,,,,,,,,,,,,,,0,solar,6,organized,11.266667,,1,true,,,,,,,0.96,1,0.04,,,,,,6.7387787,0.10673746,3.0946028,0.077608515,11,0.18613751,0.65203618,46,2,2,1245844,3,5,0.12849492,true,,,,,,,,,,,,,,,,,,,,,,,,,,,,,,,,,,,,,,,,,,,,,,,,,,,0,,-0.30611394,7,0,false,
113,goblin-twin-solo,yellow-white dwarf (F),false,31.771716,802.8573,606.46945,4.236407,0.024967377,2,false,0.83781325,36.645103,5,red-giant,5,4,2,0,787.18951,0.17494964,0.0016807362,674,426,9,11,0.55771203,0.57735828,3,0.12047752,0.0046628583,evaporite,0.1284981,aquifer+aquitard+spring+runoff+karst,0.092840978,27.093316,0.27879892,25.898204,0.085113429,0.41977149,salt,0.045544926,0,0,,0,ice,-16.336425,leptosol,0.031738146,2,40.5,81,19.459818,1,0,8.5456653,-0.03562391,,,,,0.28492576,,,,,,,,,,,,,0,0,,,,,,,,,,,,,,,,,,,,,0.33333333,solar,10,organized,6.6363636,,1,true,,,,,,,1,1,0,,,,,,6.799831,0.1127181,2.5289295,0.1268981,7,0.75062096,0.85340293,28,2,2,1584115.7,0,8,0.079443373,true,,,,,,,,,,,,,,,,,,,,,,,,,,,,,,,,,,,,,,,,,,,,,,,,,,,0,,-0.28942869,7,0,false,
114,goblin-twin-solo,yellow-white dwarf (F),false,25.494541,632.80601,595.70967,26.568275,0.84311899,2,false,1.2874936,26.689714,4,red-giant,7,6,0,0,616.13247,0.11962118,0.0067678934,654,393,0,37,0.70152825,0.56289874,3,0.048606025,0.038059665,shale,0.07868477,aquifer+aquitard+spring+runoff+karst,0.058318338,38.179473,0.21102568,26.372538,0.16898413,0.41370849,salt,0.05489756,0.0015540651,1,numinous,0,ice,-29.725368,leptosol,0.015458858,3,35,105,15.209297,1,0,15.616005,-0.081815628,,,,,0.26435465,,,,,,,,,,,,,0,0,,,,,,,,,,,,,,,,,,,,,0.46153846,solar,10,organized,7.173913,,1,true,,,,,,,1,1,0,,,,,,7.2494301,0.18785844,2.4971017,0.095503149,7,0.33404221,0.62635244,68,2,1,1266175.7,0,4,0.098466208,true,,,,,,,,,,,,,,,,,,,,,,,,,,,,,,,,,,,,,,,,,,,,,,,,,,,0,,-0.32269786,7,0,false,
115,goblin-twin-solo,orange dwarf (K),false,19.935942,159.62031,192.15984,31.820496,0.45805424,3,false,7.2121071,62.59567,3,sun-like,8,5,1,0,157.76257,0.033848432,0.018573046,7455,4582,774,25,0.50336898,0.60074719,5,0.21934964,0.01913969,evaporite,0.1222042,aquifer+aquitard+spring+runoff+karst,0.1052942,28.721277,0.33436563,25.633085,0.1419653,0.4404955,salt,0.055431107,0.00049156958,1,numinous,0,alpine,0.065534065,leptosol,0.02698717,6,41.333333,248,26.50206,1,0,8.9511192,-0.016463263,,,,,0.29862852,,,,,,,,,,,,,0,0,,,,,,,,,,,,,,,,,,,,,0.40909091,solar,16,organized,7.6578947,,0.9375,true,,,,,,,1,1,0,,,,,,6.638331,0.14276957,2.6227247,0.12731312,5,0.40121909,0.77818271,51,2,1,1587962.4,0,5,0.070587173,true,,,,,,,,,,,,,,,,,,,,,,,,,,,,,,,,,,,,,,,,,,,,,,,,,,,0,,-0.020469967,7,0,false,
116,goblin-twin-solo,yellow dwarf (G),true,,318.35894,,5.1412034,0.54301635,2,false,5.8348097,37.828929,5,blue-giant,0,0,0,0,312.33894,0.070056265,,2516,2028,143,24,0.66930326,0.51535509,locked,0.063912895,0.035545139,andesite,0.14269895,aquifer+aquitard+spring+runoff+karst,0.18330134,27.44855,0.54798464,25.070154,0.13908165,0.30451794,salt,0.067798393,0.000073822531,1,numinous,0,ice,-33.488285,leptosol,0.019193858,14,26.357143,369,0.4170642,1,0,65.962107,-0.56611669,,,,,0.20175698,,,,,,,,,,,,,0,0,,,,,,,,,,,,,,,,,,,,,0.55,solar,6,folk,4.8076923,,0.83333333,true,,,,,,,1,1,0,,,,,,7.201146,0.13716034,3.4329661,0.078902397,9,0.36350214,0.75086869,70,1,2,1260000.3,0,6,0.077095787,true,,,,,,,,,,,,,,,,,,,,,,,,,,,,,,,,,,,,,,,,,,,,,,,,,,,0,,0.21321317,7,0,false,
117,goblin-twin-solo,yellow-white dwarf (F),false,28.559068,777.48759,653.37223,0.51163358,0.44845332,3,false,1.7862782,28.885044,2,red-giant,10,6,1,0,758.45972,0.22010756,0.030883273,1477,718,18,13,0.58500561,0.58821107,3,0.20348128,0.01547776,evaporite,0.15218542,aquifer+aquitard+spring+runoff+karst,0.18995235,24.654779,0.52326607,25.073815,0.092123066,0.3799047,salt,0.050403668,0,0,,0,alpine,3.7344742,leptosol,0.086946291,3,42,126,18.615267,1,0,15.495413,0,,,,,0.25919172,,,,,,,,,,,,,0,0,,,,,,,,,,,,,,,,,,,,,0.375,solar,13,organized,5.5517241,,1,true,,,,,,,1,1,0,,,,,,6.4167892,0.13296556,2.9032796,0.10382794,7,0.37778693,0.72356743,39,2,1.5,1457459.5,0,6,0.088018363,true,,,,,,,,,,,,,,,,,,,,,,,,,,,,,,,,,,,,,,,,,,,,,,,,,,,0,,0.069201749,7,0,false,
118,goblin-twin-solo,yellow dwarf (G),false,26.861273,354.05069,316.33707,20.542143,0.70167598,1,false,0.98469722,6.6196765,3,sun-like,2,3,0,0,380.25224,0.077014912,0.042545747,15,12,0,15,0.54880133,0.51964073,3,0.19850105,0.029734876,evaporite,0.11492263,aquifer+aquitard+spring+runoff+karst,0.081701115,29.021803,0.34195433,25.696637,0.121199,0.41261768,salt,0.063312656,0.00048696029,1,numinous,0,ice,-8.7090105,leptosol,0.041229304,6,41.166667,247,34.631881,1,0,12.30422,-0.024282384,,,,,0.26247159,,,,,,,,,,,,,0,0,,,,,,,,,,,,,,,,,,,,,0.33333333,solar,6,organized,11.944444,,1,true,,,,,,,1,1,0,,,,,,7.2858412,0.12266943,2.9254669,0.10534154,5,0.32853587,0.60505835,44,2,2,1700921.7,1,6,0.076855147,true,,,,,,,,,,,,,,,,,,,,,,,,,,,,,,,,,,,,,,,,,,,,,,,,,,,0,,-0.075483234,7,0,false,
119,goblin-twin-solo,yellow dwarf (G),false,18.591646,417.32243,538.72252,31.920056,0.52133595,2,false,1.6862937,15.419185,3,sun-like,9,4,2,0,399.23589,0.10208509,0.036795992,241,157,4,16,0.50517553,0.6053086,5,0.22640496,0.018700259,evaporite,0.10932952,aquifer+aquitard+spring+runoff+karst,0.20780502,32.846374,0.49903794,25.077283,0.11766737,0.45863141,salt,0.057493136,0.00069070995,1,numinous,0,ice,-3.0064357,leptosol,0.042824017,8,41.25,330,28.596114,1,0,4.6304406,-0.024577877,,,,,0.33252751,,,,,,,,,,,,,0,0,,,,,,,,,,,,,,,,,,,,,0.22222222,solar,10,organized,9.1428571,,1,true,,,,,,,1,1,0,,,,,,7.5999741,0.17229409,2.549427,0.1500415,5,0.75006167,0.71718605,56,2,1,1728411.4,0,6,0.076253894,true,,,,,,,,,,,,,,,,,,,,,,,,,,,,,,,,,,,,,,,,,,,,,,,,,,,0,,-0.11324219,7,0,false,
120,goblin-twin-solo,yellow dwarf (G),false,27.301103,500.41399,439.90661,10.575887,0.81137418,1,false,0.60919655,9.2179225,2,red-dwarf,11,4,2,0,515.15944,0.10592798,0.03465994,12,9,0,38,0.57052878,0.59913597,3,0.11061472,0.010082516,evaporite,0.096634834,aquifer+aquitard+spring+runoff+karst,0.17235107,15.351869,0.35794679,25.080914,0.088051387,0.40438836,salt,0.061470344,0.00051159618,1,numinous,0,ice,-17.647649,leptosol,0.023703956,12,40.583333,487,25.309717,1,0,3.4763735,-0.040191323,,,,,0.26813324,,,,,,,,,,,,,0,0,,,,,,,,,,,,,,,,,,,,,0.10526316,solar,7,organized,9.3461538,,1,true,,,,,,,1,1,0,,,,,,5.5292646,0.11204045,3.1643544,0.086421561,7,0.36562074,0.76132821,28,2,2,1239744.5,2,4,0.064288676,true,,,,,,,,,,,,,,,,,,,,,,,,,,,,,,,,,,,,,,,,,,,,,,,,,,,0,,-0.092960032,7,0,false,
121,goblin-twin-solo,orange dwarf (K),false,25.343796,187.26219,177.33305,4.1293375,0.23590743,1,false,1.1656993,6.1588014,5,orange-giant,11,6,1,0,195.35063,0.046344455,0.017106571,24,16,0,10,0.51735755,0.52822458,3,0.21920316,0.011351985,shale,0.081992919,aquifer+aquitard+spring+runoff+karst,0.10799191,33.637875,0.37728882,25.661331,0.079008599,0.42341932,salt,0.052326724,0.00080930703,1,numinous,0,alpine,11.935527,leptosol,0.053211937,4,41.5,166,6.5345068,1,0,24.290776,-0.026630592,,,,,0.28158827,,,,,,,,,,,,,0,0,,,,,,,,,,,,,,,,,,,,,0.2,solar,6,organized,5.5,,0.83333333,true,,,,,,,1,1,0,,,,,,7.7312174,0.18602651,2.1103442,0.17057273,6,0.74370258,0.66495777,66,2,2,1609980.7,0,4,0.085780299,true,,,,,,,,,,,,,,,,,,,,,,,,,,,,,,,,,,,,,,,,,,,,,,,,,,,0,,0.12283516,7,0,false,
122,goblin-twin-solo,orange dwarf (K),false,22.785469,296.35617,312.15281,12.80566,1.6999068,2,false,1.5373717,26.227161,2,red-dwarf,15,5,2,0,288.49406,0.047716198,0.087169662,405,260,2,29,0.53786436,0.59461173,3,0.053513012,0.03198086,evaporite,0.11510829,aquifer+aquitard+spring+runoff+karst,0.10507132,32.418503,0.48082409,25.089967,0.089804543,0.40623349,salt,0.062160156,0.00026413101,1,numinous,0,ice,-27.509932,leptosol,0.010670893,10,36.7,367,10.290651,1,0,4.4308741,-0.011602996,,,,,0.26302166,,,,,,,,,,,,,0,0,,,,,,,,,,,,,,,,,,,,,0.43478261,solar,13,organized,6.8055556,,1,true,,,,,,,1,1,0,,,,,,7.4577373,0.18771288,2.860801,0.11618085,3,0.77400951,0.70459585,50,2,1,1645690.9,2,5,0.081476377,true,,,,,,,,,,,,,,,,,,,,,,,,,,,,,,,,,,,,,,,,,,,,,,,,,,,0,,-0.35425359,7,0,false,
123,goblin-twin-solo,yellow-white dwarf (F),false,39.606521,942.66164,571.21602,2.8453591,2.2792949,1,false,0.0937456,8.7630773,2,sun-like,2,3,0,0,875.48175,0.20291346,0.11809491,106,66,0,30,0.60648894,0.58998697,3,0.066818026,0.022264538,evaporite,0.095973696,aquifer+aquitard+spring+runoff+karst,0.099509895,29.540747,0.29691668,25.818054,0.060983932,0.41255661,salt,0.067762668,0,0,,0,ice,-24.872545,leptosol,0.016936535,9,7.5555556,68,18.260931,1,0,13.158046,-0.34896323,,,,,0.25721199,,,,,,,,,,,,,0,0,,,,,,,,,,,,,,,,,,,,,0.42857143,solar,5,organized,8.1578947,,1,true,,,,,,,1,1,0.0099009901,,,,,,6.5230325,0.11977621,2.9797023,0.094209267,7,0.49202804,0.79071985,39,2,1,1495551.8,2,3,0.090446666,true,,,,,,,,,,,,,,,,,,,,,,,,,,,,,,,,,,,,,,,,,,,,,,,,,,,0,,-0.14040309,7,0,false,
124,goblin-twin-solo,yellow-white dwarf (F),false,28.758154,1184.0043,988.10591,19.15685,1.4332872,1,false,2.0864417,54.755128,3,red-giant,3,4,3,0,1168.394,0.22948671,0.10624887,243,153,0,29,0.69354524,0.52361985,3,0.022899272,0.014281529,andesite,0.11797977,aquifer+aquitard+spring+runoff+karst,0.11184577,23.95603,0.3790329,25.574005,0.092487852,0.27220585,salt,0.049144168,0.00071696009,1,numinous,0,ice,-33.793435,leptosol,0.00079662232,6,6.5,39,8.7560171,1,0,3.2279859,-0.17200733,,,,,0.13439019,,,,,,,,,,,,,0,0,,,,,,,,,,,,,,,,,,,,,0.16666667,solar,6,organized,9.6111111,,1,true,,,,,,,1,1,0.016260163,,,,,,6.8317317,0.10960089,3.0585665,0.078316488,9,0.15613797,0.79444195,45,2,2,1220435.2,0,5,0.07764211,true,,,,,,,,,,,,,,,,,,,,,,,,,,,,,,,,,,,,,,,,,,,,,,,,,,,0,,-0.077282168,7,0,false,
125,goblin-twin-solo,yellow-white dwarf (F),false,16.090651,800.10784,1193.4003,24.667586,2.7035508,1,false,0.076858657,16.75466,3,orange-giant,4,6,2,0,768.0618,0.2038269,0.16636931,70,45,0,19,0.551975,0.5288252,5,0.1872223,0.0022459841,shale,0.1282694,aquifer+aquitard+spring+runoff+karst,0.16041848,18.88274,0.58800131,24.727921,0.1288143,0.39063862,salt,0.051806293,0.00032693984,1,numinous,0,alpine,-4.4772946,leptosol,0.036399303,4,41,164,25.904574,1,0,10.631213,-0.031136518,,,,,0.26160636,,,,,,,,,,,,,0,0,,,,,,,,,,,,,,,,,,,,,0.2,solar,6,organized,8.1875,,1,true,,,,,,,1,1,0,,,,,,7.3077116,0.11951818,2.6059191,0.13473463,8,0.33996295,0.80883438,36,2,8,1449622.3,0,4,0.078220534,true,,,,,,,,,,,,,,,,,,,,,,,,,,,,,,,,,,,,,,,,,,,,,,,,,,,0,,-0.012535888,7,0,false,
126,goblin-twin-solo,yellow-white dwarf (F),false,28.900955,888.47937,737.81317,6.4184845,0.043122287,2,false,5.150015,78.522075,4,sun-like,4,4,1,0,881.56303,0.22152199,0.0032988348,116,73,0,20,0.69061569,0.44882822,3,0.18334066,0.0056393731,evaporite,0.18511797,aquifer+aquitard+spring+runoff+karst,0.12049239,19.017638,0.27089087,25.53513,0.10920855,0.32833583,salt,0.052474169,0.00015781583,1,numinous,0,taiga,-2.5059827,leptosol,0.056813698,28,40.785714,1142,36.648299,1,0,2.5313539,-0.028920668,,,,,0.20523949,,,,,,,,,,,,,0,0,,,,,,,,,,,,,,,,,,,,,0.51351351,solar,9,organized,6.4565217,,1,true,,,,,,,1,1,0,,,,,,6.8846857,0.14034681,3.4081604,0.073165373,9,0.16980983,0.67065329,76,1,2,967415.94,1,5,0.07301237,true,,,,,,,,,,,,,,,,,,,,,,,,,,,,,,,,,,,,,,,,,,,,,,,,,,,0,,-0.033804712,7,0,false,
127,goblin-twin-solo,yellow dwarf (G),false,33.179898,344.40529,249.11851,26.951262,3.1349181,1,false,0.019175661,7.4999559,5,red-giant,13,5,2,0,318.63698,0.070655245,0.1970765,28,18,0,23,0.65775597,0.57350738,3,0.12824081,0.019383819,evaporite,0.11320351,aquifer+aquitard+spring+runoff+karst,0.079891576,31.95744,0.14202154,26.359931,0.12354662,0.34189315,salt,0.053085181,0,0,,0,ice,-12.597118,leptosol,0.029888009,7,41.714286,292,29.995101,1,0,6.5509488,-0.01114944,,,,,0.20422284,,,,,,,,,,,,,0,0,,,,,,,,,,,,,,,,,,,,,0.30769231,solar,6,organized,8.4736842,,1,true,,,,,,,1,1,0,,,,,,6.6554616,0.11926107,3.1677168,0.075118402,9,0.28668236,0.61434882,61,2,2,1438928.4,0,5,0.077936004,true,,,,,,,,,,,,,,,,,,,,,,,,,,,,,,,,,,,,,,,,,,,,,,,,,,,0,,0.023747563,7,0,false,
128,goblin-twin-solo,yellow-white dwarf (F),false,28.41039,722.81453,610.6058,20.51016,1.3961395,1,false,0.37894457,25.569031,5,orange-giant,10,6,1,0,703.249,0.23044714,0.095062434,119,75,0,37,0.63414872,0.49232617,3,0.19378937,0.020970656,evaporite,0.12364874,aquifer+aquitard+spring+runoff+karst,0.11784332,29.330875,0.50280262,24.669243,0.11650874,0.40457761,salt,0.073372891,0.0014680368,1,numinous,0,alpine,14.421811,leptosol,0.039970639,12,41,492,4.9252315,1,0,18.478326,-0.0096063006,,,,,0.25797411,,,,,,,,,,,,,0,0,,,,,,,,,,,,,,,,,,,,,0.21052632,solar,7,organized,6.5769231,,0.85714286,true,,,,,,,1,1,0,,,,,,7.0545704,0.10847153,3.1571945,0.084810312,8,0.33591352,0.76117615,47,2,2,1387411.4,1,6,0.083569516,true,,,,,,,,,,,,,,,,,,,,,,,,,,,,,,,,,,,,,,,,,,,,,,,,,,,0,,-0.0078163245,7,0,false,
129,goblin-twin-solo,yellow dwarf (G),false,29.38854,343.82127,280.77987,9.8633919,1.3739633,2,false,0.88315417,31.30177,3,orange-giant,9,5,2,0,336.09702,0.068019994,0.09040989,430,274,1,19,0.60189932,0.6164224,3,0.13568673,0.022728382,evaporite,0.12884038,aquifer+aquitard+spring+runoff+karst,0.147544,26.511196,0.4255841,25.178646,0.11896731,0.40608328,salt,0.058762727,0.00024529343,1,numinous,0,ice,-12.339078,leptosol,0.033850494,10,41,410,24.167269,1,0,5.4210938,-0.019150725,,,,,0.24829828,,,,,,,,,,,,,0,0,,,,,,,,,,,,,,,,,,,,,0.52631579,solar,9,organized,8.8214286,,1,true,,,,,,,1,1,0,,,,,,6.0963382,0.13795572,3.0193302,0.090132318,5,0.34862329,0.58308214,39,2,2,1451493.5,0,5,0.094114778,true,,,,,,,,,,,,,,,,,,,,,,,,,,,,,,,,,,,,,,,,,,,,,,,,,,,0,,-0.097358081,7,0,false,
130,goblin-twin-solo,orange dwarf (K),false,33.131532,254.51301,184.36552,4.2313122,3.5918119,1,false,0.11011602,7.8566272,3,sun-like,4,3,1,0,275.03257,0.052419861,0.13045057,37,23,0,26,0.55304917,0.59711601,3,0.16703286,0.024974366,shale,0.099246231,aquifer+aquitard+spring+runoff+karst,0.061230063,31.87756,0.21367708,25.706254,0.099464715,0.36443085,salt,0.062926341,0.00016386279,1,numinous,0,ice,-9.4054916,leptosol,0.033264147,5,41.6,208,32.479577,1,0,17.608337,-0.016120866,,,,,0.23044571,,,,,,,,,,,,,0,0,,,,,,,,,,,,,,,,,,,,,0.25,solar,7,organized,8.2631579,,1,true,,,,,,,1,1,0,,,,,,7.1837216,0.12540036,2.9495698,0.10446267,8,0.28708761,0.68593593,57,2,2,1712495.1,0,5,0.089693512,true,,,,,,,,,,,,,,,,,,,,,,,,,,,,,,,,,,,,,,,,,,,,,,,,,,,0,,-0.21024188,7,0,false,
131,goblin-twin-solo,yellow dwarf (G),false,29.910938,453.77213,364.09861,5.7733309,0.86803539,2,true,4.2847227,20.598596,3,orange-giant,7,5,1,1,438.57893,0.08464275,0.054477426,584,370,5,22,0.54365021,0.55213181,3,0.083199063,0.027903911,shale,0.10891778,aquifer+aquitard+spring+runoff+karst,0.15802707,31.590503,0.43090997,24.686376,0.099128016,0.39453271,salt,0.062268136,0.0012304071,1,numinous,0,ice,-23.671691,leptosol,0.018884074,9,35.444444,319,15.724724,1,0,7.1859952,-0.080507896,,,,,0.24308565,,,,,,,,,,,,,0,0,,,,,,,,,,,,,,,,,,,,,0.52631579,solar,10,organized,8.1034483,,1,true,,,,,,,1,1,0,,,,,,7.9614329,0.13363009,2.4346813,0.15265368,9,0.3722249,0.61537745,53,2,1,1631141.2,1,4,0.098562262,true,,,,,,,,,,,,,,,,,,,,,,,,,,,,,,,,,,,,,,,,,,,,,,,,,,,0,,-0.28410105,7,0,false,
132,goblin-twin-solo,yellow-white dwarf (F),false,23.614542,583.51567,593.04034,18.792274,0.39647776,1,false,0.92421474,15.021167,4,red-giant,14,5,5,0,557.71353,0.16293255,0.03041775,102,64,0,9,0.58417558,0.57729114,3,0.22735706,0.015380108,shale,0.12992426,aquifer+aquitard+spring+runoff+karst,0.16990548,22.301946,0.20712734,25.456956,0.12334879,0.36100511,salt,0.058784534,0.00017612869,1,numinous,0,alpine,4.6906,leptosol,0.090706276,12,41.083333,493,21.880961,1,0,12.393675,-0.027943601,,,,,0.23783244,,,,,,,,,,,,,0,0,,,,,,,,,,,,,,,,,,,,,0.36842105,solar,7,organized,6.8846154,,0.85714286,true,,,,,,,1,1,0,,,,,,6.4696041,0.13072201,3.0060452,0.099433621,8,0.26771561,0.42395933,44,2,1,1376545,0,4,0.076711519,true,,,,,,,,,,,,,,,,,,,,,,,,,,,,,,,,,,,,,,,,,,,,,,,,,,,0,,-0.00087365566,7,0,false,
133,goblin-twin-solo,yellow-white dwarf (F),false,17.677284,463.448,629.21159,13.764957,0.011694811,1,false,5.8624909,64.444828,5,red-giant,9,4,1,0,463.16831,0.123704,0.00089741639,97,62,0,27,0.62655632,0.53651043,5,0.18895562,0.017967873,shale,0.097600837,aquifer+aquitard+spring+runoff+karst,0.11767013,28.635014,0.32470419,25.869209,0.087010525,0.34647316,salt,0.054880077,0.00013074459,1,numinous,0,alpine,4.5760217,leptosol,0.046545074,8,41.125,329,12.644445,1,0,20.929447,-0.027901626,,,,,0.21572857,,,,,,,,,,,,,0,0,,,,,,,,,,,,,,,,,,,,,0.23076923,solar,5,organized,9.7777778,,1,true,,,,,,,1,1,0,,,,,,8.021964,0.14993164,2.5256424,0.12308969,10,0.27194875,0.67463069,79,2,1,1443600.1,0,4,0.11747145,true,,,,,,,,,,,,,,,,,,,,,,,,,,,,,,,,,,,,,,,,,,,,,,,,,,,0,,-0.076412026,7,0,false,
134,goblin-twin-solo,yellow dwarf (G),false,39.873331,313.85456,188.91096,16.148655,1.3316866,1,false,1.7344247,9.7527235,4,red-giant,2,4,1,0,332.17761,0.079161384,0.098471503,33,20,0,11,0.70721644,0.44367548,3,0.16334652,0.012865583,andesite,0.15684149,aquifer+aquitard+spring+runoff+karst,0.25664971,25.641829,0.34786959,24.932618,0.075544067,0.27215876,salt,0.053068942,0.00075043776,1,numinous,0,alpine,9.2374777,leptosol,0.092720754,3,41.666667,125,9.8440448,1,0,7.7728446,-0.019572581,,,,,0.16959893,,,,,,,,,,,,,0,0,,,,,,,,,,,,,,,,,,,,,0.22222222,solar,6,organized,7.5333333,,0.83333333,true,,,,,,,1,1,0,,,,,,6.8264724,0.12979785,3.6303358,0.066671549,9,0.20753773,0.70626434,84,1,2,929950.45,0,6,0.072475839,true,,,,,,,,,,,,,,,,,,,,,,,,,,,,,,,,,,,,,,,,,,,,,,,,,,,0,,-0.028829351,7,0,false,
135,goblin-twin-solo,yellow-white dwarf (F),false,19.627144,557.47491,681.67827,30.194139,3.0397391,1,false,0.11824976,8.4918985,5,orange-giant,10,4,2,0,528.82417,0.12729012,0.14565355,12,8,0,27,0.60097163,0.58274702,5,0.11725502,0.026902983,evaporite,0.091954726,aquifer+aquitard+spring+runoff+karst,0.12719486,24.319475,0.36280208,25.534394,0.13832976,0.43267054,salt,0.054737189,0.000061180789,1,numinous,0,ice,-14.157186,leptosol,0.026674824,3,41.666667,125,23.28746,1,0,10.557747,-0.019572581,,,,,0.29599266,,,,,,,,,,,,,0,0,,,,,,,,,,,,,,,,,,,,,0,solar,6,organized,7.2,,1,true,,,,,,,1,1,0,,,,,,7.049022,0.1418749,2.7747386,0.10846638,7,0.53294586,0.70524262,64,2,2,1381234.8,0,5,0.069824155,true,,,,,,,,,,,,,,,,,,,,,,,,,,,,,,,,,,,,,,,,,,,,,,,,,,,0,,-0.10602202,7,0,false,
136,goblin-twin-solo,yellow dwarf (G),false,24.401393,495.9976,487.83865,1.1532889,4.0344155,0,false,-0,,3,blue-giant,8,4,1,0,,0.1124751,0.0023195207,0,0,0,11,0.50285631,0.47122373,3,0.22828475,0.013085299,shale,0.099734826,aquifer+aquitard+spring+runoff+karst,0.090601061,24.680806,0.45727755,25.707025,0.11716755,0.40699273,salt,0.045380631,0.000098212532,1,numinous,0,ice,-7.8455134,leptosol,0.054016893,3,41.333333,124,34.706427,1,0,15.741701,-0.023316192,,,,,0.27764683,,,,,,,,,,,,,0,0,,,,,,,,,,,,,,,,,,,,,0,solar,2,organized,9.8571429,,0.5,true,,,,,,,1,1,0,,,,,,9.4074728,0.20090004,1.9754557,0.23267907,4,0.59261442,0.64972413,65,3,2,1443066.1,0,4,0.06964852,true,,,,,,,,,,,,,,,,,,,,,,,,,,,,,,,,,,,,,,,,,,,,,,,,,,,0,,-0.17591718,7,0,false,
137,goblin-twin-solo,yellow-white dwarf (F),false,19.549645,986.22859,1210.7374,11.351735,0.54028673,2,false,5.0966217,120.25229,2,red-dwarf,17,5,4,0,980.17238,0.21407163,0.040759103,1998,1229,17,23,0.69303257,0.48815015,5,0.089448757,0.012523803,evaporite,0.15388898,aquifer+aquitard+spring+runoff+karst,0.2103547,24.393033,0.61213615,25.068622,0.14529983,0.39860029,salt,0.059548577,0.00015905837,1,numinous,0,ice,-17.334287,leptosol,0.022745348,9,39.222222,353,18.916334,1,0,6.2913541,-0.020006375,,,,,0.25170988,,,,,,,,,,,,,0,0,,,,,,,,,,,,,,,,,,,,,0.33333333,solar,9,folk,8.1851852,,1,true,,,,,,,1,1,0,,,,,,6.488318,0.11955467,3.3327841,0.070406718,8,0.34770161,0.73736634,61,2,1,1090790.8,0,5,0.080453683,true,,,,,,,,,,,,,,,,,,,,,,,,,,,,,,,,,,,,,,,,,,,,,,,,,,,0,,-0.016996372,7,0,false,
138,goblin-twin-solo,yellow-white dwarf (F),false,31.82109,1106.9901,834.91052,22.095498,1.1563068,1,false,0.060249402,12.049455,5,orange-giant,6,5,0,0,1046.9126,0.21287106,0.088519279,102,65,0,28,0.65992871,0.42462312,3,0.034593037,0.010058103,andesite,0.16482412,aquifer+aquitard+spring+runoff+karst,0.26963388,28.462269,0.42828428,24.532902,0.1097631,0.26159368,salt,0.064274782,0.00021536253,1,numinous,0,ice,-26.686527,leptosol,0.0025843503,13,33.923077,441,8.4747122,1,0,2.5822276,-0.032881895,,,,,0.17106963,,,,,,,,,,,,,0,0,,,,,,,,,,,,,,,,,,,,,0.23809524,solar,8,organized,9.0344828,,1,true,,,,,,,1,1,0.1,,,,,,7.0934783,0.18518806,3.82727,0.070528783,9,0.22541278,0.69962055,126,1,2,1027921.1,1,6,0.052377225,true,,,,,,,,,,,,,,,,,,,,,,,,,,,,,,,,,,,,,,,,,,,,,,,,,,,0,,-0.28462191,7,0,false,
139,goblin-twin-solo,yellow-white dwarf (F),false,31.271254,595.99366,457.41203,27.477221,1.4447549,2,false,2.2964482,25.284258,2,sun-like,4,3,1,0,579.68991,0.15248012,0.11056934,183,118,0,30,0.66127142,0.53736937,3,0.21324642,0.033128265,shale,0.13643243,aquifer+aquitard+spring+runoff+karst,0.11077477,37.559318,0.1445045,25.855126,0.1138018,0.36735135,salt,0.059994854,0,0,,0,alpine,1.5832886,leptosol,0.071495495,33,37.606061,1241,36.43128,1,0,6.7274195,-0.13143252,,,,,0.23495495,,,,,,,,,,,,,0,0,,,,,,,,,,,,,,,,,,,,,0.51162791,solar,10,organized,9.490566,,1,true,,,,,,,1,1,0,,,,,,7.6829206,0.16932848,2.7830375,0.09618671,10,0.22126126,0.63501131,66,2,1,1485415.5,0,6,0.082447394,true,,,,,,,,,,,,,,,,,,,,,,,,,,,,,,,,,,,,,,,,,,,,,,,,,,,0,,0.061884308,7,0,false,
140,goblin-twin-solo,yellow-white dwarf (F),false,29.473033,976.07058,794.81788,31.659024,3.8539363,0,false,-0,,5,blue-giant,2,3,1,0,,0.21694574,0.1883191,0,0,0,24,0.72335335,0.39384045,3,0.07365363,0.02338753,gneiss,0.1213378,aquifer+aquitard+spring+runoff+karst,0.28256265,46.794674,0.43302153,24.434356,0.1284857,0.36913166,salt,0.061085011,0.0016766678,1,numinous,0,ice,-19.451981,leptosol,0.029209319,18,12.444444,224,27.636809,1,0,4.7935967,-0.22707217,,,,,0.22343805,,,,,,,,,,,,,0,0,,,,,,,,,,,,,,,,,,,,,0.26086957,solar,5,organized,12.107143,,0.8,true,,,,,,,1,1,0.041666667,,,,,,7.8872476,0.23816521,3.9094945,0.065646209,9,0.18425697,0.73791766,161,1,2,1009720.1,0,5,0.089987471,true,,,,,,,,,,,,,,,,,,,,,,,,,,,,,,,,,,,,,,,,,,,,,,,,,,,0,,-0.17342863,7,0,false,
141,goblin-twin-solo,yellow-white dwarf (F),false,29.353067,411.73408,336.64687,24.093846,0.71641276,2,false,4.2460767,41.053028,4,sun-like,3,4,0,0,404.55017,0.11778371,0.0083273202,893,567,10,27,0.61918363,0.56779281,3,0.1820956,0.020555637,shale,0.083210462,aquifer+aquitard+spring+runoff+karst,0.11878967,36.264092,0.31726393,25.98964,0.12673889,0.39470479,salt,0.055554396,0.00025642669,1,numinous,0,alpine,8.0967594,leptosol,0.060644913,2,41,82,7.3648457,1,0,16.071066,0,,,,,0.24725944,,,,,,,,,,,,,0,0,,,,,,,,,,,,,,,,,,,,,0.42857143,solar,12,organized,6.8461538,,0.91666667,true,,,,,,,1,1,0,,,,,,7.2425365,0.12620248,2.6449836,0.10380353,10,0.32841849,0.63755748,46,2,2,1620881.3,0,5,0.064195121,true,,,,,,,,,,,,,,,,,,,,,,,,,,,,,,,,,,,,,,,,,,,,,,,,,,,0,,-0.0032475872,7,0,false,
142,goblin-twin-solo,yellow-white dwarf (F),false,26.329038,913.39597,832.59797,18.413501,0.8510509,2,false,3.1218081,51.944908,5,orange-giant,8,4,2,0,900.65272,0.17465188,0.045566646,788,486,2,40,0.56501147,0.55337299,3,0.032517943,0.038474684,shale,0.10977663,aquifer+aquitard+spring+runoff+karst,0.11999102,41.817409,0.34880458,25.859141,0.12852172,0.43731058,salt,0.064395859,0.00016836906,1,numinous,0,ice,-29.25645,leptosol,0.0043775957,2,33,66,6.4507982,1,0,14.613836,0,,,,,0.29447749,,,,,,,,,,,,,0,0,,,,,,,,,,,,,,,,,,,,,0.33333333,solar,13,organized,8.2142857,,0.92307692,true,,,,,,,1,1,0,,,,,,7.2886142,0.11812793,2.6156563,0.11698648,9,0.27135481,0.79442166,37,2,1,1773472.6,0,5,0.10877319,true,,,,,,,,,,,,,,,,,,,,,,,,,,,,,,,,,,,,,,,,,,,,,,,,,,,0,,-0.23431723,7,0,false,
143,goblin-twin-solo,yellow-white dwarf (F),false,29.462523,746.15254,607.81153,0.31144987,2.2089485,0,false,-0,,3,blue-giant,5,4,0,0,,0.14713127,0.03979732,0,0,0,11,0.71048777,0.58183658,3,0.047190079,0.012230848,evaporite,0.11021165,aquifer+aquitard+spring+runoff+karst,0.13820727,29.947438,0.21890547,25.82649,0.1082722,0.37161649,salt,0.058672472,0.00025297243,1,numinous,0,ice,-23.525175,leptosol,0.013407539,3,4.3333333,13,14.065443,1,0,4.3803616,-0.41490423,,,,,0.22430222,,,,,,,,,,,,,0,0,,,,,,,,,,,,,,,,,,,,,0.4,solar,2,organized,4.5714286,,0.5,true,,,,,,,1,1,0.16129032,,,,,,5.9884428,0.090907602,3.17112,0.065670622,12,0.21958007,0.70041413,41,2,2,1205440.8,1,3,0.078597741,true,,,,,,,,,,,,,,,,,,,,,,,,,,,,,,,,,,,,,,,,,,,,,,,,,,,0,,-0.23364047,7,0,false,
144,goblin-twin-solo,yellow-white dwarf (F),false,21.751426,1051.9107,1160.653,19.501298,0.33629466,1,false,2.3351031,49.638965,5,blue-giant,5,4,1,0,1036.6113,0.20952232,0.023427563,353,225,0,27,0.58671452,0.58520881,3,0.042161027,0.031199648,shale,0.11282415,aquifer+aquitard+spring+runoff+karst,0.10419989,34.795863,0.24986709,25.200737,0.12948195,0.40167759,salt,0.063141236,0.0020674582,1,numinous,0,ice,-29.026223,leptosol,0.010573572,7,36.428571,255,8.6332562,1,0,8.3776073,-0.036960639,,,,,0.25494713,,,,,,,,,,,,,0,0,,,,,,,,,,,,,,,,,,,,,0.13333333,solar,8,organized,7.4782609,,0.875,true,,,,,,,1,1,0,,,,,,7.1802294,0.17162141,2.6953286,0.11107856,8,0.32535885,0.65468266,61,2,1,1607209.6,0,5,0.10544403,true,,,,,,,,,,,,,,,,,,,,,,,,,,,,,,,,,,,,,,,,,,,,,,,,,,,0,,-0.28534274,7,0,false,
145,goblin-twin-solo,yellow-white dwarf (F),true,,745.66474,,31.127438,2.1541322,2,false,1.0405604,83.295333,3,sun-like,3,4,0,0,739.09021,0.14530376,,4166,2316,21,29,0.74747327,0.5441802,locked,0.076094917,0.016576339,shale,0.12819026,aquifer+aquitard+spring+runoff+karst,0.13534416,29.058257,0.25009667,25.709184,0.091260634,0.35015468,salt,0.05060796,0.0003866976,1,numinous,0,ice,-17.49822,leptosol,0.030259087,6,39.5,237,0.30636733,1,0,36.160048,-0.048436461,,,,,0.2258314,,,,,,,,,,,,,0,0,,,,,,,,,,,,,,,,,,,,,0.18181818,solar,5,folk,10.3125,,0.8,true,,,,,,,1,1,0,,,,,,6.1412351,0.11375466,2.9755124,0.068014257,11,0.20572312,0.69318578,32,2,2,1061559.2,0,5,0.068899155,true,,,,,,,,,,,,,,,,,,,,,,,,,,,,,,,,,,,,,,,,,,,,,,,,,,,0,,0.22726382,7,0,false,
146,goblin-twin-solo,yellow dwarf (G),false,24.493573,413.66748,405.33162,0.53047511,1.0953988,2,false,1.8762924,17.794591,3,orange-giant,2,4,2,0,397.82868,0.078505811,0.055150715,424,267,0,26,0.69090865,0.51520417,3,0.069942874,0.018700259,shale,0.11539373,aquifer+aquitard+spring+runoff+karst,0.17936972,27.555726,0.54806097,24.470125,0.13032146,0.40075823,salt,0.068794258,0.0030013427,1,numinous,0,ice,-19.473926,leptosol,0.018797883,3,39.666667,119,19.60344,1,0,7.4285907,-0.04838884,,,,,0.24697891,,,,,,,,,,,,,0,0,,,,,,,,,,,,,,,,,,,,,0.33333333,solar,9,organized,8,,1,true,,,,,,,1,1,0,,,,,,6.857529,0.1327036,2.9074823,0.082979347,9,0.3753258,0.62176764,52,2,1,1154236.5,0,3,0.094066831,true,,,,,,,,,,,,,,,,,,,,,,,,,,,,,,,,,,,,,,,,,,,,,,,,,,,0,,-0.2535319,7,0,false,
147,goblin-twin-solo,yellow-white dwarf (F),false,27.953721,572.72207,491.71736,8.3229411,0.22901935,2,false,2.8736948,30.957428,2,sun-like,7,5,1,0,559.76677,0.17020695,0.0071447414,220,144,0,32,0.58954641,0.50675073,3,0.20609345,0.021117133,gneiss,0.12311902,aquifer+aquitard+spring+runoff+karst,0.13947541,31.895708,0.43139237,25.321043,0.075834176,0.40724439,salt,0.075441981,0.0011300779,1,numinous,0,alpine,11.975339,leptosol,0.068399453,8,41,328,9.6860494,1,0,13.539452,-0.034623573,,,,,0.29399869,,,,,,,,,,,,,0,0,,,,,,,,,,,,,,,,,,,,,0.27777778,solar,10,organized,11,,0.9,true,,,,,,,1,1,0,,,,,,6.8916439,0.18031668,3.4983233,0.078047947,7,0.54773092,0.73904167,99,1,2,1393057.7,1,4,0.094245786,true,,,,,,,,,,,,,,,,,,,,,,,,,,,,,,,,,,,,,,,,,,,,,,,,,,,0,,-0.040855836,7,0,false,
148,goblin-twin-solo,yellow-white dwarf (F),false,19.696859,397.68839,484.57073,16.118107,2.9130118,1,false,0.29321385,10.078627,2,sun-like,8,4,1,0,372.5239,0.11716554,0.20993912,230,145,0,9,0.55776085,0.55434723,5,0.17572384,0.0037107563,shale,0.11084736,aquifer+aquitard+spring+runoff+karst,0.085730058,27.301276,0.38956666,25.684249,0.12260558,0.39690864,salt,0.045002279,0.00027601435,1,numinous,0,alpine,13.969897,leptosol,0.032680099,4,42,168,6.7696728,1,0,26.181886,0,,,,,0.23555065,,,,,,,,,,,,,0,0,,,,,,,,,,,,,,,,,,,,,0.18181818,solar,7,organized,8.5555556,,1,true,,,,,,,1,1,0,,,,,,7.0583329,0.14028247,2.4392685,0.13151213,5,0.5250345,0.64491209,36,2,1,1570915,1,4,0.068507008,true,,,,,,,,,,,,,,,,,,,,,,,,,,,,,,,,,,,,,,,,,,,,,,,,,,,0,,-0.14167975,7,0,false,
149,goblin-twin-solo,orange dwarf (K),false,28.731261,352.09076,294.11094,29.02808,0.39737692,3,false,5.3780986,50.573388,3,sun-like,4,4,1,0,347.08108,0.055262863,0.01073546,1071,679,14,19,0.50805625,0.61346831,3,0.027684195,0.0098627997,evaporite,0.12351744,aquifer+aquitard+spring+runoff+karst,0.33005806,20.884978,0.71440623,24.065663,0.10123567,0.40558781,salt,0.053562899,0.00054587862,1,numinous,0,ice,-31.588119,leptosol,0.0019353878,14,16.357143,229,6.5561667,1,0,3.8812372,-0.23521105,,,,,0.27785222,,,,,,,,,,,,,0,0,,,,,,,,,,,,,,,,,,,,,0.51724138,solar,15,organized,7.4772727,,1,true,,,,,,,1,1,0.023809524,,,,,,6.2542432,0.12232362,3.1875717,0.097602656,8,0.320927,0.7541701,33,2,2,1560065.9,0,5,0.10265348,true,,,,,,,,,,,,,,,,,,,,,,,,,,,,,,,,,,,,,,,,,,,,,,,,,,,0,,-0.37456947,7,0,false,
150,goblin-twin-solo,orange dwarf (K),false,22.025439,315.41301,343.68951,10.974916,0.55173428,3,false,7.8685436,70.126781,3,red-giant,7,5,2,0,312.16352,0.054196904,0.019795864,3920,3555,263,33,0.61549729,0.57873016,3,0.078658269,0.023338704,evaporite,0.1224127,aquifer+aquitard+spring+runoff+karst,0.12685714,29.787945,0.28031746,25.264873,0.10203175,0.39815873,salt,0.067024587,0.00031746032,1,numinous,0,ice,-22.830276,leptosol,0.020063492,30,15.166667,455,15.842001,1,0,3.8848306,-0.49880199,,,,,0.24031746,,,,,,,,,,,,,0,0,,,,,,,,,,,,,,,,,,,,,0.29545455,solar,14,organized,8.0517241,,1,true,,,,,,,1,1,0,,,,,,5.9432422,0.12541616,3.2279049,0.077217909,6,0.35853968,0.67487827,50,2,2,1408405.1,1,3,0.096767658,true,,,,,,,,,,,,,,,,,,,,,,,,,,,,,,,,,,,,,,,,,,,,,,,,,,,0,,-0.18201173,7,0,false,
151,goblin-twin-solo,orange dwarf (K),false,37.39111,157.32104,100.97868,7.4346291,0.21906119,2,false,3.9952322,22.806847,5,sun-like,1,3,0,0,152.51678,0.028395633,0.016774024,5343,5323,19,23,0.63527172,0.50167336,3,0.13456374,0.023534007,evaporite,0.14330656,aquifer+aquitard+spring+runoff+karst,0.13962517,30.09854,0.5021419,25.172857,0.11385542,0.41519411,salt,0.071966234,0.0018741633,1,numinous,0,tundra,-6.9765147,leptosol,0.035609103,8,36.125,289,26.456255,1,0,11.450906,-0.27693093,,,,,0.28045515,,,,,,,,,,,,,0,0,,,,,,,,,,,,,,,,,,,,,0.52631579,solar,11,organized,9.8666667,,1,true,,,,,,,1,1,0,,,,,,6.0868373,0.14274178,3.6363512,0.068282799,6,0.6768407,0.69137886,56,2,2,1230530,0,7,0.079516121,true,,,,,,,,,,,,,,,,,,,,,,,,,,,,,,,,,,,,,,,,,,,,,,,,,,,0,,-0.049566414,7,0,false,
152,goblin-twin-solo,yellow-white dwarf (F),false,34.092922,807.76683,568.63427,0.26082556,0.022282984,3,false,7.8874629,62.286114,3,red-dwarf,0,0,0,0,798.38271,0.215565,0.0016191914,1402,841,24,23,0.61635174,0.55583837,3,0.20150383,0.033323568,shale,0.097868279,aquifer+aquitard+spring+runoff+karst,0.093795737,35.625345,0.28017817,25.648316,0.084187082,0.36703786,salt,0.076072869,0.00076360165,1,numinous,0,alpine,-3.6945211,leptosol,0.052943048,16,41.25,660,33.11408,1,0,9.6380489,-0.020785023,,,,,0.20419981,,,,,,,,,,,,,0,0,,,,,,,,,,,,,,,,,,,,,0.46875,solar,16,organized,7.375,,1,true,,,,,,,1,1,0,,,,,,7.2538226,0.1313197,2.9085306,0.091621503,8,0.22774419,0.66875131,62,2,1,1634004.9,0,3,0.090519382,true,,,,,,,,,,,,,,,,,,,,,,,,,,,,,,,,,,,,,,,,,,,,,,,,,,,0,,0.069702469,7,0,false,
153,goblin-twin-solo,yellow-white dwarf (F),false,23.717232,706.52879,714.95235,32.325155,0.61697155,2,false,5.0441934,69.60492,2,blue-giant,1,6,1,0,699.1079,0.19823715,0.044149881,2026,1218,22,37,0.51904204,0.58656921,3,0.22369513,0.013915336,shale,0.1081671,aquifer+aquitard+spring+runoff+karst,0.13405411,23.525183,0.3718593,25.258507,0.1211106,0.41211106,salt,0.05660687,0.00010151769,1,numinous,0,alpine,1.101263,leptosol,0.045378407,5,30.6,153,17.973242,1,0,21.193366,-0.59154234,,,,,0.28815796,,,,,,,,,,,,,0,0,,,,,,,,,,,,,,,,,,,,,0.25,solar,15,organized,7.9142857,,0.93333333,true,,,,,,,1,1,0,,,,,,7.2927361,0.18031082,2.4977551,0.14537864,5,0.57662048,0.81080949,59,2,1,1383106.1,0,4,0.082492288,true,,,,,,,,,,,,,,,,,,,,,,,,,,,,,,,,,,,,,,,,,,,,,,,,,,,0,,0.15331914,7,0,false,
154,goblin-twin-solo,yellow dwarf (G),false,22.645575,519.29135,550.35,28.320501,0.65662556,3,false,3.9696978,86.71288,3,blue-giant,5,5,3,0,514.91866,0.10667371,0.02510919,2383,2057,122,31,0.60912553,0.54568734,3,0.11334896,0.04269811,andesite,0.10979951,aquifer+aquitard+spring+runoff+karst,0.18362376,37.496486,0.41808756,24.861892,0.13434514,0.3621885,salt,0.069333082,0.0016863406,1,numinous,0,ice,-18.630985,leptosol,0.026544251,2,36,72,26.203464,1,0,0.44710113,-0.16046467,,,,,0.21653863,,,,,,,,,,,,,0,0,,,,,,,,,,,,,,,,,,,,,0.42105263,solar,17,organized,8.75,,0.94117647,true,,,,,,,1,1,0,,,,,,6.7006855,0.13264196,3.1305601,0.081612226,10,0.18762101,0.6625212,52,2,2,1536341.6,0,6,0.11693973,true,,,,,,,,,,,,,,,,,,,,,,,,,,,,,,,,,,,,,,,,,,,,,,,,,,,0,,-0.11484298,7,0,false,
155,goblin-twin-solo,yellow dwarf (G),false,21.310357,272.04992,306.38614,28.962636,3.6291329,0,false,-0,,3,sun-like,2,3,1,0,,0.057360754,0.1284783,0,0,0,34,0.68439041,0.46155631,3,0.17699331,0.042502807,evaporite,0.15122215,aquifer+aquitard+spring+runoff+karst,0.25518255,26.168338,0.23700495,24.907904,0.10550743,0.28225557,salt,0.058372318,0,0,,0,temperate-forest,-3.0941258,leptosol,0.086169554,4,41.75,167,42.733027,1,0,6.334086,-0.013152898,,,,,0.16823948,,,,,,,,,,,,,0,0,,,,,,,,,,,,,,,,,,,,,0.33333333,solar,2,organized,5.75,,1,true,,,,,,,1,1,0,,,,,,7.2046328,0.14051444,3.5950351,0.075826376,8,0.34150681,0.70509396,78,1,2,1165484.9,1,5,0.073334239,true,,,,,,,,,,,,,,,,,,,,,,,,,,,,,,,,,,,,,,,,,,,,,,,,,,,0,,-0.0037557117,7,0,false,
156,goblin-twin-solo,yellow dwarf (G),false,31.355273,360.11187,275.63737,28.426518,0.51431101,2,false,7.7834189,20.155725,5,orange-giant,13,7,3,0,347.79414,0.08291114,0.0056438916,1024,613,0,14,0.5307358,0.59645198,3,0.24854743,0.014916264,evaporite,0.12969514,aquifer+aquitard+spring+runoff+karst,0.10217459,27.044812,0.27177193,25.716853,0.12225575,0.37758818,salt,0.054022312,0.0010924982,1,numinous,0,alpine,-3.089103,leptosol,0.046717303,7,41,287,34.372933,1,0,19.792275,-0.037641497,,,,,0.22562689,,,,,,,,,,,,,0,0,,,,,,,,,,,,,,,,,,,,,0.52941176,solar,10,organized,7.962963,,1,true,,,,,,,1,1,0,,,,,,6.249501,0.10290864,2.8479785,0.10290025,6,0.38721257,0.55230632,19,2,2,1619100.6,0,4,0.054348679,true,,,,,,,,,,,,,,,,,,,,,,,,,,,,,,,,,,,,,,,,,,,,,,,,,,,0,,0.073988102,7,0,false,
157,goblin-twin-solo,yellow dwarf (G),false,28.20062,471.69651,401.43501,33.800556,0.18122501,2,false,3.546558,19.018781,4,orange-giant,9,8,1,0,454.7644,0.080568338,0.0038109377,249,160,0,16,0.74573995,0.54392703,3,0.027733021,0.011669352,evaporite,0.17426788,aquifer+aquitard+spring+runoff+karst,0.22198752,20.878117,0.58713394,25.252058,0.12136342,0.37445991,salt,0.047297309,0.00057609217,1,numinous,0,ice,-21.701095,leptosol,0.0078732597,12,23.916667,287,8.3208722,1,0,5.8080784,-0.1260178,,,,,0.26490639,,,,,,,,,,,,,0,0,,,,,,,,,,,,,,,,,,,,,0.45833333,solar,12,organized,8.8611111,,1,true,,,,,,,1,1,0,,,,,,5.8444841,0.13863345,2.8958389,0.075924027,7,0.50417667,0.6019573,45,2,1.5,896810.19,0,4,0.11578301,true,,,,,,,,,,,,,,,,,,,,,,,,,,,,,,,,,,,,,,,,,,,,,,,,,,,0,,-0.36318522,7,0,false,
158,goblin-twin-solo,yellow-white dwarf (F),false,32.323238,472.67126,350.95835,27.259973,0.61875677,2,false,3.3160027,27.03756,4,sun-like,12,9,1,0,460.4247,0.1216425,0.024718254,367,235,1,10,0.6523119,0.55259093,3,0.19154338,0.018041111,shale,0.12842297,aquifer+aquitard+spring+runoff+karst,0.32263727,17.191396,0.64738099,23.941026,0.10777981,0.33464401,salt,0.049658891,0.0052661143,1,numinous,0,ice,1.2510409,leptosol,0.074778823,44,41.113636,1809,34.341721,1,0,21.299893,-0.021509592,,,,,0.1734307,,,,,,,,,,,,,0,0,,,,,,,,,,,,,,,,,,,,,0.38888889,solar,10,organized,11.21875,,1,true,,,,,,,1,1,0,,,,,,6.3296905,0.093383133,3.2890811,0.083369953,8,0.18312035,0.71957424,42,2,2,1247405.3,0,4,0.059869123,true,,,,,,,,,,,,,,,,,,,,,,,,,,,,,,,,,,,,,,,,,,,,,,,,,,,0,,0.025620974,7,0,false,
159,goblin-twin-solo,yellow dwarf (G),false,25.441377,323.98947,305.6339,28.932155,0.72817392,2,false,4.2129567,14.490756,2,red-dwarf,1,3,0,0,309.02774,0.060647505,0.020720344,1650,1644,3,11,0.5783409,0.54863363,3,0.12389532,0.011718178,evaporite,0.1353057,aquifer+aquitard+spring+runoff+karst,0.24195229,19.170777,0.52808013,24.273596,0.065886985,0.41905975,salt,0.049448109,0.0029527559,1,numinous,0,ice,-17.17639,leptosol,0.032248726,13,8.9230769,116,24.052952,1,0,6.709405,-0.32866238,,,,,0.29012274,,,,,,,,,,,,,0,0,,,,,,,,,,,,,,,,,,,,,0.33333333,solar,14,organized,7.2439024,,1,true,,,,,,,0.94736842,1,0.052631579,,,,,,6.2918326,0.11940521,2.8245361,0.10817343,6,0.26540065,0.67522893,34,2,1,1277965.3,0,6,0.074369242,true,,,,,,,,,,,,,,,,,,,,,,,,,,,,,,,,,,,,,,,,,,,,,,,,,,,0,,-0.15047616,7,0,false,
160,goblin-twin-solo,yellow dwarf (G),false,19.425975,367.42944,453.94409,34.127888,0.098712571,2,true,6.4476422,23.775162,3,orange-giant,4,3,0,1,368.21464,0.059317622,0.0033666246,60,34,0,27,0.65690152,0.41369005,5,0.031736732,0.032444705,gneiss,0.13149281,aquifer+aquitard+spring+runoff+karst,0.17738722,56.368809,0.35883023,25.674312,0.10808311,0.30425502,salt,0.061027171,0.00021346236,1,numinous,0,ice,-29.106243,leptosol,0.0039846307,2,34.5,69,10.533895,1,0,3.6076854,-0.041820176,,,,,0.19225843,,,,,,,,,,,,,0,0,,,,,,,,,,,,,,,,,,,,,0.38461538,solar,11,organized,7.1666667,,0.90909091,true,,,,,,,1,1,0,,,,,,8.3596309,0.26030595,3.6829334,0.073043308,7,0.29898961,0.71355746,210,1,2,1382442.9,1,4,0.070074168,true,,,,,,,,,,,,,,,,,,,,,,,,,,,,,,,,,,,,,,,,,,,,,,,,,,,0,,-0.23403937,7,0,false,
161,goblin-twin-solo,yellow dwarf (G),false,37.082059,363.17915,235.05435,0.06900398,0.089715491,3,false,7.6996793,115.64353,4,orange-giant,6,4,1,0,360.86356,0.066702159,0.00084976968,5605,4237,641,8,0.72896831,0.44820753,3,0.066744788,0.0095210195,andesite,0.12862547,aquifer+aquitard+spring+runoff+karst,0.16555576,29.445493,0.25436858,25.725731,0.062150964,0.22959827,salt,0.046711275,0,0,,0,ice,-17.876666,leptosol,0.022878761,5,33,165,23.179124,1,0,6.4923362,-0.30191063,,,,,0.1261034,,,,,,,,,,,,,0,0,,,,,,,,,,,,,,,,,,,,,0.47368421,solar,14,organized,7.3636364,,1,true,,,,,,,1,1,0,,,,,,7.5027214,0.19575544,3.7268098,0.066280943,8,0.25544947,0.81280211,139,1,2,913395.16,0,4,0.056772209,true,,,,,,,,,,,,,,,,,,,,,,,,,,,,,,,,,,,,,,,,,,,,,,,,,,,0,,-0.092665957,7,0,false,
162,goblin-twin-solo,orange dwarf (K),false,34.364424,219.17003,153.06763,34.557977,0.45474563,1,false,1.4712173,9.1688912,3,red-giant,6,4,3,0,204.29187,0.047193917,0.034939118,175,112,0,22,0.56086129,0.56254169,3,0.21056101,0.017137835,evaporite,0.13381143,aquifer+aquitard+spring+runoff+karst,0.22203691,22.562765,0.4675895,24.682144,0.10946186,0.38998221,salt,0.068830982,0.0025572604,1,numinous,0,alpine,-0.86140841,leptosol,0.070435846,18,41.111111,740,26.676634,1,0,18.166909,-0.023213463,,,,,0.24844341,,,,,,,,,,,,,0,0,,,,,,,,,,,,,,,,,,,,,0.41666667,solar,6,organized,8.9,,1,true,,,,,,,1,1,0,,,,,,6.2966796,0.11224448,3.3382603,0.087495728,6,0.331332,0.63625045,43,2,2,1434904.4,0,4,0.071812748,true,,,,,,,,,,,,,,,,,,,,,,,,,,,,,,,,,,,,,,,,,,,,,,,,,,,0,,0.037831611,7,0,false,
163,goblin-twin-solo,orange dwarf (K),false,17.083134,231.96137,325.88124,29.355528,0.37895893,2,false,7.2372908,34.943834,2,orange-giant,7,4,1,0,227.22251,0.036823573,0.027544799,4615,2364,14,23,0.73018896,0.49809989,5,0.033006201,0.031394951,andesite,0.11717336,aquifer+aquitard+spring+runoff+karst,0.15662324,28.73682,0.35305827,25.139635,0.16693811,0.33478104,salt,0.063999234,0.0004524068,1,numinous,0,ice,-27.773415,leptosol,0.0086862106,21,34.952381,734,14.013512,1,0,2.3034529,-0.096441533,,,,,0.21254072,,,,,,,,,,,,,0,0,,,,,,,,,,,,,,,,,,,,,0.45454545,solar,12,organized,7.9111111,,0.91666667,true,,,,,,,1,1,0,,,,,,6.7144125,0.13742957,3.3780694,0.063034032,8,0.30266015,0.76929413,60,1,2,1032037.7,3,7,0.09087316,true,,,,,,,,,,,,,,,,,,,,,,,,,,,,,,,,,,,,,,,,,,,,,,,,,,,0,,-0.25951977,7,0,false,
164,goblin-twin-solo,yellow dwarf (G),false,22.147327,255.48572,276.85767,23.998446,0.010323792,2,true,6.761941,17.052334,3,blue-giant,10,4,3,1,245.37855,0.058610704,0.0003594826,409,260,1,8,0.55954299,0.58469128,3,0.24957277,0.014061813,evaporite,0.14582641,aquifer+aquitard+spring+runoff+karst,0.18556701,25.092972,0.36315264,25.440451,0.13468573,0.3632635,salt,0.038651397,0.00088681964,1,numinous,0,alpine,2.0642643,leptosol,0.084857555,2,42,84,30.933056,1,0,4.5129924,0,,,,,0.24254517,,,,,,,,,,,,,0,0,,,,,,,,,,,,,,,,,,,,,0.35714286,solar,12,organized,10.192308,,0.91666667,true,,,,,,,1,1,0,,,,,,6.7698878,0.12273559,3.0490335,0.097089986,6,0.37135573,0.5170768,54,2,1,1607562.4,1,5,0.078396834,true,,,,,,,,,,,,,,,,,,,,,,,,,,,,,,,,,,,,,,,,,,,,,,,,,,,0,,-0.0050223714,7,0,false,
165,goblin-twin-solo,yellow dwarf (G),false,18.538366,388.03546,502.35555,6.119759,0.47113466,0,false,-0,,4,red-giant,7,4,2,0,,0.080250921,0.0066630463,0,0,0,37,0.49882818,0.57226363,5,0.1306821,0.032517943,shale,0.079984412,aquifer+aquitard+spring+runoff+karst,0.10132008,40.823487,0.31686882,25.737402,0.12967022,0.45535584,salt,0.061152603,0.00014613474,1,numinous,0,ice,-15.166636,leptosol,0.028252716,20,26.15,523,18.595001,1,0,12.424671,-0.55712427,,,,,0.31886599,,,,,,,,,,,,,0,0,,,,,,,,,,,,,,,,,,,,,0.33333333,solar,1,organized,8.5454545,,1,true,,,,,,,1,1,0.1,,,,,,7.7230191,0.157884,2.3244901,0.16544602,5,0.52257782,0.78928262,77,2,1,1876720.1,0,6,0.087551571,true,,,,,,,,,,,,,,,,,,,,,,,,,,,,,,,,,,,,,,,,,,,,,,,,,,,0,,0.010150701,7,0,false,
166,goblin-twin-solo,yellow-white dwarf (F),false,26.840149,937.47348,838.27267,14.286857,2.3863182,1,false,0.20043549,20.817502,4,blue-giant,8,5,2,0,906.3179,0.21787863,0.18350145,811,811,0,22,0.56549973,0.53404877,3,0.13329427,0.0090815878,evaporite,0.15659063,aquifer+aquitard+spring+runoff+karst,0.21833914,23.416097,0.68990898,24.153839,0.073940892,0.38420047,salt,0.066538417,0.0012360939,1,numinous,0,ice,-13.264945,leptosol,0.032419373,4,41.5,166,21.041839,1,0,7.8489043,-0.019911786,,,,,0.2722216,,,,,,,,,,,,,0,0,,,,,,,,,,,,,,,,,,,,,0.22222222,solar,5,organized,9.9285714,,1,true,,,,,,,1,1,0,,,,,,6.1713455,0.12293868,3.2080753,0.08981495,6,0.36071469,0.71155084,34,2,2,1414028.6,1,5,0.078124252,true,,,,,,,,,,,,,,,,,,,,,,,,,,,,,,,,,,,,,,,,,,,,,,,,,,,0,,0.024976393,7,0,false,
167,goblin-twin-solo,yellow-white dwarf (F),false,36.179909,829.60479,550.31965,0.45226184,0.16091978,1,false,6.0164167,35.239027,4,red-giant,9,5,3,0,812.83217,0.19668023,0.0046269899,382,241,0,25,0.58249109,0.54654426,3,0.16439627,0.016820468,evaporite,0.12986785,aquifer+aquitard+spring+runoff+karst,0.21500409,23.812789,0.58753362,24.988843,0.06946556,0.41813823,salt,0.049299688,0.00011694539,1,numinous,0,ice,-12.162073,leptosol,0.039702959,4,41,164,27.455269,1,0,7.3576934,0,,,,,0.30382411,,,,,,,,,,,,,0,0,,,,,,,,,,,,,,,,,,,,,0.2,solar,6,organized,7.25,,1,true,,,,,,,1,1,0,,,,,,6.4384259,0.13605599,2.9725725,0.091670329,5,0.46403929,0.6174718,34,2,1,1403729.3,0,6,0.08917375,true,,,,,,,,,,,,,,,,,,,,,,,,,,,,,,,,,,,,,,,,,,,,,,,,,,,0,,0.12220148,7,0,false,
168,goblin-twin-solo,yellow-white dwarf (F),false,25.535302,893.81318,840.07294,10.014195,0.11309275,1,false,0.54073977,24.503702,4,sun-like,17,7,3,0,874.26984,0.18443719,0.0086198351,20,13,0,23,0.51010693,0.59999003,3,0.068648992,0.016551926,evaporite,0.090845667,aquifer+aquitard+spring+runoff+karst,0.25683959,26.826395,0.7577615,24.255222,0.082523546,0.40499327,salt,0.059088383,0.00074749589,1,numinous,0,ice,-27.592947,leptosol,0.015846913,3,38.666667,116,14.158319,1,0,4.6675874,-0.021097883,,,,,0.27911496,,,,,,,,,,,,,0,0,,,,,,,,,,,,,,,,,,,,,0,solar,8,organized,7.0526316,,1,true,,,,,,,1,1,0,,,,,,6.8550964,0.15081091,2.7562675,0.12191788,6,0.37509344,0.73548549,52,2,1,1541259.5,1,6,0.090886732,true,,,,,,,,,,,,,,,,,,,,,,,,,,,,,,,,,,,,,,,,,,,,,,,,,,,0,,-0.37110889,7,0,false,
169,goblin-twin-solo,yellow-white dwarf (F),false,21.952439,665.59119,727.67261,6.6319033,1.8954001,1,false,0.26452865,8.1926563,3,red-giant,3,4,0,0,615.9001,0.12401623,0.139147,45,29,0,17,0.50366193,0.5504894,3,0.064010546,0.015209218,shale,0.10422508,aquifer+aquitard+spring+runoff+karst,0.086665683,27.065377,0.40607939,25.468765,0.10550391,0.44306724,salt,0.057806469,0,0,,0,ice,-27.027028,leptosol,0.016674045,2,36.5,73,10.549969,1,0,7.5278522,-0.039528364,,,,,0.30755988,,,,,,,,,,,,,0,0,,,,,,,,,,,,,,,,,,,,,0.28571429,solar,5,organized,8.6666667,,1,true,,,,,,,1,1,0,,,,,,8.3803301,0.1590049,2.1596527,0.20077145,6,0.68855442,0.61218001,58,3,1,1405700.6,0,6,0.086295978,true,,,,,,,,,,,,,,,,,,,,,,,,,,,,,,,,,,,,,,,,,,,,,,,,,,,0,,-0.43870348,7,0,false,
170,goblin-twin-solo,yellow dwarf (G),false,32.769617,414.64134,303.6774,27.043369,0.45559445,3,false,4.0366992,42.535283,4,red-giant,6,3,1,0,407.66634,0.074573728,0.011714708,882,560,15,38,0.50742151,0.54339099,3,0.090815878,0.020262682,shale,0.078257422,aquifer+aquitard+spring+runoff+karst,0.095603905,30.080715,0.49462259,24.796721,0.1060118,0.47053576,salt,0.063106358,0.00079298211,1,numinous,0,ice,-26.16134,leptosol,0.02616841,1,12,12,16.872227,1,0,12.504456,,,,,,0.31283144,,,,,,,,,,,,,0,0,,,,,,,,,,,,,,,,,,,,,0.4375,solar,15,organized,7.8709677,,1,true,,,,,,,1,1,0,,,,,,8.6142232,0.19773021,2.2503862,0.19937991,5,0.56212519,0.72071933,63,2,2,1511522.4,2,6,0.067000423,true,,,,,,,,,,,,,,,,,,,,,,,,,,,,,,,,,,,,,,,,,,,,,,,,,,,0,,-0.39928676,7,0,false,
171,goblin-twin-solo,yellow dwarf (G),false,27.658937,432.59228,375.36564,10.132117,1.6727349,2,false,1.4748137,57.397938,3,red-dwarf,4,6,1,0,427.12575,0.084870449,0.12909384,2481,2141,126,23,0.58835018,0.54204721,3,0.10482887,0.038572335,evaporite,0.1151109,aquifer+aquitard+spring+runoff+karst,0.23099276,27.068205,0.62798007,24.692112,0.10544419,0.39835132,salt,0.061183218,0.00011860989,1,numinous,0,ice,-19.008864,leptosol,0.02194283,7,39.857143,279,22.083921,1,0,9.5201422,-0.0382965,,,,,0.27600522,,,,,,,,,,,,,0,0,,,,,,,,,,,,,,,,,,,,,0.25,solar,9,organized,9.72,,1,true,,,,,,,1,1,0,,,,,,6.5335595,0.14215226,3.2234866,0.086177433,5,0.53949709,0.74111106,39,2,1,1408171.8,1,3,0.11327169,true,,,,,,,,,,,,,,,,,,,,,,,,,,,,,,,,,,,,,,,,,,,,,,,,,,,0,,-0.13074087,7,0,false,
172,goblin-twin-solo,yellow dwarf (G),false,33.38472,443.22904,318.63371,13.848405,1.626941,1,false,0.57628613,6.9392206,4,orange-giant,3,4,1,0,486.02979,0.073569288,0.077326749,26,17,0,10,0.5838338,0.58098199,3,0.034544212,0.019627948,shale,0.11374435,aquifer+aquitard+spring+runoff+karst,0.13803015,31.741689,0.29119493,25.872477,0.088402651,0.37437672,salt,0.061339079,0.00041062944,1,numinous,0,ice,-30.355738,leptosol,0.0035783422,2,2.5,5,7.8589688,1,0,8.1118859,-0.5849625,,,,,0.22132927,,,,,,,,,,,,,0,0,,,,,,,,,,,,,,,,,,,,,0,solar,5,organized,6.5,,1,true,,,,,,,1,1,0.02173913,,,,,,7.072723,0.11548626,2.820165,0.1045115,10,0.40417669,0.54582296,36,2,1,1705388.2,0,5,0.074814237,true,,,,,,,,,,,,,,,,,,,,,,,,,,,,,,,,,,,,,,,,,,,,,,,,,,,0,,-0.28886495,7,0,false,
173,goblin-twin-solo,yellow dwarf (G),false,37.468572,337.84121,216.39973,28.953895,0.76634162,2,false,5.1925059,21.991274,4,orange-giant,10,6,2,0,327.3075,0.077515058,0.00010296387,617,391,8,39,0.72581905,0.51277713,3,0.16207705,0.0189688,evaporite,0.14157243,aquifer+aquitard+spring+runoff+karst,0.13845606,28.378397,0.18217434,25.855487,0.11468258,0.36701986,salt,0.05665874,0.000089039266,1,numinous,0,ice,-1.5391375,leptosol,0.084409224,50,35.54,1777,38.218049,1,0,11.550519,-0.11149491,,,,,0.2671178,,,,,,,,,,,,,0,0,,,,,,,,,,,,,,,,,,,,,0.47540984,solar,11,organized,7.0555556,,1,true,,,,,,,1,1,0.01369863,,,,,,6.5720387,0.10785543,3.2283323,0.066110053,11,0.32107559,0.73027534,51,2,2,1124562.1,2,6,0.092830189,true,,,,,,,,,,,,,,,,,,,,,,,,,,,,,,,,,,,,,,,,,,,,,,,,,,,0,,-0.039399924,7,0,false,
174,goblin-twin-solo,orange dwarf (K),false,34.371707,355.24986,248.05275,18.236786,0.62468375,1,false,0.62295863,6.1741131,3,blue-giant,10,4,2,0,375.23448,0.05598592,0.04422312,13,9,0,29,0.69962404,0.53982445,3,0.024095503,0.036082223,shale,0.10240572,aquifer+aquitard+spring+runoff+karst,0.19229519,32.018425,0.51609233,24.774064,0.16157347,0.35898895,salt,0.069873255,0.00048764629,1,numinous,0,ice,-31.934124,leptosol,0.0020318596,4,34,136,7.905328,1,0,8.0011496,-0.066241045,,,,,0.19229519,,,,,,,,,,,,,0,0,,,,,,,,,,,,,,,,,,,,,0.16666667,solar,8,folk,8.85,,0.75,true,,,,,,,1,1,0,,,,,,7.1653872,0.14356037,2.8952169,0.084761486,11,0.2531697,0.64672556,49,2,1,1216880.5,0,5,0.059024748,true,,,,,,,,,,,,,,,,,,,,,,,,,,,,,,,,,,,,,,,,,,,,,,,,,,,0,,-0.29866302,7,0,false,
175,goblin-twin-solo,yellow-white dwarf (F),false,31.653353,1055.38,800.20341,7.8830545,0.64674406,2,false,0.63270784,36.235432,2,sun-like,7,5,1,0,1034.7713,0.22512591,0.048218001,257,166,1,23,0.72679557,0.45804664,3,0.054636004,0.024681412,evaporite,0.13537664,aquifer+aquitard+spring+runoff+karst,0.1705835,34.12633,0.45733178,25.169821,0.10142078,0.35957466,salt,0.047794907,0.00089357519,1,numinous,0,ice,-24.109909,leptosol,0.019837369,3,36.333333,109,17.425527,1,0,7.8710676,-0.026510567,,,,,0.25234563,,,,,,,,,,,,,0,0,,,,,,,,,,,,,,,,,,,,,0.30769231,solar,10,organized,9.7826087,,1,true,,,,,,,1,1,0,,,,,,6.4253535,0.12790948,3.3559941,0.066354182,9,0.19792691,0.78426665,56,2,2,1086899.4,0,6,0.064015285,true,,,,,,,,,,,,,,,,,,,,,,,,,,,,,,,,,,,,,,,,,,,,,,,,,,,0,,-0.049800717,7,0,false,
176,goblin-twin-solo,orange dwarf (K),false,38.105056,167.24158,105.33505,20.925869,0.63326341,1,false,2.1033348,8.6021601,2,sun-like,0,0,0,0,165.6612,0.033242366,0.022810199,38,23,0,27,0.67035301,0.53062282,3,0.16100288,0.0073238611,shale,0.12019551,aquifer+aquitard+spring+runoff+karst,0.13982078,19.478013,0.43538473,24.822327,0.18788417,0.38421092,salt,0.054763883,0.0039991113,1,numinous,0,ice,-5.6041596,leptosol,0.042953418,3,10.666667,32,37.142077,1,0,17.501759,-0.58992825,,,,,0.2537214,,,,,,,,,,,,,0,0,,,,,,,,,,,,,,,,,,,,,0.38461538,solar,10,organized,7.7826087,,1,true,,,,,,,1,1,0,,,,,,6.0649969,0.10300681,3.0495455,0.081612226,8,0.2615715,0.6847123,30,2,2,1039141.8,0,7,0.11055021,true,,,,,,,,,,,,,,,,,,,,,,,,,,,,,,,,,,,,,,,,,,,,,,,,,,,0,,0.017284327,7,0,false,
177,goblin-twin-solo,yellow-white dwarf (F),false,23.297191,486.7465,501.43023,26.149568,2.6054237,1,false,0.45520007,6.3975158,4,red-giant,7,4,2,0,517.7919,0.11874411,0.15781876,10,6,0,38,0.69398467,0.42050259,3,0.18016698,0.022923685,gneiss,0.16625449,aquifer+aquitard+spring+runoff+karst,0.20063821,28.39144,0.68615876,24.51954,0.17846031,0.31360191,salt,0.084565028,0.00079776625,1,numinous,0,temperate-forest,-0.1167861,leptosol,0.050339051,28,34.392857,963,42.834707,1,0,2.8394456,-0.10359596,,,,,0.17901875,,,,,,,,,,,,,0,0,,,,,,,,,,,,,,,,,,,,,0.38235294,solar,6,organized,8.175,,1,true,,,,,,,1,1,0,,,,,,6.975876,0.12442861,3.3898325,0.073800107,12,0.14487435,0.7109272,75,1,2,1149571.5,1,5,0.091345604,true,,,,,,,,,,,,,,,,,,,,,,,,,,,,,,,,,,,,,,,,,,,,,,,,,,,0,,-0.082699109,7,0,false,
178,goblin-twin-solo,yellow dwarf (G),false,34.709358,412.87868,285.48751,7.7174479,0.75264507,0,false,-0,,4,red-giant,8,4,0,0,,0.073142709,0.054060335,0,0,0,27,0.73111664,0.51752315,3,0.056466969,0.024388458,shale,0.14708553,aquifer+aquitard+spring+runoff+karst,0.11585255,26.283975,0.48329399,25.109529,0.10986018,0.33829671,salt,0.064808157,0.00045396768,1,numinous,0,ice,-20.897292,leptosol,0.018067914,21,33.190476,697,14.481569,1,0,10.451677,-0.0747406,,,,,0.2120937,,,,,,,,,,,,,0,0,,,,,,,,,,,,,,,,,,,,,0.40909091,solar,1,organized,6.4347826,,1,true,,,,,,,1,1,0.024096386,,,,,,6.4178346,0.1182991,3.0330516,0.073946585,12,0.23506446,0.69169619,39,2,2,1105299.8,0,7,0.072058189,true,,,,,,,,,,,,,,,,,,,,,,,,,,,,,,,,,,,,,,,,,,,,,,,,,,,0,,-0.17499663,7,0,false,
179,goblin-twin-solo,orange dwarf (K),false,20.550576,241.27483,281.77293,19.099623,3.2917427,0,false,-0,,5,red-giant,4,4,1,0,,0.045588638,0.13211861,0,0,0,35,0.51372003,0.5438526,3,0.16495777,0.027855085,shale,0.082132637,aquifer+aquitard+spring+runoff+karst,0.082735077,35.507951,0.36000803,25.548439,0.14830062,0.45549475,salt,0.064977138,0.0015060997,1,numinous,0,ice,-15.486683,leptosol,0.046839701,7,41.285714,289,26.93602,1,0,10.262006,-0.022333739,,,,,0.32446408,,,,,,,,,,,,,0,0,,,,,,,,,,,,,,,,,,,,,0.22222222,solar,2,organized,10.090909,,1,true,,,,,,,1,1,0,,,,,,8.384614,0.19346728,2.144464,0.19923344,7,0.29579798,0.73886878,73,2,1,1536732,1,4,0.13947508,true,,,,,,,,,,,,,,,,,,,,,,,,,,,,,,,,,,,,,,,,,,,,,,,,,,,0,,-0.14574531,7,0,false,
180,goblin-twin-solo,yellow dwarf (G),false,37.265691,399.48659,257.27896,7.3806653,0.042540616,1,false,0.67007775,9.7247781,2,sun-like,2,3,0,0,373.54755,0.064463462,0.0024827253,122,80,0,36,0.70760705,0.39225182,3,0.034568625,0.030003418,gneiss,0.17533606,aquifer+aquitard+spring+runoff+karst,0.20430826,41.710666,0.40594473,24.699818,0.13225349,0.31627286,salt,0.07056832,0.0020038407,1,numinous,0,ice,-27.715556,leptosol,0.0035067212,3,30.666667,92,9.4036235,1,0,6.1645048,-0.31558799,,,,,0.19512399,,,,,,,,,,,,,0,0,,,,,,,,,,,,,,,,,,,,,0.375,solar,5,organized,7.5384615,,1,true,,,,,,,1,1,0,,,,,,7.4929214,0.18517971,3.5654917,0.069137249,8,0.1974618,0.69679215,118,1,2,1135669.2,1,4,0.099722939,true,,,,,,,,,,,,,,,,,,,,,,,,,,,,,,,,,,,,,,,,,,,,,,,,,,,0,,-0.33281353,7,0,false,
181,goblin-twin-solo,yellow dwarf (G),false,22.618257,300.82817,319.20568,23.664372,0.87992889,2,false,3.5152473,23.844183,3,blue-giant,3,3,0,0,292.01426,0.060798016,0.069927449,3172,3072,75,24,0.51127875,0.60572456,3,0.15758508,0.009984864,shale,0.091313252,aquifer+aquitard+spring+runoff+karst,0.095459314,30.819077,0.37889005,25.597867,0.095209551,0.36934912,salt,0.078140119,0.00049952545,1,numinous,0,ice,-12.868424,leptosol,0.033967731,4,41.75,167,27.524866,1,0,13.473479,-0.013152898,,,,,0.22608522,,,,,,,,,,,,,0,0,,,,,,,,,,,,,,,,,,,,,0.44444444,solar,14,organized,7.28125,,0.92857143,true,,,,,,,1,1,0,,,,,,7.1749901,0.14294783,2.6275897,0.13058444,9,0.304211,0.70960891,45,2,2,1798693.5,2,5,0.094518838,true,,,,,,,,,,,,,,,,,,,,,,,,,,,,,,,,,,,,,,,,,,,,,,,,,,,0,,-0.14112843,7,0,false,
182,goblin-twin-solo,yellow-white dwarf (F),false,16.278331,784.49872,1156.6278,33.925079,0.31601019,3,false,7.6940402,85.185592,2,red-dwarf,7,8,5,0,777.73079,0.19965771,0.017785552,4480,4291,191,16,0.50954543,0.62354405,5,0.14518334,0.01616132,evaporite,0.081184669,aquifer+aquitard+spring+runoff+karst,0.1580886,28.723034,0.30955699,25.562431,0.092832255,0.44713788,salt,0.049778919,0.0018914883,1,numinous,0,ice,-11.818312,leptosol,0.021652563,8,41.375,331,26.234755,1,0,12.944043,-0.020155082,,,,,0.31826779,,,,,,,,,,,,,0,0,,,,,,,,,,,,,,,,,,,,,0.45833333,solar,16,organized,9.175,,1,true,,,,,,,1,1,0,,,,,,7.066703,0.16331141,2.5323475,0.14730726,7,0.36829268,0.65851887,62,2,1,1530817.9,0,4,0.08765088,true,,,,,,,,,,,,,,,,,,,,,,,,,,,,,,,,,,,,,,,,,,,,,,,,,,,0,,-0.07358441,7,0,false,
183,goblin-twin-solo,yellow dwarf (G),true,,270.11064,,26.158534,0.79989761,1,false,1.3923958,14.535814,3,red-dwarf,6,4,1,0,257.70266,0.06877132,,495,312,0,40,0.62311411,0.58284752,locked,0.08334554,0.036326351,shale,0.11309755,aquifer+aquitard+spring+runoff+karst,0.11102474,45.735292,0.32245109,25.599799,0.15772768,0.3731701,salt,0.074545354,0.0022023578,1,numinous,0,ice,-22.457466,leptosol,0.030250032,6,39.333333,236,1.0902351,1,0,48.286345,-0.045238863,,,,,0.20915922,,,,,,,,,,,,,0,0,,,,,,,,,,,,,,,,,,,,,0,solar,3,folk,7.1666667,,0.66666667,true,,,,,,,1,1,0,,,,,,7.0075414,0.1194252,2.7138914,0.10233875,10,0.21311051,0.73579293,50,2,1,1635189.1,2,4,0.14461886,true,,,,,,,,,,,,,,,,,,,,,,,,,,,,,,,,,,,,,,,,,,,,,,,,,,,0,,0.12699591,7,0,false,
184,goblin-twin-solo,yellow dwarf (G),false,38.671527,394.22459,244.66037,19.459747,0.33244727,3,false,7.8366785,35.301191,4,orange-giant,18,10,4,0,386.34019,0.067477664,0.0036324635,475,303,3,25,0.58988819,0.52640038,3,0.04728773,0.006786778,shale,0.11387583,aquifer+aquitard+spring+runoff+karst,0.25025299,25.497946,0.58979701,24.468894,0.11060182,0.39502351,salt,0.056798064,0.00089291029,1,numinous,0,ice,-27.053684,leptosol,0.01125067,25,27.96,699,12.036853,1,0,5.1736048,-0.31132164,,,,,0.25441991,,,,,,,,,,,,,0,0,,,,,,,,,,,,,,,,,,,,,0.5,solar,15,folk,10.818182,,1,true,,,,,,,1,1,0,,,,,,6.8402126,0.11063459,3.0011977,0.095405498,9,0.21400083,0.82816073,49,2,2,1442528.7,1,6,0.074618181,true,,,,,,,,,,,,,,,,,,,,,,,,,,,,,,,,,,,,,,,,,,,,,,,,,,,0,,-0.41441098,7,0,false,
185,goblin-twin-solo,yellow-white dwarf (F),false,34.185528,959.79362,673.82453,24.381095,0.78198594,0,false,-0,,4,sun-like,12,4,4,0,,0.210605,0.055363143,0,0,0,26,0.51623456,0.57211344,3,0.11051706,0.013890923,shale,0.10738797,aquifer+aquitard+spring+runoff+karst,0.081197013,27.050995,0.28845377,25.709859,0.12010497,0.40124142,salt,0.057511169,0.00055510698,1,numinous,0,ice,-20.100013,leptosol,0.025030279,6,16.166667,97,18.87797,1,0,7.2290502,-0.33875048,,,,,0.26069843,,,,,,,,,,,,,0,0,,,,,,,,,,,,,,,,,,,,,0.44444444,solar,3,organized,8.5833333,,0.66666667,true,,,,,,,1,1,0,,,,,,7.8202365,0.16640591,2.4213872,0.14960207,7,0.25671175,0.68022332,53,2,1,1673837.3,2,7,0.073582406,true,,,,,,,,,,,,,,,,,,,,,,,,,,,,,,,,,,,,,,,,,,,,,,,,,,,0,,-0.23666045,7,0,false,
186,goblin-twin-solo,yellow dwarf (G),false,26.122191,405.26959,372.34512,18.893346,0.67844488,3,false,6.2650883,31.408682,2,white-dwarf,10,7,3,0,396.23673,0.066607781,0.049228645,1497,811,30,33,0.5125238,0.55724159,3,0.046115912,0.013305014,shale,0.10767228,aquifer+aquitard+spring+runoff+karst,0.10992588,34.32425,0.41145833,25.360639,0.12034255,0.40945513,salt,0.053969166,0.00040064103,1,numinous,0,ice,-31.433047,leptosol,0.0087139423,4,25,100,8.1132095,1,0,7.7556717,-0.11702539,,,,,0.27569111,,,,,,,,,,,,,0,0,,,,,,,,,,,,,,,,,,,,,0.44444444,solar,14,folk,6.34375,,1,true,,,,,,,1,1,0,,,,,,8.0977632,0.17479356,2.4516326,0.1521166,9,0.26116787,0.72172879,44,2,1.5,1655935.2,1,5,0.080747835,true,,,,,,,,,,,,,,,,,,,,,,,,,,,,,,,,,,,,,,,,,,,,,,,,,,,0,,-0.43964048,7,0,false,
187,goblin-twin-solo,yellow-white dwarf (F),false,22.666407,677.26717,717.11462,15.53753,3.0311552,1,false,0.45158257,24.307097,5,sun-like,12,4,2,0,657.77584,0.12399655,0.16642621,1311,1107,0,16,0.60973585,0.51701489,3,0.042673698,0.0075924027,shale,0.12942575,aquifer+aquitard+spring+runoff+karst,0.228575,19.572039,0.49386964,24.932626,0.097335168,0.33491805,salt,0.060143825,0,0,,0,ice,-29.645108,leptosol,0.0083197798,4,3,12,10.575348,1,0,7.3485333,-0.43212557,,,,,0.21744026,,,,,,,,,,,,,0,0,,,,,,,,,,,,,,,,,,,,,0.33333333,solar,8,organized,6.65,,0.875,true,,,,,,,1,1,0,,,,,,6.7323573,0.087870473,3.1379661,0.090669401,8,0.56968598,0.68274254,42,2,1,1344179.5,1,5,0.074295618,true,,,,,,,,,,,,,,,,,,,,,,,,,,,,,,,,,,,,,,,,,,,,,,,,,,,0,,-0.31471031,7,0,false,
188,goblin-twin-solo,orange dwarf (K),false,27.134355,236.10972,208.83611,5.7828569,0.83524353,2,true,3.3033242,22.777974,2,red-giant,1,3,1,1,228.89208,0.042906084,0.044256721,4924,3462,125,12,0.68036229,0.46475216,3,0.15731654,0.0055661345,sandstone,0.1943023,aquifer+aquitard+spring+runoff+karst,0.20094707,20.694169,0.40991369,24.745663,0.089895364,0.2755671,salt,0.051613037,0.0025204308,1,numinous,0,taiga,-8.5641697,leptosol,0.06736424,9,6.3333333,57,29.496246,1,0,5.3208509,-0.20251791,,,,,0.16230047,,,,,,,,,,,,,0,0,,,,,,,,,,,,,,,,,,,,,0.3,solar,11,organized,7.5483871,,0.81818182,true,,,,,,,1,1,0,,,,,,6.8347141,0.15359481,3.5342838,0.073555979,9,0.32528832,0.71069528,87,2,2,1067510,0,5,0.039900157,true,,,,,,,,,,,,,,,,,,,,,,,,,,,,,,,,,,,,,,,,,,,,,,,,,,,0,,0.1543821,7,0,false,
189,goblin-twin-solo,yellow-white dwarf (F),false,25.237594,661.81383,629.35999,30.693614,2.3545845,1,false,0.23849182,9.244198,2,sun-like,4,3,0,0,616.81713,0.19894585,0.081451304,92,61,0,35,0.51926175,0.5721105,3,0.21519945,0.035178946,shale,0.086126346,aquifer+aquitard+spring+runoff+karst,0.071653463,35.587471,0.24344912,26.09369,0.17824497,0.43763965,salt,0.07263933,0.000050782043,1,numinous,0,alpine,7.9256778,leptosol,0.053879748,8,41.625,333,8.2837582,1,0,16.227438,-0.016131059,,,,,0.31002438,,,,,,,,,,,,,0,0,,,,,,,,,,,,,,,,,,,,,0.38888889,solar,10,organized,8.1071429,,0.9,true,,,,,,,1,1,0,,,,,,8.5001929,0.19733904,2.2669397,0.17606562,5,0.30728215,0.71689859,80,2,1,1602182.7,1,3,0.09263965,true,,,,,,,,,,,,,,,,,,,,,,,,,,,,,,,,,,,,,,,,,,,,,,,,,,,0,,0.040967892,7,0,false,
190,goblin-twin-solo,yellow-white dwarf (F),false,37.476964,605.8202,387.96325,30.995454,0.36318973,1,false,7.6553935,35.267619,5,sun-like,11,5,3,0,593.69723,0.1545908,0.028613522,259,165,0,10,0.6855134,0.46630958,3,0.19273961,0.025902056,andesite,0.16131036,aquifer+aquitard+spring+runoff+karst,0.24677845,32.591716,0.46087564,24.818465,0.096646483,0.32836516,salt,0.06785771,0.00069864928,1,numinous,0,temperate-forest,2.8940697,leptosol,0.094705791,12,40.833333,490,38.991614,0.99936669,0,16.763856,-0.022016488,,,,,0.19771775,,,,,,,,,,,,,0,0,,,,,,,,,,,,,,,,,,,,,0.22222222,solar,6,organized,8.4583333,,1,true,,,,,,,1,1,0,,,,,,7.1702272,0.13739542,3.4103657,0.075850789,8,0.39823009,0.65242908,86,2,2,1293003.3,1,4,0.052289575,true,,,,,,,,,,,,,,,,,,,,,,,,,,,,,,,,,,,,,,,,,,,,,,,,,,,0,,-0.0055333213,7,0,false,
191,goblin-twin-solo,yellow-white dwarf (F),false,32.357458,840.62313,623.50248,25.401733,1.2218794,1,false,0.28666134,13.89604,2,red-giant,3,3,1,0,810.32147,0.15343215,0.055890248,13,8,0,32,0.63075533,0.47887603,3,0.027659782,0.030003418,shale,0.14234711,aquifer+aquitard+spring+runoff+karst,0.082644628,38.783678,0.25864463,25.495744,0.11034711,0.31424793,salt,0.070773781,0.001322314,1,numinous,0,ice,-32.301487,leptosol,0.00072727273,10,31.7,317,8.447754,1,0,13.55,-0.038284592,,,,,0.17520661,,,,,,,,,,,,,0,0,,,,,,,,,,,,,,,,,,,,,0.1875,solar,6,organized,11.227273,,1,true,,,,,,,1,1,0,,,,,,7.1712239,0.11677317,2.9468809,0.091060007,9,0.22142149,0.80715358,47,2,2,1564699.6,0,5,0.10929777,true,,,,,,,,,,,,,,,,,,,,,,,,,,,,,,,,,,,,,,,,,,,,,,,,,,,0,,-0.27415458,7,0,false,
192,goblin-twin-solo,yellow-white dwarf (F),false,19.86065,1025.2107,1238.8847,21.190762,0.60728336,1,false,2.26845,38.457861,4,blue-giant,7,3,2,0,1006.1853,0.19713064,0.043646197,228,145,0,38,0.64332796,0.50561259,5,0.030931107,0.039988282,gneiss,0.1275154,aquifer+aquitard+spring+runoff+karst,0.11245722,27.161428,0.39671458,24.804429,0.10732375,0.38062971,salt,0.072038192,0.0021902806,1,numinous,0,ice,-29.189989,leptosol,0.005065024,31,21.935484,680,9.0734065,1,0,9.5689248,-0.37763213,,,,,0.2431896,,,,,,,,,,,,,0,0,,,,,,,,,,,,,,,,,,,,,0.48648649,solar,6,organized,7.5348837,,1,true,,,,,,,1,1,0,,,,,,6.8304109,0.14531991,3.3684849,0.077486451,8,0.26433949,0.74506796,64,2,2,1236253.3,2,6,0.065593705,true,,,,,,,,,,,,,,,,,,,,,,,,,,,,,,,,,,,,,,,,,,,,,,,,,,,0,,-0.22428771,7,0,false,
193,goblin-twin-solo,yellow dwarf (G),false,38.641856,471.69543,292.96445,3.6236861,0.52014276,2,false,4.8129774,31.139307,4,blue-giant,1,3,0,0,460.99984,0.090134076,0.00099870639,448,285,3,27,0.68568429,0.42780583,3,0.080171867,0.025877643,gneiss,0.15557282,aquifer+aquitard+spring+runoff+karst,0.18275728,32.38863,0.44062136,24.525348,0.15805825,0.30384466,salt,0.070934874,0.000077669903,1,numinous,0,ice,-18.371111,leptosol,0.025009709,4,39.25,157,21.978715,1,0,8.6113138,-0.018553035,,,,,0.18648544,,,,,,,,,,,,,0,0,,,,,,,,,,,,,,,,,,,,,0.57142857,solar,10,organized,7.5,,0.9,true,,,,,,,1,1,0,,,,,,7.253983,0.15367923,3.4874006,0.071993555,10,0.24559223,0.75862362,81,1,2,1184976.3,1,4,0.093085417,true,,,,,,,,,,,,,,,,,,,,,,,,,,,,,,,,,,,,,,,,,,,,,,,,,,,0,,-0.2294709,7,0,false,
194,goblin-twin-solo,orange dwarf (K),false,25.040299,128.30347,122.97311,23.82648,0.043641728,1,false,6.4007703,17.034846,2,sun-like,1,3,0,0,123.2479,0.031529471,0.0030504682,647,378,0,21,0.65768273,0.56097561,3,0.1583907,0.015331283,evaporite,0.14983597,aquifer+aquitard+spring+runoff+karst,0.097560976,24.106826,0.36713736,25.444565,0.13122236,0.35208957,salt,0.055029667,0.00042789902,1,numinous,0,alpine,17.825414,leptosol,0.053915276,38,40.263158,1530,5.2214285,1,0,11.748568,-0.03714817,,,,,0.23684211,,,,,,,,,,,,,0,0,,,,,,,,,,,,,,,,,,,,,0.57777778,solar,7,organized,8.7884615,,0.85714286,true,,,,,,,1,1,0,,,,,,5.8979691,0.1003685,3.3425152,0.067916606,10,0.25545571,0.60083794,40,2,2,1212581.5,0,5,0.071766361,true,,,,,,,,,,,,,,,,,,,,,,,,,,,,,,,,,,,,,,,,,,,,,,,,,,,0,,-0.10935862,7,0,false,
195,goblin-twin-solo,yellow dwarf (G),false,26.950265,348.11839,310.00962,2.6305657,0.55260456,2,false,7.7952575,30.694119,3,red-giant,16,5,4,0,340.18776,0.059919123,0.0085235209,473,347,0,27,0.65782921,0.58811358,3,0.056051951,0.016356623,andesite,0.12949486,aquifer+aquitard+spring+runoff+karst,0.15482306,32.297401,0.48936929,25.005945,0.1286387,0.36693779,salt,0.064708084,0.0011415525,1,numinous,0,ice,-24.83427,leptosol,0.01369863,5,5.2,26,12.808355,1,0,2.0546381,-0.22794684,,,,,0.23544521,,,,,,,,,,,,,0,0,,,,,,,,,,,,,,,,,,,,,0.4375,solar,11,organized,9.7777778,,1,true,,,,,,,1,1,0.036363636,,,,,,6.0361899,0.1064037,3.1760901,0.075411357,6,0.71767979,0.76363278,43,2,2,1326948.5,0,6,0.13121274,true,,,,,,,,,,,,,,,,,,,,,,,,,,,,,,,,,,,,,,,,,,,,,,,,,,,0,,-0.24747474,7,0,false,
196,goblin-twin-solo,yellow-white dwarf (F),false,31.72858,527.49897,399.00856,10.946788,1.7898339,0,false,-0,,5,red-giant,1,3,1,0,,0.1499327,0.063585631,0,0,0,35,0.70128412,0.59643674,3,0.16849763,0.030809043,sandstone,0.097499183,aquifer+aquitard+spring+runoff+karst,0.0052304675,36.617531,0.034243217,26.570409,0.17881661,0.33254331,salt,0.057025682,0,0,,0,alpine,9.0276986,leptosol,0.058107225,3,41.666667,125,8.4675676,1,0,4.6803949,-0.019572581,,,,,0.1800425,,,,,,,,,,,,,0,0,,,,,,,,,,,,,,,,,,,,,0.33333333,solar,3,organized,6.4444444,,0.33333333,true,,,,,,,1,1,0,,,,,,7.3279613,0.14888166,2.7142899,0.091865632,10,0.17571102,0.74465812,65,2,2,1356906.3,1,5,0.079091914,true,,,,,,,,,,,,,,,,,,,,,,,,,,,,,,,,,,,,,,,,,,,,,,,,,,,0,,0.021093557,7,0,false,
197,goblin-twin-solo,yellow dwarf (G),false,33.316155,338.4814,243.83227,0.94997205,0.97737586,1,false,0.72548286,9.6072597,2,orange-giant,4,3,0,0,316.22449,0.07457341,0.038518865,184,114,0,26,0.64689224,0.59409569,3,0.17403935,0.016210146,andesite,0.1147677,aquifer+aquitard+spring+runoff+karst,0.065542035,33.781078,0.1621958,26.586563,0.092228982,0.33559181,salt,0.054114844,0,0,,0,ice,-6.6604606,leptosol,0.042934181,3,14,42,33.840116,1,0,10.816456,-0.64234791,,,,,0.20568308,,,,,,,,,,,,,0,0,,,,,,,,,,,,,,,,,,,,,0.22222222,solar,6,organized,6.6,,1,true,,,,,,,1,1,0,,,,,,6.7142033,0.11535527,3.3547325,0.072432987,12,0.31830752,0.81686967,61,2,2,1506685.8,1,5,0.10414914,true,,,,,,,,,,,,,,,,,,,,,,,,,,,,,,,,,,,,,,,,,,,,,,,,,,,0,,0.10525128,7,0,false,
198,goblin-twin-solo,yellow-white dwarf (F),false,39.303641,623.53936,380.75212,15.112865,0.077530012,2,false,2.6132899,47.29624,5,sun-like,4,4,0,0,614.04914,0.19274669,0.00062437109,657,418,4,29,0.66554367,0.53569343,3,0.12968117,0.02075094,evaporite,0.12372263,aquifer+aquitard+spring+runoff+karst,0.024452555,30.470123,0.17131387,25.915189,0.15058394,0.45277372,salt,0.059541302,0.0032116788,1,numinous,0,alpine,7.9050188,leptosol,0.03540146,10,41.8,418,10.36797,1,0,28.607783,-0.0073695499,,,,,0.32459854,,,,,,,,,,,,,0,0,,,,,,,,,,,,,,,,,,,,,0.47368421,solar,9,organized,9.2857143,,1,true,,,,,,,1,1,0,,,,,,7.0623286,0.1345541,3.2040138,0.077169084,9,0.32430657,0.68765332,63,2,2,1277970.1,0,4,0.071170735,true,,,,,,,,,,,,,,,,,,,,,,,,,,,,,,,,,,,,,,,,,,,,,,,,,,,0,,-0.0080261426,7,0,false,
199,goblin-twin-solo,yellow dwarf (G),false,34.430627,286.73768,199.87159,11.416359,1.529322,1,false,1.3139913,9.2978682,3,blue-giant,8,6,2,0,267.37142,0.06752509,0.012632283,197,118,0,12,0.52673209,0.48648509,3,0.23001807,0.015233631,shale,0.071546477,aquifer+aquitard+spring+runoff+karst,0.12189209,31.297485,0.37857217,25.854161,0.11606314,0.4430001,salt,0.049762527,0.0023728464,1,numinous,0,ice,-2.1562397,leptosol,0.039874136,22,20.181818,444,29.348437,1,0,12.815491,-0.42191394,,,,,0.31481481,,,,,,,,,,,,,0,0,,,,,,,,,,,,,,,,,,,,,0.42857143,solar,6,organized,8.9705882,,0.83333333,true,,,,,,,1,1,0,,,,,,8.8519486,0.18941763,1.8415212,0.25733607,6,0.68255442,0.68246179,70,3,1,1395492.9,0,4,0.10038585,true,,,,,,,,,,,,,,,,,,,,,,,,,,,,,,,,,,,,,,,,,,,,,,,,,,,0,,-0.067303421,7,0,false,
200,goblin-twin-solo,orange dwarf (K),false,22.623309,152.93074,162.237,20.685345,2.8563382,0,false,-0,,2,red-giant,10,7,1,0,,0.035156366,0.11160554,0,0,0,14,0.51572189,0.63694107,3,0.23707339,0.0092036522,evaporite,0.13530272,aquifer+aquitard+spring+runoff+karst,0.16050814,23.321955,0.39335585,25.408074,0.12562383,0.40273227,salt,0.048124336,0,0,,0,alpine,9.1668492,leptosol,0.063114382,3,42,126,8.6396347,1,0,24.730093,0,,,,,0.28840046,,,,,,,,,,,,,0,0,,,,,,,,,,,,,,,,,,,,,0.4,solar,2,organized,6.4285714,,1,true,,,,,,,1,1,0,,,,,,5.8191797,0.12922723,3.1281174,0.095307846,5,0.34012199,0.79336598,37,2,2,1521118,0,6,0.06533842,true,,,,,,,,,,,,,,,,,,,,,,,,,,,,,,,,,,,,,,,,,,,,,,,,,,,0,,0.0072522494,7,0,false,
201,goblin-twin-solo,yellow-white dwarf (F),false,16.544751,805.68841,1168.7406,11.126847,0.55408764,2,false,2.822436,44.71045,3,sun-like,3,4,1,0,792.68241,0.21557471,0.024159613,2235,2160,45,19,0.63214687,0.5493098,5,0.14532982,0.022972511,shale,0.10797717,aquifer+aquitard+spring+runoff+karst,0.14242102,29.926327,0.34835413,25.293337,0.14248739,0.39846031,salt,0.060824417,0.00073002389,1,numinous,0,ice,-4.7230714,leptosol,0.033912928,8,41.125,329,26.467366,1,0,6.2087713,-0.025000352,,,,,0.26957791,,,,,,,,,,,,,0,0,,,,,,,,,,,,,,,,,,,,,0.23529412,solar,9,organized,9.6153846,,1,true,,,,,,,1,1,0,,,,,,7.5917634,0.16928499,2.6608242,0.10761193,11,0.33494823,0.69148556,67,2,2,1396575.6,0,4,0.072466679,true,,,,,,,,,,,,,,,,,,,,,,,,,,,,,,,,,,,,,,,,,,,,,,,,,,,0,,-0.19657469,7,0,false,
202,goblin-twin-solo,yellow-white dwarf (F),false,20.432374,708.53525,832.25013,27.55879,0.33581367,1,false,0.24873623,11.495302,4,sun-like,11,6,1,0,714.8718,0.16225456,0.0042727585,10,5,0,15,0.56447439,0.56294843,3,0.14034959,0.0076412285,shale,0.083015695,aquifer+aquitard+spring+runoff+karst,0.051345291,32.494984,0.20913677,26.553067,0.12230942,0.38183857,salt,0.051375191,0.00039237668,1,numinous,0,ice,-14.275804,leptosol,0.03940583,5,37.8,189,27.363501,1,0,13.240744,-0.074918123,,,,,0.22040359,,,,,,,,,,,,,0,0,,,,,,,,,,,,,,,,,,,,,0.18181818,solar,6,organized,7.6470588,,1,true,,,,,,,1,1,0,,,,,,7.2656021,0.16144154,2.4227925,0.12675162,8,0.4125,0.68099865,55,2,1,1638436.4,0,4,0.072843903,true,,,,,,,,,,,,,,,,,,,,,,,,,,,,,,,,,,,,,,,,,,,,,,,,,,,0,,-0.271894,7,0,false,
203,goblin-twin-solo,yellow dwarf (G),false,36.924351,376.11992,244.46951,5.841262,0.75840121,1,false,0.68490879,8.4874864,2,sun-like,9,5,0,0,401.56131,0.07220185,0.01819103,22,14,0,12,0.54821542,0.59694153,3,0.10863727,0.019920902,shale,0.093699341,aquifer+aquitard+spring+runoff+karst,0.071058035,26.525744,0.24764941,26.278717,0.1036961,0.36869124,salt,0.053185841,0,0,,0,ice,-21.427076,leptosol,0.023019561,2,22.5,45,21.419178,1,0,7.7927458,-0.32192809,,,,,0.23792284,,,,,,,,,,,,,0,0,,,,,,,,,,,,,,,,,,,,,0,solar,5,organized,7.6666667,,1,true,,,,,,,1,1,0.1,,,,,,7.1911973,0.13630039,2.7213998,0.11522875,9,0.24321842,0.55523819,55,2,1,1626458.4,0,3,0.10462724,true,,,,,,,,,,,,,,,,,,,,,,,,,,,,,,,,,,,,,,,,,,,,,,,,,,,0,,-0.046727767,7,0,false,
204,goblin-twin-solo,orange dwarf (K),false,39.28997,210.72264,128.71844,28.050317,0.4769663,1,false,5.8925526,9.283695,5,red-giant,15,5,5,0,196.44021,0.050319723,0.037103906,423,268,0,25,0.56972316,0.57242553,3,0.24281041,0.021922758,evaporite,0.10655319,aquifer+aquitard+spring+runoff+karst,0.20119149,37.292981,0.47665248,24.56775,0.080510638,0.46451064,salt,0.06255241,0.00085106383,1,numinous,0,alpine,7.1721566,leptosol,0.069900709,3,42,126,14.662549,1,0,16.137369,0,,,,,0.32493617,,,,,,,,,,,,,0,0,,,,,,,,,,,,,,,,,,,,,0.2,solar,7,organized,7.8823529,,0.85714286,true,,,,,,,1,1,0,,,,,,6.6136375,0.12159001,2.657871,0.11327572,8,0.22252482,0.67553537,60,2,1,1623469.6,1,4,0.10051694,true,,,,,,,,,,,,,,,,,,,,,,,,,,,,,,,,,,,,,,,,,,,,,,,,,,,0,,-0.0096094421,7,0,false,
205,goblin-twin-solo,yellow-white dwarf (F),false,36.578891,797.28521,523.11168,3.5294969,0.63724472,3,false,3.0091908,78.949785,4,sun-like,4,4,1,0,789.93828,0.19517802,0.049427617,780,490,9,29,0.49421415,0.58953567,3,0.171476,0.028245691,evaporite,0.077855005,aquifer+aquitard+spring+runoff+karst,0.11144898,28.521893,0.1577855,26.279593,0.075489912,0.42981948,salt,0.056982208,0,0,,0,ice,-13.684065,leptosol,0.031759822,5,40.8,204,27.638818,1,0,14.452337,-0.044961896,,,,,0.29988416,,,,,,,,,,,,,0,0,,,,,,,,,,,,,,,,,,,,,0.36842105,solar,14,organized,7.8181818,,1,true,,,,,,,1,1,0,,,,,,8.0700571,0.18977675,2.3637807,0.16302915,6,0.68109856,0.68154168,74,2,1,1569087.6,0,4,0.071307462,true,,,,,,,,,,,,,,,,,,,,,,,,,,,,,,,,,,,,,,,,,,,,,,,,,,,0,,-0.10442025,7,0,false,
206,goblin-twin-solo,orange dwarf (K),false,16.995858,156.82544,221.45457,13.694666,0.080676934,2,true,5.7302205,20.277371,3,red-giant,4,3,2,1,151.50534,0.027976153,0.002133012,1812,1142,57,35,0.51957912,0.56034351,5,0.16573898,0.037058737,evaporite,0.13445805,aquifer+aquitard+spring+runoff+karst,0.099496926,37.814244,0.26754408,25.686383,0.12302454,0.4256822,salt,0.067054853,0,0,,0,ice,-8.2417098,leptosol,0.033335027,6,41.166667,247,20.794298,1,0,6.4348726,-0.012035614,,,,,0.30662127,,,,,,,,,,,,,0,0,,,,,,,,,,,,,,,,,,,,,0.47058824,solar,11,organized,7.4642857,,1,true,,,,,,,1,1,0,,,,,,6.7794843,0.13789948,3.2246147,0.08964406,6,0.30728187,0.75219123,50,2,2,1757952.5,0,4,0.091138963,true,,,,,,,,,,,,,,,,,,,,,,,,,,,,,,,,,,,,,,,,,,,,,,,,,,,0,,-0.0005663878,7,0,false,
207,goblin-twin-solo,orange dwarf (K),false,23.754497,195.07734,197.09347,12.731533,0.020096389,2,false,6.9613088,17.652854,2,sun-like,11,5,1,0,187.56675,0.03012603,0.00053598758,988,630,20,10,0.59438016,0.57411977,3,0.058224696,0.023289878,evaporite,0.12813723,aquifer+aquitard+spring+runoff+karst,0.19638881,22.829332,0.34763768,25.298482,0.10598856,0.41137526,salt,0.053693195,0.00018055974,1,numinous,0,ice,-22.132903,leptosol,0.014504965,4,38,152,11.110406,1,0,5.1502898,-0.033591017,,,,,0.31140536,,,,,,,,,,,,,0,0,,,,,,,,,,,,,,,,,,,,,0.5,solar,10,organized,8.7083333,,1,true,,,,,,,1,1,0,,,,,,6.2481638,0.11454558,2.9826476,0.093183927,8,0.26133012,0.59475612,35,2,1,1336145.8,0,4,0.054100102,true,,,,,,,,,,,,,,,,,,,,,,,,,,,,,,,,,,,,,,,,,,,,,,,,,,,0,,-0.33991453,7,0,false,
208,goblin-twin-solo,yellow dwarf (G),false,35.739686,528.40571,354.83627,26.851518,4.2972424,0,false,-0,,3,red-giant,3,4,0,0,,0.10489387,0.089071133,0,0,0,28,0.62999854,0.58537873,3,0.082930521,0.030174308,evaporite,0.13011349,aquifer+aquitard+spring+runoff+karst,0.17319873,30.913016,0.39271576,25.021118,0.1425838,0.38723938,salt,0.068488409,0.00013196094,1,numinous,0,ice,-19.205823,leptosol,0.018606492,10,22.2,222,16.685129,1,0,6.22913,-0.2859798,,,,,0.26174452,,,,,,,,,,,,,0,0,,,,,,,,,,,,,,,,,,,,,0.14285714,solar,4,organized,8.5555556,,1,true,,,,,,,1,1,0,,,,,,6.176087,0.10547138,3.1207419,0.083907036,9,0.22888625,0.71818305,35,2,1,1399599.5,0,6,0.05967321,true,,,,,,,,,,,,,,,,,,,,,,,,,,,,,,,,,,,,,,,,,,,,,,,,,,,0,,-0.12164282,7,0,false,
209,goblin-twin-solo,orange dwarf (K),true,,292.86746,,1.1925001,0.14902555,2,true,4.605318,21.594968,4,sun-like,9,7,3,1,283.51532,0.054893638,,476,303,0,28,0.69671891,0.52491347,locked,0.085371808,0.027928324,shale,0.11124527,aquifer+aquitard+spring+runoff+karst,0.14609998,27.976124,0.29380987,25.30009,0.11229172,0.33381631,salt,0.063997655,0.00064396684,1,numinous,0,ice,-30.914145,leptosol,0.034452226,6,40.5,243,0.62680556,1,0,28.570937,-0.054738101,,,,,0.18795782,,,,,,,,,,,,,0,0,,,,,,,,,,,,,,,,,,,,,0.18181818,solar,5,organized,10.6875,,0.8,true,,,,,,,1,1,0,,,,,,7.1563696,0.13702437,2.7977858,0.088203701,13,0.24221203,0.62555539,63,2,1,1193393.7,1,6,0.078502526,true,,,,,,,,,,,,,,,,,,,,,,,,,,,,,,,,,,,,,,,,,,,,,,,,,,,0,,0.24009527,7,0,false,
210,goblin-twin-solo,orange dwarf (K),false,17.621032,326.62552,444.86682,24.742301,0.82880372,2,false,2.2134821,30.40871,3,sun-like,7,4,2,0,333.45929,0.055466026,0.017257419,130,82,0,15,0.52468141,0.60636877,5,0.06608564,0.019261755,evaporite,0.10832049,aquifer+aquitard+spring+runoff+karst,0.23903441,27.185057,0.52568053,24.807636,0.078171546,0.39229584,salt,0.061511646,0.00010272214,1,numinous,0,ice,-26.909796,leptosol,0.015665126,14,35.5,497,12.902728,1,0,5.7537083,-0.10836397,,,,,0.26224961,,,,,,,,,,,,,0,0,,,,,,,,,,,,,,,,,,,,,0.375,solar,10,organized,7.2647059,,1,true,,,,,,,1,1,0.17391304,,,,,,6.5089782,0.12658344,2.9536723,0.10258288,5,0.57673344,0.68619371,41,2,2,1661056.5,1,3,0.080144449,true,,,,,,,,,,,,,,,,,,,,,,,,,,,,,,,,,,,,,,,,,,,,,,,,,,,0,,-0.26704398,7,0,false,
211,goblin-twin-solo,orange dwarf (K),false,18.983686,204.10584,258.03947,11.711355,0.99468146,1,false,0.97202898,5.9972493,3,blue-giant,3,3,0,0,224.22568,0.045592222,0.019401571,32,25,0,33,0.74156535,0.42782921,5,0.13121918,0.025950881,gneiss,0.16956357,aquifer+aquitard+spring+runoff+karst,0.21254487,33.701541,0.36283771,24.667269,0.10532779,0.30700926,salt,0.059503071,0,0,,0,alpine,7.300521,leptosol,0.066597393,10,39.1,391,12.524198,1,0,15.860046,-0.097345614,,,,,0.22000756,,,,,,,,,,,,,0,0,,,,,,,,,,,,,,,,,,,,,0.58823529,solar,7,organized,7.4166667,,0.71428571,true,,,,,,,1,1,0,,,,,,6.4761534,0.20380018,4.1474193,0.053561838,6,0.33704893,0.73568703,112,1,2,724076.04,1,5,0.048139455,true,,,,,,,,,,,,,,,,,,,,,,,,,,,,,,,,,,,,,,,,,,,,,,,,,,,0,,-0.1183942,7,0,false,
212,goblin-twin-solo,yellow-white dwarf (F),false,30.64626,660.62925,517.35847,33.600469,3.1394534,1,false,0.30158008,13.246401,3,red-giant,3,3,2,0,627.94835,0.13664039,0.13534409,73,48,0,15,0.66903472,0.52895183,3,0.083369953,0.029148967,evaporite,0.11521723,aquifer+aquitard+spring+runoff+karst,0.080179981,24.680004,0.24998156,26.168467,0.086007229,0.39485137,salt,0.047770527,0.000073762632,1,numinous,0,ice,-20.499515,leptosol,0.023235229,23,30.217391,695,23.848812,1,0,10.364739,-0.35017834,,,,,0.27085638,,,,,,,,,,,,,0,0,,,,,,,,,,,,,,,,,,,,,0.4137931,solar,6,organized,10.342857,,1,true,,,,,,,1,1,0,,,,,,6.5248187,0.12463274,3.0824393,0.076876129,10,0.24798997,0.72761096,40,2,2,1222887.3,0,4,0.10381631,true,,,,,,,,,,,,,,,,,,,,,,,,,,,,,,,,,,,,,,,,,,,,,,,,,,,0,,-0.17692739,7,0,false,
213,goblin-twin-solo,yellow-white dwarf (F),true,,977.83427,,2.3590767,0.036751196,1,false,1.5259594,44.919614,4,blue-giant,2,3,0,0,962.13687,0.18878596,,617,381,0,26,0.58173429,0.58997257,locked,0.1316342,0.021825106,shale,0.10430164,aquifer+aquitard+spring+runoff+karst,0.1274733,33.450322,0.16459464,25.910626,0.1034845,0.38008522,salt,0.056023434,0,0,,0,ice,-31.192423,leptosol,0.031109555,4,41.25,165,0.54321307,1,0,39.326095,-0.03338948,,,,,0.22669702,,,,,,,,,,,,,0,0,,,,,,,,,,,,,,,,,,,,,0,solar,3,organized,6.3,,0.66666667,true,,,,,,,1,1,0,,,,,,7.2276623,0.14921477,2.7779323,0.10836873,8,0.27461624,0.68186274,54,2,2,1681776.8,0,5,0.082815473,true,,,,,,,,,,,,,,,,,,,,,,,,,,,,,,,,,,,,,,,,,,,,,,,,,,,0,,0.27100448,7,0,false,
214,goblin-twin-solo,yellow-white dwarf (F),false,20.159106,757.82857,902.21689,33.947073,0.28245478,1,false,0.64913162,22.423145,4,blue-giant,1,3,0,0,734.37332,0.15848743,0.017188725,245,152,0,35,0.55663786,0.53906723,3,0.099750989,0.025242908,shale,0.10786851,aquifer+aquitard+spring+runoff+karst,0.089862893,35.882159,0.40487859,25.200322,0.10109575,0.42018611,salt,0.069395994,0.00060569352,1,numinous,0,ice,-22.546082,leptosol,0.021915093,5,39.8,199,18.574505,1,0,2.5541632,-0.010217142,,,,,0.25631848,,,,,,,,,,,,,0,0,,,,,,,,,,,,,,,,,,,,,0.41666667,solar,7,organized,6.7894737,,0.85714286,true,,,,,,,1,1,0,,,,,,8.2860121,0.1813234,2.4634227,0.13925101,10,0.25163813,0.74531099,61,2,1,1668972.3,2,6,0.093764109,true,,,,,,,,,,,,,,,,,,,,,,,,,,,,,,,,,,,,,,,,,,,,,,,,,,,0,,-0.21909077,7,0,false,
215,goblin-twin-solo,yellow dwarf (G),false,35.149245,260.68118,177.99382,30.088248,0.61675817,2,false,6.9939141,33.999642,4,blue-giant,5,3,0,0,255.2125,0.069497121,0.046837835,4790,4777,9,37,0.50729945,0.56119314,3,0.23958791,0.030223134,shale,0.12570607,aquifer+aquitard+spring+runoff+karst,0.1188683,33.292358,0.52125657,24.668366,0.15642652,0.46194629,salt,0.069095447,0.0021306114,1,numinous,0,alpine,14.645828,leptosol,0.063769696,4,41.75,167,8.3403591,1,0,12.599481,-0.013152898,,,,,0.31265484,,,,,,,,,,,,,0,0,,,,,,,,,,,,,,,,,,,,,0.35294118,solar,13,organized,8.6,,0.84615385,true,,,,,,,1,1,0,,,,,,7.2183933,0.16869417,2.6675271,0.1267028,8,0.37607769,0.63692651,46,2,1,1646797.1,0,5,0.13812851,true,,,,,,,,,,,,,,,,,,,,,,,,,,,,,,,,,,,,,,,,,,,,,,,,,,,0,,0.0040796502,7,0,false,
216,goblin-twin-solo,orange dwarf (K),false,22.441759,171.28894,183.18236,9.8685196,0.42976137,1,false,5.030934,9.8434234,2,blue-giant,9,4,2,0,160.20914,0.035232127,0.0019633224,2099,2099,0,8,0.66151555,0.46469528,3,0.20033202,0.022166886,evaporite,0.16379373,aquifer+aquitard+spring+runoff+karst,0.28265417,24.295771,0.41810314,24.907443,0.076667869,0.33458348,salt,0.042457344,0.00028849621,1,numinous,0,alpine,1.7690213,leptosol,0.062603678,13,40.846154,531,32.652145,1,0,9.9072523,-0.019389141,,,,,0.22120447,,,,,,,,,,,,,0,0,,,,,,,,,,,,,,,,,,,,,0.26315789,solar,6,organized,9.84,,0.83333333,true,,,,,,,1,1,0,,,,,,6.9664937,0.13116728,3.1652324,0.079659196,8,0.45813199,0.59138958,62,2,1,1269396,1,4,0.059510226,true,,,,,,,,,,,,,,,,,,,,,,,,,,,,,,,,,,,,,,,,,,,,,,,,,,,0,,-0.02094728,7,0,false,
217,goblin-twin-solo,yellow-white dwarf (F),false,27.029898,846.06522,751.22611,10.2809,0.68966707,1,false,0.35489654,11.324467,2,orange-giant,0,0,0,0,798.05525,0.18505643,0.040516188,49,32,0,14,0.5756799,0.58310799,3,0.1219667,0.018358479,evaporite,0.13169553,aquifer+aquitard+spring+runoff+karst,0.12318048,28.37858,0.19296933,25.484087,0.073413497,0.37241816,salt,0.059588594,0.0016109545,1,numinous,0,ice,-20.896578,leptosol,0.026580749,4,32.75,131,21.910599,1,0,9.3777794,-0.047303018,,,,,0.238824,,,,,,,,,,,,,0,0,,,,,,,,,,,,,,,,,,,,,0.22222222,solar,5,organized,8.6428571,,1,true,,,,,,,1,1,0,,,,,,6.5227864,0.1358972,3.1683382,0.087105122,8,0.45446177,0.60431271,52,2,2,1589115.8,0,4,0.10336965,true,,,,,,,,,,,,,,,,,,,,,,,,,,,,,,,,,,,,,,,,,,,,,,,,,,,0,,-0.021321768,7,0,false,
218,goblin-twin-solo,yellow dwarf (G),false,29.844142,352.03773,283.10097,1.4591021,0.88668335,2,false,1.309121,20.767647,2,blue-giant,11,7,2,0,340.44992,0.073539104,0.065989964,337,215,4,25,0.67843367,0.51138779,3,0.10558566,0.018187588,shale,0.081157,aquifer+aquitard+spring+runoff+karst,0.11850896,30.603166,0.20687823,26.603422,0.10309748,0.4180079,salt,0.063688038,0.00022775585,1,numinous,0,ice,-16.157594,leptosol,0.022320073,24,22.208333,533,33.787742,1,0,8.8894849,-0.34467086,,,,,0.27361069,,,,,,,,,,,,,0,0,,,,,,,,,,,,,,,,,,,,,0.40540541,solar,13,organized,8.44,,0.92307692,true,,,,,,,1,1,0,,,,,,7.1904738,0.16189096,2.7537486,0.094966066,8,0.22213787,0.70696939,41,2,2,1244975.2,0,5,0.11167574,true,,,,,,,,,,,,,,,,,,,,,,,,,,,,,,,,,,,,,,,,,,,,,,,,,,,0,,-0.066506494,7,0,false,
219,goblin-twin-solo,yellow-white dwarf (F),false,25.463156,925.92372,872.71858,25.949811,1.3222956,1,false,0.86890641,17.543646,5,sun-like,1,4,0,0,889.9896,0.18379333,0.10184643,193,121,0,27,0.51313412,0.57554029,3,0.060836873,0.019164103,evaporite,0.12385298,aquifer+aquitard+spring+runoff+karst,0.11457654,29.077412,0.39653011,25.189886,0.14917515,0.38013338,salt,0.061888299,0.001103144,1,numinous,0,ice,-26.093701,leptosol,0.010530011,10,19.9,199,11.378415,1,0,4.481773,-0.53380038,,,,,0.24063581,,,,,,,,,,,,,0,0,,,,,,,,,,,,,,,,,,,,,0.25,solar,6,organized,9.2727273,,1,true,,,,,,,1,1,0,,,,,,6.7012803,0.12046372,3.0072848,0.10270495,4,0.51276137,0.69958607,36,2,2,1781489.5,0,6,0.094221583,true,,,,,,,,,,,,,,,,,,,,,,,,,,,,,,,,,,,,,,,,,,,,,,,,,,,0,,-0.32356463,7,0,false,
220,goblin-twin-solo,yellow-white dwarf (F),false,17.94614,814.48706,1089.242,20.421228,2.5190977,0,false,-0,,4,blue-giant,8,6,1,0,,0.19914189,0.079951088,0,0,0,33,0.53444656,0.60707918,5,0.16070993,0.027830672,evaporite,0.095804929,aquifer+aquitard+spring+runoff+karst,0.12653382,29.830093,0.38180388,25.381966,0.084163608,0.40582066,salt,0.067666819,0.001363398,1,numinous,0,ice,-13.60335,leptosol,0.026114316,4,40.75,163,25.507386,1,0,8.7600885,-0.013477694,,,,,0.24882014,,,,,,,,,,,,,0,0,,,,,,,,,,,,,,,,,,,,,0.2,solar,6,organized,8.9375,,0.83333333,true,,,,,,,1,1,0,,,,,,6.7504213,0.12127239,2.9791779,0.09772472,8,0.37556371,0.69732627,48,2,2,1700871.7,0,4,0.071800163,true,,,,,,,,,,,,,,,,,,,,,,,,,,,,,,,,,,,,,,,,,,,,,,,,,,,0,,-0.060751045,7,0,false,
221,goblin-twin-solo,yellow dwarf (G),false,20.926152,400.08031,458.84822,5.8368626,1.7625328,1,false,0.15472276,6.9862942,2,sun-like,0,0,0,0,417.26249,0.068645212,0.022727928,10,6,0,10,0.58637274,0.59351945,3,0.057785264,0.022972511,evaporite,0.11662634,aquifer+aquitard+spring+runoff+karst,0.20391902,23.253527,0.42212123,24.943741,0.11609514,0.44608393,salt,0.051254834,0.0011214071,1,numinous,0,ice,-32.896097,leptosol,0.013043735,2,37,74,12.996731,1,0,5.2793743,0,,,,,0.3289264,,,,,,,,,,,,,0,0,,,,,,,,,,,,,,,,,,,,,0,solar,5,organized,6.25,,1,true,,,,,,,1,1,0,,,,,,6.1047981,0.11033379,3.0117343,0.088594307,7,0.26648173,0.40150872,35,2,1,1354056.1,0,5,0.066370462,true,,,,,,,,,,,,,,,,,,,,,,,,,,,,,,,,,,,,,,,,,,,,,,,,,,,0,,-0.25898791,7,0,false,
222,goblin-twin-solo,yellow-white dwarf (F),false,18.941659,673.91896,853.88798,0.88867418,3.5159265,1,false,0.18299827,7.9552777,5,blue-giant,5,4,0,0,621.99671,0.14793072,0.050938764,80,47,0,25,0.60094722,0.52593907,5,0.1109565,0.031736732,shale,0.10173743,aquifer+aquitard+spring+runoff+karst,0.13923896,29.377228,0.23571516,25.459541,0.11703169,0.37434235,salt,0.071901136,0.00042823932,1,numinous,0,ice,-16.494878,leptosol,0.027407317,11,40.818182,449,22.614469,1,0,4.3743293,-0.017337736,,,,,0.24140462,,,,,,,,,,,,,0,0,,,,,,,,,,,,,,,,,,,,,0.23529412,solar,6,organized,8.6521739,,0.83333333,true,,,,,,,1,1,0,,,,,,7.2039941,0.13851406,2.9138814,0.098286216,7,0.35978221,0.54287388,53,2,1,1495655.1,1,3,0.062070804,true,,,,,,,,,,,,,,,,,,,,,,,,,,,,,,,,,,,,,,,,,,,,,,,,,,,0,,-0.064743618,7,0,false,
223,goblin-twin-solo,yellow-white dwarf (F),false,22.823979,670.52836,705.07778,0.47640755,1.0041347,0,false,-0,,5,red-giant,16,4,3,0,,0.13638205,0.048750861,0,0,0,16,0.67206191,0.54552222,3,0.070772911,0.025755578,sandstone,0.12201295,aquifer+aquitard+spring+runoff+karst,0.061564803,30.622642,0.043772798,26.359804,0.10548649,0.27253778,gold,0.057190084,0,0,,0,ice,-21.582036,leptosol,0.019429763,24,16.833333,404,18.924599,1,0,8.5221519,-0.43655208,,,,,0.12923398,,,,,,,,,,,,,0,0,,,,,,,,,,,,,,,,,,,,,0.44444444,solar,3,organized,8.4,,0.66666667,true,,,,,,,1,1,0,,,,,,7.6619085,0.13906021,3.0908016,0.085274157,11,0.199732,0.65931839,84,2,2,1399819.6,3,6,0.085128443,true,,,,,,,,,,,,,,,,,,,,,,,,,,,,,,,,,,,,,,,,,,,,,,,,,,,0,,-0.2782549,7,0,false,
224,goblin-twin-solo,yellow dwarf (G),false,30.147436,240.52222,191.47676,11.000564,0.16680114,2,false,7.6931685,24.364428,2,sun-like,1,3,1,0,233.61492,0.06191636,0.012922161,3761,3740,22,33,0.64994385,0.53169677,3,0.15057859,0.041623944,shale,0.14366413,aquifer+aquitard+spring+runoff+karst,0.18425274,36.962219,0.52995327,24.543535,0.1201618,0.3552549,salt,0.064213517,0.00027895948,1,numinous,0,alpine,12.524176,leptosol,0.052862822,8,41.5,332,5.5952887,1,0,13.231733,-0.014780249,,,,,0.22665458,,,,,,,,,,,,,0,0,,,,,,,,,,,,,,,,,,,,,0.38095238,solar,13,organized,7.2058824,,0.92307692,true,,,,,,,1,1,0,,,,,,6.6509922,0.12829096,3.0847888,0.084859138,8,0.26054816,0.8191894,41,2,2,1400273.7,0,6,0.076596509,true,,,,,,,,,,,,,,,,,,,,,,,,,,,,,,,,,,,,,,,,,,,,,,,,,,,0,,-0.0068701721,7,0,false,
225,goblin-twin-solo,orange dwarf (K),false,21.869993,240.35096,263.75971,0.04521112,0.43637028,2,true,7.9873788,41.825923,2,blue-giant,2,3,1,1,236.27219,0.039614431,0.032694819,980,627,4,36,0.69725599,0.55132651,3,0.059909184,0.016014843,gneiss,0.11176518,aquifer+aquitard+spring+runoff+karst,0.060882187,28.37921,0.09555681,26.119963,0.10023385,0.32142569,salt,0.061564521,0.00024191597,1,numinous,0,ice,-22.513867,leptosol,0.018224337,5,35.6,178,16.108842,1,0,7.2144499,-0.037545935,,,,,0.20240303,,,,,,,,,,,,,0,0,,,,,,,,,,,,,,,,,,,,,0.375,solar,11,organized,8.8518519,,0.90909091,true,,,,,,,1,1,0,,,,,,6.5144925,0.12954226,3.2957681,0.067965431,10,0.31045883,0.7139761,41,2,2,1153158.3,1,5,0.067611998,true,,,,,,,,,,,,,,,,,,,,,,,,,,,,,,,,,,,,,,,,,,,,,,,,,,,0,,-0.18775414,7,0,false,
226,goblin-twin-solo,yellow-white dwarf (F),false,18.921527,547.38651,694.30317,23.355012,0.46923013,2,false,5.6326305,41.321278,5,sun-like,1,3,0,0,537.86776,0.16177881,0.0086780104,1055,651,0,10,0.66459157,0.52187204,5,0.14120404,0.014720961,evaporite,0.11470995,aquifer+aquitard+spring+runoff+karst,0.15132106,25.975853,0.50549531,24.756959,0.10080792,0.41633307,salt,0.060689711,0.00058228401,1,numinous,0,alpine,10.315187,leptosol,0.031443336,9,40.222222,362,7.751596,1,0,15.983387,-0.027491108,,,,,0.28655652,,,,,,,,,,,,,0,0,,,,,,,,,,,,,,,,,,,,,0.40909091,solar,13,organized,9.0571429,,0.92307692,true,,,,,,,1,1,0,,,,,,6.1077151,0.10677026,3.3103665,0.0741663,10,0.2926705,0.48561594,39,2,2,1208333.1,0,4,0.063208976,true,,,,,,,,,,,,,,,,,,,,,,,,,,,,,,,,,,,,,,,,,,,,,,,,,,,0,,-0.044335515,7,0,false,
227,goblin-twin-solo,yellow-white dwarf (F),false,25.767024,1027.2755,956.82807,1.8423476,0.20835796,2,false,1.2287834,71.310304,2,red-giant,6,4,3,0,1016.7312,0.20813196,0.015314589,2547,2542,4,18,0.68790586,0.55506884,3,0.047214491,0.022728382,evaporite,0.12679912,aquifer+aquitard+spring+runoff+karst,0.056711514,34.672559,0.2218398,25.801411,0.061013767,0.38657697,salt,0.061516119,0,0,,0,ice,-25.947531,leptosol,0.010247184,7,34.857143,244,11.863877,1,0,2.0688787,-0.082627,,,,,0.24820088,,,,,,,,,,,,,0,0,,,,,,,,,,,,,,,,,,,,,0.35294118,solar,10,organized,8.1481481,,0.9,true,,,,,,,1,1,0,,,,,,6.7271806,0.13503024,3.1271391,0.076900542,11,0.19305382,0.77633471,47,2,2,1331741,0,4,0.10133382,true,,,,,,,,,,,,,,,,,,,,,,,,,,,,,,,,,,,,,,,,,,,,,,,,,,,0,,-0.17507034,7,0,false,
228,goblin-twin-solo,orange dwarf (K),false,35.061858,137.88647,94.383909,28.783505,0.069484389,1,false,3.9884499,12.040904,4,orange-giant,15,5,5,0,130.45669,0.033266036,0.00053097373,472,300,0,11,0.54540794,0.50534343,3,0.17264782,0.015843953,shale,0.074539498,aquifer+aquitard+spring+runoff+karst,0.087750389,25.49408,0.26905107,26.189661,0.15627517,0.43450942,salt,0.052214365,0,0,,0,alpine,10.449909,leptosol,0.037430858,11,41.636364,458,5.8717371,1,0,19.723037,-0.011340091,,,,,0.29810429,,,,,,,,,,,,,0,0,,,,,,,,,,,,,,,,,,,,,0.1,solar,9,organized,8.3448276,,0.88888889,true,,,,,,,1,1,0,,,,,,8.491755,0.16507964,1.9629903,0.22835799,6,0.60195478,0.52137902,67,3,,1303829.4,0,5,0.11861262,true,,,,,,,,,,,,,,,,,,,,,,,,,,,,,,,,,,,,,,,,,,,,,,,,,,,0,,-0.0032925789,7,0,false,
229,goblin-twin-solo,orange dwarf (K),false,38.895267,219.68892,135.55721,18.484291,4.9449905,0,false,-0,,5,blue-giant,2,3,2,0,,0.033275291,0.3267698,0,0,0,34,0.70858357,0.5751864,3,0.028587471,0.018724672,shale,0.088464438,aquifer+aquitard+spring+runoff+karst,0.12817291,37.398033,0.41618497,25.553004,0.12440312,0.41945212,salt,0.068147686,0.0025969674,1,numinous,0,ice,-33.810925,leptosol,0.0088799531,2,35.5,71,10.302835,1,0,6.7534882,-0.040641984,,,,,0.25793751,,,,,,,,,,,,,0,0,,,,,,,,,,,,,,,,,,,,,0,solar,3,organized,10.625,,1,true,,,,,,,1,1,0,,,,,,5.8612589,0.10418301,2.9151418,0.067330697,9,0.28440982,0.72326575,45,2,2,1265007.7,0,6,0.11048058,true,,,,,,,,,,,,,,,,,,,,,,,,,,,,,,,,,,,,,,,,,,,,,,,,,,,0,,-0.38811227,7,0,false,
230,goblin-twin-solo,orange dwarf (K),false,24.297571,227.45345,224.66784,1.557239,0.11049088,2,false,7.4515068,68.455718,3,red-giant,9,4,4,0,225.05449,0.041871699,0.0044242869,3165,2678,219,40,0.52602412,0.62322946,3,0.12677604,0.031687906,evaporite,0.078908061,aquifer+aquitard+spring+runoff+karst,0.091269637,34.051083,0.28699459,25.710093,0.15956734,0.45444244,salt,0.06508061,0.000051506567,1,numinous,0,ice,-20.38485,leptosol,0.027813546,4,41.25,165,25.706143,1,0,4.1637402,-0.03338948,,,,,0.3160443,,,,,,,,,,,,,0,0,,,,,,,,,,,,,,,,,,,,,0.29411765,solar,13,organized,7.9,,0.92307692,true,,,,,,,1,1,0,,,,,,7.2358475,0.17544962,2.7018554,0.12487183,5,0.50167396,0.7275841,46,2,2,1641211.7,0,4,0.10757341,true,,,,,,,,,,,,,,,,,,,,,,,,,,,,,,,,,,,,,,,,,,,,,,,,,,,0,,-0.14481237,7,0,false,
231,goblin-twin-solo,yellow dwarf (G),false,34.414476,326.92655,227.99235,16.078256,0.95531229,2,false,3.2730996,32.737854,3,red-dwarf,13,4,3,0,319.81936,0.068050595,0.073565465,3760,1768,25,38,0.55749231,0.54374931,3,0.16556809,0.018334066,shale,0.11375924,aquifer+aquitard+spring+runoff+karst,0.15138475,32.770109,0.36814521,25.644254,0.1320203,0.39705396,salt,0.06013514,0.00044135496,1,numinous,0,ice,-10.801621,leptosol,0.04728015,15,32.733333,491,29.1622,1,0,11.85557,-0.22682917,,,,,0.26668873,,,,,,,,,,,,,0,0,,,,,,,,,,,,,,,,,,,,,0.26923077,solar,11,organized,8.7027027,,0.90909091,true,,,,,,,1,1,0,,,,,,7.3552699,0.138663,2.7147969,0.11391045,7,0.55147302,0.77973937,34,2,1,1624022.8,1,6,0.051681994,true,,,,,,,,,,,,,,,,,,,,,,,,,,,,,,,,,,,,,,,,,,,,,,,,,,,0,,-0.12448821,7,0,false,
232,goblin-twin-solo,orange dwarf (K),true,,231.80786,,23.4614,0.16678287,1,false,2.5636443,10.326685,2,orange-giant,4,5,3,0,217.48332,0.044292546,,299,188,0,26,0.74000293,0.46056338,locked,0.07577755,0.016991358,evaporite,0.17737089,aquifer+aquitard+spring+runoff+karst,0.12553991,28.92949,0.42244131,24.897201,0.17868545,0.34244131,salt,0.054271789,0.0011267606,1,numinous,0,ice,-21.276602,leptosol,0.022253521,7,40.714286,285,0.86283394,1,0,52.959175,-0.036334931,,,,,0.242723,,,,,,,,,,,,,0,0,,,,,,,,,,,,,,,,,,,,,0.5,solar,3,folk,8.3846154,,0.66666667,true,,,,,,,1,1,0,,,,,,6.3441006,0.13563125,3.4399863,0.063034032,6,0.29633803,0.73624147,62,2,2,976807.51,1,4,0.061213545,true,,,,,,,,,,,,,,,,,,,,,,,,,,,,,,,,,,,,,,,,,,,,,,,,,,,0,,0.26616601,7,0,false,
233,goblin-twin-solo,orange dwarf (K),false,21.938989,179.65621,196.53363,25.161649,2.822385,1,false,0.7621031,6.5597442,5,sun-like,6,5,2,0,195.83628,0.031530443,0.10254357,42,28,0,18,0.58336995,0.56246338,3,0.14110639,0.020384747,shale,0.13090355,aquifer+aquitard+spring+runoff+karst,0.11285597,32.656326,0.35954529,25.408793,0.16735029,0.384683,salt,0.068644358,0.000058596039,1,numinous,0,ice,-13.135042,leptosol,0.031993437,6,40.5,243,23.707155,1,0,15.221595,-0.028905419,,,,,0.21903199,,,,,,,,,,,,,0,0,,,,,,,,,,,,,,,,,,,,,0,solar,10,organized,6.8461538,,1,true,,,,,,,1,1,0,,,,,,6.6321907,0.1136715,3.0584167,0.096797031,7,0.35597094,0.69450276,34,2,1,1555004.6,1,5,0.10479457,true,,,,,,,,,,,,,,,,,,,,,,,,,,,,,,,,,,,,,,,,,,,,,,,,,,,0,,-0.0082405341,7,0,false,
234,goblin-twin-solo,orange dwarf (K),false,16.325989,140.91944,207.15845,28.076439,2.6056712,1,false,0.7649949,9.2601498,4,blue-giant,6,4,1,0,131.4057,0.032357907,0.045791202,321,204,0,19,0.60763635,0.55923345,5,0.16842439,0.017381964,andesite,0.12120458,aquifer+aquitard+spring+runoff+karst,0.1206446,29.272937,0.23992036,25.773872,0.11423594,0.34724988,salt,0.064395354,0.00024888004,1,numinous,0,alpine,7.9127793,leptosol,0.048033848,6,41.5,249,14.115026,1,0,3.7688583,-0.016440539,,,,,0.24832006,,,,,,,,,,,,,0,0,,,,,,,,,,,,,,,,,,,,,0.14285714,solar,8,organized,7.8636364,,0.75,true,,,,,,,1,1,0,,,,,,6.4719469,0.15751006,3.8640219,0.066598311,8,0.45756595,0.58145547,89,1,2,1182279.2,0,4,0.073636941,true,,,,,,,,,,,,,,,,,,,,,,,,,,,,,,,,,,,,,,,,,,,,,,,,,,,0,,-0.1506354,7,0,false,
235,goblin-twin-solo,yellow-white dwarf (F),false,25.921451,479.71306,444.1539,25.507012,0.18794853,3,false,5.8591218,34.291145,4,orange-giant,8,7,2,0,469.83916,0.14674233,0.0086139864,570,361,6,35,0.54980226,0.53885364,3,0.19898931,0.039524437,shale,0.098042406,aquifer+aquitard+spring+runoff+karst,0.11984166,44.181428,0.45924841,24.947744,0.11441896,0.39417602,salt,0.076737689,0.00048804295,1,numinous,0,alpine,13.317869,leptosol,0.038284258,8,41.25,330,5.6696084,1,0,17.848359,-0.013623543,,,,,0.24472642,,,,,,,,,,,,,0,0,,,,,,,,,,,,,,,,,,,,,0.38461538,solar,18,organized,9.3409091,,0.94444444,true,,,,,,,1,1,0,,,,,,8.4194668,0.16810518,2.349453,0.16210146,10,0.21961933,0.69870612,74,2,1,1890596.8,1,3,0.087991196,true,,,,,,,,,,,,,,,,,,,,,,,,,,,,,,,,,,,,,,,,,,,,,,,,,,,0,,-0.05694052,7,0,false,
236,goblin-twin-solo,yellow dwarf (G),false,36.398898,264.63459,174.48963,27.315076,3.5318164,1,false,0.40858016,6.9127641,3,blue-giant,1,3,1,0,253.12713,0.074616176,0.26699476,18,11,0,25,0.56078805,0.55961314,3,0.19457058,0.010424296,evaporite,0.11533545,aquifer+aquitard+spring+runoff+karst,0.12995387,29.441045,0.47734979,25.126785,0.085487188,0.44850203,salt,0.059654421,0.0009449169,1,numinous,0,alpine,17.382277,leptosol,0.040075593,5,41.6,208,3.7713013,1,0,12.292552,-0.016120866,,,,,0.30965483,,,,,,,,,,,,,0,0,,,,,,,,,,,,,,,,,,,,,0.375,solar,11,organized,7.7777778,,0.81818182,true,,,,,,,1,1,0,,,,,,6.8955588,0.12664599,2.6513437,0.11410576,10,0.23689623,0.71265466,42,2,2,1527184.1,1,5,0.071276555,true,,,,,,,,,,,,,,,,,,,,,,,,,,,,,,,,,,,,,,,,,,,,,,,,,,,0,,-0.11869457,7,0,false,
237,goblin-twin-solo,yellow dwarf (G),false,35.430921,356.49923,241.48346,22.719551,3.3148945,0,false,-0,,2,red-dwarf,3,4,0,0,,0.066785432,0.22280026,0,0,0,39,0.72681998,0.51858803,3,0.06574386,0.011986719,gneiss,0.10160858,aquifer+aquitard+spring+runoff+karst,0.095710456,28.210168,0.3233244,25.679276,0.11653262,0.29142091,salt,0.068915373,0,0,,0,ice,-24.112234,leptosol,0.019839142,13,37.538462,488,24.692951,1,0,9.1108113,-0.039614485,,,,,0.17292225,,,,,,,,,,,,,0,0,,,,,,,,,,,,,,,,,,,,,0.33333333,solar,2,organized,12.176471,,1,true,,,,,,,1,1,0,,,,,,6.4340037,0.1274234,3.3427043,0.061520434,8,0.19892761,0.7002763,60,2,2,1036660,0,4,0.088750799,true,,,,,,,,,,,,,,,,,,,,,,,,,,,,,,,,,,,,,,,,,,,,,,,,,,,0,,-0.062865407,7,0,false,
238,goblin-twin-solo,yellow-white dwarf (F),false,30.106117,727.67778,580.09031,21.673963,0.67093705,1,false,0.34551392,11.828415,3,sun-like,9,6,1,0,687.57824,0.15542095,0.045864914,131,85,0,12,0.64252234,0.504678,3,0.1005322,0.0080074215,evaporite,0.12777436,aquifer+aquitard+spring+runoff+karst,0.10667213,20.628384,0.31585058,25.38238,0.087686949,0.34466981,salt,0.057302728,0.00095608823,1,numinous,0,ice,-19.540715,leptosol,0.029365567,9,40,360,24.462917,1,0,9.8674304,-0.022440169,,,,,0.2215393,,,,,,,,,,,,,0,0,,,,,,,,,,,,,,,,,,,,,0.33333333,solar,6,organized,8.1428571,,1,true,,,,,,,1,1,0,,,,,,6.8359271,0.1091536,3.0816801,0.085860065,9,0.23567575,0.39256709,40,2,2,1251348.7,0,5,0.056408067,true,,,,,,,,,,,,,,,,,,,,,,,,,,,,,,,,,,,,,,,,,,,,,,,,,,,0,,-0.16073889,7,0,false,
239,goblin-twin-solo,orange dwarf (K),false,35.375534,131.46863,89.192918,22.362625,2.2769299,0,false,-0,,5,orange-giant,3,3,1,0,,0.030020546,0.063212292,0,0,0,15,0.5586153,0.59186947,3,0.20128412,0.023436356,evaporite,0.1125,aquifer+aquitard+spring+runoff+karst,0.26891593,21.688937,0.47549779,24.557338,0.084568584,0.3357854,salt,0.054368322,0.00011061947,1,numinous,0,alpine,9.1666129,leptosol,0.070077434,17,41.235294,701,9.8783739,1,0,6.5670335,-0.022590167,,,,,0.21211283,,,,,,,,,,,,,0,0,,,,,,,,,,,,,,,,,,,,,0.40909091,solar,5,organized,8,,0.8,true,,,,,,,1,1,0,,,,,,6.0900164,0.10746274,3.2833241,0.091719154,6,0.31327434,0.65713263,45,2,2,1468452.5,2,5,0.060016237,true,,,,,,,,,,,,,,,,,,,,,,,,,,,,,,,,,,,,,,,,,,,,,,,,,,,0,,-0.0313314,7,0,false,
240,goblin-twin-solo,yellow-white dwarf (F),false,18.255324,708.59513,931.57936,28.560354,0.96307252,1,false,3.4223921,28.914934,3,orange-giant,1,3,0,0,691.30588,0.12901701,0.049580949,385,242,0,27,0.58380938,0.52041295,5,0.028758361,0.043552561,evaporite,0.13374003,aquifer+aquitard+spring+runoff+karst,0.17409667,33.16463,0.26091037,25.074032,0.11473487,0.42562177,salt,0.057607007,0.00029328954,1,numinous,0,ice,-28.889074,leptosol,0.0014077898,17,22.882353,389,7.2253964,1,0,11.314908,-0.46914418,,,,,0.32514078,,,,,,,,,,,,,0,0,,,,,,,,,,,,,,,,,,,,,0.32,solar,8,organized,7.6060606,,1,true,,,,,,,1,1,0,,,,,,6.6172203,0.1558395,3.3918053,0.079293003,8,0.20278038,0.71378351,61,2,2,1433887,2,4,0.051806097,true,,,,,,,,,,,,,,,,,,,,,,,,,,,,,,,,,,,,,,,,,,,,,,,,,,,0,,-0.1016626,7,0,false,
241,goblin-twin-solo,yellow-white dwarf (F),false,25.757499,592.64559,552.20788,13.620779,3.1909816,1,false,0.21284666,10.131689,4,orange-giant,7,4,3,0,555.67968,0.18534535,0.060953208,66,35,0,20,0.61193301,0.57630851,3,0.16476246,0.011547288,evaporite,0.12650981,aquifer+aquitard+spring+runoff+karst,0.11216658,27.217272,0.2358455,25.447688,0.1292149,0.42545294,salt,0.056477747,0.00050327126,1,numinous,0,alpine,13.045111,leptosol,0.038814796,22,36.863636,811,7.2770839,1,0,5.1860941,-0.2311438,,,,,0.30410166,,,,,,,,,,,,,0,0,,,,,,,,,,,,,,,,,,,,,0.42857143,solar,6,organized,6.7352941,,0.83333333,true,,,,,,,1,1,0,,,,,,5.9026916,0.11757641,3.3452486,0.074386016,8,0.18482637,0.70484351,45,2,2,1317035.8,0,5,0.069359232,true,,,,,,,,,,,,,,,,,,,,,,,,,,,,,,,,,,,,,,,,,,,,,,,,,,,0,,-0.036989067,7,0,false,
242,goblin-twin-solo,yellow-white dwarf (F),false,35.344664,599.14352,406.83495,19.071255,3.7233468,1,false,0.30221406,9.1249679,5,sun-like,15,5,4,0,584.20027,0.13318585,0.19321185,9,6,0,36,0.57128558,0.61112693,3,0.1422538,0.024486109,gneiss,0.10876374,aquifer+aquitard+spring+runoff+karst,0.06821935,31.180992,0.30601902,25.497569,0.13689425,0.35783839,salt,0.062277407,0.000056944365,1,numinous,0,ice,-15.898562,leptosol,0.033824953,18,38.333333,690,25.799259,1,0,10.531421,-0.089037967,,,,,0.22048858,,,,,,,,,,,,,0,0,,,,,,,,,,,,,,,,,,,,,0.16666667,solar,6,organized,7.6333333,,1,true,,,,,,,1,1,0,,,,,,6.4326756,0.15010223,2.9601331,0.098164152,7,0.36694949,0.7263385,46,2,2,1567943.4,1,7,0.07245273,true,,,,,,,,,,,,,,,,,,,,,,,,,,,,,,,,,,,,,,,,,,,,,,,,,,,0,,0.002512215,7,0,false,
243,goblin-twin-solo,yellow-white dwarf (F),false,27.351071,814.95042,715.10217,19.613861,4.6097512,0,false,-0,,5,white-dwarf,11,5,2,0,,0.18787331,0.17118491,0,0,0,22,0.70216298,0.42590164,3,0.11164006,0.030857868,gneiss,0.1252459,aquifer+aquitard+spring+runoff+karst,0.24409836,31.109621,0.60336066,23.917308,0.13262295,0.44729508,salt,0.077170818,0.0020491803,1,numinous,0,ice,-13.488806,leptosol,0.04295082,8,10.875,87,32.369425,1,0,6.2678973,-0.46824965,,,,,0.25090164,,,,,,,,,,,,,0,0,,,,,,,,,,,,,,,,,,,,,0.4,solar,2,organized,10.416667,,1,true,,,,,,,1,1,0.046511628,,,,,,6.9288761,0.16750248,3.7040516,0.066793614,7,0.24352459,0.66126033,95,1,2,1036161.2,0,4,0.10189513,true,,,,,,,,,,,,,,,,,,,,,,,,,,,,,,,,,,,,,,,,,,,,,,,,,,,0,,0.02409238,7,0,false,
244,goblin-twin-solo,orange dwarf (K),false,22.672506,212.66102,225.1125,2.3856523,0.19131325,2,false,3.7932537,16.16396,2,sun-like,1,3,1,0,215.36072,0.055087433,0.010704471,85,54,0,33,0.69266637,0.5498451,3,0.12941263,0.052609736,evaporite,0.12884264,aquifer+aquitard+spring+runoff+karst,0.12876321,31.228507,0.46500913,25.087508,0.096433394,0.4118675,salt,0.069977332,0.0013503853,1,numinous,0,alpine,11.781939,leptosol,0.058384304,18,40.444444,728,7.8145786,1,0,3.749587,-0.026636547,,,,,0.2688061,,,,,,,,,,,,,0,0,,,,,,,,,,,,,,,,,,,,,0.375,solar,14,organized,11.043478,,0.92857143,true,,,,,,,1,1,0,,,,,,6.503432,0.13143917,3.2651649,0.073043308,9,0.23472873,0.78763762,43,2,1,1251546.4,0,3,0.078897336,true,,,,,,,,,,,,,,,,,,,,,,,,,,,,,,,,,,,,,,,,,,,,,,,,,,,0,,-0.21901043,7,0,false,
245,goblin-twin-solo,orange dwarf (K),false,31.531993,211.15178,160.71432,19.263144,0.0094147369,2,false,5.9826999,50.80772,3,sun-like,3,3,0,0,208.14006,0.048235787,0.000073035448,7742,3875,76,35,0.62719106,0.51915395,3,0.18482984,0.022435428,evaporite,0.11125663,aquifer+aquitard+spring+runoff+karst,0.23770545,25.425595,0.21092266,25.283332,0.17372798,0.40377186,salt,0.063258233,0.00032741798,1,numinous,0,alpine,1.5342158,leptosol,0.06319167,18,40.888889,736,23.326812,1,0,6.5635643,-0.027699593,,,,,0.29703359,,,,,,,,,,,,,0,0,,,,,,,,,,,,,,,,,,,,,0.53333333,solar,12,organized,9,,0.91666667,true,,,,,,,1,1,0,,,,,,6.4334506,0.12673893,3.2466181,0.075801963,8,0.37744745,0.64930563,58,2,2,1244599.6,0,5,0.10941088,true,,,,,,,,,,,,,,,,,,,,,,,,,,,,,,,,,,,,,,,,,,,,,,,,,,,0,,-0.039892781,7,0,false,
246,goblin-twin-solo,yellow dwarf (G),false,33.954438,376.02937,265.78867,27.013969,0.074794919,2,true,2.131042,35.774761,4,red-giant,6,5,2,1,368.52184,0.064748071,0.005709823,1429,879,7,39,0.68534251,0.56040034,3,0.039646502,0.031614667,shale,0.088059586,aquifer+aquitard+spring+runoff+karst,0.15276592,38.421917,0.23547211,25.785065,0.12235239,0.36441927,salt,0.068256745,0,0,,0,ice,-28.422232,leptosol,0.011327489,11,31.636364,348,11.84709,1,0,7.5337498,-0.086165066,,,,,0.21592055,,,,,,,,,,,,,0,0,,,,,,,,,,,,,,,,,,,,,0.38461538,solar,15,organized,10.365854,,1,true,,,,,,,1,1,0,,,,,,7.2861837,0.14091996,2.6832582,0.095185782,10,0.29513539,0.76774221,47,2,2,1435153.7,0,5,0.064324156,true,,,,,,,,,,,,,,,,,,,,,,,,,,,,,,,,,,,,,,,,,,,,,,,,,,,0,,-0.19051623,7,0,false,
247,goblin-twin-solo,yellow dwarf (G),false,31.029857,370.37185,286.46359,23.097123,0.24987403,2,false,5.6336217,35.826848,2,sun-like,2,3,0,0,363.04603,0.07649913,0.018422558,585,375,3,30,0.50163566,0.55990987,3,0.16818026,0.019383819,shale,0.093857157,aquifer+aquitard+spring+runoff+karst,0.15719604,26.910792,0.41907514,24.881763,0.095179779,0.42314098,salt,0.064510677,0.00053884589,1,numinous,0,ice,-13.331085,leptosol,0.036739493,7,41.428571,290,28.259,1,0,3.2560822,-0.020891455,,,,,0.27549721,,,,,,,,,,,,,0,0,,,,,,,,,,,,,,,,,,,,,0.21052632,solar,12,organized,10.677419,,1,true,,,,,,,1,1,0,,,,,,8.5481547,0.18532659,2.2989201,0.18734437,5,0.6632703,0.54863369,77,2,1,1502808.7,0,3,0.080838916,true,,,,,,,,,,,,,,,,,,,,,,,,,,,,,,,,,,,,,,,,,,,,,,,,,,,0,,-0.12170804,7,0,false,
248,goblin-twin-solo,orange dwarf (K),false,26.306176,188.34617,171.83448,13.275649,2.1799548,0,false,-0,,4,red-giant,15,5,4,0,,0.034521837,0.16312598,0,0,0,24,0.5954055,0.59331443,3,0.16227235,0.010644012,shale,0.10046461,aquifer+aquitard+spring+runoff+karst,0.069872684,29.350272,0.31243589,25.70454,0.12954806,0.38025704,salt,0.069295666,0.00036203463,1,numinous,0,ice,-13.207279,leptosol,0.037229228,4,41.5,166,29.973733,1,0,2.6240979,-0.019911786,,,,,0.24117541,,,,,,,,,,,,,0,0,,,,,,,,,,,,,,,,,,,,,0.4,solar,1,organized,6.1666667,,1,true,,,,,,,1,1,0,,,,,,7.2409152,0.12355703,2.7262762,0.11444754,11,0.1877753,0.65463112,54,2,2,1490233,2,6,0.07879361,true,,,,,,,,,,,,,,,,,,,,,,,,,,,,,,,,,,,,,,,,,,,,,,,,,,,0,,-0.082653889,7,0,false,
249,goblin-twin-solo,yellow dwarf (G),false,19.146468,596.10333,747.21247,6.2658855,0.58315296,1,false,1.3200794,27.659342,3,red-giant,3,4,0,0,580.94862,0.10513835,0.035043272,359,223,0,30,0.67833602,0.50159381,5,0.036082223,0.029710463,shale,0.12704918,aquifer+aquitard+spring+runoff+karst,0.12864299,30.21834,0.33803886,25.837659,0.1335003,0.35147237,salt,0.062588217,0.0015179114,1,numinous,0,ice,-30.544725,leptosol,0.006147541,18,14.222222,256,9.6453719,1,0,9.2075164,-0.27446927,,,,,0.2123558,,,,,,,,,,,,,0,0,,,,,,,,,,,,,,,,,,,,,0.33333333,solar,9,folk,6.6944444,,1,true,,,,,,,1,1,0.024096386,,,,,,6.7732696,0.11168117,3.1048143,0.075801963,11,0.19133273,0.78993376,50,2,2,1278855.7,0,5,0.068103783,true,,,,,,,,,,,,,,,,,,,,,,,,,,,,,,,,,,,,,,,,,,,,,,,,,,,0,,-0.23385463,7,0,false,
250,goblin-twin-solo,orange dwarf (K),false,29.066644,206.11063,170.18322,18.797679,0.88183951,1,false,1.1091109,8.1250151,2,red-dwarf,15,4,2,0,212.86454,0.05278062,0.064058188,31,14,0,15,0.6399834,0.5097986,3,0.15717006,0.02551145,evaporite,0.12131281,aquifer+aquitard+spring+runoff+karst,0.16376212,25.415445,0.33891639,25.256168,0.083203363,0.3852987,salt,0.055736683,0.0012205872,1,numinous,0,alpine,10.869201,leptosol,0.054451753,10,41.7,417,9.5403587,1,0,10.012615,-0.011414306,,,,,0.28120974,,,,,,,,,,,,,0,0,,,,,,,,,,,,,,,,,,,,,0.35294118,solar,7,organized,6.0833333,,0.85714286,true,,,,,,,1,1,0,,,,,,6.4262256,0.15794735,3.6084615,0.072408574,8,0.25320404,0.70942174,94,2,2,1224179.3,0,6,0.08708344,true,,,,,,,,,,,,,,,,,,,,,,,,,,,,,,,,,,,,,,,,,,,,,,,,,,,0,,-0.091433029,7,0,false,
251,goblin-twin-solo,yellow dwarf (G),false,17.907707,342.13896,458.53638,22.058952,0.43887436,2,false,7.0323444,57.372985,2,red-dwarf,8,6,2,0,337.85107,0.060320618,0.029375597,792,507,1,21,0.69791514,0.5038791,5,0.060006836,0.01879791,shale,0.12308065,aquifer+aquitard+spring+runoff+karst,0.1775497,28.831679,0.51996121,24.896613,0.092371101,0.38071763,salt,0.06787937,0.00040407306,1,numinous,0,ice,-22.452444,leptosol,0.016890254,2,38,76,16.466068,1,0,7.516953,0,,,,,0.21488605,,,,,,,,,,,,,0,0,,,,,,,,,,,,,,,,,,,,,0.30769231,solar,11,organized,9.0833333,,1,true,,,,,,,1,1,0,,,,,,7.068459,0.13825243,2.9039084,0.087129535,11,0.22595765,0.76434372,50,2,2,1243745.3,0,7,0.092899824,true,,,,,,,,,,,,,,,,,,,,,,,,,,,,,,,,,,,,,,,,,,,,,,,,,,,0,,-0.16483849,7,0,false,
252,goblin-twin-solo,yellow-white dwarf (F),false,19.892569,621.93429,750.35169,14.37998,1.0853225,2,false,2.5968237,28.16941,2,red-giant,9,4,2,0,606.39294,0.12197788,0.083513489,467,296,2,24,0.51074166,0.56758645,5,0.096797031,0.017845808,shale,0.085824061,aquifer+aquitard+spring+runoff+karst,0.11795819,29.848556,0.14470336,26.545409,0.13247842,0.39304426,salt,0.052681336,0.0010977496,1,numinous,0,ice,-24.312453,leptosol,0.026994661,4,38.25,153,14.724874,1,0,4.9539298,-0.019034985,,,,,0.2549274,,,,,,,,,,,,,0,0,,,,,,,,,,,,,,,,,,,,,0.30769231,solar,9,organized,8.4545455,,1,true,,,,,,,1,1,0,,,,,,7.8215045,0.15127063,2.2659474,0.18236414,5,0.53071204,0.70845947,54,3,2,1565998.6,0,5,0.068837933,true,,,,,,,,,,,,,,,,,,,,,,,,,,,,,,,,,,,,,,,,,,,,,,,,,,,0,,-0.20185803,7,0,false,
253,goblin-twin-solo,yellow-white dwarf (F),false,19.496037,962.95409,1185.4152,33.679081,0.34331102,3,false,0.98765373,43.086338,2,sun-like,2,3,0,0,946.97534,0.18900913,0.0091615086,317,200,3,22,0.71947171,0.44721956,5,0.041794834,0.013988575,gneiss,0.12940562,aquifer+aquitard+spring+runoff+karst,0.19040989,25.949303,0.4904708,24.390555,0.11086938,0.36341485,salt,0.066756409,0.0014794187,1,numinous,0,ice,-27.921235,leptosol,0.010878078,17,35.411765,602,13.301608,1,0,2.9544772,-0.044508497,,,,,0.20154904,,,,,,,,,,,,,0,0,,,,,,,,,,,,,,,,,,,,,0.35483871,solar,14,organized,8.6444444,,1,true,,,,,,,1,1,0,,,,,,6.529049,0.14505768,3.7615783,0.063595528,7,0.21677835,0.56761255,74,2,2,963116.1,1,5,0.095086444,true,,,,,,,,,,,,,,,,,,,,,,,,,,,,,,,,,,,,,,,,,,,,,,,,,,,0,,-0.15883506,7,0,false,
254,goblin-twin-solo,yellow dwarf (G),false,23.862267,334.76974,336.70204,32.792481,1.185422,0,false,-0,,4,sun-like,4,5,2,0,,0.071542811,0.089277958,0,0,0,38,0.61393487,0.60768939,3,0.12941263,0.016893706,shale,0.068926268,aquifer+aquitard+spring+runoff+karst,0.084861515,37.00261,0.24851397,26.649529,0.12659669,0.38478563,salt,0.054659492,0,0,,0,ice,-14.385483,leptosol,0.021879347,34,39.441176,1341,32.276047,1,0,5.8106385,-0.029172937,,,,,0.23997724,,,,,,,,,,,,,0,0,,,,,,,,,,,,,,,,,,,,,0.42105263,solar,4,organized,7.452381,,1,true,,,,,,,1,1,0,,,,,,6.6555966,0.13789319,2.7360293,0.097309702,10,0.24920956,0.77754607,33,2,1,1508768.3,0,5,0.082619803,true,,,,,,,,,,,,,,,,,,,,,,,,,,,,,,,,,,,,,,,,,,,,,,,,,,,0,,-0.09794879,7,0,false,
255,goblin-twin-solo,yellow dwarf (G),false,21.344978,405.90432,456.39323,18.609361,1.2745998,1,false,0.28265823,6.6010662,5,blue-giant,0,0,0,0,369.59079,0.077843383,0.0970101,100,70,0,31,0.66012402,0.50912225,3,0.10377911,0.024388458,shale,0.13101566,aquifer+aquitard+spring+runoff+karst,0.12397644,29.628907,0.303692,25.879241,0.11981037,0.31899152,salt,0.054107933,0.0010774314,1,numinous,0,ice,-15.140057,leptosol,0.027438586,11,33.636364,370,25.213045,1,0,7.8522519,-0.08079563,,,,,0.17770435,,,,,,,,,,,,,0,0,,,,,,,,,,,,,,,,,,,,,0,solar,9,organized,9.2068966,,1,true,,,,,,,1,1,0,,,,,,7.5662588,0.12911235,3.0004144,0.083833797,11,0.30670881,0.74223474,67,2,2,1436845.6,1,4,0.049172287,true,,,,,,,,,,,,,,,,,,,,,,,,,,,,,,,,,,,,,,,,,,,,,,,,,,,0,,-0.20159029,7,0,false,
256,goblin-twin-solo,yellow-white dwarf (F),false,21.222906,696.01183,787.08748,3.4777366,0.71291291,2,false,0.3015008,16.330295,5,blue-giant,7,3,1,0,667.18183,0.22953673,0.034013265,251,159,0,27,0.71739661,0.45749827,3,0.1177921,0.023436356,gneiss,0.15713545,aquifer+aquitard+spring+runoff+karst,0.095542502,33.614316,0.32437802,25.599859,0.13026952,0.26356254,salt,0.066504069,0.00025915688,1,numinous,0,tropical-seasonal-forest,18.20824,leptosol,0.022028334,12,40.25,483,6.3879321,1,0,15.768491,-0.049158501,,,,,0.15359364,,,,,,,,,,,,,0,0,,,,,,,,,,,,,,,,,,,,,0.29166667,solar,12,organized,9.25,,0.83333333,true,,,,,,,1,1,0,,,,,,6.998122,0.14028955,3.5399002,0.065450906,8,0.19030753,0.66769562,93,1,2,1075548.3,1,5,0.067108844,true,,,,,,,,,,,,,,,,,,,,,,,,,,,,,,,,,,,,,,,,,,,,,,,,,,,0,,-0.13156671,7,0,false,
257,goblin-twin-solo,yellow-white dwarf (F),false,20.424907,705.10137,828.51946,16.434336,0.34329201,3,false,6.7718916,54.187785,5,red-dwarf,9,4,2,0,695.65691,0.14102644,0.026499954,2147,1288,91,39,0.51127875,0.60427594,3,0.08351643,0.015209218,shale,0.12098506,aquifer+aquitard+spring+runoff+karst,0.14611119,27.818902,0.40801239,25.472637,0.11738848,0.40591438,salt,0.063583928,0.00039962036,1,numinous,0,ice,-25.031629,leptosol,0.018182726,5,31.2,156,14.747681,1,0,5.2974497,-0.095561777,,,,,0.27204156,,,,,,,,,,,,,0,0,,,,,,,,,,,,,,,,,,,,,0.36842105,solar,14,organized,7.1212121,,1,true,,,,,,,1,1,0,,,,,,7.0454584,0.1465586,2.6552552,0.12719106,5,0.42519606,0.68707332,57,2,1,1644808.4,0,6,0.085347911,true,,,,,,,,,,,,,,,,,,,,,,,,,,,,,,,,,,,,,,,,,,,,,,,,,,,0,,-0.25011624,7,0,false,
258,goblin-twin-solo,yellow dwarf (G),false,33.526342,283.9441,203.26281,12.073252,0.37550678,3,false,5.5529361,47.714605,4,sun-like,12,5,2,0,279.67922,0.075660424,0.026271505,1239,800,30,10,0.69977052,0.5127663,3,0.17211074,0.0123285,evaporite,0.16466092,aquifer+aquitard+spring+runoff+karst,0.11172548,31.26074,0.18100504,25.988872,0.14449504,0.36997886,salt,0.034691958,0.0019515368,1,numinous,0,alpine,17.255192,leptosol,0.057651651,6,41.5,249,4.6512924,1,0,19.284927,-0.016440539,,,,,0.25931046,,,,,,,,,,,,,0,0,,,,,,,,,,,,,,,,,,,,,0.57142857,solar,15,organized,8.8888889,,0.93333333,true,,,,,,,1,1,0,,,,,,6.7669022,0.16231337,3.5990167,0.06471852,7,0.30330135,0.69219276,82,2,2,1188790.8,0,4,0.072280956,true,,,,,,,,,,,,,,,,,,,,,,,,,,,,,,,,,,,,,,,,,,,,,,,,,,,0,,-0.053431704,7,0,false,
259,goblin-twin-solo,yellow-white dwarf (F),false,20.346186,836.56638,986.79884,8.6167375,1.207148,1,false,0.8600868,22.134595,4,blue-giant,4,4,2,0,810.55766,0.18605014,0.080499431,108,69,0,29,0.60209462,0.59647831,3,0.10368146,0.028367755,andesite,0.10976134,aquifer+aquitard+spring+runoff+karst,0.09902448,39.082983,0.090496349,25.999434,0.094975152,0.33695319,salt,0.059519082,0.000061353457,1,numinous,0,ice,-19.901013,leptosol,0.021044236,3,39.666667,119,22.418319,1,0,10.801703,-0.020563701,,,,,0.23197742,,,,,,,,,,,,,0,0,,,,,,,,,,,,,,,,,,,,,0,solar,5,organized,11.923077,,1,true,,,,,,,1,1,0,,,,,,6.7400583,0.16670167,3.626239,0.071554123,7,0.32719799,0.73964263,115,1,2,1503761.3,0,7,0.094155853,true,,,,,,,,,,,,,,,,,,,,,,,,,,,,,,,,,,,,,,,,,,,,,,,,,,,0,,-0.046208309,7,0,false,
260,goblin-twin-solo,yellow-white dwarf (F),false,36.14282,718.10299,476.84359,26.078902,0.073452087,2,false,7.5452367,50.906024,3,sun-like,4,3,0,0,707.89272,0.18330081,0.0061699185,954,592,2,18,0.58083101,0.58037274,3,0.18978565,0.0074703384,evaporite,0.13931275,aquifer+aquitard+spring+runoff+karst,0.1449039,21.036459,0.54205009,24.701572,0.10594059,0.40844496,salt,0.054077432,0.00034944671,1,numinous,0,ice,-6.0995917,leptosol,0.050611532,4,41.25,165,36.276372,1,0,16.251397,-0.017658824,,,,,0.27594642,,,,,,,,,,,,,0,0,,,,,,,,,,,,,,,,,,,,,0.4375,solar,12,organized,10.142857,,1,true,,,,,,,1,1,0,,,,,,6.031754,0.11051797,3.0152782,0.091523851,8,0.32923704,0.78618394,36,2,2,1346171.4,0,4,0.065130024,true,,,,,,,,,,,,,,,,,,,,,,,,,,,,,,,,,,,,,,,,,,,,,,,,,,,0,,-0.011582482,7,0,false,
261,goblin-twin-solo,yellow dwarf (G),false,17.605343,599.43184,817.15897,18.382146,0.83984519,2,false,2.3380231,21.918128,2,sun-like,12,4,4,0,580.50017,0.10518149,0.057020294,489,308,6,14,0.59733411,0.53880199,5,0.038450271,0.011474049,shale,0.10925185,aquifer+aquitard+spring+runoff+karst,0.11937674,20.827379,0.26045835,25.474329,0.10161271,0.3785619,salt,0.05908805,0.00042439675,1,numinous,0,ice,-29.617703,leptosol,0.0070934885,5,35.2,176,9.0504491,1,0,3.6959033,-0.016696844,,,,,0.2448163,,,,,,,,,,,,,0,0,,,,,,,,,,,,,,,,,,,,,0.36842105,solar,14,organized,9.6666667,,0.92857143,true,,,,,,,1,1,0,,,,,,7.544116,0.15676652,2.5377547,0.12472536,7,0.39026313,0.71163169,48,2,2,1353664.1,0,4,0.070793961,true,,,,,,,,,,,,,,,,,,,,,,,,,,,,,,,,,,,,,,,,,,,,,,,,,,,0,,-0.35699979,7,0,false,
262,goblin-twin-solo,orange dwarf (K),false,33.408362,289.01489,207.62339,21.705698,0.16968442,1,false,1.4562604,8.1145459,4,orange-giant,12,6,2,0,298.31033,0.05716828,0.0083755052,20,11,0,35,0.6638836,0.5275276,3,0.13688296,0.029222206,sandstone,0.11882626,aquifer+aquitard+spring+runoff+karst,0.060647879,32.971156,0.12253051,26.283472,0.11272516,0.32837013,salt,0.074207591,0.00036316095,1,numinous,0,ice,-12.289665,leptosol,0.035952934,2,41,82,30.089346,1,0,8.4886679,0,,,,,0.18477629,,,,,,,,,,,,,0,0,,,,,,,,,,,,,,,,,,,,,0.2,solar,8,organized,8.6666667,,1,true,,,,,,,1,1,0,,,,,,7.3079357,0.14992058,3.3387391,0.075362531,8,0.33439861,0.61496021,73,2,2,1366607.1,1,7,0.072351334,true,,,,,,,,,,,,,,,,,,,,,,,,,,,,,,,,,,,,,,,,,,,,,,,,,,,0,,-0.094817956,7,0,false,
263,goblin-twin-solo,orange dwarf (K),false,26.277153,218.50514,199.5697,5.4486296,0.036392046,2,false,2.1677202,19.415576,3,red-giant,10,4,3,0,210.76248,0.044894318,0.0018343524,3512,3414,86,20,0.66893706,0.54833714,3,0.19608418,0.01845613,shale,0.12727675,aquifer+aquitard+spring+runoff+karst,0.12093503,25.323098,0.48012683,25.005105,0.096379323,0.35926554,salt,0.051685907,0.00081114962,1,numinous,0,ice,-2.5177006,leptosol,0.07079124,2,42,84,31.450255,1,0,4.1898823,0,,,,,0.20138633,,,,,,,,,,,,,0,0,,,,,,,,,,,,,,,,,,,,,0.33333333,solar,10,organized,8.3636364,,1,true,,,,,,,1,1,0,,,,,,7.0989483,0.10880295,2.6127428,0.10287584,10,0.2076543,0.75313461,48,2,2,1294967.1,0,6,0.086965594,true,,,,,,,,,,,,,,,,,,,,,,,,,,,,,,,,,,,,,,,,,,,,,,,,,,,0,,0.09316665,7,0,false,
264,goblin-twin-solo,yellow dwarf (G),false,20.166061,310.55228,369.59398,23.102314,0.65685722,2,false,6.4409327,13.167217,2,orange-giant,11,4,1,0,295.02457,0.075932267,0.041943704,293,188,0,33,0.74244422,0.55203791,3,0.1411308,0.03061374,gneiss,0.095829384,aquifer+aquitard+spring+runoff+karst,0.093649289,46.783167,0.18947867,26.010904,0.12872038,0.32559242,salt,0.071754596,0,0,,0,alpine,3.1535587,leptosol,0.050521327,10,40.2,402,25.290705,1,0,4.0649023,-0.036620016,,,,,0.15895735,,,,,,,,,,,,,0,0,,,,,,,,,,,,,,,,,,,,,0.33333333,solar,11,organized,7.65625,,1,true,,,,,,,1,1,0,,,,,,6.7296232,0.14913275,2.9139127,0.073897759,10,0.20350711,0.69770948,57,2,1,1267272.8,0,5,0.093933341,true,,,,,,,,,,,,,,,,,,,,,,,,,,,,,,,,,,,,,,,,,,,,,,,,,,,0,,-0.068127341,7,0,false,
265,goblin-twin-solo,orange dwarf (K),false,19.9098,205.60076,247.83865,26.605603,0.1632899,1,false,6.4278069,12.005002,4,red-giant,10,5,1,0,194.42798,0.040343648,0.0081507657,528,330,0,14,0.54277135,0.59581398,5,0.14276647,0.0051511157,evaporite,0.10219446,aquifer+aquitard+spring+runoff+karst,0.20599071,22.655068,0.097656041,25.755762,0.11068397,0.40189012,salt,0.049577321,0,0,,0,ice,-10.498445,leptosol,0.034598751,7,41.142857,288,24.387201,1,0,7.1243273,-0.027369754,,,,,0.27337284,,,,,,,,,,,,,0,0,,,,,,,,,,,,,,,,,,,,,0,solar,9,organized,10.28,,1,true,,,,,,,1,1,0,,,,,,6.4129643,0.12119075,2.8106615,0.10485328,6,0.75914357,0.52064283,25,2,1,1512814.8,0,4,0.059562146,true,,,,,,,,,,,,,,,,,,,,,,,,,,,,,,,,,,,,,,,,,,,,,,,,,,,0,,-0.17120442,7,0,false,
266,goblin-twin-solo,yellow dwarf (G),true,,473.65149,,12.55541,1.9434804,1,false,0.036114457,6.3826779,5,blue-giant,0,0,0,0,481.4249,0.094158582,,8,5,0,23,0.52507202,0.62778863,locked,0.13793272,0.028538646,evaporite,0.1164285,aquifer+aquitard+spring+runoff+karst,0.13621877,24.557221,0.43291868,25.077276,0.092320345,0.45682122,salt,0.053618142,0.00010280662,1,numinous,0,ice,-25.825087,leptosol,0.043332991,3,40.333333,121,0.759329,1,0,31.748862,-0.023891958,,,,,0.34270587,,,,,,,,,,,,,0,0,,,,,,,,,,,,,,,,,,,,,0,solar,3,organized,10.111111,,0.66666667,true,,,,,,,1,1,0,,,,,,5.9850427,0.12815289,3.0320627,0.096406425,8,0.28616223,0.65042468,40,2,1,1466604,0,7,0.068851696,true,,,,,,,,,,,,,,,,,,,,,,,,,,,,,,,,,,,,,,,,,,,,,,,,,,,0,,0.38098074,7,0,false,
267,goblin-twin-solo,yellow dwarf (G),false,21.658321,472.82379,523.94508,30.453136,1.7647519,0,false,-0,,5,red-dwarf,3,5,0,0,,0.082781496,0.12885081,0,0,0,23,0.57013818,0.57263744,3,0.059982423,0.024876715,evaporite,0.12233076,aquifer+aquitard+spring+runoff+karst,0.13499546,29.583177,0.29526352,25.377613,0.11585643,0.42179691,salt,0.073278207,0,0,,0,ice,-29.277907,leptosol,0.010904134,11,25.909091,285,12.464418,1,0,5.3979696,-0.25189763,,,,,0.27646524,,,,,,,,,,,,,0,0,,,,,,,,,,,,,,,,,,,,,0.30769231,solar,2,organized,6.6,,1,true,,,,,,,1,1,0,,,,,,6.7092594,0.1317976,3.0398055,0.097944436,9,0.42679464,0.7521287,49,2,1,1595117.3,0,6,0.059840239,true,,,,,,,,,,,,,,,,,,,,,,,,,,,,,,,,,,,,,,,,,,,,,,,,,,,0,,-0.2494146,7,0,false,
268,goblin-twin-solo,yellow-white dwarf (F),false,36.411422,704.18069,464.14931,11.787187,0.75933041,2,false,4.5753262,48.007529,5,sun-like,1,3,0,0,693.62485,0.20066949,0.062699946,537,341,0,17,0.59171915,0.57528103,3,0.20208974,0.0068844295,shale,0.10093279,aquifer+aquitard+spring+runoff+karst,0.18004066,25.638932,0.36528343,25.923629,0.12353504,0.37778044,salt,0.051593729,0.00041856015,1,numinous,0,alpine,3.6929208,leptosol,0.046221,14,39.714286,556,13.975422,1,0,13.17701,-0.045916719,,,,,0.25382684,,,,,,,,,,,,,0,0,,,,,,,,,,,,,,,,,,,,,0.39130435,solar,9,organized,9.28125,,1,true,,,,,,,1,1,0,,,,,,6.9240127,0.14510248,2.6505503,0.11481373,7,0.24318345,0.71136807,37,2,2,1484192,1,4,0.07550674,true,,,,,,,,,,,,,,,,,,,,,,,,,,,,,,,,,,,,,,,,,,,,,,,,,,,0,,0.028589871,7,0,false,
269,goblin-twin-solo,yellow-white dwarf (F),false,19.849347,563.65229,681.51638,31.688013,3.4668478,1,false,0.10283579,6.9939146,3,blue-giant,1,3,1,0,515.30625,0.11865943,0.17077071,453,453,0,39,0.65873248,0.4897346,5,0.09704116,0.026976222,gneiss,0.12232635,aquifer+aquitard+spring+runoff+karst,0.18377566,31.458048,0.34315759,24.655777,0.12461549,0.378854,salt,0.076150834,0.00050075113,1,numinous,0,ice,-14.217607,leptosol,0.029472781,21,39.190476,823,20.894663,1,0,1.5217852,-0.038909688,,,,,0.25931755,,,,,,,,,,,,,0,0,,,,,,,,,,,,,,,,,,,,,0.35714286,solar,7,organized,11.085714,,0.85714286,true,,,,,,,1,1,0.095238095,,,,,,6.7373063,0.14052112,3.4665297,0.072848005,7,0.27090636,0.69358092,69,2,2,1190321,1,5,0.081387066,true,,,,,,,,,,,,,,,,,,,,,,,,,,,,,,,,,,,,,,,,,,,,,,,,,,,0,,-0.026755329,7,0,false,
270,goblin-twin-solo,yellow dwarf (G),false,31.305238,381.14753,292.20479,15.089806,0.68881355,0,false,-0,,2,orange-giant,7,4,1,0,,0.11008584,0.056526725,0,0,0,15,0.69894048,0.45645475,3,0.15282457,0.024827889,andesite,0.087982485,aquifer+aquitard+spring+runoff+karst,0.071196886,40.966995,0.088955563,26.010401,0.088550114,0.26240675,salt,0.064377252,0,0,,0,tropical-seasonal-forest,15.520035,leptosol,0.057249432,5,41.6,208,9.3562057,1,0,17.664427,-0.016120866,,,,,0.16518002,,,,,,,,,,,,,0,0,,,,,,,,,,,,,,,,,,,,,0.28571429,solar,2,organized,11,,0.5,true,,,,,,,1,1,0,,,,,,7.382268,0.23570732,4.0596597,0.063302573,8,0.22469997,0.71294696,161,1,2,1040590.1,0,4,0.068414966,true,,,,,,,,,,,,,,,,,,,,,,,,,,,,,,,,,,,,,,,,,,,,,,,,,,,0,,-0.19120615,7,0,false,
271,goblin-twin-solo,yellow-white dwarf (F),false,29.543471,980.58918,796.59361,14.724622,4.5705923,1,false,0.086619201,12.15752,4,blue-giant,16,7,3,0,942.45959,0.18410924,0.34349226,8,6,0,33,0.65299546,0.50316589,3,0.030491675,0.022362189,shale,0.13908822,aquifer+aquitard+spring+runoff+karst,0.11678627,29.652233,0.36893204,24.828579,0.14978191,0.32278036,salt,0.071973069,0.0007738849,1,numinous,0,ice,-30.678454,leptosol,0.0021105952,2,28,56,8.1295829,1,0,6.3908871,-0.10309349,,,,,0.1828479,,,,,,,,,,,,,0,0,,,,,,,,,,,,,,,,,,,,,0.25,solar,6,folk,6.9285714,,0.83333333,true,,,,,,,1,1,0,,,,,,6.9208493,0.10534151,2.965855,0.086787755,9,0.1829886,0.82366362,42,2,1,1397022.5,0,5,0.094783355,true,,,,,,,,,,,,,,,,,,,,,,,,,,,,,,,,,,,,,,,,,,,,,,,,,,,0,,-0.23201986,7,0,false,
272,goblin-twin-solo,orange dwarf (K),false,19.30101,129.29792,160.77656,3.5255888,0.57000357,2,false,7.3656213,19.203201,2,red-dwarf,6,5,2,0,124.68022,0.028407913,0.028434227,4033,2234,250,35,0.64279088,0.59697922,5,0.15821981,0.017504028,gneiss,0.12766539,aquifer+aquitard+spring+runoff+karst,0.14256424,30.099788,0.31738655,24.997515,0.11010115,0.30358119,salt,0.064245696,0.000068343357,1,numinous,0,alpine,6.3531298,leptosol,0.060210498,3,41.333333,124,13.130046,1,0,16.125571,-0.023316192,,,,,0.18657736,,,,,,,,,,,,,0,0,,,,,,,,,,,,,,,,,,,,,0.57142857,solar,11,organized,7.88,,0.90909091,true,,,,,,,1,1,0,,,,,,6.5835827,0.14409335,3.1750945,0.081294859,6,0.26209677,0.81440917,46,2,1,1411237.1,0,5,0.074057334,true,,,,,,,,,,,,,,,,,,,,,,,,,,,,,,,,,,,,,,,,,,,,,,,,,,,0,,-0.069320664,7,0,false,
273,goblin-twin-solo,orange dwarf (K),false,36.327713,195.69178,129.28429,22.723165,0.80485923,1,false,4.337085,19.403738,5,blue-giant,1,4,0,0,188.7562,0.031241866,0.018017031,3621,1786,0,34,0.73038426,0.5249004,3,0.050510229,0.03852351,evaporite,0.11110105,aquifer+aquitard+spring+runoff+karst,0.15782325,36.947975,0.30315103,26.041724,0.13690692,0.3727816,salt,0.060395509,0,0,,0,ice,-22.361869,leptosol,0.016207896,4,5,20,17.366867,1,0,9.0433342,-0.42947041,,,,,0.23161898,,,,,,,,,,,,,0,0,,,,,,,,,,,,,,,,,,,,,0.16666667,solar,8,organized,9.35,,0.875,true,,,,,,,1,1,0,,,,,,6.8543539,0.10896024,3.2313605,0.066769201,9,0.23940601,0.759819,60,2,2,1188619.1,0,5,0.066368523,true,,,,,,,,,,,,,,,,,,,,,,,,,,,,,,,,,,,,,,,,,,,,,,,,,,,0,,-0.23466543,7,0,false,
274,goblin-twin-solo,yellow-white dwarf (F),false,30.161712,447.48408,356.06792,11.116717,0.013686899,2,true,3.609287,16.603153,5,red-giant,17,5,4,1,429.45651,0.11807981,0.00033342533,272,175,0,40,0.5887652,0.56206589,3,0.2217421,0.014183878,evaporite,0.098070644,aquifer+aquitard+spring+runoff+karst,0.10513505,27.843424,0.2455328,26.183769,0.11647373,0.36948649,salt,0.060150292,0.00023745919,1,numinous,0,alpine,2.574878,leptosol,0.059958445,6,42,252,17.563759,1,0,17.164072,0,,,,,0.24951024,,,,,,,,,,,,,0,0,,,,,,,,,,,,,,,,,,,,,0.5,solar,10,organized,7.8461538,,1,true,,,,,,,1,1,0,,,,,,6.8394907,0.12041736,3.0855472,0.087910747,9,0.55393292,0.79826547,53,2,2,1496888.4,2,4,0.090865957,true,,,,,,,,,,,,,,,,,,,,,,,,,,,,,,,,,,,,,,,,,,,,,,,,,,,0,,0.053371948,7,0,false,
275,goblin-twin-solo,yellow dwarf (G),false,28.833364,363.57454,302.6282,20.947647,1.2579853,1,false,2.5259282,21.787241,5,sun-like,9,6,3,0,351.99556,0.073192979,0.011042897,1422,803,0,30,0.71629803,0.46915068,3,0.12008691,0.033689761,shale,0.15773169,aquifer+aquitard+spring+runoff+karst,0.17476981,32.031695,0.50374322,24.383465,0.1506755,0.36158678,salt,0.07284477,0.00025815334,1,numinous,0,ice,-10.453887,leptosol,0.049565442,3,40.666667,122,30.986612,1,0,7.0469239,-0.020055903,,,,,0.2585836,,,,,,,,,,,,,0,0,,,,,,,,,,,,,,,,,,,,,0.18181818,solar,8,organized,8.3684211,,1,true,,,,,,,1,1,0,,,,,,6.2305334,0.13343028,3.3457952,0.068014257,8,0.25978831,0.74112755,36,2,2,1070115.9,1,6,0.13689156,true,,,,,,,,,,,,,,,,,,,,,,,,,,,,,,,,,,,,,,,,,,,,,,,,,,,0,,-0.10286309,7,0,false,
276,goblin-twin-solo,yellow-white dwarf (F),false,17.328637,680.58539,942.6044,25.715516,0.15426786,1,false,0.97032923,17.2753,4,blue-giant,5,4,0,0,687.05914,0.20139632,0.0065455027,14,10,0,30,0.66415214,0.53529112,5,0.1517504,0.034080367,shale,0.098713382,aquifer+aquitard+spring+runoff+karst,0.15773788,28.260053,0.41869594,25.173931,0.12117467,0.33873664,salt,0.059934581,0.0010176637,1,numinous,0,alpine,7.7192991,leptosol,0.045067965,5,41,205,3.6197948,1,0,19.877492,0,,,,,0.20280584,,,,,,,,,,,,,0,0,,,,,,,,,,,,,,,,,,,,,0.15384615,solar,8,organized,9.9047619,,0.75,true,,,,,,,1,1,0,,,,,,7.233399,0.14541192,2.816936,0.096235535,11,0.19379225,0.66632,44,2,2,1256181,0,4,0.078553194,true,,,,,,,,,,,,,,,,,,,,,,,,,,,,,,,,,,,,,,,,,,,,,,,,,,,0,,-0.069716888,7,0,false,
277,goblin-twin-solo,yellow-white dwarf (F),false,37.105628,530.81119,343.32982,6.6910463,3.9565568,0,false,-0,,2,red-dwarf,1,4,1,0,,0.12471594,0.2347456,0,0,0,37,0.53752258,0.55083404,3,0.19945315,0.040159172,shale,0.088154561,aquifer+aquitard+spring+runoff+karst,0.20185811,32.720779,0.38766892,25.023149,0.061127534,0.36898226,salt,0.060370683,0,0,,0,ice,-9.6388397,leptosol,0.035736909,34,37.088235,1261,33.737122,1,0,9.1380571,-0.1557689,,,,,0.2323163,,,,,,,,,,,,,0,0,,,,,,,,,,,,,,,,,,,,,0.35135135,solar,3,organized,7.9,,1,true,,,,,,,1,1,0,,,,,,8.6331366,0.1794223,2.4184417,0.15323959,10,0.2183277,0.77023266,81,2,1,1740651.5,1,5,0.079529717,true,,,,,,,,,,,,,,,,,,,,,,,,,,,,,,,,,,,,,,,,,,,,,,,,,,,0,,-0.038659435,7,0,false,
278,goblin-twin-solo,orange dwarf (K),false,33.584828,159.76314,114.16808,31.464114,0.39169974,2,false,7.7004104,15.891976,2,red-dwarf,12,9,3,0,152.9948,0.02915944,0.0048047614,1236,776,23,30,0.56227723,0.58148355,3,0.15753625,0.047409794,shale,0.08382599,aquifer+aquitard+spring+runoff+karst,0.11834914,34.606054,0.27585053,25.410605,0.11807027,0.38204127,salt,0.071079326,0,0,,0,ice,-13.224451,leptosol,0.030284439,15,24.333333,365,31.819556,1,0,3.6134611,-0.28922429,,,,,0.22141662,,,,,,,,,,,,,0,0,,,,,,,,,,,,,,,,,,,,,0.5,solar,11,folk,8.1081081,,1,true,,,,,,,1,1,0,,,,,,8.3857785,0.17446047,2.6705553,0.12421268,6,0.50128277,0.69607929,69,2,1.5,1763231.3,0,6,0.066051606,true,,,,,,,,,,,,,,,,,,,,,,,,,,,,,,,,,,,,,,,,,,,,,,,,,,,0,,-0.16383217,7,0,false,
279,goblin-twin-solo,yellow dwarf (G),false,25.131053,262.10722,250.31077,15.866567,0.71295346,2,false,5.6785493,20.609789,4,red-giant,2,5,0,0,253.31825,0.072405165,0.037083233,2899,1579,9,33,0.51376886,0.61746247,3,0.21454031,0.008300376,evaporite,0.094492142,aquifer+aquitard+spring+runoff+karst,0.13295175,23.800631,0.19581262,25.940718,0.12466737,0.40533213,salt,0.050478192,0.0013556258,1,numinous,0,alpine,15.117913,leptosol,0.055028368,5,41.4,207,6.2237549,1,0,23.462367,-0.028229086,,,,,0.27172767,,,,,,,,,,,,,0,0,,,,,,,,,,,,,,,,,,,,,0.375,solar,11,organized,6.962963,,0.90909091,true,,,,,,,1,1,0,,,,,,6.8194605,0.12447708,2.913174,0.10900347,6,0.37229502,0.7531696,40,2,2,1632136.9,0,3,0.049272299,true,,,,,,,,,,,,,,,,,,,,,,,,,,,,,,,,,,,,,,,,,,,,,,,,,,,0,,-0.05078045,7,0,false,
280,goblin-twin-solo,yellow dwarf (G),false,32.841753,448.88174,328.03248,11.816146,3.1714225,2,false,0.43398839,18.786283,4,sun-like,1,4,0,0,432.68398,0.082737354,0.23278734,232,147,0,16,0.51545335,0.60696292,3,0.081099556,0.0066158879,evaporite,0.10419186,aquifer+aquitard+spring+runoff+karst,0.20974405,19.823923,0.5035268,25.120673,0.096231358,0.3753023,salt,0.051243358,0.0005038291,1,numinous,0,ice,-26.349482,leptosol,0.017785167,5,33.2,166,15.619921,1,0,6.9296016,-0.017693815,,,,,0.22254131,,,,,,,,,,,,,0,0,,,,,,,,,,,,,,,,,,,,,0.23529412,solar,12,organized,8.5862069,,1,true,,,,,,,1,1,0,,,,,,6.4847425,0.10233662,2.8620217,0.11290953,4,0.69538493,0.79189859,26,2,2,1694341.6,1,6,0.067966373,true,,,,,,,,,,,,,,,,,,,,,,,,,,,,,,,,,,,,,,,,,,,,,,,,,,,0,,-0.21448513,7,0,false,
281,goblin-twin-solo,yellow-white dwarf (F),false,31.577453,526.07919,399.83911,12.470204,0.37287503,3,false,4.4509774,67.105017,4,red-dwarf,4,4,1,0,520.3489,0.13989248,0.016963819,4965,4853,138,39,0.53625311,0.57217309,3,0.26756506,0.02160539,shale,0.12481575,aquifer+aquitard+spring+runoff+karst,0.12886924,29.221089,0.52400505,24.662064,0.17166772,0.45909665,salt,0.059913243,0.0018951358,1,numinous,0,ice,1.1992618,leptosol,0.071225521,6,41.333333,248,29.637033,1,0,12.269623,-0.016463263,,,,,0.33922931,,,,,,,,,,,,,0,0,,,,,,,,,,,,,,,,,,,,,0.45454545,solar,16,organized,9.6315789,,0.9375,true,,,,,,,1,1,0,,,,,,7.4146589,0.1324488,2.6858389,0.12648308,12,0.25194778,0.60182483,58,2,1,1500452,2,5,0.10706162,true,,,,,,,,,,,,,,,,,,,,,,,,,,,,,,,,,,,,,,,,,,,,,,,,,,,0,,0.07160556,7,0,false,
282,goblin-twin-solo,yellow-white dwarf (F),true,,606.22052,,19.350962,0.57147016,1,false,0.3459875,10.87268,2,sun-like,1,3,0,0,570.20088,0.18026185,,655,656,0,17,0.66815585,0.44125653,locked,0.057174943,0.012059958,andesite,0.16618848,aquifer+aquitard+spring+runoff+karst,0.2535864,23.557684,0.56874862,24.053032,0.079746929,0.2931656,salt,0.069069196,0.0011770764,1,numinous,0,ice,-21.00349,leptosol,0.017067608,11,41.727273,459,0.43317697,1,0,78.011897,-0.0092205655,,,,,0.1888472,,,,,,,,,,,,,0,0,,,,,,,,,,,,,,,,,,,,,0.28571429,solar,3,organized,6.2352941,,0.66666667,true,,,,,,,1,1,0,,,,,,6.1536997,0.11037756,3.7989354,0.068063083,9,0.15228426,0.71096023,78,1,2,1026787.1,0,6,0.081226273,true,,,,,,,,,,,,,,,,,,,,,,,,,,,,,,,,,,,,,,,,,,,,,,,,,,,0,,0.43575245,7,0,false,
283,goblin-twin-solo,yellow-white dwarf (F),false,22.484245,474.52073,506.5101,20.914195,0.11879863,3,false,7.149141,27.61105,4,blue-giant,13,4,4,0,462.41823,0.12943655,0.0090966671,872,542,7,38,0.5051267,0.56484633,3,0.24041795,0.030833455,shale,0.091559371,aquifer+aquitard+spring+runoff+karst,0.11666913,41.94168,0.43875487,25.778301,0.12096098,0.43347639,salt,0.076776626,0,0,,0,alpine,5.307506,leptosol,0.034433427,2,41,82,12.494407,1,0,13.537965,0,,,,,0.29524937,,,,,,,,,,,,,0,0,,,,,,,,,,,,,,,,,,,,,0.44444444,solar,16,organized,7.5588235,,0.9375,true,,,,,,,1,1,0,,,,,,9.022214,0.18167939,2.2257966,0.19193399,3,0.84529624,0.69783548,71,2,1,1861581.7,0,3,0.10196897,true,,,,,,,,,,,,,,,,,,,,,,,,,,,,,,,,,,,,,,,,,,,,,,,,,,,0,,-0.0042785441,7,0,false,
284,goblin-twin-solo,yellow-white dwarf (F),false,37.042224,421.1588,272.87269,22.770838,0.34411352,0,false,-0,,2,blue-giant,2,4,1,0,,0.11717495,0.028205196,0,0,0,23,0.71834871,0.48288116,3,0.16852204,0.016747229,andesite,0.19147092,aquifer+aquitard+spring+runoff+karst,0.12126203,26.137987,0.47083297,24.997501,0.17404871,0.29869117,salt,0.065679116,0.00078009881,1,numinous,0,tropical-seasonal-forest,16.951858,leptosol,0.06994886,20,40.2,804,10.449495,1,0,2.4734246,-0.040785735,,,,,0.14960562,,,,,,,,,,,,,0,0,,,,,,,,,,,,,,,,,,,,,0.36363636,solar,2,organized,7.7916667,,1,true,,,,,,,1,1,0,,,,,,6.4907601,0.13500312,3.6065344,0.062741077,9,0.257866,0.69486035,55,1,2,1034919.6,2,4,0.080285454,true,,,,,,,,,,,,,,,,,,,,,,,,,,,,,,,,,,,,,,,,,,,,,,,,,,,0,,-0.02321491,7,0,false,
285,goblin-twin-solo,orange dwarf (K),false,29.042851,309.3132,255.60564,17.476888,1.5360621,2,true,2.0393768,25.712444,5,orange-giant,1,4,1,1,300.88016,0.053545787,0.035667329,2147,1814,103,31,0.70016112,0.56505455,3,0.05451394,0.021629803,gneiss,0.096482658,aquifer+aquitard+spring+runoff+karst,0.14785865,30.438577,0.14981273,25.472757,0.10527601,0.33862563,salt,0.070850074,0.000081419964,1,numinous,0,ice,-24.420848,leptosol,0.015551213,4,5.25,21,16.209328,1,0,3.8864663,-0.54243291,,,,,0.17586712,,,,,,,,,,,,,0,0,,,,,,,,,,,,,,,,,,,,,0.33333333,solar,11,organized,8.2307692,,1,true,,,,,,,1,1,0.095238095,,,,,,6.3301733,0.10847704,3.0135111,0.072262097,8,0.267546,0.69486117,31,2,2,1257614.3,1,7,0.074001204,true,,,,,,,,,,,,,,,,,,,,,,,,,,,,,,,,,,,,,,,,,,,,,,,,,,,0,,-0.28473543,7,0,false,
286,goblin-twin-solo,yellow-white dwarf (F),false,22.411633,655.29876,701.74137,14.653057,0.59528652,2,false,3.7955413,48.371162,2,blue-giant,2,4,1,0,645.5965,0.1436577,0.018191133,341,218,1,34,0.51227967,0.59440384,3,0.14308383,0.027610956,evaporite,0.1187306,aquifer+aquitard+spring+runoff+karst,0.18195015,28.632246,0.3056362,25.814727,0.14556012,0.44684153,salt,0.063493978,0,0,,0,ice,-16.570102,leptosol,0.031184303,5,41.2,206,25.136365,1,0,8.4462366,-0.028190643,,,,,0.33216538,,,,,,,,,,,,,0,0,,,,,,,,,,,,,,,,,,,,,0.35294118,solar,12,organized,5.6551724,,0.91666667,true,,,,,,,1,1,0,,,,,,6.9500211,0.17165421,2.7496293,0.11972072,5,0.66257884,0.69844074,65,2,2,1557305.6,0,4,0.078873023,true,,,,,,,,,,,,,,,,,,,,,,,,,,,,,,,,,,,,,,,,,,,,,,,,,,,0,,-0.17003074,7,0,false,
287,goblin-twin-solo,yellow dwarf (G),false,22.897654,459.37033,481.48548,26.298078,1.028875,2,false,0.9158065,22.312727,2,orange-giant,0,0,0,0,445.05338,0.10813771,0.086567338,1783,1781,3,21,0.69393584,0.53872537,3,0.15587618,0.014183878,evaporite,0.13272713,aquifer+aquitard+spring+runoff+karst,0.08327351,26.464447,0.13783202,25.95581,0.084071149,0.3380394,salt,0.047440167,0.0002392917,1,numinous,0,alpine,-5.4386441,leptosol,0.047778575,6,40.833333,245,36.955848,1,0,19.822202,-0.038068026,,,,,0.20874212,,,,,,,,,,,,,0,0,,,,,,,,,,,,,,,,,,,,,0.375,solar,10,organized,5.6923077,,1,true,,,,,,,1,1,0,,,,,,6.0010789,0.14284803,3.3513559,0.061715737,8,0.53433836,0.75825911,58,2,2,1113521.4,0,3,0.0937114,true,,,,,,,,,,,,,,,,,,,,,,,,,,,,,,,,,,,,,,,,,,,,,,,,,,,0,,-0.058662778,7,0,false,
288,goblin-twin-solo,yellow-white dwarf (F),false,22.62625,638.76796,677.55069,0.027552577,3.7357085,1,false,0.097367603,7.6158507,4,red-dwarf,1,3,0,0,654.77974,0.12561507,0.19674422,7,4,0,17,0.62528685,0.59267705,3,0.057638787,0.0080806601,sandstone,0.087953613,aquifer+aquitard+spring+runoff+karst,0.068278064,26.057399,0.14808782,26.629536,0.060264512,0.3949443,salt,0.052994047,0.00065150824,1,numinous,0,ice,-27.975606,leptosol,0.014072578,6,38.666667,232,16.624632,1,0,3.346655,-0.043463413,,,,,0.25806241,,,,,,,,,,,,,0,0,,,,,,,,,,,,,,,,,,,,,0.18181818,solar,5,organized,12.5625,,1,true,,,,,,,1,1,0,,,,,,6.1789291,0.12668956,2.9289351,0.085518285,10,0.28959541,0.62711207,31,2,1,1411859.9,0,6,0.060700667,true,,,,,,,,,,,,,,,,,,,,,,,,,,,,,,,,,,,,,,,,,,,,,,,,,,,0,,-0.24638493,7,0,false,
289,goblin-twin-solo,yellow-white dwarf (F),false,30.907155,577.72342,448.61334,4.1944679,0.68343821,2,false,2.5070543,28.469914,5,sun-like,13,6,2,0,563.51479,0.15214325,0.023697979,237,152,0,21,0.57604609,0.59190372,3,0.22017968,0.022679557,evaporite,0.097374179,aquifer+aquitard+spring+runoff+karst,0.13929517,33.269973,0.31170102,25.678841,0.11476448,0.41057238,salt,0.053717289,0.00017275135,1,numinous,0,alpine,-1.3617175,leptosol,0.046239779,13,40.076923,521,32.25451,1,0,7.7246191,-0.044013621,,,,,0.28279397,,,,,,,,,,,,,0,0,,,,,,,,,,,,,,,,,,,,,0.5,solar,9,organized,6.3870968,,1,true,,,,,,,1,1,0,,,,,,7.5779451,0.1718583,2.6069444,0.11913481,6,0.58142347,0.65045187,68,2,1,1554412.9,1,4,0.090396381,true,,,,,,,,,,,,,,,,,,,,,,,,,,,,,,,,,,,,,,,,,,,,,,,,,,,0,,-0.065297711,7,0,false,
290,goblin-twin-solo,yellow-white dwarf (F),false,30.702154,597.68618,467.21375,0.71616452,3.784536,1,false,0.18900034,23.067,2,orange-giant,9,5,3,0,579.62868,0.12657801,0.10049083,1149,594,0,38,0.53727845,0.53582357,3,0.15367902,0.022801621,shale,0.12904928,aquifer+aquitard+spring+runoff+karst,0.12071331,29.242134,0.63158172,24.704527,0.17094017,0.49250818,salt,0.062657634,0.0010024269,1,numinous,0,ice,-13.586242,leptosol,0.040202596,6,41,246,24.535753,1,0,6.516296,-0.019854735,,,,,0.34757835,,,,,,,,,,,,,0,0,,,,,,,,,,,,,,,,,,,,,0.18181818,solar,5,organized,8.625,,1,true,,,,,,,1,1,0,,,,,,7.8374786,0.17183304,2.4157463,0.14562277,6,0.42882769,0.67983163,61,2,1.5,1400668.4,0,5,0.065147048,true,,,,,,,,,,,,,,,,,,,,,,,,,,,,,,,,,,,,,,,,,,,,,,,,,,,0,,-0.18587232,7,0,false,
291,goblin-twin-solo,yellow dwarf (G),false,34.580045,387.6384,269.03729,24.724133,0.031525714,3,false,7.5760506,78.616736,5,blue-giant,13,8,2,0,384.02088,0.072602144,0.00068343432,7692,7602,193,21,0.73866022,0.47949556,3,0.090400859,0.0064205849,evaporite,0.14292387,aquifer+aquitard+spring+runoff+karst,0.22559552,35.807218,0.29873891,24.912215,0.13713218,0.34787482,salt,0.047623281,0.000093414292,1,numinous,0,taiga,-17.264501,leptosol,0.026623073,4,38.75,155,21.571781,1,0,9.875387,-0.014177911,,,,,0.24166277,,,,,,,,,,,,,0,0,,,,,,,,,,,,,,,,,,,,,0.33333333,solar,17,organized,6.5263158,,1,true,,,,,,,1,1,0,,,,,,6.7752387,0.22153221,4.2918862,0.051242615,7,0.45072396,0.66623654,142,1,2,906722.52,1,6,0.065323296,true,,,,,,,,,,,,,,,,,,,,,,,,,,,,,,,,,,,,,,,,,,,,,,,,,,,0,,-0.022118528,7,0,false,
292,goblin-twin-solo,yellow-white dwarf (F),false,26.73915,680.48462,610.776,24.556886,0.72759679,1,false,0.078353785,9.567997,2,red-dwarf,10,4,4,0,635.61468,0.19734079,0.052480995,73,47,0,35,0.56549973,0.54371278,3,0.19989258,0.018334066,shale,0.10585459,aquifer+aquitard+spring+runoff+karst,0.12141814,28.613132,0.44937633,25.223224,0.14473536,0.45488257,salt,0.065829837,0.00050567479,1,numinous,0,alpine,4.769769,leptosol,0.032644117,16,40.5,648,16.670651,1,0,23.568109,-0.033902712,,,,,0.31408023,,,,,,,,,,,,,0,0,,,,,,,,,,,,,,,,,,,,,0.47826087,solar,7,organized,7.5666667,,0.85714286,true,,,,,,,1,1,0,,,,,,8.8446268,0.19615176,2.2558844,0.17955666,7,0.3525677,0.66102241,80,2,1,1395974.8,2,4,0.13833344,true,,,,,,,,,,,,,,,,,,,,,,,,,,,,,,,,,,,,,,,,,,,,,,,,,,,0,,0.16221539,7,0,false,
293,goblin-twin-solo,yellow-white dwarf (F),true,,783.75568,,4.4242162,4.0131001,1,false,0.081486756,13.915785,3,sun-like,1,3,0,0,746.55421,0.20933871,,70,45,0,30,0.57958596,0.57151153,locked,0.11466725,0.019652361,gneiss,0.097264967,aquifer+aquitard+spring+runoff+karst,0.089019221,33.310571,0.23308751,25.567362,0.12298937,0.36583241,salt,0.068566949,0.00023227455,1,numinous,0,ice,-23.196817,leptosol,0.031763545,7,34.428571,241,0.83274555,1,0,53.119719,-0.1466153,,,,,0.24110098,,,,,,,,,,,,,0,0,,,,,,,,,,,,,,,,,,,,,0.2,solar,3,organized,9.4615385,,0.66666667,true,,,,,,,1,1,0,,,,,,6.6956731,0.11861373,3.0688815,0.090205556,9,0.33964346,0.56931465,50,2,2,1561492.6,0,3,0.11468203,true,,,,,,,,,,,,,,,,,,,,,,,,,,,,,,,,,,,,,,,,,,,,,,,,,,,0,,0.022926397,7,0,false,
294,goblin-twin-solo,yellow-white dwarf (F),false,21.528451,871.23346,971.25443,24.008015,0.7881136,1,false,2.4762742,28.01184,5,sun-like,6,6,1,0,849.50242,0.17097032,0.031804108,141,88,0,39,0.63649236,0.5003358,3,0.052341194,0.01811435,gneiss,0.13498993,aquifer+aquitard+spring+runoff+karst,0.22357287,20.951828,0.62350571,23.989097,0.15963734,0.297045,salt,0.066094891,0.0021490934,1,numinous,0,ice,-28.226908,leptosol,0.011349899,4,6,24,13.452534,1,0,4.0819826,-0.56957526,,,,,0.16548019,,,,,,,,,,,,,0,0,,,,,,,,,,,,,,,,,,,,,0.30769231,solar,9,organized,6.6818182,,1,true,,,,,,,1,1,0,,,,,,6.7186613,0.11830832,3.3675671,0.081319272,9,0.46561451,0.71782102,46,2,2,1165382.7,1,4,0.042377419,true,,,,,,,,,,,,,,,,,,,,,,,,,,,,,,,,,,,,,,,,,,,,,,,,,,,0,,-0.16757482,7,0,false,
295,goblin-twin-solo,yellow-white dwarf (F),false,31.52948,699.41338,532.38814,2.4472668,0.78530107,1,false,4.0705034,50.727943,5,red-dwarf,2,4,0,0,689.45103,0.22485972,0.047581356,604,371,0,30,0.53522777,0.55573064,3,0.22862653,0.0075924027,shale,0.11492804,aquifer+aquitard+spring+runoff+karst,0.21231222,25.432752,0.47930455,24.669867,0.11004307,0.38107995,salt,0.064760836,0.00047273873,1,numinous,0,alpine,15.123776,leptosol,0.057253913,4,32.5,130,5.5823559,1,0,21.103198,-0.28270246,,,,,0.27424099,,,,,,,,,,,,,0,0,,,,,,,,,,,,,,,,,,,,,0.2,solar,6,organized,6.5,,0.83333333,true,,,,,,,1,1,0,,,,,,7.5665,0.13483042,2.4086709,0.17003564,7,0.36526946,0.80134108,61,2,1,1502865.3,1,7,0.082788864,true,,,,,,,,,,,,,,,,,,,,,,,,,,,,,,,,,,,,,,,,,,,,,,,,,,,0,,-0.023241108,7,0,false,
296,goblin-twin-solo,orange dwarf (K),false,31.711653,272.20054,206.0067,26.785811,0.35467605,1,false,4.316484,19.777002,4,sun-like,3,3,0,0,262.84421,0.053820439,0.02640266,307,196,0,30,0.64000781,0.52102265,3,0.18890679,0.026072946,gneiss,0.14071613,aquifer+aquitard+spring+runoff+karst,0.1573308,29.37218,0.33405669,24.930213,0.11982911,0.30686288,salt,0.069883647,0.00067815001,1,numinous,0,ice,-7.229858,leptosol,0.056150821,6,41.666667,250,31.696583,1,0,13.955198,-0.013260223,,,,,0.17475926,,,,,,,,,,,,,0,0,,,,,,,,,,,,,,,,,,,,,0.28571429,solar,8,organized,8,,1,true,,,,,,,1,1,0.33333333,,,,,,6.9266691,0.11649214,3.303193,0.080684537,9,0.17482707,0.601206,59,2,2,1353017.9,1,5,0.099006295,true,,,,,,,,,,,,,,,,,,,,,,,,,,,,,,,,,,,,,,,,,,,,,,,,,,,0,,0.034933089,7,0,false,
297,goblin-twin-solo,yellow-white dwarf (F),false,22.637593,905.59468,960.09644,13.98864,1.8069977,1,false,0.62713118,33.261947,5,orange-giant,11,4,3,0,886.30033,0.22882979,0.029577537,204,127,0,15,0.68934622,0.49948919,3,0.15829305,0.027830672,evaporite,0.14530452,aquifer+aquitard+spring+runoff+karst,0.11001965,27.333169,0.25147348,26.24759,0.10915521,0.34915521,salt,0.046268448,0,0,,0,ice,-7.1068446,leptosol,0.051237721,5,41.8,209,33.400664,1,0,19.383923,-0.0097247009,,,,,0.23166994,,,,,,,,,,,,,0,0,,,,,,,,,,,,,,,,,,,,,0.33333333,solar,7,organized,7.5789474,,1,true,,,,,,,1,1,0,,,,,,6.5854998,0.11818571,3.295296,0.070382306,10,0.20330059,0.72909851,49,2,2,1202279.2,0,4,0.06543244,true,,,,,,,,,,,,,,,,,,,,,,,,,,,,,,,,,,,,,,,,,,,,,,,,,,,0,,-0.088573465,7,0,false,
298,goblin-twin-solo,orange dwarf (K),false,25.883421,219.19583,203.24593,14.800939,0.37305196,1,false,2.8173821,11.312156,5,red-giant,5,5,0,0,206.62197,0.04787297,0.0035269646,872,531,0,36,0.60839314,0.56835609,3,0.18143645,0.026658855,shale,0.10130291,aquifer+aquitard+spring+runoff+karst,0.13322112,26.935475,0.37379216,25.206738,0.11426968,0.38102363,salt,0.062032284,0.00056106228,1,numinous,0,alpine,-1.4059785,leptosol,0.039897762,4,40.75,163,20.95746,1,0,8.1269131,-0.038062309,,,,,0.23919955,,,,,,,,,,,,,0,0,,,,,,,,,,,,,,,,,,,,,0.22222222,solar,5,organized,8.8571429,,1,true,,,,,,,1,1,0,,,,,,6.3748914,0.12793906,3.0314697,0.084395293,7,0.6402344,0.63637843,45,2,2,1390570.5,1,5,0.063446518,true,,,,,,,,,,,,,,,,,,,,,,,,,,,,,,,,,,,,,,,,,,,,,,,,,,,0,,-0.032467918,7,0,false,
299,goblin-twin-solo,yellow dwarf (G),false,25.881199,427.1363,396.08951,1.2979433,4.6552063,1,false,0.056430336,13.371344,5,red-dwarf,8,3,1,0,416.46518,0.098696472,0.18338036,18,11,0,25,0.68136321,0.53026356,3,0.13522289,0.017650505,evaporite,0.12863929,aquifer+aquitard+spring+runoff+karst,0.047885382,34.702726,0.20318725,26.087091,0.082592706,0.38438553,salt,0.056428571,0.00022984983,1,numinous,0,ice,-7.1797219,leptosol,0.038384922,32,39.625,1268,37.954232,1,0,11.527328,-0.031899936,,,,,0.25697211,,,,,,,,,,,,,0,0,,,,,,,,,,,,,,,,,,,,,0.37837838,solar,5,organized,8.2619048,,1,true,,,,,,,1,1,0,,,,,,6.1604643,0.12802805,3.4335953,0.062887554,7,0.25804474,0.75514086,65,1,2,1256755.4,0,4,0.084997202,true,,,,,,,,,,,,,,,,,,,,,,,,,,,,,,,,,,,,,,,,,,,,,,,,,,,0,,-0.0044539507,7,0,false,
300,goblin-twin-solo,yellow dwarf (G),false,32.305713,239.85896,178.19186,2.6500776,0.82412762,2,false,1.7083232,25.368465,3,red-dwarf,6,5,2,0,243.44731,0.060694095,0.0046068877,112,59,0,14,0.58300376,0.59141736,3,0.22823593,0.015868366,evaporite,0.13242784,aquifer+aquitard+spring+runoff+karst,0.2825947,21.831335,0.54253264,24.083227,0.13594052,0.40384052,salt,0.058944826,0.0013465254,1,numinous,0,alpine,10.163095,leptosol,0.11369358,14,21.285714,298,11.394865,1,0,18.509531,-0.44335395,,,,,0.29137638,,,,,,,,,,,,,0,0,,,,,,,,,,,,,,,,,,,,,0.26086957,solar,9,organized,6.75,,1,true,,,,,,,1,1,0,,,,,,6.4285858,0.12837415,2.8889232,0.10145989,10,0.2101165,0.64950093,34,2,1.5,1298966.8,0,5,0.086490613,true,,,,,,,,,,,,,,,,,,,,,,,,,,,,,,,,,,,,,,,,,,,,,,,,,,,0,,-0.041177518,7,0,false,
301,goblin-twin-solo,yellow-white dwarf (F),false,23.718527,599.21082,606.3218,26.927383,0.50002007,1,false,2.1794579,19.06342,3,orange-giant,18,8,7,0,577.62899,0.13015698,0.029564492,754,427,0,37,0.70912065,0.52815778,3,0.11217714,0.017015771,evaporite,0.15224507,aquifer+aquitard+spring+runoff+karst,0.14611834,26.638927,0.4410407,24.879092,0.10725976,0.41208561,salt,0.051137125,0.00067142258,1,numinous,0,ice,-9.9171237,leptosol,0.038103231,2,41,82,28.375717,1,0,7.1215905,0,,,,,0.28585816,,,,,,,,,,,,,0,0,,,,,,,,,,,,,,,,,,,,,0,solar,6,organized,7.7857143,,1,true,,,,,,,1,1,0,,,,,,5.8849788,0.12954994,3.6075091,0.057443484,7,0.35719681,0.72387196,55,1,2,1019927.9,1,5,0.08155109,true,,,,,,,,,,,,,,,,,,,,,,,,,,,,,,,,,,,,,,,,,,,,,,,,,,,0,,-0.063699418,7,0,false,
302,goblin-twin-solo,yellow dwarf (G),false,36.596108,351.59374,230.57779,20.843167,0.2937797,2,false,5.3917337,21.083434,4,sun-like,3,5,0,0,340.0489,0.095646927,0.023747644,2336,1237,21,34,0.56645183,0.64175911,3,0.1993555,0.026463552,gneiss,0.071681964,aquifer+aquitard+spring+runoff+karst,0.17737485,34.159923,0.23385326,25.644975,0.090038854,0.3814404,salt,0.079898028,0.00050678529,1,numinous,0,alpine,2.6564262,leptosol,0.098316347,3,42,126,17.13044,1,0,18.266846,0,,,,,0.23937159,,,,,,,,,,,,,0,0,,,,,,,,,,,,,,,,,,,,,0.5,solar,13,organized,7.2068966,,1,true,,,,,,,1,1,0,,,,,,6.2203728,0.15013326,3.0777614,0.08981495,5,0.52384706,0.71760484,47,2,2,1693824.8,1,5,0.057240034,true,,,,,,,,,,,,,,,,,,,,,,,,,,,,,,,,,,,,,,,,,,,,,,,,,,,0,,0.015926603,7,0,false,
303,goblin-twin-solo,yellow-white dwarf (F),false,19.774838,872.53305,1058.9615,7.2316096,0.43512548,1,false,0.17929741,9.5732535,2,orange-giant,7,5,5,0,934.30259,0.17470484,0.029144442,14,9,0,26,0.66627606,0.53869788,5,0.04379669,0.014232703,evaporite,0.11294806,aquifer+aquitard+spring+runoff+karst,0.20109729,19.967426,0.41623994,24.86022,0.13716167,0.44279444,salt,0.050295742,0.0010972933,1,numinous,0,ice,-26.602382,leptosol,0.012509144,5,35.8,179,13.68858,1,0,3.9971201,-0.091178255,,,,,0.30950988,,,,,,,,,,,,,0,0,,,,,,,,,,,,,,,,,,,,,0.2,solar,5,organized,13.666667,,1,true,,,,,,,1,1,0,,,,,,5.9145485,0.10646338,3.1826348,0.07399541,10,0.24213606,0.76585053,40,2,2,1093442.8,0,6,0.068674565,true,,,,,,,,,,,,,,,,,,,,,,,,,,,,,,,,,,,,,,,,,,,,,,,,,,,0,,-0.22783846,7,0,false,
304,goblin-twin-solo,yellow dwarf (G),false,35.935298,265.22775,177.13686,6.7507316,0.30586477,1,false,5.7659078,56.684618,5,blue-giant,3,3,1,0,261.8318,0.067419908,0.014420931,2294,1436,0,40,0.65199453,0.480463,3,0.17633416,0.02441287,gneiss,0.11287268,aquifer+aquitard+spring+runoff+karst,0.14528236,31.681869,0.34682568,24.987707,0.11182041,0.43163802,salt,0.079758139,0.0012627148,1,numinous,0,alpine,8.205843,leptosol,0.055208699,3,41.666667,125,9.8624129,1,0,0.62608381,-0.019572581,,,,,0.31048755,,,,,,,,,,,,,0,0,,,,,,,,,,,,,,,,,,,,,0.18181818,solar,8,organized,8.4210526,,0.875,true,,,,,,,1,1,0,,,,,,6.0595855,0.10372469,3.2820311,0.068282799,7,0.38695195,0.74533836,48,2,2,1229985.5,1,6,0.096048438,true,,,,,,,,,,,,,,,,,,,,,,,,,,,,,,,,,,,,,,,,,,,,,,,,,,,0,,0.051637337,7,0,false,
305,goblin-twin-solo,orange dwarf (K),false,18.992653,187.73898,237.23571,2.5171216,0.61114521,3,false,5.4598576,51.043991,3,sun-like,2,4,1,0,185.07516,0.034808625,0.045843348,4549,2797,142,38,0.73026219,0.5023079,5,0.079341829,0.030271959,gneiss,0.10896914,aquifer+aquitard+spring+runoff+karst,0.093040094,36.832474,0.27776269,26.028828,0.1115033,0.34238393,salt,0.06850096,0.0006335415,1,numinous,0,ice,-13.596437,leptosol,0.022264458,10,38.5,385,24.330721,1,0,4.7067594,-0.029402679,,,,,0.16680243,,,,,,,,,,,,,0,0,,,,,,,,,,,,,,,,,,,,,0.44444444,solar,17,organized,8.2954545,,1,true,,,,,,,1,1,0,,,,,,7.5249524,0.13993003,3.1803229,0.065987989,9,0.26373427,0.72128211,84,1,2,1247336.1,2,4,0.095872533,true,,,,,,,,,,,,,,,,,,,,,,,,,,,,,,,,,,,,,,,,,,,,,,,,,,,0,,-0.20316343,7,0,false,
306,goblin-twin-solo,yellow dwarf (G),false,18.790941,407.90879,520.98567,20.167617,0.18960762,2,false,4.4706601,29.143525,4,orange-giant,6,6,1,0,398.02805,0.066091024,0.012677126,755,473,0,37,0.63361164,0.56576493,5,0.033738587,0.016771642,shale,0.13359542,aquifer+aquitard+spring+runoff+karst,0.13286247,24.474682,0.44303038,25.154243,0.12659915,0.33868603,salt,0.05594745,0.0027318763,1,numinous,0,ice,-30.681843,leptosol,0.0034648188,1,9,9,7.6709573,1,0,4.7174744,,,,,,0.20182569,,,,,,,,,,,,,0,0,,,,,,,,,,,,,,,,,,,,,0.36363636,solar,10,organized,7.8095238,,1,true,,,,,,,1,1,0,,,,,,6.8388196,0.13973805,3.1503056,0.082613154,7,0.38439499,0.81990823,61,2,1,1369405.4,0,8,0.089253694,true,,,,,,,,,,,,,,,,,,,,,,,,,,,,,,,,,,,,,,,,,,,,,,,,,,,0,,-0.35039674,7,0,false,
307,goblin-twin-solo,orange dwarf (K),false,16.624318,187.69428,270.96827,8.723875,1.3692139,1,false,1.4602537,7.6799835,5,blue-giant,16,7,4,0,201.45341,0.047372693,0.10483267,44,28,0,8,0.62597041,0.52235494,5,0.16349299,0.013231776,shale,0.11180732,aquifer+aquitard+spring+runoff+karst,0.13974284,21.358406,0.33411657,25.260897,0.10071144,0.29515045,salt,0.048094158,0.0013706677,1,numinous,0,alpine,11.872796,leptosol,0.052607532,6,41,246,5.7294686,1,0,10.453023,-0.043090339,,,,,0.14594348,,,,,,,,,,,,,0,0,,,,,,,,,,,,,,,,,,,,,0.30769231,solar,7,organized,10.3,,0.71428571,true,,,,,,,1,1,0,,,,,,7.75313,0.13708959,2.6222529,0.11659587,12,0.14091769,0.71305112,40,2,2,1479854,0,4,0.053002126,true,,,,,,,,,,,,,,,,,,,,,,,,,,,,,,,,,,,,,,,,,,,,,,,,,,,0,,-0.10328595,7,0,false,
308,goblin-twin-solo,yellow-white dwarf (F),false,31.985458,518.70995,389.20934,23.103033,0.7195985,1,false,5.0197471,49.022158,4,red-giant,1,4,0,0,511.13081,0.14317305,0.049689674,435,278,0,29,0.55737025,0.54718438,3,0.21327084,0.020116205,evaporite,0.1240417,aquifer+aquitard+spring+runoff+karst,0.22784182,26.212602,0.45877227,24.839921,0.14742706,0.39164966,salt,0.059441756,0.00060669571,1,numinous,0,alpine,5.3724112,leptosol,0.067784458,2,41.5,83,11.087518,1,0,12.678969,-0.034765418,,,,,0.287298,,,,,,,,,,,,,0,0,,,,,,,,,,,,,,,,,,,,,0.3,solar,8,organized,7,,0.75,true,,,,,,,1,1,0,,,,,,6.4452027,0.13183346,3.328605,0.082588741,5,0.37791628,0.64354347,57,2,2,1421958.8,2,6,0.081295585,true,,,,,,,,,,,,,,,,,,,,,,,,,,,,,,,,,,,,,,,,,,,,,,,,,,,0,,0.0078542807,7,0,false,
309,goblin-twin-solo,yellow dwarf (G),false,29.28593,321.56084,263.52109,12.759191,1.689377,1,false,1.44855,12.09705,4,red-giant,13,4,3,0,338.86079,0.068560694,0.12898092,54,33,0,8,0.57389776,0.51346396,3,0.19798838,0.009228065,evaporite,0.15927581,aquifer+aquitard+spring+runoff+karst,0.28927466,18.611845,0.60719606,24.210958,0.079924373,0.35075054,salt,0.050416628,0.00091669531,1,numinous,0,ice,-7.3765417,leptosol,0.081929644,4,41.75,167,31.855228,1,0,11.953994,-0.013152898,,,,,0.23685115,,,,,,,,,,,,,0,0,,,,,,,,,,,,,,,,,,,,,0,solar,5,organized,8.9285714,,1,true,,,,,,,1,1,0,,,,,,6.507222,0.11154572,3.3357057,0.087056296,7,0.40707001,0.47113178,43,2,2,1302937.7,1,4,0.058619078,true,,,,,,,,,,,,,,,,,,,,,,,,,,,,,,,,,,,,,,,,,,,,,,,,,,,0,,-0.044706266,7,0,false,
310,goblin-twin-solo,yellow-white dwarf (F),false,36.248548,827.37803,547.80326,25.413656,0.50749462,1,false,3.0032613,39.618949,4,orange-giant,8,5,1,0,812.45693,0.21009207,0.01878141,296,189,0,28,0.71678629,0.43125593,3,0.15614472,0.012450564,gneiss,0.15110766,aquifer+aquitard+spring+runoff+karst,0.21144729,32.917354,0.36281355,24.729319,0.15877942,0.27773468,salt,0.064478523,0.0032755797,1,numinous,0,ice,-4.0768836,leptosol,0.079562107,6,38.166667,229,41.06645,1,0,9.3188754,-0.095179034,,,,,0.16265839,,,,,,,,,,,,,0,0,,,,,,,,,,,,,,,,,,,,,0.16666667,solar,6,organized,11,,1,true,,,,,,,1,1,0,,,,,,8.1452863,0.17606895,3.4926294,0.074825448,12,0.17843289,0.71646369,114,1,2,1058636.2,0,6,0.070076982,true,,,,,,,,,,,,,,,,,,,,,,,,,,,,,,,,,,,,,,,,,,,,,,,,,,,0,,-0.091220049,7,0,false,
311,goblin-twin-solo,yellow-white dwarf (F),false,24.478809,704.92686,691.13839,22.062865,0.99500229,3,false,0.59567713,25.024558,5,red-giant,4,3,0,0,685.45105,0.20932466,0.018073047,239,157,0,33,0.61459401,0.57262304,3,0.19237342,0.033372394,evaporite,0.12383607,aquifer+aquitard+spring+runoff+karst,0.112751,41.308937,0.31804649,25.838596,0.081016026,0.42883385,salt,0.05201953,0.00031671629,1,numinous,0,alpine,6.3545256,leptosol,0.057198961,16,40.5,648,12.021748,1,0,7.636212,-0.021173443,,,,,0.28434788,,,,,,,,,,,,,0,0,,,,,,,,,,,,,,,,,,,,,0.32352941,solar,18,organized,10.903846,,1,true,,,,,,,1,1,0,,,,,,7.5830327,0.20053854,2.7535106,0.10255847,7,0.22474188,0.81057536,73,2,1,1630499.7,0,4,0.083012301,true,,,,,,,,,,,,,,,,,,,,,,,,,,,,,,,,,,,,,,,,,,,,,,,,,,,0,,-0.035857324,7,0,false,
312,goblin-twin-solo,yellow-white dwarf (F),false,37.674648,671.07245,427.4954,10.763798,1.0532146,2,false,1.2927178,23.501313,5,red-giant,12,7,1,0,651.18863,0.16510354,0.0070559158,393,252,2,15,0.62155168,0.54670365,3,0.19439969,0.030711391,shale,0.12088763,aquifer+aquitard+spring+runoff+karst,0.21764934,36.40017,0.48245388,24.767165,0.094181396,0.38807896,salt,0.068179586,0.0013546639,1,numinous,0,ice,-6.7025719,leptosol,0.058960134,20,39.75,795,35.964637,1,0,5.8188857,-0.050024298,,,,,0.23713069,,,,,,,,,,,,,0,0,,,,,,,,,,,,,,,,,,,,,0.37931034,solar,9,organized,8.7894737,,1,true,,,,,,,1,1,0,,,,,,7.1139462,0.14131167,2.9646202,0.094795176,7,0.18629854,0.69187377,36,2,1,1565820,1,4,0.088949358,true,,,,,,,,,,,,,,,,,,,,,,,,,,,,,,,,,,,,,,,,,,,,,,,,,,,0,,-0.11083327,7,0,false,
313,goblin-twin-solo,yellow-white dwarf (F),false,16.741988,688.95142,987.62667,4.328788,3.4577879,0,false,-0,,3,red-dwarf,6,3,3,0,,0.17917295,0.14609265,0,0,0,19,0.54611591,0.51936317,5,0.19981934,0.011815829,shale,0.12037435,aquifer+aquitard+spring+runoff+karst,0.17765706,23.858351,0.63871558,25.022436,0.16652324,0.41087565,salt,0.052497332,0.0020976764,1,numinous,0,ice,-2.9560172,leptosol,0.049537435,7,27.285714,191,26.857026,1,0,5.9115483,-0.34303263,,,,,0.29163081,,,,,,,,,,,,,0,0,,,,,,,,,,,,,,,,,,,,,0,solar,1,organized,9,,1,true,,,,,,,1,1,0,,,,,,7.7664785,0.16686639,2.5212843,0.13056003,9,0.19691265,0.6123082,48,2,1,1512049.3,0,6,0.073631221,true,,,,,,,,,,,,,,,,,,,,,,,,,,,,,,,,,,,,,,,,,,,,,,,,,,,0,,-0.12334291,7,0,false,
314,goblin-twin-solo,yellow-white dwarf (F),false,25.430307,455.28364,429.67659,11.13933,0.16854607,1,false,1.0212357,25.450818,3,red-giant,12,5,1,0,442.73034,0.11841356,0.004778679,2042,2042,0,36,0.74732679,0.42125604,3,0.15597383,0.022655144,gneiss,0.14995169,aquifer+aquitard+spring+runoff+karst,0.13613527,36.40201,0.48251208,24.615063,0.12666667,0.37806763,salt,0.072860653,0.00048309179,1,numinous,0,tundra,7.3207864,leptosol,0.071690821,18,40.611111,731,9.5738029,1,0,16.823154,-0.018009379,,,,,0.25178744,,,,,,,,,,,,,0,0,,,,,,,,,,,,,,,,,,,,,0.25,solar,6,organized,7.0333333,,0.83333333,true,,,,,,,1,1,0,,,,,,6.8183957,0.16446491,3.5647272,0.061691324,10,0.17884058,0.56678819,70,1,2,993587.04,0,6,0.087668876,true,,,,,,,,,,,,,,,,,,,,,,,,,,,,,,,,,,,,,,,,,,,,,,,,,,,0,,-0.048102948,7,0,false,
315,goblin-twin-solo,yellow-white dwarf (F),false,38.735873,743.69832,460.78113,14.73846,0.91071641,2,false,2.7157249,24.766439,3,blue-giant,1,4,0,0,722.67303,0.14867683,0.050541402,879,496,2,23,0.71744544,0.49447036,3,0.074288365,0.021214784,shale,0.14817695,aquifer+aquitard+spring+runoff+karst,0.24917919,28.903293,0.57223086,24.323552,0.099187835,0.2965267,salt,0.065509283,0.0021600138,1,numinous,0,ice,-20.744291,leptosol,0.022464144,15,6.6666667,100,18.56812,1,0,6.7626932,-0.36927388,,,,,0.16856748,,,,,,,,,,,,,0,0,,,,,,,,,,,,,,,,,,,,,0.4,solar,10,organized,9.9714286,,0.9,true,,,,,,,1,1,0,,,,,,6.4669317,0.13246971,3.4626461,0.06454763,9,0.16537066,0.63161403,48,2,2,1078997.2,0,5,0.089392556,true,,,,,,,,,,,,,,,,,,,,,,,,,,,,,,,,,,,,,,,,,,,,,,,,,,,0,,-0.21874192,7,0,false,
316,goblin-twin-solo,yellow-white dwarf (F),false,23.763026,984.69721,994.51698,27.379756,0.87825395,2,false,3.2507508,51.25769,5,red-giant,2,3,0,0,970.77597,0.18973788,0.019129874,904,545,2,30,0.67980079,0.48604758,3,0.03095552,0.024583761,evaporite,0.14013419,aquifer+aquitard+spring+runoff+karst,0.19182678,27.566297,0.45966758,25.288071,0.11184812,0.41384568,salt,0.061198579,0.0013723696,1,numinous,0,ice,-28.209922,leptosol,0.005336993,35,32.142857,1125,9.6793761,1,0,4.4182173,-0.11798447,,,,,0.30542848,,,,,,,,,,,,,0,0,,,,,,,,,,,,,,,,,,,,,0.54166667,solar,13,organized,9.0983607,,1,true,,,,,,,1,1,0,,,,,,6.4916375,0.13069851,3.5802811,0.066915678,9,0.30009149,0.71822177,61,2,2,1120562.1,0,7,0.078609959,true,,,,,,,,,,,,,,,,,,,,,,,,,,,,,,,,,,,,,,,,,,,,,,,,,,,0,,-0.26121179,7,0,false,
317,goblin-twin-solo,yellow dwarf (G),false,39.02116,512.50997,315.21972,2.79706,0.077082046,3,false,4.5590459,47.675647,2,sun-like,10,6,1,0,504.73825,0.088235133,0.0060070039,2503,1495,85,22,0.61449636,0.5331518,3,0.033006201,0.0147942,shale,0.099107086,aquifer+aquitard+spring+runoff+karst,0.15920461,27.842221,0.44987651,25.512782,0.10714964,0.37293395,salt,0.06717284,0.000063327212,1,numinous,0,ice,-31.113326,leptosol,0.0042429232,3,34.666667,104,9.8330576,1,0,10.075892,-0.075049037,,,,,0.22728136,,,,,,,,,,,,,0,0,,,,,,,,,,,,,,,,,,,,,0.42105263,solar,16,folk,6.8285714,,0.9375,true,,,,,,,1,1,0,,,,,,7.5533894,0.13610445,2.6781437,0.11364191,11,0.19143816,0.70043189,56,2,2,1460017.1,0,8,0.098942019,true,,,,,,,,,,,,,,,,,,,,,,,,,,,,,,,,,,,,,,,,,,,,,,,,,,,0,,-0.19583724,7,0,false,
318,goblin-twin-solo,orange dwarf (K),false,34.939901,151.10424,103.79256,34.759626,2.8169466,1,false,0.40348065,10.423389,5,sun-like,4,4,1,0,141.87459,0.030387897,0.000013900261,330,209,0,19,0.51508715,0.61017973,3,0.2479127,0.019188516,evaporite,0.098323516,aquifer+aquitard+spring+runoff+karst,0.25706087,25.220088,0.49861552,25.030116,0.11216835,0.41715753,salt,0.052407012,0.00095655238,1,numinous,0,alpine,-2.5289771,leptosol,0.061571767,6,42.833333,257,32.139628,1,0,2.2503761,-0.0074511273,,,,,0.29507124,,,,,,,,,,,,,0,0,,,,,,,,,,,,,,,,,,,,,0.16666667,solar,6,organized,7.9444444,,1,true,,,,,,,1,1,0,,,,,,6.305166,0.12890647,2.8396161,0.11222597,7,0.245985,0.69828005,38,2,1,1568374.6,0,7,0.064135377,true,,,,,,,,,,,,,,,,,,,,,,,,,,,,,,,,,,,,,,,,,,,,,,,,,,,0,,0.037913139,7,0,false,
319,goblin-twin-solo,yellow-white dwarf (F),false,34.727006,734.33664,507.50357,18.05083,0.5083558,2,false,4.0320261,44.144199,2,sun-like,13,4,1,0,722.42086,0.16750606,0.035281739,453,285,3,32,0.68214443,0.59961598,3,0.1084908,0.034959231,evaporite,0.11290323,aquifer+aquitard+spring+runoff+karst,0.043087558,25.037075,0.033102919,25.93443,0.087711214,0.35606759,salt,0.055246318,0,0,,0,ice,-12.648292,leptosol,0.030491551,9,41,369,22.873255,1,0,7.4923913,-0.042063213,,,,,0.22619048,,,,,,,,,,,,,0,0,,,,,,,,,,,,,,,,,,,,,0.42105263,solar,10,organized,8.6551724,,1,true,,,,,,,1,1,0,,,,,,6.1870512,0.11689573,3.2416266,0.072066794,10,0.29769585,0.81858186,42,2,2,1187609.2,1,5,0.055487685,true,,,,,,,,,,,,,,,,,,,,,,,,,,,,,,,,,,,,,,,,,,,,,,,,,,,0,,-0.021067213,7,0,false,
320,goblin-twin-solo,yellow-white dwarf (F),false,23.72383,1046.7978,1058.9836,1.4716328,1.5149719,2,false,0.98571244,37.618959,3,orange-giant,6,3,0,0,1026.9721,0.20565213,0.052537765,201,128,0,13,0.60499976,0.58053152,3,0.044358186,0.024022265,evaporite,0.11007417,aquifer+aquitard+spring+runoff+karst,0.18084054,29.821207,0.3276267,25.580437,0.090173053,0.39171817,salt,0.058922743,0.00092707046,1,numinous,0,ice,-29.944334,leptosol,0.01131026,7,35.285714,247,10.52882,1,0,8.0059065,-0.026140229,,,,,0.26124845,,,,,,,,,,,,,0,0,,,,,,,,,,,,,,,,,,,,,0.23529412,solar,10,organized,6.8518519,,1,true,,,,,,,1,1,0,,,,,,6.4373881,0.11550567,2.8206513,0.099580099,7,0.44802225,0.78104284,45,2,1,1513246.6,0,5,0.06998299,true,,,,,,,,,,,,,,,,,,,,,,,,,,,,,,,,,,,,,,,,,,,,,,,,,,,0,,-0.36062497,7,0,false,
321,goblin-twin-solo,yellow-white dwarf (F),false,24.746349,746.56606,724.04966,30.306427,2.4650866,1,false,0.19940414,11.393923,5,blue-giant,12,4,2,0,786.33127,0.20267698,0.14040281,92,0,0,29,0.6564865,0.5779973,3,0.19339876,0.024510522,shale,0.11193234,aquifer+aquitard+spring+runoff+karst,0.025868808,41.39701,0.095373463,26.420749,0.14426835,0.38341269,salt,0.06738586,0.00021320446,1,numinous,0,ice,-3.2620311,leptosol,0.037452917,26,20.884615,543,37.889335,1,0,12.496901,-0.44810806,,,,,0.2372255,,,,,,,,,,,,,0,0,,,,,,,,,,,,,,,,,,,,,0.4375,solar,6,organized,9.2368421,,1,true,,,,,,,1,1,0,,,,,,6.950328,0.13048626,2.8026305,0.089229042,9,0.23864686,0.7252121,48,2,1,1549545.9,0,4,0.093917594,true,,,,,,,,,,,,,,,,,,,,,,,,,,,,,,,,,,,,,,,,,,,,,,,,,,,0,,-0.03717159,7,0,false,
322,goblin-twin-solo,yellow dwarf (G),true,,274.26831,,17.524109,0.62255096,2,false,3.1594925,12.521875,2,red-giant,1,3,0,0,259.89718,0.068998187,,424,265,0,22,0.70521459,0.42567288,locked,0.081929593,0.0072017968,gneiss,0.15801242,aquifer+aquitard+spring+runoff+karst,0.30004141,25.898164,0.52256729,24.361765,0.13598344,0.31412008,salt,0.064783732,0.00049689441,1,numinous,0,ice,-20.233187,leptosol,0.030144928,15,40.133333,602,0.44842075,1,0,12.642415,-0.057511384,,,,,0.2247619,,,,,,,,,,,,,0,0,,,,,,,,,,,,,,,,,,,,,0.3,solar,5,organized,8.08,,0.8,true,,,,,,,1,1,0,,,,,,7.2847372,0.1725004,3.742586,0.066036815,8,0.20082816,0.5900724,138,1,2,904971.35,0,6,0.092325894,true,,,,,,,,,,,,,,,,,,,,,,,,,,,,,,,,,,,,,,,,,,,,,,,,,,,0,,0.17129669,7,0,false,
323,goblin-twin-solo,yellow-white dwarf (F),false,18.619899,919.05432,1184.6092,19.993059,0.15863495,3,false,6.0683025,134.47306,3,blue-giant,5,3,0,0,914.03018,0.19357302,0.0095103168,1355,860,1,37,0.65863483,0.4863048,5,0.06769689,0.022899272,gneiss,0.1243653,aquifer+aquitard+spring+runoff+karst,0.16913395,25.467785,0.48272903,24.497354,0.13802474,0.38339412,salt,0.069123527,0.0010727312,1,numinous,0,ice,-20.302743,leptosol,0.016591575,3,35.666667,107,17.586081,1,0,6.7418825,-0.022881029,,,,,0.26882643,,,,,,,,,,,,,0,0,,,,,,,,,,,,,,,,,,,,,0.36842105,solar,16,organized,8.0857143,,0.9375,true,,,,,,,1,1,0,,,,,,7.3452173,0.13507506,3.2043,0.084492945,8,0.30229564,0.6531393,61,1,2,1244708.7,2,4,0.07939216,true,,,,,,,,,,,,,,,,,,,,,,,,,,,,,,,,,,,,,,,,,,,,,,,,,,,0,,-0.1949953,7,0,false,
324,goblin-twin-solo,yellow-white dwarf (F),false,20.651781,403.54577,468.97157,13.917411,0.61632442,2,false,2.3511594,17.315783,2,red-dwarf,0,0,0,0,387.6716,0.11712815,0.025391135,1580,1575,3,39,0.54843514,0.64107693,3,0.20465309,0.0436258,gneiss,0.091636482,aquifer+aquitard+spring+runoff+karst,0.11450505,44.441686,0.34973239,25.62741,0.13607612,0.37849381,salt,0.068687407,0,0,,0,alpine,9.7970195,leptosol,0.038925231,3,40.666667,122,8.4041959,1,0,7.9789028,-0.020055903,,,,,0.22976699,,,,,,,,,,,,,0,0,,,,,,,,,,,,,,,,,,,,,0.4375,solar,13,organized,10.275862,,0.92307692,true,,,,,,,1,1,0,,,,,,6.825364,0.13329635,2.9659122,0.10089839,9,0.44780235,0.73883111,36,2,1,1960411.7,0,5,0.09279298,true,,,,,,,,,,,,,,,,,,,,,,,,,,,,,,,,,,,,,,,,,,,,,,,,,,,0,,-0.096333505,7,0,false,
325,goblin-twin-solo,orange dwarf (K),false,39.746375,155.03593,93.615135,31.75732,1.8033451,0,false,-0,,2,sun-like,3,5,1,0,,0.028584761,0.12420385,0,0,0,29,0.73436356,0.51870233,3,0.13016943,0.018846736,shale,0.14208253,aquifer+aquitard+spring+runoff+karst,0.10109365,23.797987,0.28342983,25.344369,0.12866464,0.30364856,salt,0.064793674,0,0,,0,ice,-8.137755,leptosol,0.050822535,8,30.875,247,36.846704,1,0,11.540968,-0.24628386,,,,,0.18123334,,,,,,,,,,,,,0,0,,,,,,,,,,,,,,,,,,,,,0.2,solar,2,organized,8.3333333,,1,true,,,,,,,1,1,0,,,,,,5.8635154,0.10092303,3.2539561,0.064645281,8,0.27175811,0.7017084,33,2,2,1005789,0,5,0.069344735,true,,,,,,,,,,,,,,,,,,,,,,,,,,,,,,,,,,,,,,,,,,,,,,,,,,,0,,0.10790476,7,0,false,
326,goblin-twin-solo,yellow dwarf (G),false,30.946318,289.00586,224.1346,33.619662,3.665369,0,false,-0,,2,sun-like,5,4,1,0,,0.065939617,0.011491384,0,0,0,35,0.70570285,0.45309,3,0.155925,0.032640008,gneiss,0.13405226,aquifer+aquitard+spring+runoff+karst,0.27059311,24.901877,0.69033596,23.17138,0.14732476,0.45051846,salt,0.082196788,0.0023226877,1,numinous,0,temperate-forest,-0.36450509,leptosol,0.076897553,30,38.7,1161,45.592676,1,0,17.704988,-0.14045561,,,,,0.27698051,,,,,,,,,,,,,0,0,,,,,,,,,,,,,,,,,,,,,0.09375,solar,2,organized,9.5882353,,1,true,,,,,,,1,1,0,,,,,,6.6455771,0.11839109,3.7491736,0.066476246,12,0.18166736,0.71575049,54,1,2,977952.98,1,5,0.07191993,true,,,,,,,,,,,,,,,,,,,,,,,,,,,,,,,,,,,,,,,,,,,,,,,,,,,0,,-0.10872348,7,0,false,
327,goblin-twin-solo,orange dwarf (K),false,36.332121,314.34784,207.64953,24.205242,0.061795955,3,false,7.6630707,45.990807,3,orange-giant,7,5,1,0,309.43169,0.053823279,0.0047100662,1339,844,23,28,0.69042039,0.49428279,3,0.066744788,0.01794346,gneiss,0.13792288,aquifer+aquitard+spring+runoff+karst,0.14170807,33.560582,0.27836921,25.813183,0.10030755,0.29587572,salt,0.06235288,0.00047314881,1,numinous,0,ice,-21.883357,leptosol,0.01182872,13,31.076923,404,15.85266,1,0,4.5784941,-0.11938656,,,,,0.18074284,,,,,,,,,,,,,0,0,,,,,,,,,,,,,,,,,,,,,0.37931034,solar,16,organized,9.2888889,,1,true,,,,,,,1,1,0,,,,,,7.1035118,0.14383042,3.4770251,0.065182364,8,0.26228215,0.61786011,100,1,2,1230087.1,1,6,0.094576768,true,,,,,,,,,,,,,,,,,,,,,,,,,,,,,,,,,,,,,,,,,,,,,,,,,,,0,,-0.12215752,7,0,false,
328,goblin-twin-solo,yellow-white dwarf (F),false,27.294079,774.43684,680.97128,4.4637975,3.1197926,1,false,0.25094925,17.134209,2,sun-like,3,4,1,0,764.53336,0.17348383,0.10380513,12,8,0,37,0.52375372,0.52773221,3,0.1196963,0.030540501,shale,0.070637687,aquifer+aquitard+spring+runoff+karst,0.1855649,33.371027,0.51368669,24.784121,0.088066434,0.46032397,salt,0.075625893,0.00041008817,1,numinous,0,ice,-18.497713,leptosol,0.030346525,6,40.666667,244,24.118495,1,0,6.8111706,-0.028882133,,,,,0.34073201,,,,,,,,,,,,,0,0,,,,,,,,,,,,,,,,,,,,,0,solar,5,organized,8.875,,1,true,,,,,,,1,1,0,,,,,,7.912654,0.17892099,2.32831,0.16266296,7,0.71339963,0.65129975,55,2,1,1555693.9,0,6,0.10112769,true,,,,,,,,,,,,,,,,,,,,,,,,,,,,,,,,,,,,,,,,,,,,,,,,,,,0,,-0.25324489,7,0,false,
329,goblin-twin-solo,yellow dwarf (G),false,30.760879,562.8606,439.15047,7.9733321,0.15486598,3,false,7.3792628,63.847701,3,sun-like,0,0,0,0,556.42602,0.11076278,0.011141918,4492,4329,121,36,0.72735706,0.5566798,3,0.055173087,0.031443777,shale,0.10798711,aquifer+aquitard+spring+runoff+karst,0.16135387,30.567951,0.43033668,25.181357,0.091959169,0.34948066,salt,0.060147217,0.0035816619,1,numinous,0,ice,-22.840986,leptosol,0.020325931,50,35.72,1786,20.10657,1,0,3.3150346,-0.14473746,,,,,0.18499284,,,,,,,,,,,,,0,0,,,,,,,,,,,,,,,,,,,,,0.6,solar,15,organized,9.7875,,0.93333333,true,,,,,,,1,1,0,,,,,,6.280801,0.12830919,3.1351459,0.06872223,10,0.26128223,0.74271818,39,2,1,1125178.5,1,4,0.10087844,true,,,,,,,,,,,,,,,,,,,,,,,,,,,,,,,,,,,,,,,,,,,,,,,,,,,0,,-0.31092147,7,0,false,
330,goblin-twin-solo,orange dwarf (K),false,27.793908,210.8827,182.09691,33.340697,0.42754365,2,true,7.0598992,20.115913,2,sun-like,0,0,0,1,203.66408,0.04077412,0.011628921,1629,1009,41,29,0.5929398,0.54575987,3,0.18326742,0.027659782,shale,0.13248171,aquifer+aquitard+spring+runoff+karst,0.14111791,29.977726,0.42761185,25.704961,0.13482068,0.38185199,salt,0.060199945,0.00041981528,1,numinous,0,ice,-7.7909842,leptosol,0.04300108,4,41.75,167,29.82821,1,0,7.6671536,-0.013152898,,,,,0.25458798,,,,,,,,,,,,,0,0,,,,,,,,,,,,,,,,,,,,,0.46666667,solar,11,organized,10.307692,,1,true,,,,,,,1,1,0,,,,,,7.2810871,0.11068785,2.8329984,0.10487769,9,0.43684779,0.75026812,47,2,1,1598346.5,0,3,0.068714073,true,,,,,,,,,,,,,,,,,,,,,,,,,,,,,,,,,,,,,,,,,,,,,,,,,,,0,,-0.037726052,7,0,false,
331,goblin-twin-solo,yellow dwarf (G),false,39.185304,331.39051,202.96824,30.706141,0.14570879,1,false,4.9781729,22.330545,3,red-giant,10,5,0,0,321.22052,0.080919793,0.00913088,275,175,0,9,0.49760754,0.52704213,3,0.29014697,0.024388458,evaporite,0.092910248,aquifer+aquitard+spring+runoff+karst,0.11997668,29.447075,0.24073084,26.108849,0.077214636,0.47893484,salt,0.04893376,0,0,,0,alpine,4.6033617,leptosol,0.054084261,11,40.909091,450,22.289515,1,0,5.9839492,-0.035790412,,,,,0.36469216,,,,,,,,,,,,,0,0,,,,,,,,,,,,,,,,,,,,,0.35294118,solar,6,organized,6.6956522,,1,true,,,,,,,1,1,0,,,,,,7.9350918,0.14196376,1.9956231,0.22371954,6,0.43646436,0.6607045,47,3,1,1415703.3,0,5,0.11499164,true,,,,,,,,,,,,,,,,,,,,,,,,,,,,,,,,,,,,,,,,,,,,,,,,,,,0,,0.067665282,7,0,false,
332,goblin-twin-solo,orange dwarf (K),false,22.427135,310.0877,331.83483,11.626046,3.7698262,0,false,-0,,3,sun-like,4,3,0,0,,0.0506542,0.16024991,0,0,0,30,0.63036473,0.47467142,3,0.07382452,0.01105903,shale,0.0991348,aquifer+aquitard+spring+runoff+karst,0.029390397,28.687584,0.21293177,26.159268,0.13823393,0.36840367,salt,0.058284896,0,0,,0,ice,-23.112203,leptosol,0.020540255,3,4,12,13.870353,1,0,3.410348,0,,,,,0.22250842,,,,,,,,,,,,,0,0,,,,,,,,,,,,,,,,,,,,,0.5,solar,1,folk,8.4,,1,true,,,,,,,1,1,0,,,,,,8.5518066,0.15404882,2.1792216,0.14503686,10,0.35433591,0.68191657,69,2,2,1373973.4,0,4,0.10796068,true,,,,,,,,,,,,,,,,,,,,,,,,,,,,,,,,,,,,,,,,,,,,,,,,,,,0,,-0.33105455,7,0,false,
333,goblin-twin-solo,yellow-white dwarf (F),false,31.392356,526.85211,402.78757,13.035056,0.98015396,2,false,3.6350157,29.113113,2,orange-giant,15,5,4,0,514.09674,0.11837695,0.068580523,723,453,10,27,0.53232264,0.6089158,3,0.14862556,0.040915971,evaporite,0.10158167,aquifer+aquitard+spring+runoff+karst,0.1093073,44.560075,0.14657827,25.941762,0.13441562,0.45085347,salt,0.059128513,0.00015660072,1,numinous,0,alpine,-9.3998032,leptosol,0.032938352,65,36.969231,2403,19.23063,1,0,6.7786232,-0.14555419,,,,,0.29994258,,,,,,,,,,,,,0,0,,,,,,,,,,,,,,,,,,,,,0.51351351,solar,9,organized,7.2409639,,1,true,,,,,,,1,1,0.083333333,,,,,,7.1554683,0.14768198,2.5878283,0.12506714,6,0.44505925,0.61231638,64,2,1.5,1865917.1,0,5,0.088855109,true,,,,,,,,,,,,,,,,,,,,,,,,,,,,,,,,,,,,,,,,,,,,,,,,,,,0,,-0.054680995,7,0,false,
334,goblin-twin-solo,orange dwarf (K),false,18.497038,181.81879,235.9108,16.939564,0.10236475,0,false,-0,,2,red-dwarf,1,3,1,0,,0.028243473,0.0028745656,0,0,0,10,0.62308969,0.52322042,5,0.057858503,0.012816757,shale,0.090031738,aquifer+aquitard+spring+runoff+karst,0.24334478,22.407318,0.48798497,25.144987,0.097221323,0.33991839,salt,0.056215008,0,0,,0,ice,-23.681887,leptosol,0.014897338,2,38,76,15.034478,1,0,9.6140763,0,,,,,0.20176177,,,,,,,,,,,,,0,0,,,,,,,,,,,,,,,,,,,,,0,solar,1,organized,8.5,,1,true,,,,,,,1,1,0,,,,,,6.9676027,0.11951178,2.8741085,0.1037547,10,0.23220416,0.6647527,32,2,2,1371210.1,0,3,0.066397428,true,,,,,,,,,,,,,,,,,,,,,,,,,,,,,,,,,,,,,,,,,,,,,,,,,,,0,,-0.19345279,7,0,false,
335,goblin-twin-solo,orange dwarf (K),false,31.523147,272.26974,207.29129,26.403159,3.2472741,0,false,-0,,5,red-giant,3,3,3,0,,0.044657102,0.08607003,0,0,0,9,0.67350227,0.54934948,3,0.054880133,0.0029051316,shale,0.13242112,aquifer+aquitard+spring+runoff+karst,0.045311799,23.907867,0.19081801,26.10855,0.10011964,0.30334978,salt,0.050962739,0.00029908778,1,numinous,0,ice,-25.965166,leptosol,0.014430985,3,5,15,14.227375,1,0,7.6477017,0,,,,,0.14879617,,,,,,,,,,,,,0,0,,,,,,,,,,,,,,,,,,,,,0,solar,2,organized,6.7142857,,1,true,,,,,,,1,1,0,,,,,,7.0689706,0.12195419,2.8179925,0.08827694,11,0.1793779,0.61033261,50,2,2,1329076.5,0,4,0.049816554,true,,,,,,,,,,,,,,,,,,,,,,,,,,,,,,,,,,,,,,,,,,,,,,,,,,,0,,-0.30547035,7,0,false,
336,goblin-twin-solo,orange dwarf (K),false,20.003996,216.10421,259.27324,30.348035,1.4491062,1,false,0.98707183,20.759715,5,orange-giant,12,5,3,0,208.97149,0.055925686,0.10852783,448,288,0,26,0.60644012,0.53904845,3,0.19449734,0.0058102632,evaporite,0.13684015,aquifer+aquitard+spring+runoff+karst,0.21257986,16.975937,0.44445134,24.743592,0.1287141,0.40661249,salt,0.065229819,0.00093046337,1,numinous,0,alpine,12.280137,leptosol,0.064326034,6,41.5,249,8.5790625,1,0,4.8868851,-0.021079344,,,,,0.26462378,,,,,,,,,,,,,0,0,,,,,,,,,,,,,,,,,,,,,0.15384615,solar,7,organized,6.9,,0.85714286,true,,,,,,,1,1,0,,,,,,5.7878818,0.11317346,3.2736341,0.07680289,6,0.5064202,0.68992274,35,2,2,1131624,0,3,0.067235827,true,,,,,,,,,,,,,,,,,,,,,,,,,,,,,,,,,,,,,,,,,,,,,,,,,,,0,,-0.043934322,7,0,false,
337,goblin-twin-solo,yellow dwarf (G),false,23.122533,432.5393,448.95355,23.933568,0.52460279,3,false,7.643855,37.56139,2,orange-giant,5,3,1,0,424.31768,0.092254696,0.033165753,1057,669,17,17,0.53517895,0.56859244,3,0.15785362,0.034910405,shale,0.10814076,aquifer+aquitard+spring+runoff+karst,0.16418067,28.994802,0.24028361,25.365947,0.13209034,0.38335084,salt,0.065419698,0.00047268908,1,numinous,0,ice,-13.575758,leptosol,0.028518908,12,41.25,495,27.893929,1,0,6.2562132,-0.016580549,,,,,0.25204832,,,,,,,,,,,,,0,0,,,,,,,,,,,,,,,,,,,,,0.33333333,solar,15,organized,9.1666667,,1,true,,,,,,,1,1,0,,,,,,7.3515692,0.15098382,2.8209654,0.1117133,6,0.62158613,0.61911614,49,2,1,1677050.1,0,6,0.083970015,true,,,,,,,,,,,,,,,,,,,,,,,,,,,,,,,,,,,,,,,,,,,,,,,,,,,0,,-0.16383241,7,0,false,
338,goblin-twin-solo,yellow-white dwarf (F),false,19.006756,430.39187,543.45966,10.395065,0.59719882,2,false,3.41228,32.475923,4,blue-giant,11,7,1,0,420.96399,0.11641516,0.0395797,2769,1299,0,29,0.59853035,0.55573123,5,0.20399395,0.0069332552,evaporite,0.13615081,aquifer+aquitard+spring+runoff+karst,0.076983886,22.678991,0.26080876,25.348402,0.1346914,0.44049863,salt,0.055869169,0.00085132259,1,numinous,0,alpine,10.148992,leptosol,0.080085132,6,40.666667,244,13.561757,1,0,13.956199,-0.033640377,,,,,0.3131651,,,,,,,,,,,,,0,0,,,,,,,,,,,,,,,,,,,,,0.38888889,solar,12,organized,7.8333333,,0.83333333,true,,,,,,,1,1,0,,,,,,6.7387955,0.15087153,2.6977617,0.1081246,8,0.18893281,0.60878796,49,2,1,1265756.7,1,5,0.099934791,true,,,,,,,,,,,,,,,,,,,,,,,,,,,,,,,,,,,,,,,,,,,,,,,,,,,0,,0.070466574,7,0,false,
339,goblin-twin-solo,orange dwarf (K),false,19.795831,148.09274,179.54415,2.4412219,0.35641188,2,false,7.42716,21.365963,4,orange-giant,9,5,2,0,143.33398,0.035123333,0.019475586,1925,1185,59,9,0.72000879,0.44084053,5,0.11630291,0.0034422147,evaporite,0.17699887,aquifer+aquitard+spring+runoff+karst,0.21274741,13.656246,0.41381114,25.009255,0.073676868,0.32008022,salt,0.043606667,0,0,,0,savanna,13.39195,leptosol,0.026942192,2,41,82,7.2458654,1,0,9.603791,0,,,,,0.24230534,,,,,,,,,,,,,0,0,,,,,,,,,,,,,,,,,,,,,0.41666667,solar,10,organized,6.7727273,,0.9,true,,,,,,,1,1,0,,,,,,6.2008034,0.09695974,3.5097047,0.066671549,9,0.21789171,0.73408416,50,2,2,886386.25,0,6,0.074572607,true,,,,,,,,,,,,,,,,,,,,,,,,,,,,,,,,,,,,,,,,,,,,,,,,,,,0,,0.020026878,7,0,false,
340,goblin-twin-solo,yellow dwarf (G),false,34.930258,571.87863,392.92831,31.296138,1.488331,2,false,1.0015983,27.753976,4,red-giant,0,0,0,0,557.35407,0.11124954,0.11199761,729,449,0,20,0.68319418,0.5329429,3,0.080220692,0.031272887,andesite,0.14841643,aquifer+aquitard+spring+runoff+karst,0.13223395,36.341443,0.24381598,25.731304,0.094166602,0.33775141,salt,0.065647635,0,0,,0,taiga,-17.299379,leptosol,0.019264853,7,38.857143,272,17.755013,1,0,1.2123709,-0.024578543,,,,,0.20844571,,,,,,,,,,,,,0,0,,,,,,,,,,,,,,,,,,,,,0.38888889,solar,11,organized,6.5517241,,1,true,,,,,,,1,1,0,,,,,,6.9442117,0.12981433,3.576219,0.066695962,11,0.16059182,0.64913334,90,1,2,1378275.9,0,6,0.059285158,true,,,,,,,,,,,,,,,,,,,,,,,,,,,,,,,,,,,,,,,,,,,,,,,,,,,0,,-0.077132853,7,0,false,
341,goblin-twin-solo,yellow-white dwarf (F),false,31.665536,791.56339,599.94314,22.67204,0.37026331,2,false,3.6748319,37.395231,3,blue-giant,5,4,1,0,776.48357,0.15564605,0.024300108,345,217,2,30,0.73768371,0.549651,3,0.032078512,0.022020409,shale,0.10423453,aquifer+aquitard+spring+runoff+karst,0.14127501,32.244989,0.41340158,25.489506,0.11996277,0.31530945,salt,0.069939127,0.0015821312,1,numinous,0,ice,-29.609427,leptosol,0.012843183,10,17.2,172,12.633298,1,0,12.904001,-0.34698703,,,,,0.15672406,,,,,,,,,,,,,0,0,,,,,,,,,,,,,,,,,,,,,0.22727273,solar,12,organized,9.4705882,,0.91666667,true,,,,,,,1,1,0.031746032,,,,,,6.3452911,0.11057663,3.0685408,0.065255603,10,0.20735226,0.73271976,52,2,2,1155637.3,0,4,0.079346424,true,,,,,,,,,,,,,,,,,,,,,,,,,,,,,,,,,,,,,,,,,,,,,,,,,,,0,,-0.16670283,7,0,false,
342,goblin-twin-solo,yellow-white dwarf (F),false,31.34852,599.11904,458.67739,9.1654406,2.454558,2,false,0.86543246,19.726543,4,sun-like,3,3,1,0,578.22916,0.16619615,0.019504466,369,231,0,33,0.59552756,0.52293578,3,0.22730824,0.024925541,evaporite,0.16278368,aquifer+aquitard+spring+runoff+karst,0.14244326,27.059609,0.39558184,24.894277,0.14636649,0.41658619,salt,0.058196603,0.00090535973,1,numinous,0,alpine,9.8694098,leptosol,0.082629165,2,20,40,14.940849,1,0,5.8085132,-0.28950662,,,,,0.3115041,,,,,,,,,,,,,0,0,,,,,,,,,,,,,,,,,,,,,0.36363636,solar,9,organized,8.3,,1,true,,,,,,,1,1,0,,,,,,6.5976727,0.12269942,3.007174,0.089668473,8,0.51038146,0.74663583,34,2,1,1392641.6,1,5,0.097878834,true,,,,,,,,,,,,,,,,,,,,,,,,,,,,,,,,,,,,,,,,,,,,,,,,,,,0,,-0.022966561,7,0,false,
343,goblin-twin-solo,orange dwarf (K),false,38.537516,269.36542,167.75264,16.137495,4.6539339,0,false,-0,,3,sun-like,13,5,1,0,,0.049636183,0.09680664,0,0,0,27,0.54206338,0.60822049,3,0.10819784,0.033738587,shale,0.077406973,aquifer+aquitard+spring+runoff+karst,0.10550165,37.964487,0.24416249,25.665023,0.1692078,0.43154921,salt,0.065372817,0.0011195223,1,numinous,0,ice,-22.652489,leptosol,0.024896044,15,39.733333,596,22.436125,1,0,1.1523901,-0.028875541,,,,,0.27598891,,,,,,,,,,,,,0,0,,,,,,,,,,,,,,,,,,,,,0.375,solar,1,organized,11.294118,,1,true,,,,,,,1,1,0,,,,,,7.3936657,0.17178552,2.5774575,0.12802109,8,0.33750933,0.65846756,60,2,1,1774849.3,1,5,0.081786163,true,,,,,,,,,,,,,,,,,,,,,,,,,,,,,,,,,,,,,,,,,,,,,,,,,,,0,,-0.099571685,7,0,false,
344,goblin-twin-solo,orange dwarf (K),false,36.228588,141.07834,93.458795,13.231467,1.0811912,1,false,2.4017968,9.2431359,5,blue-giant,17,5,5,0,131.49108,0.035413489,0.086516675,528,334,0,38,0.61649822,0.57966771,3,0.15377667,0.027537718,shale,0.090585015,aquifer+aquitard+spring+runoff+karst,0.071933287,32.635327,0.15379719,26.11995,0.097905659,0.39448724,salt,0.066484391,0,0,,0,alpine,15.479937,leptosol,0.055636896,4,41,164,3.7955775,1,0,13.794356,-0.031136518,,,,,0.28104908,,,,,,,,,,,,,0,0,,,,,,,,,,,,,,,,,,,,,0.18181818,solar,7,organized,5.7222222,,0.71428571,true,,,,,,,1,1,0,,,,,,6.966224,0.12379534,2.8346655,0.093013036,10,0.30714877,0.74848576,57,2,2,1466630.5,1,6,0.087442637,true,,,,,,,,,,,,,,,,,,,,,,,,,,,,,,,,,,,,,,,,,,,,,,,,,,,0,,-0.086246728,7,0,false,
345,goblin-twin-solo,yellow-white dwarf (F),false,26.107109,677.97774,623.25806,9.0492967,3.1880815,1,false,0.10872156,7.8337393,4,red-giant,3,3,1,0,625.56355,0.13148912,0.2406804,37,24,0,30,0.67533324,0.46266637,3,0.08810605,0.025291734,gneiss,0.16324536,aquifer+aquitard+spring+runoff+karst,0.15474848,27.58606,0.23851417,25.341899,0.13737875,0.31912174,salt,0.067648206,0,0,,0,taiga,-18.703343,leptosol,0.019775923,6,24.5,147,17.035116,1,0,2.7893022,-0.093842139,,,,,0.21482818,,,,,,,,,,,,,0,0,,,,,,,,,,,,,,,,,,,,,0,solar,7,organized,10.8,,1,true,,,,,,,1,1,0,,,,,,6.9948883,0.14885637,3.6722704,0.069381378,9,0.26310249,0.70673958,84,1,2,1121015,0,4,0.13504736,true,,,,,,,,,,,,,,,,,,,,,,,,,,,,,,,,,,,,,,,,,,,,,,,,,,,0,,-0.01723183,7,0,false,
346,goblin-twin-solo,orange dwarf (K),false,39.119975,156.16041,95.803992,14.9378,4.6855648,0,false,-0,,2,red-dwarf,1,3,0,0,,0.039793973,0.34581553,0,0,0,15,0.57331185,0.55212267,3,0.21002392,0.015282457,shale,0.1184346,aquifer+aquitard+spring+runoff+karst,0.11334249,21.969681,0.47545486,24.880426,0.12901934,0.43969562,salt,0.049073163,0.00097265133,1,numinous,0,alpine,18.155229,leptosol,0.039993134,2,42,84,5.9069876,1,0,8.4700955,0,,,,,0.32520883,,,,,,,,,,,,,0,0,,,,,,,,,,,,,,,,,,,,,0,solar,2,organized,11.833333,,0.5,true,,,,,,,1,1,0,,,,,,7.1044388,0.14886566,2.4454963,0.1382745,7,0.3904909,0.73180672,45,2,2,1256592.5,0,4,0.074021275,true,,,,,,,,,,,,,,,,,,,,,,,,,,,,,,,,,,,,,,,,,,,,,,,,,,,0,,-0.034956332,7,0,false,
347,goblin-twin-solo,orange dwarf (K),false,18.288948,230.2999,302.21518,19.161754,0.090466964,1,false,6.0111806,28.326513,2,red-giant,4,3,1,0,224.56952,0.053873985,0.0027194914,1404,880,0,14,0.58127045,0.59182603,5,0.21080514,0.010448709,evaporite,0.10809235,aquifer+aquitard+spring+runoff+karst,0.083138993,28.68605,0.26405084,26.077776,0.11607976,0.42269123,salt,0.048299248,0.000058302239,1,numinous,0,alpine,2.3248099,leptosol,0.064890392,2,40.5,81,19.703552,1,0,14.711755,-0.03562391,,,,,0.30777752,,,,,,,,,,,,,0,0,,,,,,,,,,,,,,,,,,,,,0.44444444,solar,7,organized,8.25,,1,true,,,,,,,1,1,0,,,,,,7.1835656,0.14255338,2.5652098,0.13190274,11,0.17840485,0.65703405,51,2,2,1523190.7,0,6,0.092886604,true,,,,,,,,,,,,,,,,,,,,,,,,,,,,,,,,,,,,,,,,,,,,,,,,,,,0,,-0.064693111,7,0,false,
348,goblin-twin-solo,yellow-white dwarf (F),false,22.385526,844.61446,905.52918,15.025014,1.6261336,2,false,1.4194012,50.72138,5,red-giant,4,5,0,0,832.64052,0.20330349,0.080881334,323,214,1,33,0.6043162,0.53035538,3,0.135052,0.033543284,evaporite,0.10797137,aquifer+aquitard+spring+runoff+karst,0.21113031,29.008525,0.3394003,25.765797,0.092793682,0.37839339,salt,0.05540676,0.00012339585,1,numinous,0,ice,-13.572723,leptosol,0.038252715,6,9.3333333,56,32.307796,1,0,15.269471,-0.74852177,,,,,0.26690523,,,,,,,,,,,,,0,0,,,,,,,,,,,,,,,,,,,,,0.23529412,solar,11,organized,8.3571429,,1,true,,,,,,,1,1,0,,,,,,6.8364891,0.13703434,3.4027712,0.076656413,9,0.32576505,0.76159574,74,2,2,1427731.9,0,6,0.055953362,true,,,,,,,,,,,,,,,,,,,,,,,,,,,,,,,,,,,,,,,,,,,,,,,,,,,0,,-0.045802859,7,0,false,
349,goblin-twin-solo,yellow-white dwarf (F),false,35.935086,748.61795,499.98017,8.358734,0.62025191,0,false,-0,,5,red-giant,15,5,1,0,,0.17860157,0.033644054,0,0,0,19,0.58954641,0.56135134,3,0.15353254,0.023680484,evaporite,0.11782549,aquifer+aquitard+spring+runoff+karst,0.21602332,27.814977,0.40849343,25.137706,0.099387379,0.42728841,salt,0.058456966,0.00095164456,1,numinous,0,ice,-9.6951174,leptosol,0.029917326,24,39.583333,950,30.70005,1,0,10.06119,-0.051488669,,,,,0.27205139,,,,,,,,,,,,,0,0,,,,,,,,,,,,,,,,,,,,,0.40740741,solar,3,organized,13.066667,,1,true,,,,,,,1,1,0,,,,,,6.6088752,0.12223131,2.8830798,0.10263171,8,0.40575745,0.76335705,38,2,1.5,1523066.1,0,5,0.074050524,true,,,,,,,,,,,,,,,,,,,,,,,,,,,,,,,,,,,,,,,,,,,,,,,,,,,0,,-0.059434651,7,0,false,
350,goblin-twin-solo,yellow-white dwarf (F),false,33.579682,439.83898,314.3608,30.996654,0.60513182,2,false,1.8198714,22.420864,3,blue-giant,9,4,3,0,426.19886,0.13410077,0.01342075,1098,637,1,17,0.71829989,0.4922437,3,0.12448123,0.011425223,granite,0.14689314,aquifer+aquitard+spring+runoff+karst,0.2156166,27.135605,0.38443539,25.32169,0.13996014,0.34985701,salt,0.055085402,0.00069330098,1,numinous,0,alpine,18.275814,leptosol,0.023918884,6,40.666667,244,3.328297,1,0,10.377932,-0.041326876,,,,,0.22480284,,,,,,,,,,,,,0,0,,,,,,,,,,,,,,,,,,,,,0.31578947,solar,13,organized,6.96875,,0.84615385,true,,,,,,,1,1,0,,,,,,6.3518285,0.1460388,3.4649724,0.061373956,9,0.1736719,0.72215856,78,1,2,1065118.4,0,5,0.086036803,true,,,,,,,,,,,,,,,,,,,,,,,,,,,,,,,,,,,,,,,,,,,,,,,,,,,0,,0.021675754,7,0,false,
351,goblin-twin-solo,orange dwarf (K),false,38.63016,341.61105,212.23482,9.4393174,0.76114027,2,false,5.5242014,16.327736,3,red-giant,3,4,0,0,327.45843,0.055721559,0.058485632,742,460,7,9,0.61471608,0.51862882,3,0.052512084,0.0055417216,evaporite,0.11962996,aquifer+aquitard+spring+runoff+karst,0.086047396,25.589662,0.16848308,27.023895,0.095551895,0.45741985,salt,0.04172391,0.00012672665,1,numinous,0,ice,-27.099583,leptosol,0.013179572,3,35,105,11.168128,1,0,3.582377,-0.050801779,,,,,0.3280953,,,,,,,,,,,,,0,0,,,,,,,,,,,,,,,,,,,,,0.33333333,solar,9,organized,7.9047619,,1,true,,,,,,,1,1,0,,,,,,7.3849479,0.16486489,2.4136431,0.12672721,9,0.29140793,0.67346972,62,2,1,1336181.3,0,7,0.076369705,true,,,,,,,,,,,,,,,,,,,,,,,,,,,,,,,,,,,,,,,,,,,,,,,,,,,0,,-0.36216939,7,0,false,
352,goblin-twin-solo,orange dwarf (K),false,17.44375,248.20599,341.49444,2.5334475,1.7138183,1,false,0.48073935,6.3951327,4,blue-giant,5,5,1,0,257.82184,0.052021302,0.042413111,20,10,0,9,0.58676334,0.53967035,5,0.18502515,0.0012938821,evaporite,0.12069475,aquifer+aquitard+spring+runoff+karst,0.062917233,24.985794,0.3007621,25.924038,0.11177409,0.43327229,salt,0.043235022,0.00017723164,1,numinous,0,ice,-4.1114075,leptosol,0.040645123,9,41.222222,371,25.389004,1,0,8.6783905,-0.023986402,,,,,0.31606309,,,,,,,,,,,,,0,0,,,,,,,,,,,,,,,,,,,,,0.33333333,solar,6,organized,6.0952381,,0.83333333,true,,,,,,,1,1,0,,,,,,7.3124727,0.13531481,2.3500677,0.14254675,8,0.24818338,0.54449924,50,2,2,1373325.3,2,4,0.0892183,true,,,,,,,,,,,,,,,,,,,,,,,,,,,,,,,,,,,,,,,,,,,,,,,,,,,0,,0.041079121,7,0,false,
353,goblin-twin-solo,yellow dwarf (G),false,39.846732,410.67711,247.35405,6.4552805,3.0585025,2,false,0.49417311,15.730661,4,red-giant,13,6,2,0,393.05839,0.092648833,0.16541349,1413,1408,0,32,0.62316293,0.61570355,3,0.1712807,0.024486109,sandstone,0.10417207,aquifer+aquitard+spring+runoff+karst,0.067634102,30.531826,0.10138637,26.419964,0.1273646,0.38695258,salt,0.062706219,0,0,,0,ice,-7.8356457,leptosol,0.040360197,8,18.125,145,33.412008,1,0,11.167216,-0.37467212,,,,,0.25518269,,,,,,,,,,,,,0,0,,,,,,,,,,,,,,,,,,,,,0.35294118,solar,9,organized,6.0384615,,1,true,,,,,,,1,1,0,,,,,,6.9370172,0.14695471,3.1186473,0.087080709,11,0.20206012,0.73455581,76,2,1,1469341.5,2,7,0.078645832,true,,,,,,,,,,,,,,,,,,,,,,,,,,,,,,,,,,,,,,,,,,,,,,,,,,,0,,0.12039264,7,0,false,
354,goblin-twin-solo,yellow-white dwarf (F),false,29.561574,871.32537,707.39834,17.207145,1.5412841,1,false,0.41598993,34.670299,3,sun-like,7,5,0,0,853.40491,0.21764874,0.11525556,453,279,0,21,0.72996924,0.40828135,3,0.1320248,0.0312973,andesite,0.17530061,aquifer+aquitard+spring+runoff+karst,0.16300515,51.488855,0.4918181,24.499238,0.090678962,0.32998825,salt,0.067369905,0.00054244643,1,numinous,0,ice,-6.0662406,leptosol,0.10767562,15,40.2,603,40.436425,1,0,2.2381553,-0.014800796,,,,,0.23189585,,,,,,,,,,,,,0,0,,,,,,,,,,,,,,,,,,,,,0.14285714,solar,6,organized,7.7037037,,1,true,,,,,,,1,1,0.095238095,,,,,,7.1840369,0.22548648,4.1416467,0.059250037,7,0.29111292,0.65234212,138,1,2,962573.96,0,5,0.089685465,true,,,,,,,,,,,,,,,,,,,,,,,,,,,,,,,,,,,,,,,,,,,,,,,,,,,0,,-0.17818268,7,0,false,
355,goblin-twin-solo,orange dwarf (K),false,23.024965,172.75034,180.06577,20.596328,0.34468853,2,true,5.0509565,13.781702,4,orange-giant,9,5,1,1,180.06747,0.033041496,0.029017956,136,91,0,35,0.59521019,0.51221277,3,0.1877838,0.030418437,shale,0.09100778,aquifer+aquitard+spring+runoff+karst,0.12827936,27.918463,0.30890779,25.509416,0.10879923,0.35836198,salt,0.065522742,0.00024123997,1,numinous,0,ice,-7.2526548,leptosol,0.037874676,8,41.375,331,33.445166,1,0,15.359463,-0.020155082,,,,,0.19027803,,,,,,,,,,,,,0,0,,,,,,,,,,,,,,,,,,,,,0.47619048,solar,13,organized,8.3235294,,1,true,,,,,,,1,1,0,,,,,,9.4827606,0.16592277,2.2102958,0.18204678,11,0.67818588,0.68375847,91,2,2,1488176.8,1,3,0.092352598,true,,,,,,,,,,,,,,,,,,,,,,,,,,,,,,,,,,,,,,,,,,,,,,,,,,,0,,-0.058654205,7,0,false,
356,goblin-twin-solo,orange dwarf (K),false,32.524073,189.25654,139.65523,0.30791686,0.51463281,2,false,4.3269597,17.375355,4,blue-giant,12,5,4,0,181.90153,0.035497133,0.035474448,557,347,5,28,0.65868366,0.40326157,3,0.15897661,0.022093648,evaporite,0.14319434,aquifer+aquitard+spring+runoff+karst,0.15993134,40.919233,0.34961734,25.049568,0.092053501,0.34897361,salt,0.061482458,0,0,,0,ice,-8.621684,leptosol,0.046062513,8,41.25,330,35.596041,1,0,7.9093935,-0.013623543,,,,,0.24061226,,,,,,,,,,,,,0,0,,,,,,,,,,,,,,,,,,,,,0.5,solar,10,organized,5.8571429,,1,true,,,,,,,1,1,0.25,,,,,,8.067394,0.19356306,3.6245343,0.081123969,9,0.24104141,0.80960402,161,1,2,1328364.8,0,6,0.11028157,true,,,,,,,,,,,,,,,,,,,,,,,,,,,,,,,,,,,,,,,,,,,,,,,,,,,0,,0.043765966,7,0,false,
357,goblin-twin-solo,yellow-white dwarf (F),false,26.746135,723.24626,648.98762,18.623424,1.635418,1,false,1.4739799,21.45906,4,orange-giant,5,6,1,0,699.97811,0.22559065,0.11759578,190,121,0,19,0.7164201,0.30983127,3,0.13312338,0.014037401,andesite,0.1758781,aquifer+aquitard+spring+runoff+karst,0.28477961,28.277386,0.63094008,24.125268,0.12921832,0.32085055,salt,0.056926247,0.0028409091,1,numinous,0,tropical-seasonal-forest,11.754066,leptosol,0.054752066,2,41.5,83,10.5714,1,0,8.0408772,-0.034765418,,,,,0.21565083,,,,,,,,,,,,,0,0,,,,,,,,,,,,,,,,,,,,,0.22222222,solar,7,organized,7.6875,,0.85714286,true,,,,,,,1,1,0,,,,,,6.9477606,0.17463858,3.8095918,0.065255603,8,0.27436295,0.66616042,111,1,2,820061.68,0,6,0.054902562,true,,,,,,,,,,,,,,,,,,,,,,,,,,,,,,,,,,,,,,,,,,,,,,,,,,,0,,0.016360611,7,0,false,
358,goblin-twin-solo,yellow dwarf (G),false,29.023679,354.60275,293.22492,6.6105873,2.5280669,0,false,-0,,2,red-dwarf,4,3,1,0,,0.10445404,0.18846461,0,0,0,34,0.52109272,0.62537595,3,0.18212001,0.022899272,evaporite,0.090431768,aquifer+aquitard+spring+runoff+karst,0.14135699,29.380327,0.20742213,25.763082,0.1205587,0.45470765,salt,0.052034653,0.00010195239,1,numinous,0,alpine,12.083714,leptosol,0.050670337,24,38.958333,935,5.47697,1,0,17.893661,-0.063646107,,,,,0.32650252,,,,,,,,,,,,,0,0,,,,,,,,,,,,,,,,,,,,,0.34482759,solar,5,organized,8.5294118,,0.8,true,,,,,,,1,1,0,,,,,,6.7330962,0.16391329,2.7395416,0.11471608,6,0.30351226,0.76779339,48,2,1,1521053.9,1,5,0.080625557,true,,,,,,,,,,,,,,,,,,,,,,,,,,,,,,,,,,,,,,,,,,,,,,,,,,,0,,-0.047563812,7,0,false,
359,goblin-twin-solo,yellow dwarf (G),false,24.082556,300.12906,299.10021,33.014439,0.20900583,1,false,2.2436793,10.385223,5,sun-like,2,3,0,0,318.46052,0.066695054,0.0019210771,52,31,0,31,0.6253845,0.56278918,3,0.15489966,0.040281236,evaporite,0.10550668,aquifer+aquitard+spring+runoff+karst,0.15581623,32.185807,0.371261,25.802238,0.12121212,0.39537309,salt,0.055721711,0,0,,0,ice,-4.8772209,leptosol,0.048810688,16,40,640,30.280332,1,0,9.5057378,-0.054242115,,,,,0.25480613,,,,,,,,,,,,,0,0,,,,,,,,,,,,,,,,,,,,,0.27272727,solar,6,organized,10.214286,,1,true,,,,,,,1,1,0,,,,,,7.3376174,0.15715023,2.7177598,0.10316879,7,0.24183773,0.66783376,62,2,2,1407860.2,0,5,0.13320065,true,,,,,,,,,,,,,,,,,,,,,,,,,,,,,,,,,,,,,,,,,,,,,,,,,,,0,,-0.053149386,7,0,false,
360,goblin-twin-solo,yellow dwarf (G),false,31.311622,265.20664,203.27786,33.754316,1.3993013,2,false,2.212453,17.065692,4,blue-giant,10,6,0,0,254.72904,0.07301262,0.0075865332,341,218,1,36,0.66295591,0.53730262,3,0.15738978,0.037766711,shale,0.13660727,aquifer+aquitard+spring+runoff+karst,0.071273359,39.848001,0.16130668,25.601609,0.089453861,0.34513979,salt,0.067669566,0.0002897291,1,numinous,0,alpine,15.664896,leptosol,0.047588005,9,41.222222,371,4.3984172,1,0,15.512703,-0.026817459,,,,,0.21150225,,,,,,,,,,,,,0,0,,,,,,,,,,,,,,,,,,,,,0.25,solar,11,organized,9.3870968,,0.90909091,true,,,,,,,1,1,0,,,,,,7.0999323,0.14932286,3.0201952,0.082979347,10,0.25249891,0.74793847,51,2,2,1498512.9,0,6,0.070603323,true,,,,,,,,,,,,,,,,,,,,,,,,,,,,,,,,,,,,,,,,,,,,,,,,,,,0,,-0.15186731,7,0,false,
361,goblin-twin-solo,orange dwarf (K),false,38.031334,165.6422,104.52993,31.558297,0.25723693,2,false,6.875563,17.733399,5,blue-giant,10,7,0,0,159.28202,0.036701278,0.010103479,1108,694,2,35,0.56755041,0.55402506,3,0.23277672,0.018944387,gneiss,0.114147,aquifer+aquitard+spring+runoff+karst,0.094049904,35.006057,0.3892966,25.632511,0.18262391,0.38715141,salt,0.065064898,0.00079033533,1,numinous,0,alpine,4.4724776,leptosol,0.066275263,24,40.5,972,14.270939,1,0,3.8012401,-0.032146602,,,,,0.24912499,,,,,,,,,,,,,0,0,,,,,,,,,,,,,,,,,,,,,0.42105263,solar,14,organized,8.0576923,,0.92857143,true,,,,,,,1,1,0,,,,,,7.078323,0.13353609,2.8476411,0.10175284,8,0.22558428,0.7006996,37,2,2,1683550.3,0,5,0.089311459,true,,,,,,,,,,,,,,,,,,,,,,,,,,,,,,,,,,,,,,,,,,,,,,,,,,,0,,-0.033449515,7,0,false,
362,goblin-twin-solo,yellow-white dwarf (F),false,27.447126,695.74415,608.3646,24.548492,0.80615131,2,false,1.1589989,37.004422,5,sun-like,6,4,2,0,682.30062,0.17878881,0.015480067,623,386,3,38,0.53605781,0.56219743,3,0.20396953,0.017162248,shale,0.12155336,aquifer+aquitard+spring+runoff+karst,0.088034098,34.180652,0.43054094,24.824195,0.10071564,0.4242791,salt,0.067509222,0.00094716902,1,numinous,0,ice,-4.1947664,leptosol,0.036571248,14,41.571429,582,31.600523,1,0,8.7810765,-0.011725006,,,,,0.29130709,,,,,,,,,,,,,0,0,,,,,,,,,,,,,,,,,,,,,0.25,solar,10,organized,9.8823529,,1,true,,,,,,,1,1,0,,,,,,6.7957714,0.15024509,2.8905811,0.10719691,5,0.60603031,0.65584406,38,2,1,1703912.4,0,5,0.079001836,true,,,,,,,,,,,,,,,,,,,,,,,,,,,,,,,,,,,,,,,,,,,,,,,,,,,0,,-0.057650395,7,0,false,
363,goblin-twin-solo,yellow-white dwarf (F),false,36.036404,753.15361,501.59519,3.8474328,4.2040021,0,false,-0,,2,blue-giant,3,3,0,0,,0.16659953,0.3264167,0,0,0,38,0.55715053,0.55953693,3,0.13671207,0.026854158,shale,0.119129,aquifer+aquitard+spring+runoff+karst,0.10909592,37.64005,0.26466373,25.758493,0.14112459,0.40738699,salt,0.069544423,0.000055126792,1,numinous,0,ice,-16.465279,leptosol,0.036052922,6,40.666667,244,22.210713,1,0,9.9970319,-0.028882133,,,,,0.28748622,,,,,,,,,,,,,0,0,,,,,,,,,,,,,,,,,,,,,0.22222222,solar,3,organized,8.4166667,,0.33333333,true,,,,,,,1,1,0,,,,,,8.2151186,0.16827433,2.5156002,0.13595528,8,0.62475193,0.70218996,50,2,1,1765629.4,2,5,0.093879198,true,,,,,,,,,,,,,,,,,,,,,,,,,,,,,,,,,,,,,,,,,,,,,,,,,,,0,,-0.23378338,7,0,false,
364,goblin-twin-solo,orange dwarf (K),true,,176.11925,,29.68624,0.4083268,3,false,6.6913917,34.698003,4,blue-giant,2,3,1,0,172.51262,0.046050203,,5210,3142,399,15,0.68255945,0.45904791,locked,0.075411357,0.025535863,andesite,0.11751134,aquifer+aquitard+spring+runoff+karst,0.24925017,25.717663,0.56379297,24.536627,0.11820349,0.34184419,salt,0.0775844,0.0023071599,1,numinous,0,ice,-16.944328,leptosol,0.016765362,6,37,222,0.80204366,1,0,57.143488,-0.22751144,,,,,0.20518342,,,,,,,,,,,,,0,0,,,,,,,,,,,,,,,,,,,,,0.42857143,solar,8,organized,11.727273,,0.875,true,,,,,,,1,1,0,,,,,,6.5359916,0.14189841,3.4419019,0.070821737,7,0.27878182,0.70067217,57,2,2,1072876.3,0,3,0.076042108,true,,,,,,,,,,,,,,,,,,,,,,,,,,,,,,,,,,,,,,,,,,,,,,,,,,,0,,0.091665819,7,0,false,
365,goblin-twin-solo,yellow dwarf (G),false,33.102109,361.31503,261.964,13.162481,1.2605054,1,false,1.1493249,11.699896,4,red-giant,5,3,2,0,341.23018,0.097551497,0.10489923,256,159,0,12,0.52831893,0.59391336,3,0.25098872,0.013378253,shale,0.14134879,aquifer+aquitard+spring+runoff+karst,0.16536411,24.231394,0.57020858,24.819702,0.098959681,0.38201956,salt,0.059427866,0.0028984007,1,numinous,0,alpine,8.8177455,leptosol,0.074323275,7,41.714286,292,13.608806,1,0,9.6102246,-0.01114944,,,,,0.24978003,,,,,,,,,,,,,0,0,,,,,,,,,,,,,,,,,,,,,0.16666667,solar,5,organized,9.1764706,,1,true,,,,,,,1,1,0,,,,,,7.0297708,0.16677005,2.5721886,0.14254675,5,0.78039439,0.61160751,59,2,1,1427707,0,3,0.11104858,true,,,,,,,,,,,,,,,,,,,,,,,,,,,,,,,,,,,,,,,,,,,,,,,,,,,0,,0.003133039,7,0,false,
366,goblin-twin-solo,yellow-white dwarf (F),false,19.082768,762.25855,958.67673,2.4061644,3.1386863,0,false,-0,,3,sun-like,2,3,0,0,,0.1805567,0.058247718,0,0,0,27,0.54284459,0.54774111,5,0.14779552,0.022069235,shale,0.11198334,aquifer+aquitard+spring+runoff+karst,0.19123144,31.978236,0.62864467,24.57376,0.15977785,0.42785432,salt,0.0518535,0.0013350422,1,numinous,0,ice,-11.843046,leptosol,0.03764819,3,12.666667,38,22.998587,1,0,14.365275,-0.14915237,,,,,0.27507209,,,,,,,,,,,,,0,0,,,,,,,,,,,,,,,,,,,,,0,solar,1,organized,10.4,,1,true,,,,,,,1,1,0,,,,,,8.5635876,0.15416118,2.4677342,0.155925,9,0.31838086,0.68500344,68,2,1,1713481.8,0,5,0.10257342,true,,,,,,,,,,,,,,,,,,,,,,,,,,,,,,,,,,,,,,,,,,,,,,,,,,,0,,-0.031584384,7,0,false,
367,goblin-twin-solo,yellow dwarf (G),false,30.280254,357.96314,283.72005,4.9666024,0.49045089,1,false,0.36921422,10.614835,3,red-giant,6,5,2,0,336.29619,0.05786505,0.03798267,265,166,0,27,0.61093208,0.52374976,3,0.032859724,0.027830672,shale,0.12248227,aquifer+aquitard+spring+runoff+karst,0.15774613,31.290704,0.54847211,24.893714,0.14808308,0.40534605,salt,0.072035394,0.0020079061,1,numinous,0,ice,-30.020952,leptosol,0.0044550417,14,20.785714,291,9.2302924,1,0,12.447047,-0.49157066,,,,,0.24333312,,,,,,,,,,,,,0,0,,,,,,,,,,,,,,,,,,,,,0.31578947,solar,5,organized,7.4166667,,1,true,,,,,,,1,1,0,,,,,,7.4856006,0.128678,2.6764275,0.10746546,10,0.22601493,0.80238414,52,2,1,1415171.1,1,3,0.099071002,true,,,,,,,,,,,,,,,,,,,,,,,,,,,,,,,,,,,,,,,,,,,,,,,,,,,0,,-0.36873771,7,0,false,
368,goblin-twin-solo,yellow dwarf (G),false,32.669576,334.06435,245.41318,25.218398,2.5598434,1,false,0.79352385,8.3075158,3,orange-giant,6,4,0,0,309.31409,0.070298637,0.19306847,128,84,0,13,0.59157268,0.55744172,3,0.21976466,0.0049313998,sandstone,0.13066348,aquifer+aquitard+spring+runoff+karst,0.11733413,21.284186,0.28541542,25.739158,0.092887029,0.26676629,salt,0.044518401,0.00065750149,1,numinous,0,ice,-7.9067278,leptosol,0.064315601,23,38.217391,879,33.782897,1,0,4.6627661,-0.13837539,,,,,0.15152421,,,,,,,,,,,,,0,0,,,,,,,,,,,,,,,,,,,,,0.37931034,solar,6,organized,6.9142857,,1,true,,,,,,,1,1,0,,,,,,7.1183938,0.14347387,3.2947314,0.085127679,9,0.17722654,0.76854721,84,2,2,1449940.4,1,6,0.054176849,true,,,,,,,,,,,,,,,,,,,,,,,,,,,,,,,,,,,,,,,,,,,,,,,,,,,0,,0.034128627,7,0,false,
369,goblin-twin-solo,yellow-white dwarf (F),false,18.518525,674.86319,874.62239,32.707775,0.61907071,3,false,3.1088051,32.856537,5,red-giant,1,3,0,0,660.24139,0.14052627,0.048361966,1871,967,14,22,0.59472194,0.49244021,5,0.096797031,0.018358479,evaporite,0.12752244,aquifer+aquitard+spring+runoff+karst,0.15565327,33.819513,0.30281308,25.551951,0.1039094,0.35136438,salt,0.061601109,0.00078308536,1,numinous,0,ice,-18.8851,leptosol,0.024878019,2,39.5,79,21.605257,1,0,10.934294,-0.036525876,,,,,0.22739594,,,,,,,,,,,,,0,0,,,,,,,,,,,,,,,,,,,,,0.41176471,solar,15,organized,7.875,,1,true,,,,,,,1,1,0,,,,,,6.7327236,0.15063881,3.4995254,0.077486451,7,0.42660081,0.72897053,95,1,2,1415948.5,0,6,0.058591985,true,,,,,,,,,,,,,,,,,,,,,,,,,,,,,,,,,,,,,,,,,,,,,,,,,,,0,,-0.15897622,7,0,false,
370,goblin-twin-solo,yellow dwarf (G),false,39.259133,609.85482,372.81811,6.899861,0.98189708,1,false,1.4070358,14.917791,5,orange-giant,4,4,0,0,582.72305,0.1102368,0.052260055,97,61,0,13,0.56508471,0.56211058,3,0.056418144,0.0087886334,evaporite,0.11220881,aquifer+aquitard+spring+runoff+karst,0.21285434,22.099424,0.36458041,25.236102,0.099410609,0.42133034,salt,0.051524684,0.0017401067,1,numinous,0,ice,-28.150496,leptosol,0.012012349,4,36,144,10.401153,1,0,6.1390731,-0.05383789,,,,,0.28217794,,,,,,,,,,,,,0,0,,,,,,,,,,,,,,,,,,,,,0,solar,5,organized,6.5,,1,true,,,,,,,1,1,0,,,,,,6.9455579,0.16100309,2.6844681,0.12343147,7,0.63300589,0.78900895,47,2,1,1352056.2,0,6,0.10193652,true,,,,,,,,,,,,,,,,,,,,,,,,,,,,,,,,,,,,,,,,,,,,,,,,,,,0,,-0.31572674,7,0,false,
371,goblin-twin-solo,yellow-white dwarf (F),false,19.253851,1019.0698,1270.2745,26.682524,2.5322189,1,false,0.50651255,29.523564,3,sun-like,1,3,0,0,994.6762,0.20852549,0.051081835,265,168,0,23,0.55258532,0.55420964,5,0.073580392,0.031517016,shale,0.12729852,aquifer+aquitard+spring+runoff+karst,0.073388989,42.838533,0.28362525,25.646151,0.16440225,0.40295739,salt,0.061881125,0.00027282152,1,numinous,0,ice,-25.405964,leptosol,0.018333606,7,35.285714,247,12.918789,1,0,6.0533017,-0.099553169,,,,,0.25448791,,,,,,,,,,,,,0,0,,,,,,,,,,,,,,,,,,,,,0.25,solar,9,organized,10.28,,1,true,,,,,,,1,1,0,,,,,,8.1044236,0.16210618,2.4071276,0.13944632,7,0.45828559,0.53968577,75,2,1,1801686.1,0,3,0.09130962,true,,,,,,,,,,,,,,,,,,,,,,,,,,,,,,,,,,,,,,,,,,,,,,,,,,,0,,-0.24994017,7,0,false,
372,goblin-twin-solo,orange dwarf (K),false,20.768862,189.58416,219.07891,33.133901,0.23688836,1,false,5.8629118,8.1457308,3,blue-giant,6,6,1,0,176.44036,0.030926039,0.0077237641,75,48,0,17,0.53708315,0.55990929,3,0.097773546,0.0095210195,evaporite,0.13020778,aquifer+aquitard+spring+runoff+karst,0.086646978,24.254604,0.36077418,25.573818,0.09144605,0.41651725,salt,0.046293915,0.00036915937,1,numinous,0,ice,-20.162078,leptosol,0.025102837,5,34.2,171,15.279617,1,0,8.3586599,-0.085900362,,,,,0.29363991,,,,,,,,,,,,,0,0,,,,,,,,,,,,,,,,,,,,,0.30769231,solar,8,organized,7.9047619,,0.875,true,,,,,,,1,1,0,,,,,,6.7179953,0.13788189,2.6233407,0.11493579,6,0.43824491,0.71410805,27,2,2,1521764.8,0,5,0.11078751,true,,,,,,,,,,,,,,,,,,,,,,,,,,,,,,,,,,,,,,,,,,,,,,,,,,,0,,-0.28686393,7,0,false,
373,goblin-twin-solo,yellow-white dwarf (F),false,27.567831,831.59252,723.96776,32.508754,0.098201402,3,false,3.7616629,42.622055,5,orange-giant,5,4,1,0,817.645,0.20543013,0.0074285187,337,216,1,24,0.68107026,0.50987446,3,0.16622723,0.043772277,shale,0.12630129,aquifer+aquitard+spring+runoff+karst,0.13984997,31.129892,0.41840171,24.485868,0.13219535,0.38020514,salt,0.068972188,0.00061236987,1,numinous,0,ice,-7.1716126,leptosol,0.050520514,7,40.857143,286,31.70958,1,0,12.619495,-0.037356332,,,,,0.23423148,,,,,,,,,,,,,0,0,,,,,,,,,,,,,,,,,,,,,0.38095238,solar,14,organized,7.1714286,,1,true,,,,,,,1,1,0,,,,,,7.2222654,0.13996085,3.1231175,0.081148381,10,0.25153092,0.60865762,57,2,1,1276370.1,0,3,0.10259589,true,,,,,,,,,,,,,,,,,,,,,,,,,,,,,,,,,,,,,,,,,,,,,,,,,,,0,,0.10282466,7,0,false,
374,goblin-twin-solo,yellow dwarf (G),false,28.817591,313.38213,260.99236,13.907736,0.60645712,0,false,-0,,2,sun-like,1,3,0,0,,0.063642699,0.027585771,0,0,0,25,0.52016503,0.55873823,3,0.1606611,0.038279381,shale,0.080793691,aquifer+aquitard+spring+runoff+karst,0.063495294,41.843868,0.24792674,25.928274,0.12846604,0.44899517,salt,0.057540834,0.00086491987,1,numinous,0,ice,-14.893288,leptosol,0.030984482,5,23.8,119,29.481558,1,0,13.590356,-0.68176951,,,,,0.2953447,,,,,,,,,,,,,0,0,,,,,,,,,,,,,,,,,,,,,0,solar,1,organized,9,,1,true,,,,,,,1,1,0,,,,,,8.1248651,0.15408317,2.2563992,0.16412773,6,0.53640295,0.789106,51,2,2,1860781.7,2,4,0.11124407,true,,,,,,,,,,,,,,,,,,,,,,,,,,,,,,,,,,,,,,,,,,,,,,,,,,,0,,-0.1518305,7,0,false,
375,goblin-twin-solo,orange dwarf (K),false,17.920945,251.15673,336.35289,20.01217,0.045092039,2,true,7.665408,36.151779,5,red-giant,10,4,3,1,246.21804,0.037943863,0.0031798698,2553,1554,108,8,0.6288023,0.53133838,5,0.043308432,0.014818612,shale,0.12726077,aquifer+aquitard+spring+runoff+karst,0.099901348,30.298126,0.36487997,25.316907,0.089707333,0.35231832,salt,0.045644066,0.00013153568,1,numinous,0,ice,-31.135924,leptosol,0.0074975337,21,16.428571,345,9.7459531,1,0,9.775573,-0.46068301,,,,,0.19020059,,,,,,,,,,,,,0,0,,,,,,,,,,,,,,,,,,,,,0.46875,solar,11,organized,9.3953488,,1,true,,,,,,,1,1,0.022988506,,,,,,7.9006241,0.1397319,2.5982581,0.11427665,12,0.17481092,0.34400786,58,2,1,1580340.9,0,5,0.074633409,true,,,,,,,,,,,,,,,,,,,,,,,,,,,,,,,,,,,,,,,,,,,,,,,,,,,0,,-0.37425103,7,0,false,
376,goblin-twin-solo,orange dwarf (K),false,25.700916,300.75371,280.84949,11.002824,0.46542771,2,false,7.9076224,45.56445,3,blue-giant,9,5,1,0,295.98645,0.051797264,0.0072387388,5572,5555,19,27,0.71488209,0.56682935,3,0.057785264,0.018749085,gneiss,0.1026629,aquifer+aquitard+spring+runoff+karst,0.2031852,25.825192,0.4121072,24.630313,0.11054029,0.34848874,salt,0.063894555,0.0014556041,1,numinous,0,ice,-26.223619,leptosol,0.017296001,10,14.8,148,19.052946,1,0,7.5871348,-0.27057743,,,,,0.20113023,,,,,,,,,,,,,0,0,,,,,,,,,,,,,,,,,,,,,0.23809524,solar,11,organized,9.25,,0.90909091,true,,,,,,,1,1,0.025316456,,,,,,5.9038066,0.098459924,3.3718968,0.061373956,9,0.19179724,0.68441211,27,2,2,1065895.4,0,2,0.10260729,true,,,,,,,,,,,,,,,,,,,,,,,,,,,,,,,,,,,,,,,,,,,,,,,,,,,0,,-0.1267977,7,0,false,
377,goblin-twin-solo,yellow-white dwarf (F),false,17.807724,824.48619,1111.1846,13.205162,0.92942891,1,false,2.9665042,40.511849,3,sun-like,6,3,2,0,809.85457,0.22591422,0.060760574,1795,1795,0,13,0.59962892,0.5220122,5,0.20626434,0.019408232,evaporite,0.13993902,aquifer+aquitard+spring+runoff+karst,0.15140244,26.063085,0.34213415,24.855677,0.1520122,0.36932927,salt,0.05328542,0,0,,0,ice,-0.62571595,leptosol,0.057439024,25,33.4,835,31.477673,1,0,7.8010606,-0.20373262,,,,,0.23256098,,,,,,,,,,,,,0,0,,,,,,,,,,,,,,,,,,,,,0.4,solar,5,organized,8.3428571,,1,true,,,,,,,1,1,0,,,,,,7.3125087,0.12478652,3.0934254,0.096235535,8,0.28280488,0.6199179,54,2,2,1490122.8,0,5,0.069369285,true,,,,,,,,,,,,,,,,,,,,,,,,,,,,,,,,,,,,,,,,,,,,,,,,,,,0,,-0.10507841,7,0,false,
378,goblin-twin-solo,orange dwarf (K),false,21.862419,331.80482,364.24678,4.2418924,1.1091668,1,false,0.7244002,8.1289821,2,sun-like,13,4,5,0,306.70328,0.052744437,0.06178107,174,109,0,16,0.52070211,0.58676718,3,0.050656706,0.010228993,evaporite,0.10339734,aquifer+aquitard+spring+runoff+karst,0.15957826,26.335045,0.36102481,25.53415,0.12718382,0.42418377,salt,0.050824741,0.000050934651,1,numinous,0,ice,-32.341599,leptosol,0.0085060867,3,36,108,9.8192391,1,0,4.7535295,0,,,,,0.30555697,,,,,,,,,,,,,0,0,,,,,,,,,,,,,,,,,,,,,0.25,solar,5,folk,8,,1,true,,,,,,,1,1,0,,,,,,6.6427275,0.13203475,2.6419665,0.1299253,6,0.42810574,0.57965309,35,2,2,1575551.2,0,3,0.098230748,true,,,,,,,,,,,,,,,,,,,,,,,,,,,,,,,,,,,,,,,,,,,,,,,,,,,0,,-0.311351,7,0,false,
379,goblin-twin-solo,yellow-white dwarf (F),false,18.558503,763.25603,987.04861,4.3640554,0.44277304,2,false,2.9272354,29.770152,2,orange-giant,0,0,0,0,777.84223,0.20894616,0.033788278,107,67,0,26,0.58583565,0.60813439,5,0.16605634,0.016258972,evaporite,0.094134984,aquifer+aquitard+spring+runoff+karst,0.10916593,34.773418,0.22004126,26.190055,0.13999411,0.40624816,salt,0.052794859,0,0,,0,alpine,-1.8973534,leptosol,0.023931624,8,41,328,23.566222,1,0,5.8112238,-0.050553892,,,,,0.25912172,,,,,,,,,,,,,0,0,,,,,,,,,,,,,,,,,,,,,0.44444444,solar,10,organized,6.0714286,,0.9,true,,,,,,,1,1,0,,,,,,7.2808521,0.13307035,2.8450377,0.10426737,8,0.16386678,0.76447402,62,2,1,1745504.7,0,4,0.11147481,true,,,,,,,,,,,,,,,,,,,,,,,,,,,,,,,,,,,,,,,,,,,,,,,,,,,0,,-0.067906028,7,0,false,
380,goblin-twin-solo,orange dwarf (K),false,16.560497,278.34841,403.39139,11.3261,4.9115511,0,false,-0,,3,orange-giant,7,7,1,0,,0.044895369,0.054489251,0,0,0,17,0.67372199,0.53617658,5,0.0527318,0.011522875,shale,0.11560045,aquifer+aquitard+spring+runoff+karst,0.12787131,25.581385,0.3993266,25.430362,0.11799476,0.40254396,salt,0.071832411,0.0035914703,1,numinous,0,ice,-26.541777,leptosol,0.01399177,5,37.6,188,13.054275,1,0,1.4489784,-0.017840619,,,,,0.25117845,,,,,,,,,,,,,0,0,,,,,,,,,,,,,,,,,,,,,0.22222222,solar,4,organized,7.6923077,,1,true,,,,,,,1,1,0,,,,,,6.7385782,0.12228482,2.9079274,0.0840291,10,0.27407407,0.75373732,43,2,2,1255601.5,0,5,0.062696401,true,,,,,,,,,,,,,,,,,,,,,,,,,,,,,,,,,,,,,,,,,,,,,,,,,,,0,,-0.14720134,7,0,false,
381,goblin-twin-solo,yellow dwarf (G),false,21.220397,284.87066,322.1851,2.8295956,0.67940984,1,false,0.53299493,13.570578,4,orange-giant,0,0,0,0,270.92567,0.05852223,0.026232007,1740,1740,0,38,0.60475563,0.54033354,3,0.19183634,0.015184805,gneiss,0.12365658,aquifer+aquitard+spring+runoff+karst,0.1586782,26.328117,0.49752934,24.54344,0.11933292,0.42853613,salt,0.074423238,0.0010500309,1,numinous,0,ice,-6.8740917,leptosol,0.046386658,6,41.666667,250,35.0646,1,0,9.6856016,-0.013260223,,,,,0.25293391,,,,,,,,,,,,,0,0,,,,,,,,,,,,,,,,,,,,,0.25,solar,6,organized,8.2777778,,1,true,,,,,,,1,1,0,,,,,,6.5384746,0.11059312,3.3583652,0.082686392,7,0.28585547,0.62780009,48,2,2,1360117.6,1,5,0.067547042,true,,,,,,,,,,,,,,,,,,,,,,,,,,,,,,,,,,,,,,,,,,,,,,,,,,,0,,-0.011791712,7,0,false,
382,goblin-twin-solo,yellow dwarf (G),false,16.73312,537.20991,770.51009,14.190081,1.4391228,2,false,1.4233508,30.156103,2,sun-like,10,5,0,0,524.63071,0.10255948,0.091698424,470,295,4,40,0.59625995,0.58163019,5,0.066134466,0.030686978,shale,0.10394244,aquifer+aquitard+spring+runoff+karst,0.15546015,32.822689,0.29955255,25.611939,0.15485548,0.39049462,salt,0.074828621,0,0,,0,ice,-22.930034,leptosol,0.015116701,10,37,370,13.790343,1,0,5.6235225,-0.076098311,,,,,0.2482767,,,,,,,,,,,,,0,0,,,,,,,,,,,,,,,,,,,,,0.27272727,solar,12,organized,7.5588235,,1,true,,,,,,,1,1,0,,,,,,7.2767082,0.15157079,2.8162088,0.10263171,7,0.34901439,0.67411747,47,2,1,1549339.7,1,6,0.071249123,true,,,,,,,,,,,,,,,,,,,,,,,,,,,,,,,,,,,,,,,,,,,,,,,,,,,0,,-0.19438735,7,0,false,
383,goblin-twin-solo,yellow-white dwarf (F),false,29.747173,811.33244,654.5825,3.9937444,0.45801865,2,false,3.9270134,60.307702,3,blue-giant,11,4,3,0,801.65854,0.18125402,0.022317793,375,239,2,12,0.69400908,0.49138344,3,0.09372101,0.019261755,sandstone,0.13970002,aquifer+aquitard+spring+runoff+karst,0.23033349,31.517823,0.23767353,25.402148,0.047391096,0.30556885,salt,0.055574794,0.00063826392,1,numinous,0,ice,-14.823884,leptosol,0.026966651,5,39.2,196,28.027904,1,0,13.944184,-0.029631275,,,,,0.18094782,,,,,,,,,,,,,0,0,,,,,,,,,,,,,,,,,,,,,0.375,solar,11,organized,7.7407407,,0.90909091,true,,,,,,,1,1,0,,,,,,7.3274644,0.14972775,3.5517967,0.06889312,10,0.16116164,0.61046824,115,1,2,1196440.4,0,4,0.07819565,true,,,,,,,,,,,,,,,,,,,,,,,,,,,,,,,,,,,,,,,,,,,,,,,,,,,0,,-0.13363201,7,0,false,
384,goblin-twin-solo,orange dwarf (K),false,28.456884,285.33308,240.64454,22.277349,0.24922844,2,false,6.1897768,13.044524,5,blue-giant,13,6,4,0,270.96043,0.050842413,0.0093199578,304,192,1,40,0.64882086,0.5105318,3,0.10412089,0.042624872,gneiss,0.14494265,aquifer+aquitard+spring+runoff+karst,0.13479319,36.693762,0.40437956,24.689066,0.16468544,0.43524505,salt,0.066182407,0.0021550226,1,numinous,0,ice,-16.081209,leptosol,0.030100799,11,40.181818,442,22.477531,1,0,6.2291989,-0.02377794,,,,,0.28418491,,,,,,,,,,,,,0,0,,,,,,,,,,,,,,,,,,,,,0.41666667,solar,13,organized,9.1081081,,1,true,,,,,,,1,1,0,,,,,,6.905044,0.11444619,3.2273718,0.079805674,9,0.39909628,0.81033763,45,2,1,1405049.8,1,4,0.10753674,true,,,,,,,,,,,,,,,,,,,,,,,,,,,,,,,,,,,,,,,,,,,,,,,,,,,0,,-0.14079242,7,0,false,
385,goblin-twin-solo,yellow dwarf (G),true,,429.88715,,18.775081,0.79613817,2,false,5.2198731,30.207695,5,sun-like,0,0,0,0,419.86915,0.10559734,,666,422,5,39,0.7224989,0.49151051,locked,0.090132318,0.038914116,gneiss,0.13284068,aquifer+aquitard+spring+runoff+karst,0.082783496,45.766696,0.35347937,25.368873,0.12879388,0.35779009,salt,0.083456685,0.0014955573,1,numinous,0,ice,-9.1423226,leptosol,0.030175068,5,40.4,202,0.91839623,1,0,33.502402,-0.018675867,,,,,0.19591801,,,,,,,,,,,,,0,0,,,,,,,,,,,,,,,,,,,,,0.2,solar,5,organized,8.1333333,,0.8,true,,,,,,,1,1,0,,,,,,7.1422155,0.14811156,3.1481901,0.066940091,9,0.2834521,0.80552958,81,1,1,1309925.2,0,8,0.10857722,true,,,,,,,,,,,,,,,,,,,,,,,,,,,,,,,,,,,,,,,,,,,,,,,,,,,0,,0.25870577,7,0,false,
386,goblin-twin-solo,orange dwarf (K),false,32.485714,148.5428,109.74138,27.468684,1.1497717,1,false,2.330872,10.88607,2,orange-giant,5,4,2,0,139.81722,0.034192039,0.039133731,357,224,0,27,0.50615204,0.60556627,3,0.2407109,0.010351057,evaporite,0.096297395,aquifer+aquitard+spring+runoff+karst,0.13851401,23.746504,0.3513273,25.477364,0.14232043,0.39863562,salt,0.058069589,0.0012852835,1,numinous,0,alpine,8.8815005,leptosol,0.072074744,11,40.727273,448,7.4099498,1,0,6.5991666,-0.042603344,,,,,0.27193633,,,,,,,,,,,,,0,0,,,,,,,,,,,,,,,,,,,,,0.27777778,solar,7,organized,9.8,,0.85714286,true,,,,,,,1,1,0,,,,,,6.8193402,0.15381011,2.7558912,0.11674235,4,0.38509071,0.54046298,49,2,2,1569038.7,1,5,0.072720549,true,,,,,,,,,,,,,,,,,,,,,,,,,,,,,,,,,,,,,,,,,,,,,,,,,,,0,,0.0997924,7,0,false,
387,goblin-twin-solo,yellow-white dwarf (F),false,31.192113,761.48653,585.90697,8.2529615,0.44823881,3,false,2.8669381,47.015591,3,orange-giant,4,7,1,0,768.98117,0.1476295,0.033641657,168,112,0,11,0.56405937,0.5753486,3,0.073580392,0.0019774425,evaporite,0.12079297,aquifer+aquitard+spring+runoff+karst,0.17354539,20.964504,0.30072241,25.083897,0.10259282,0.374643,salt,0.039512122,0.00050400403,1,numinous,0,ice,-25.443992,leptosol,0.020552164,11,36.363636,400,13.374194,1,0,4.1601958,-0.074656165,,,,,0.23072185,,,,,,,,,,,,,0,0,,,,,,,,,,,,,,,,,,,,,0.48,solar,14,organized,9.1794872,,1,true,,,,,,,1,1,0,,,,,,6.8283558,0.12303534,2.6164771,0.12938821,6,0.35134681,0.77081641,38,2,2,1474274,0,4,0.096815022,true,,,,,,,,,,,,,,,,,,,,,,,,,,,,,,,,,,,,,,,,,,,,,,,,,,,0,,-0.47626375,7,0,false,
388,goblin-twin-solo,yellow dwarf (G),false,24.92476,352.24595,339.1769,3.355313,0.97057946,2,false,2.3362185,20.853016,2,red-dwarf,8,4,2,0,340.66332,0.079259824,0.07458605,298,190,0,25,0.67904399,0.45052103,3,0.16788731,0.016478688,andesite,0.15805887,aquifer+aquitard+spring+runoff+karst,0.22925382,39.203825,0.39644025,24.469886,0.10283715,0.30562105,salt,0.065049589,0.00083669278,1,numinous,0,tundra,-1.8876375,leptosol,0.074313532,2,41.5,83,39.197125,1,0,16.653421,-0.034765418,,,,,0.19038564,,,,,,,,,,,,,0,0,,,,,,,,,,,,,,,,,,,,,0.30769231,solar,11,organized,7.875,,1,true,,,,,,,1,1,0,,,,,,7.4338444,0.16754871,3.7254996,0.071627362,10,0.27915114,0.697339,123,1,2,1208220.3,0,5,0.072881971,true,,,,,,,,,,,,,,,,,,,,,,,,,,,,,,,,,,,,,,,,,,,,,,,,,,,0,,-0.029913251,7,0,false,
389,goblin-twin-solo,yellow-white dwarf (F),false,32.638656,705.59753,518.84308,31.890049,2.4989569,2,false,0.97693437,31.669868,3,red-dwarf,3,5,0,0,689.77521,0.16174001,0.19339273,706,431,0,16,0.64855232,0.53021673,3,0.1111518,0.003954885,andesite,0.094053904,aquifer+aquitard+spring+runoff+karst,0.21957488,24.15406,0.33009169,25.584844,0.092942484,0.28737149,salt,0.052473747,0,0,,0,ice,-17.252716,leptosol,0.023617672,5,41.8,209,32.824245,1,0,11.736447,-0.0097247009,,,,,0.17067241,,,,,,,,,,,,,0,0,,,,,,,,,,,,,,,,,,,,,0.53333333,solar,10,organized,5.04,,1,true,,,,,,,1,1,0,,,,,,7.0252636,0.13604224,3.406996,0.078462966,9,0.24805502,0.5523473,57,2,2,1294036.8,2,5,0.078960188,true,,,,,,,,,,,,,,,,,,,,,,,,,,,,,,,,,,,,,,,,,,,,,,,,,,,0,,0.023245025,7,0,false,
390,goblin-twin-solo,yellow-white dwarf (F),false,29.13424,459.01535,378.12444,14.313202,1.626039,1,false,0.21469397,9.0510395,2,orange-giant,1,4,0,0,427.52607,0.13999612,0.02067455,70,45,0,32,0.50280748,0.58632034,3,0.21768957,0.022899272,evaporite,0.11695964,aquifer+aquitard+spring+runoff+karst,0.11047825,28.022196,0.29868408,25.251644,0.13704213,0.38687027,salt,0.060024992,0.0010311303,1,numinous,0,alpine,13.747413,leptosol,0.044240401,28,38.428571,1076,9.3073306,1,0,11.988451,-0.14658196,,,,,0.26951782,,,,,,,,,,,,,0,0,,,,,,,,,,,,,,,,,,,,,0.47222222,solar,8,organized,8.3181818,,0.875,true,,,,,,,1,1,0,,,,,,6.555307,0.11022431,2.9872767,0.10661101,7,0.4863989,0.76360712,26,2,2,1749634.5,1,5,0.083912524,true,,,,,,,,,,,,,,,,,,,,,,,,,,,,,,,,,,,,,,,,,,,,,,,,,,,0,,-0.12377089,7,0,false,
391,goblin-twin-solo,yellow-white dwarf (F),false,27.476295,718.22586,627.35608,25.871297,1.1597321,1,false,0.89098845,38.81585,4,blue-giant,4,4,1,0,705.12506,0.18910433,0.056990911,193,125,0,36,0.65883014,0.54404293,3,0.17040184,0.017089009,gneiss,0.1132737,aquifer+aquitard+spring+runoff+karst,0.074347048,35.95656,0.26991055,25.496913,0.10318426,0.40257603,salt,0.073279502,0.00093023256,1,numinous,0,alpine,-0.85810047,leptosol,0.054525939,12,41.166667,494,20.99631,1,0,18.48176,-0.022974172,,,,,0.25309481,,,,,,,,,,,,,0,0,,,,,,,,,,,,,,,,,,,,,0.25,solar,8,organized,9.2142857,,1,true,,,,,,,1,1,0,,,,,,6.650181,0.15038575,3.4852849,0.067208632,8,0.44550984,0.74193697,77,1,2,1355738.6,2,6,0.087673929,true,,,,,,,,,,,,,,,,,,,,,,,,,,,,,,,,,,,,,,,,,,,,,,,,,,,0,,-0.020498923,7,0,false,
392,goblin-twin-solo,orange dwarf (K),false,32.192664,235.96011,175.91097,20.547794,2.2392365,1,false,0.225431,6.7914759,5,sun-like,3,4,0,0,254.88672,0.040388555,0.043496349,22,14,0,10,0.70050291,0.48695794,3,0.10343733,0.014501245,andesite,0.17761656,aquifer+aquitard+spring+runoff+karst,0.25994457,21.670693,0.73793609,24.143974,0.094310401,0.27486143,salt,0.051289352,0.00048907727,1,numinous,0,taiga,-16.616297,leptosol,0.03170851,12,6.5833333,79,23.643592,1,0,10.003172,-0.25718426,,,,,0.14378872,,,,,,,,,,,,,0,0,,,,,,,,,,,,,,,,,,,,,0.57894737,solar,7,organized,6.4230769,,1,true,,,,,,,0.98058252,1,0.019417476,,,,,,6.7600405,0.12049707,3.2648992,0.078121185,9,0.24633192,0.73415361,34,2,2,1147684.5,0,3,0.058905262,true,,,,,,,,,,,,,,,,,,,,,,,,,,,,,,,,,,,,,,,,,,,,,,,,,,,0,,-0.071802596,7,0,false,
393,goblin-twin-solo,yellow dwarf (G),false,28.974808,333.74175,276.4402,28.247224,0.73494112,1,false,0.71575725,9.9999609,2,sun-like,12,5,4,0,312.66698,0.067577169,0.054792637,120,74,0,30,0.50676237,0.60874084,3,0.16725258,0.028514233,shale,0.11279945,aquifer+aquitard+spring+runoff+karst,0.16298753,34.704243,0.43328054,25.437338,0.12368838,0.3805682,salt,0.062607456,0,0,,0,ice,-15.057587,leptosol,0.034003168,25,40.92,1023,27.395051,1,0,7.2802467,-0.023555841,,,,,0.22584637,,,,,,,,,,,,,0,0,,,,,,,,,,,,,,,,,,,,,0.5625,solar,7,organized,6.6410256,,1,true,,,,,,,1,1,0,,,,,,7.2420987,0.15745771,2.7294962,0.12606806,6,0.60290042,0.75981153,60,2,1,1826872.3,0,5,0.079828743,true,,,,,,,,,,,,,,,,,,,,,,,,,,,,,,,,,,,,,,,,,,,,,,,,,,,0,,-0.080866401,7,0,false,
394,goblin-twin-solo,yellow-white dwarf (F),false,28.674576,674.57893,564.60798,19.354254,2.9495235,1,false,0.42600415,37.426278,2,red-dwarf,11,5,3,0,661.8477,0.12491547,0.22772838,185,119,0,35,0.5134759,0.57880476,3,0.060202139,0.011254333,evaporite,0.085202469,aquifer+aquitard+spring+runoff+karst,0.12057805,25.232342,0.23137137,26.008277,0.14757389,0.42942446,salt,0.057238477,0,0,,0,ice,-32.075388,leptosol,0.01048723,5,31.8,159,12.044249,1,0,7.3053968,-0.07447307,,,,,0.31732651,,,,,,,,,,,,,0,0,,,,,,,,,,,,,,,,,,,,,0.54545455,solar,6,folk,10.647059,,1,true,,,,,,,1,1,0,,,,,,7.1317492,0.14425945,2.8573537,0.11815829,9,0.42907321,0.7984864,47,2,1.5,1589804.9,0,5,0.066517205,true,,,,,,,,,,,,,,,,,,,,,,,,,,,,,,,,,,,,,,,,,,,,,,,,,,,0,,-0.42872862,7,0,false,
395,goblin-twin-solo,orange dwarf (K),false,38.125665,262.59126,165.30047,20.855525,0.5585551,3,false,3.7484799,38.934266,4,sun-like,10,4,0,0,257.75051,0.044127803,0.030462258,6250,5933,403,12,0.67447879,0.56637168,3,0.053610664,0.019188516,evaporite,0.10859457,aquifer+aquitard+spring+runoff+karst,0.15524224,28.309646,0.22026399,25.772685,0.071171441,0.36365682,salt,0.040471666,0.000899955,1,numinous,0,ice,-24.195313,leptosol,0.01139943,28,37.785714,1058,15.186712,1,0,5.7250827,-0.043395194,,,,,0.25183741,,,,,,,,,,,,,0,0,,,,,,,,,,,,,,,,,,,,,0.41860465,solar,15,organized,8.1896552,,1,true,,,,,,,1,1,0,,,,,,6.2957168,0.12880453,3.2717073,0.070553196,8,0.27291135,0.75171297,54,2,2,1257778.5,1,5,0.075813534,true,,,,,,,,,,,,,,,,,,,,,,,,,,,,,,,,,,,,,,,,,,,,,,,,,,,0,,-0.20891197,7,0,false,
396,goblin-twin-solo,yellow dwarf (G),false,33.570485,399.71693,285.76311,6.0391025,4.8169561,0,false,-0,,5,orange-giant,1,3,0,0,,0.064333366,0.16094824,0,0,0,24,0.51440359,0.58523956,3,0.041282164,0.027855085,evaporite,0.13523704,aquifer+aquitard+spring+runoff+karst,0.20004022,22.645267,0.4771002,24.416286,0.098587301,0.44975114,salt,0.055036058,0.0015082198,1,numinous,0,ice,-29.588551,leptosol,0.0020109597,2,2,4,7.0361664,1,0,8.391881,0,,,,,0.33663466,,,,,,,,,,,,,0,0,,,,,,,,,,,,,,,,,,,,,0,solar,2,organized,7.6666667,,0.5,true,,,,,,,1,1,0,,,,,,6.4229737,0.14478156,2.8192417,0.11913481,4,0.49917048,0.68151173,48,2,2,1405114.1,0,5,0.079633121,true,,,,,,,,,,,,,,,,,,,,,,,,,,,,,,,,,,,,,,,,,,,,,,,,,,,0,,-0.38296203,7,0,false,
397,goblin-twin-solo,yellow-white dwarf (F),false,35.389288,632.72033,429.09278,32.910204,1.5450573,0,false,-0,,5,sun-like,9,4,2,0,,0.20486883,0.018190067,0,0,0,21,0.55954299,0.56274249,3,0.17255017,0.019359406,evaporite,0.090732735,aquifer+aquitard+spring+runoff+karst,0.19027824,29.654067,0.57837269,24.564117,0.10514355,0.47212061,salt,0.060646511,0.00022170491,1,numinous,0,alpine,14.590814,leptosol,0.043232458,12,41.166667,494,5.2297719,1,0,6.9046585,-0.02217626,,,,,0.34125928,,,,,,,,,,,,,0,0,,,,,,,,,,,,,,,,,,,,,0.53333333,solar,3,organized,6.3333333,,0.66666667,true,,,,,,,1,1,0,,,,,,7.4578271,0.13250954,2.5076185,0.13763976,6,0.55099213,0.5911286,60,2,1,1464355.9,0,5,0.13861704,true,,,,,,,,,,,,,,,,,,,,,,,,,,,,,,,,,,,,,,,,,,,,,,,,,,,0,,-0.13937948,7,0,false,
398,goblin-twin-solo,yellow-white dwarf (F),false,28.616045,531.79642,446.01251,24.857357,2.010996,1,false,0.072110419,6.6513808,3,blue-giant,14,5,3,0,507.11015,0.14956765,0.14259063,8,6,0,32,0.49880377,0.58139308,3,0.21710366,0.013378253,evaporite,0.099853872,aquifer+aquitard+spring+runoff+karst,0.10720896,20.554001,0.36833902,24.968859,0.10287384,0.42547491,salt,0.057232669,0.0011690209,1,numinous,0,alpine,3.269133,leptosol,0.05523624,11,38,418,27.127365,1,0,16.070883,-0.061421961,,,,,0.27433025,,,,,,,,,,,,,0,0,,,,,,,,,,,,,,,,,,,,,0.4,solar,9,organized,9.8275862,,0.88888889,true,,,,,,,1,1,0,,,,,,6.5513889,0.12286217,2.9923706,0.10980909,2,0.96171456,0.72607539,33,2,2,1526317.4,0,4,0.041465389,true,,,,,,,,,,,,,,,,,,,,,,,,,,,,,,,,,,,,,,,,,,,,,,,,,,,0,,0.011335046,7,0,false,
399,goblin-twin-solo,yellow-white dwarf (F),false,35.107693,736.21255,503.28289,12.973035,0.085372005,2,false,2.2652984,31.358784,5,blue-giant,6,5,1,0,719.60768,0.14659278,0.0011256191,324,204,1,10,0.55414775,0.61134534,3,0.072286509,0.0074215126,evaporite,0.10808739,aquifer+aquitard+spring+runoff+karst,0.034769753,26.473257,0.019000164,26.90087,0.12736133,0.41384219,salt,0.046836889,0.000054755517,1,numinous,0,ice,-26.73585,leptosol,0.017357499,10,24.8,248,12.712903,1,0,8.4000321,-0.57146811,,,,,0.29025899,,,,,,,,,,,,,0,0,,,,,,,,,,,,,,,,,,,,,0.31578947,solar,9,organized,8.3571429,,1,true,,,,,,,1,1,0,,,,,,6.6659109,0.13755752,2.7163156,0.11144475,6,0.57580901,0.56488453,41,2,2,1561253,1,5,0.10383591,true,,,,,,,,,,,,,,,,,,,,,,,,,,,,,,,,,,,,,,,,,,,,,,,,,,,0,,-0.32823143,7,0,false,
400,goblin-twin-solo,yellow-white dwarf (F),false,31.904719,612.78128,460.95848,4.0252596,1.8557331,1,false,0.36989141,14.30964,4,blue-giant,1,4,0,0,584.36571,0.18740643,0.063645526,111,71,0,26,0.64620868,0.55803202,3,0.17272106,0.027537718,shale,0.10150428,aquifer+aquitard+spring+runoff+karst,0.08942865,28.422308,0.14539056,26.254975,0.12337842,0.42478609,salt,0.056793076,0,0,,0,alpine,11.663304,leptosol,0.04326525,19,40.894737,777,7.2175291,1,0,19.240293,-0.027474808,,,,,0.28677891,,,,,,,,,,,,,0,0,,,,,,,,,,,,,,,,,,,,,0.42857143,solar,9,organized,9.4324324,,0.77777778,true,,,,,,,1,1,0,,,,,,8.2479907,0.17358589,2.6858675,0.11168888,14,0.2807066,0.76432566,73,2,1,1356040.2,0,5,0.10544822,true,,,,,,,,,,,,,,,,,,,,,,,,,,,,,,,,,,,,,,,,,,,,,,,,,,,0,,-0.032589221,7,0,false,
401,goblin-twin-solo,yellow dwarf (G),false,19.049797,262.2312,330.37355,19.99117,0.45439177,2,false,4.606824,24.293789,3,red-dwarf,10,5,3,0,254.77169,0.068555067,0.019989888,851,538,11,40,0.63873834,0.56521152,5,0.13661442,0.032249402,shale,0.078321395,aquifer+aquitard+spring+runoff+karst,0.10393296,33.050468,0.29598594,26.040809,0.097175294,0.35018246,salt,0.068585495,0,0,,0,alpine,7.2856726,leptosol,0.037032031,25,39.36,984,4.7037505,1,0,13.469175,-0.04948261,,,,,0.19962157,,,,,,,,,,,,,0,0,,,,,,,,,,,,,,,,,,,,,0.45945946,solar,12,organized,16.816327,,0.91666667,true,,,,,,,1,1,0,,,,,,7.887431,0.16456851,2.5355608,0.11332454,11,0.19962157,0.72149675,75,2,1,1527751.1,0,4,0.060510037,true,,,,,,,,,,,,,,,,,,,,,,,,,,,,,,,,,,,,,,,,,,,,,,,,,,,0,,-0.16558425,7,0,false,
402,goblin-twin-solo,orange dwarf (K),false,22.901916,164.82999,172.73313,6.4200378,0.13855261,1,false,0.22441414,7.6449228,3,orange-giant,4,4,1,0,151.76437,0.034245419,0.0050723003,235,151,0,39,0.72821151,0.48432588,3,0.17062155,0.015331283,gneiss,0.14434564,aquifer+aquitard+spring+runoff+karst,0.14012396,32.80402,0.46195994,25.045039,0.1336567,0.23919878,salt,0.06539543,0.00053893829,1,numinous,0,temperate-forest,3.7163487,leptosol,0.15063325,10,41.8,418,24.660473,1,0,12.532304,-0.0073695499,,,,,0.12620138,,,,,,,,,,,,,0,0,,,,,,,,,,,,,,,,,,,,,0.11111111,solar,8,organized,8,,1,true,,,,,,,1,1,0,,,,,,6.6467514,0.16442242,3.7776071,0.055588106,9,0.2233001,0.72637053,100,1,2,976527.87,0,5,0.04298461,true,,,,,,,,,,,,,,,,,,,,,,,,,,,,,,,,,,,,,,,,,,,,,,,,,,,0,,-0.027002684,7,0,false,
403,goblin-twin-solo,yellow dwarf (G),false,21.69364,416.45085,460.72584,32.54844,3.0628619,0,false,-0,,2,red-dwarf,3,6,1,0,,0.072563814,0.22907525,0,0,0,19,0.66136907,0.5963521,3,0.040110346,0.020995069,sandstone,0.094802105,aquifer+aquitard+spring+runoff+karst,0.097109076,29.740036,0.034316199,26.015289,0.14440199,0.3743782,salt,0.059154202,0.0006488357,1,numinous,0,ice,-25.966099,leptosol,0.010525557,6,5.1666667,31,10.484977,1,0,8.1199903,-0.631646,,,,,0.26140869,,,,,,,,,,,,,0,0,,,,,,,,,,,,,,,,,,,,,0,solar,4,organized,13.857143,,1,true,,,,,,,1,1,0,,,,,,5.7659098,0.097899325,3.5929353,0.067989844,8,0.23300411,0.76307438,36,2,2,1285302.2,1,7,0.12732733,true,,,,,,,,,,,,,,,,,,,,,,,,,,,,,,,,,,,,,,,,,,,,,,,,,,,0,,-0.32930368,7,0,false,
404,goblin-twin-solo,yellow-white dwarf (F),false,35.075603,506.68481,346.69213,0.38670372,1.4055308,1,false,0.3191096,6.4796278,2,red-dwarf,0,0,0,0,535.3073,0.14672197,0.048557606,8,6,0,39,0.57021142,0.55211588,3,0.19930667,0.019261755,shale,0.11758023,aquifer+aquitard+spring+runoff+karst,0.11280886,33.305987,0.35955694,25.332196,0.14291394,0.41357569,salt,0.057706492,0.00022720818,1,numinous,0,alpine,9.0733003,leptosol,0.05333712,5,41.6,208,8.4536829,1,0,12.239795,-0.016120866,,,,,0.27872763,,,,,,,,,,,,,0,0,,,,,,,,,,,,,,,,,,,,,0.18181818,solar,6,organized,9.5294118,,0.83333333,true,,,,,,,1,1,0,,,,,,7.5706342,0.13940959,2.653445,0.12418827,10,0.27100256,0.70221556,69,2,1,1592705,0,3,0.062928173,true,,,,,,,,,,,,,,,,,,,,,,,,,,,,,,,,,,,,,,,,,,,,,,,,,,,0,,-0.0068997463,7,0,false,
405,goblin-twin-solo,yellow-white dwarf (F),false,20.60009,811.74521,945.71843,12.099617,0.41753232,2,false,5.7247001,46.739005,4,blue-giant,8,5,1,0,799.29039,0.2039679,0.028544859,425,269,2,25,0.7403203,0.46347654,3,0.14635516,0.012719106,shale,0.13716273,aquifer+aquitard+spring+runoff+karst,0.080755852,27.450584,0.40387327,25.212686,0.10660901,0.3532951,salt,0.069651328,0.00065808029,1,numinous,0,ice,-6.1542165,leptosol,0.054244618,4,41.5,166,39.6301,1,0,9.6225915,-0.019911786,,,,,0.17993795,,,,,,,,,,,,,0,0,,,,,,,,,,,,,,,,,,,,,0.46153846,solar,9,organized,8.2272727,,1,true,,,,,,,1,1,0,,,,,,6.2730726,0.11536524,3.1108166,0.068331624,9,0.27103507,0.58220985,39,2,2,1055146.4,1,7,0.048414816,true,,,,,,,,,,,,,,,,,,,,,,,,,,,,,,,,,,,,,,,,,,,,,,,,,,,0,,-0.00019510391,7,0,false,
406,goblin-twin-solo,yellow-white dwarf (F),false,38.481664,704.7904,439.55921,26.334038,3.9935853,1,false,0.14864649,33.070499,4,red-giant,2,3,1,0,689.62127,0.16590823,0.051332715,692,424,0,38,0.70760705,0.48818569,3,0.14398711,0.024998779,andesite,0.1295817,aquifer+aquitard+spring+runoff+karst,0.14978709,31.451248,0.30600317,25.777701,0.091926192,0.3333055,salt,0.069745387,0.00016698672,1,numinous,0,ice,-9.0492524,leptosol,0.052183351,8,21.5,172,34.756265,1,0,14.086608,-0.21527553,,,,,0.22025549,,,,,,,,,,,,,0,0,,,,,,,,,,,,,,,,,,,,,0.28571429,solar,6,organized,8.5,,1,true,,,,,,,0.92307692,1,0.076923077,,,,,,6.3495463,0.13274305,3.4395569,0.063082857,9,0.26901561,0.78700156,53,1,2,1086435.8,1,3,0.058072808,true,,,,,,,,,,,,,,,,,,,,,,,,,,,,,,,,,,,,,,,,,,,,,,,,,,,0,,-0.09267433,7,0,false,
407,goblin-twin-solo,yellow-white dwarf (F),false,38.354717,701.53488,438.97696,33.613556,4.1250341,0,false,-0,,2,red-dwarf,2,3,0,0,,0.18688194,0.28342523,0,0,0,11,0.57763293,0.53835038,3,0.24451931,0.012255261,evaporite,0.11062944,aquifer+aquitard+spring+runoff+karst,0.14415352,21.947865,0.30876828,25.732858,0.069995954,0.39304086,salt,0.04609611,0.0006358014,1,numinous,0,alpine,-1.3618464,leptosol,0.040228889,12,40.583333,487,37.918827,1,0,24.318785,-0.013989424,,,,,0.26449338,,,,,,,,,,,,,0,0,,,,,,,,,,,,,,,,,,,,,0.33333333,solar,3,organized,8.1111111,,1,true,,,,,,,1,1,0,,,,,,7.2510876,0.14770656,2.731169,0.11185977,8,0.25911797,0.5948662,46,2,2,1485851,0,3,0.082716406,true,,,,,,,,,,,,,,,,,,,,,,,,,,,,,,,,,,,,,,,,,,,,,,,,,,,0,,0.044909148,7,0,false,
408,goblin-twin-solo,yellow-white dwarf (F),false,36.396407,957.00541,631.05488,32.631771,2.0714965,2,false,0.43757282,38.330683,4,red-giant,0,0,0,0,941.07618,0.2177009,0.15603847,62,39,0,40,0.6409355,0.4840223,3,0.098676822,0.034983643,gneiss,0.12489801,aquifer+aquitard+spring+runoff+karst,0.14849062,37.724443,0.43534131,24.972604,0.098177862,0.36748708,salt,0.070087739,0.0020397063,1,numinous,0,ice,-16.858208,leptosol,0.033519173,17,38.764706,659,24.607853,1,0,5.7929771,-0.023277503,,,,,0.22878705,,,,,,,,,,,,,0,0,,,,,,,,,,,,,,,,,,,,,0.33333333,solar,10,organized,7.3513514,,1,true,,,,,,,1,1,0,,,,,,7.2361531,0.14779574,3.1617493,0.080342757,9,0.28521893,0.69975709,58,2,2,1405887.9,1,7,0.070361947,true,,,,,,,,,,,,,,,,,,,,,,,,,,,,,,,,,,,,,,,,,,,,,,,,,,,0,,-0.19844295,7,0,false,
409,goblin-twin-solo,orange dwarf (K),false,26.532634,233.34371,211.07022,24.855607,1.8487081,1,false,1.5416535,8.5345572,2,orange-giant,6,6,2,0,249.09444,0.042872576,0.0046030707,37,21,0,38,0.53986622,0.51273345,3,0.1616132,0.030247547,shale,0.10229202,aquifer+aquitard+spring+runoff+karst,0.10176146,31.833549,0.28337224,25.808788,0.18320246,0.39070458,salt,0.055489091,0.00015916808,1,numinous,0,ice,-13.762146,leptosol,0.040800085,20,34.25,685,26.546535,1,0,14.107505,-0.18340917,,,,,0.24209465,,,,,,,,,,,,,0,0,,,,,,,,,,,,,,,,,,,,,0.23076923,solar,6,organized,7.5,,1,true,,,,,,,1,1,0.10526316,,,,,,8.892518,0.1771602,2.3978666,0.14779552,9,0.35600594,0.72406903,92,2,1,1668892,1,4,0.095357162,true,,,,,,,,,,,,,,,,,,,,,,,,,,,,,,,,,,,,,,,,,,,,,,,,,,,0,,-0.25865783,7,0,false,
410,goblin-twin-solo,yellow-white dwarf (F),false,27.641497,624.57635,542.29451,21.18744,2.0039658,1,false,1.0429471,102.71216,5,blue-giant,6,4,1,0,620.12402,0.13125106,0.019423535,818,513,0,35,0.50290513,0.59728907,3,0.10836873,0.023118988,shale,0.094931736,aquifer+aquitard+spring+runoff+karst,0.12601906,33.171048,0.40379138,25.090292,0.13259994,0.45187113,salt,0.061700708,0.000098222179,1,numinous,0,ice,-18.634387,leptosol,0.0256851,5,40.6,203,18.199077,1,0,3.9876582,-0.016518952,,,,,0.29108143,,,,,,,,,,,,,0,0,,,,,,,,,,,,,,,,,,,,,0.15384615,solar,8,organized,6.7142857,,0.75,true,,,,,,,1,1,0,,,,,,7.4988705,0.15992619,2.5534187,0.14452419,7,0.3175523,0.70135387,56,2,1,1641844.9,2,6,0.093076013,true,,,,,,,,,,,,,,,,,,,,,,,,,,,,,,,,,,,,,,,,,,,,,,,,,,,0,,-0.27909684,7,0,false,
411,goblin-twin-solo,orange dwarf (K),false,18.737573,177.92231,227.89159,11.907905,0.45650536,2,false,1.0070557,16.128573,3,blue-giant,7,6,5,0,170.48488,0.031583659,0.035217094,715,455,1,39,0.65343489,0.49760496,5,0.13146331,0.017137835,gneiss,0.11961116,aquifer+aquitard+spring+runoff+karst,0.10587489,29.812276,0.28817977,25.614192,0.16877994,0.29783037,salt,0.063386462,0,0,,0,ice,-12.330761,leptosol,0.044801352,8,36.875,295,24.022717,1,0,7.1137374,-0.086128625,,,,,0.17089321,,,,,,,,,,,,,0,0,,,,,,,,,,,,,,,,,,,,,0.35294118,solar,9,organized,5.9615385,,1,true,,,,,,,1,1,0,,,,,,7.5265126,0.140303,3.5170273,0.080489234,10,0.28747535,0.78806874,84,1,2,1314720,0,5,0.058127441,true,,,,,,,,,,,,,,,,,,,,,,,,,,,,,,,,,,,,,,,,,,,,,,,,,,,0,,0.025776107,7,0,false,
412,goblin-twin-solo,yellow dwarf (G),false,35.059879,496.40739,339.81228,21.550617,3.2617511,0,false,-0,,3,orange-giant,0,0,0,0,,0.10242695,0.21902251,0,0,0,19,0.69818368,0.53741001,3,0.099018603,0.0092036522,conglomerate,0.11073364,aquifer+aquitard+spring+runoff+karst,0.1919437,24.762709,0.2117609,25.324305,0.14640459,0.28277926,salt,0.05412272,0,0,,0,ice,-17.009303,leptosol,0.029604465,13,40.076923,521,29.713932,1,0,9.1530962,-0.02663948,,,,,0.16371431,,,,,,,,,,,,,0,0,,,,,,,,,,,,,,,,,,,,,0,solar,2,organized,11.235294,,1,true,,,,,,,1,1,0,,,,,,6.4512663,0.11062141,3.4779817,0.067452761,11,0.32022972,0.71293291,53,2,2,1203249.3,0,6,0.10858928,true,,,,,,,,,,,,,,,,,,,,,,,,,,,,,,,,,,,,,,,,,,,,,,,,,,,0,,-0.089377727,7,0,false,
413,goblin-twin-solo,yellow-white dwarf (F),false,37.209609,1014.7465,654.50612,33.894744,4.6813227,0,false,-0,,5,blue-giant,2,3,0,0,,0.22556523,0.050834867,0,0,0,19,0.63727357,0.5140665,3,0.099140667,0.015917192,shale,0.13090591,aquifer+aquitard+spring+runoff+karst,0.13205007,28.68344,0.37589178,25.464729,0.11912774,0.43323462,salt,0.057548101,0.0032305829,1,numinous,0,ice,-18.511933,leptosol,0.027123435,6,40,240,20.418733,1,0,2.6714531,-0.030801501,,,,,0.30179028,,,,,,,,,,,,,0,0,,,,,,,,,,,,,,,,,,,,,0.625,solar,2,organized,11.4,,1,true,,,,,,,1,1,0,,,,,,7.0631064,0.13102217,2.771713,0.10407207,8,0.23980347,0.74833157,47,2,2,1364541.2,0,6,0.10117034,true,,,,,,,,,,,,,,,,,,,,,,,,,,,,,,,,,,,,,,,,,,,,,,,,,,,0,,-0.21254174,7,0,false,
414,goblin-twin-solo,yellow dwarf (G),false,23.686344,286.627,290.42253,33.575845,0.71850859,2,false,4.6806022,29.751701,4,blue-giant,12,5,4,0,279.89756,0.057666357,0.03101637,2126,1972,66,16,0.56637859,0.51818489,3,0.16107612,0.026439139,shale,0.084281049,aquifer+aquitard+spring+runoff+karst,0.15133431,31.37679,0.37338138,25.406556,0.085801149,0.37090418,salt,0.059015889,0.0010133994,1,numinous,0,ice,-11.456808,leptosol,0.040761176,9,37.444444,337,32.048519,1,0,10.737497,-0.17166799,,,,,0.23752956,,,,,,,,,,,,,0,0,,,,,,,,,,,,,,,,,,,,,0.6,solar,11,organized,9.483871,,1,true,,,,,,,1,1,0,,,,,,8.4922046,0.15433084,2.2356989,0.16334652,10,0.37861727,0.70395122,53,2,1,1506425.7,1,4,0.12447703,true,,,,,,,,,,,,,,,,,,,,,,,,,,,,,,,,,,,,,,,,,,,,,,,,,,,0,,-0.12231932,7,0,false,
415,goblin-twin-solo,orange dwarf (K),false,37.453232,187.30321,120.02374,31.010056,1.0707276,1,false,2.5538429,7.8497579,3,red-dwarf,2,4,1,0,187.54601,0.029328199,0.072948358,31,18,0,8,0.69132367,0.48702942,3,0.070943802,0.014818612,evaporite,0.14568175,aquifer+aquitard+spring+runoff+karst,0.2265106,25.964186,0.51368238,24.732483,0.077032585,0.32924707,salt,0.043338375,0.00094906675,1,numinous,0,ice,-21.539351,leptosol,0.01937678,4,38.25,153,17.002828,1,0,4.5131216,-0.019034985,,,,,0.21891806,,,,,,,,,,,,,0,0,,,,,,,,,,,,,,,,,,,,,0,solar,6,organized,9.5,,1,true,,,,,,,1,1,0,,,,,,6.9935371,0.11236038,3.1427897,0.078829159,10,0.23568491,0.54346712,62,2,2,1200986.9,1,4,0.06021711,true,,,,,,,,,,,,,,,,,,,,,,,,,,,,,,,,,,,,,,,,,,,,,,,,,,,0,,-0.26895063,7,0,false,
416,goblin-twin-solo,orange dwarf (K),false,31.166495,148.71194,114.51677,31.562827,0.45569451,2,false,7.3832973,18.445635,2,blue-giant,0,0,0,0,143.19147,0.031028766,0.015760556,4634,2287,40,14,0.50576144,0.563102,3,0.25372296,0.011376398,shale,0.11183008,aquifer+aquitard+spring+runoff+karst,0.13445295,22.928714,0.29493702,25.585388,0.11429983,0.39688812,salt,0.049333614,0,0,,0,alpine,0.49736534,leptosol,0.058779946,8,40.75,326,21.032771,1,0,10.523895,-0.041090473,,,,,0.25581625,,,,,,,,,,,,,0,0,,,,,,,,,,,,,,,,,,,,,0.3,solar,12,organized,8.96875,,0.91666667,true,,,,,,,1,1,0,,,,,,7.5993182,0.12949331,2.4423514,0.15773156,6,0.47932823,0.66772688,40,2,1,1645195.1,2,3,0.089230341,true,,,,,,,,,,,,,,,,,,,,,,,,,,,,,,,,,,,,,,,,,,,,,,,,,,,0,,0.062685237,7,0,false,
417,goblin-twin-solo,yellow dwarf (G),false,31.687716,485.16953,367.46317,29.502817,2.0042022,1,false,0.40603348,7.0928807,4,red-giant,11,9,3,0,444.55599,0.083753392,0.01065569,48,34,0,34,0.69969728,0.58035932,3,0.035569552,0.024168742,shale,0.090155272,aquifer+aquitard+spring+runoff+karst,0.10080481,42.418534,0.30168279,25.664309,0.11803918,0.36411674,gold,0.079856512,0.0015445899,1,numinous,0,ice,-29.170569,leptosol,0.010812129,2,2.5,5,8.9139411,1,0,8.2151463,-0.5849625,,,,,0.15315828,,,,,,,,,,,,,0,0,,,,,,,,,,,,,,,,,,,,,0,solar,6,organized,7.3571429,,1,true,,,,,,,1,1,0,,,,,,7.1158364,0.12389858,2.7685215,0.085176505,13,0.18665149,0.74166013,55,2,1,1426152.9,1,3,0.093696837,true,,,,,,,,,,,,,,,,,,,,,,,,,,,,,,,,,,,,,,,,,,,,,,,,,,,0,,-0.41648357,7,0,false,
418,goblin-twin-solo,orange dwarf (K),true,,237.031,,0.78662483,1.1413161,0,false,-0,,5,red-giant,5,6,0,0,,0.046102144,,0,0,0,23,0.71519945,0.45439739,locked,0.07611933,0.011620526,sandstone,0.17118121,aquifer+aquitard+spring+runoff+karst,0.12334991,31.673327,0.29393108,25.578271,0.12566432,0.33850506,salt,0.063478041,0.000085719184,1,numinous,0,ice,-33.89751,leptosol,0.047574147,4,41.5,166,0.42057798,1,0,61.447786,-0.019911786,,,,,0.21609806,,,,,,,,,,,,,0,0,,,,,,,,,,,,,,,,,,,,,0.4,solar,1,organized,8.6666667,,0,true,,,,,,,1,1,0,,,,,,7.3171362,0.18982062,3.776853,0.067599238,6,0.37870735,0.79946631,114,1,2,972651.08,1,5,0.087663785,true,,,,,,,,,,,,,,,,,,,,,,,,,,,,,,,,,,,,,,,,,,,,,,,,,,,0,,0.2001834,7,0,false,
419,goblin-twin-solo,yellow dwarf (G),false,23.060998,569.34678,592.52955,0.81085432,0.20574938,1,false,3.7531848,21.257262,3,blue-giant,5,4,1,0,550.86002,0.1041058,0.014489364,276,174,0,35,0.6572433,0.56125356,3,0.055588106,0.03359211,sandstone,0.12286325,aquifer+aquitard+spring+runoff+karst,0.0063390313,39.154208,0.040099715,26.709069,0.12428775,0.32400285,salt,0.059114,0,0,,0,ice,-25.941605,leptosol,0.01025641,8,36.5,292,12.221603,1,0,4.2652456,-0.016805178,,,,,0.19700855,,,,,,,,,,,,,0,0,,,,,,,,,,,,,,,,,,,,,0.15384615,solar,5,organized,8.0555556,,1,true,,,,,,,1,1,0,,,,,,7.1346366,0.18684871,3.4984681,0.069137249,7,0.32094017,0.70395837,99,2,2,1377149.8,1,4,0.056583602,true,,,,,,,,,,,,,,,,,,,,,,,,,,,,,,,,,,,,,,,,,,,,,,,,,,,0,,-0.28128732,7,0,false,
420,goblin-twin-solo,orange dwarf (K),false,39.582221,217.82704,132.07569,20.533226,0.92276891,1,false,2.3056493,10.106046,5,orange-giant,10,4,0,0,208.87198,0.043780573,0.015668844,41,25,0,12,0.56518236,0.50244231,3,0.18541575,0.031956447,evaporite,0.10381225,aquifer+aquitard+spring+runoff+karst,0.14395598,30.568707,0.4529785,25.101901,0.092358655,0.45421369,salt,0.053054456,0.00044916063,1,numinous,0,ice,-9.4768661,leptosol,0.038964685,4,41.25,165,37.375405,1,0,18.030979,-0.017658824,,,,,0.33007692,,,,,,,,,,,,,0,0,,,,,,,,,,,,,,,,,,,,,0.2,solar,6,organized,9.5,,1,true,,,,,,,1,1,0,,,,,,7.7155881,0.15678312,2.2659989,0.1492847,6,0.44579193,0.720672,48,2,1,1408101.1,1,5,0.082199412,true,,,,,,,,,,,,,,,,,,,,,,,,,,,,,,,,,,,,,,,,,,,,,,,,,,,0,,-0.099572625,7,0,false,
421,goblin-twin-solo,yellow-white dwarf (F),false,23.15649,1005.2356,1041.8528,10.53179,4.0220954,1,false,0.06574213,9.7331883,5,blue-giant,14,8,2,0,1027.7393,0.20811412,0.30214232,6,4,0,15,0.70479957,0.55094277,3,0.04269811,0.017186661,evaporite,0.11288455,aquifer+aquitard+spring+runoff+karst,0.12843202,28.104509,0.21038703,26.158253,0.093202117,0.35329143,salt,0.049983351,0.00016539861,1,numinous,0,ice,-24.316115,leptosol,0.0086007278,5,36.8,184,12.149081,1,0,7.5250344,-0.091825265,,,,,0.23999338,,,,,,,,,,,,,0,0,,,,,,,,,,,,,,,,,,,,,0.18181818,solar,6,organized,8.1176471,,0.83333333,true,,,,,,,1,1,0,,,,,,6.1458188,0.11574679,3.4988929,0.059738294,9,0.16862388,0.65455137,68,2,2,1128557,1,4,0.093519779,true,,,,,,,,,,,,,,,,,,,,,,,,,,,,,,,,,,,,,,,,,,,,,,,,,,,0,,-0.25379784,7,0,false,
422,goblin-twin-solo,yellow-white dwarf (F),false,38.152933,728.11525,458.01894,17.582634,0.2287833,2,false,1.2658634,23.491022,4,orange-giant,6,5,2,0,706.7163,0.19943329,0.015049081,137,87,0,13,0.58939993,0.52529877,3,0.22642937,0.019920902,shale,0.1344313,aquifer+aquitard+spring+runoff+karst,0.14269576,23.923012,0.41215292,25.160446,0.14899816,0.37196028,salt,0.048753833,0.00011891313,1,numinous,0,alpine,0.63568383,leptosol,0.047208514,19,40.947368,778,43.162409,1,0,23.769685,-0.025257086,,,,,0.22914561,,,,,,,,,,,,,0,0,,,,,,,,,,,,,,,,,,,,,0.27586207,solar,10,organized,9.3846154,,1,true,,,,,,,1,1,0,,,,,,7.7415644,0.12873145,2.6512349,0.12106342,11,0.22914561,0.77518,35,2,1,1599589.1,1,3,0.1068344,true,,,,,,,,,,,,,,,,,,,,,,,,,,,,,,,,,,,,,,,,,,,,,,,,,,,0,,-0.0080494782,7,0,false,
423,goblin-twin-solo,yellow-white dwarf (F),false,21.662983,442.19012,489.89389,4.2733804,0.28069658,2,false,6.0634503,39.483124,3,blue-giant,7,4,0,0,434.21655,0.12496135,0.010089077,626,399,4,10,0.65182364,0.50287477,3,0.17950784,0.014330355,shale,0.13223952,aquifer+aquitard+spring+runoff+karst,0.20656289,24.020549,0.47209368,24.810313,0.08806619,0.30675922,salt,0.060244393,0.0018931426,1,numinous,0,alpine,12.70541,leptosol,0.07425326,21,41.333333,868,7.1884268,1,0,18.522762,-0.01367788,,,,,0.18167157,,,,,,,,,,,,,0,0,,,,,,,,,,,,,,,,,,,,,0.60606061,solar,12,organized,6.6888889,,0.75,true,,,,,,,1,1,0,,,,,,6.8533045,0.10472989,3.1292977,0.084517358,10,0.24652924,0.25701382,45,2,2,1296478.2,0,6,0.071073648,true,,,,,,,,,,,,,,,,,,,,,,,,,,,,,,,,,,,,,,,,,,,,,,,,,,,0,,-0.018947999,7,0,false,
424,goblin-twin-solo,yellow-white dwarf (F),false,18.954165,675.89258,855.82361,21.920599,2.4385849,0,false,-0,,4,red-giant,15,6,6,0,,0.15146304,0.094395085,0,0,0,13,0.61012646,0.59436443,5,0.10878375,0.019212929,shale,0.11590482,aquifer+aquitard+spring+runoff+karst,0.063494051,25.754862,0.15666875,26.356728,0.07608015,0.39236068,salt,0.064551534,0.00075140889,1,numinous,0,ice,-15.318202,leptosol,0.038196619,2,11.5,23,22.122403,1,0,6.5615095,-0.9068906,,,,,0.25842204,,,,,,,,,,,,,0,0,,,,,,,,,,,,,,,,,,,,,0.5,solar,2,organized,7,,1,true,,,,,,,1,1,0,,,,,,7.0908876,0.15292502,2.606594,0.11688882,9,0.36831559,0.70135172,57,2,1,1466809.8,1,5,0.10540782,true,,,,,,,,,,,,,,,,,,,,,,,,,,,,,,,,,,,,,,,,,,,,,,,,,,,0,,-0.13521057,7,0,false,
425,goblin-twin-solo,orange dwarf (K),false,34.130047,166.08294,116.78832,30.143071,1.3692736,1,false,2.0392294,10.290927,5,sun-like,7,5,1,0,155.73955,0.03389855,0.040895463,2263,2263,0,17,0.61012646,0.56862868,3,0.19923344,0.0038816464,evaporite,0.11189731,aquifer+aquitard+spring+runoff+karst,0.32429555,17.811136,0.66136506,24.204217,0.060801503,0.36174076,salt,0.04903507,0.00031308704,1,numinous,0,alpine,-1.931229,leptosol,0.078584847,7,16.857143,118,35.436383,1,0,12.473398,-0.3941229,,,,,0.22391985,,,,,,,,,,,,,0,0,,,,,,,,,,,,,,,,,,,,,0,solar,10,organized,10.37037,,1,true,,,,,,,1,1,0,,,,,,6.3177508,0.10760749,3.2168799,0.086812167,7,0.26374452,0.84038291,42,2,2,1285527.7,0,6,0.078478371,true,,,,,,,,,,,,,,,,,,,,,,,,,,,,,,,,,,,,,,,,,,,,,,,,,,,0,,0.065007139,7,0,false,
426,goblin-twin-solo,yellow-white dwarf (F),false,18.153745,1112.8666,1471.2556,6.9440052,0.72663617,3,false,4.8380815,192.84848,5,red-dwarf,8,4,0,0,1108.5803,0.22363399,0.023205713,3264,1955,12,18,0.63842098,0.44345419,5,0.040940384,0.0053952444,conglomerate,0.16264938,aquifer+aquitard+spring+runoff+karst,0.15873337,27.272618,0.23502802,25.050833,0.14428465,0.30747417,salt,0.052037518,0.00054013909,1,numinous,0,ice,-26.467919,leptosol,0.0078995341,48,32.0625,1539,10.921089,1,0,9.9640748,-0.067179769,,,,,0.20106677,,,,,,,,,,,,,0,0,,,,,,,,,,,,,,,,,,,,,0.49206349,solar,15,organized,10.589744,,1,true,,,,,,,1,1,0,,,,,,7.3693698,0.18036675,3.7192612,0.074654558,10,0.20113429,0.73177579,152,1,2,1150030.5,0,6,0.077453352,true,,,,,,,,,,,,,,,,,,,,,,,,,,,,,,,,,,,,,,,,,,,,,,,,,,,0,,-0.21399826,7,0,false,
427,goblin-twin-solo,yellow-white dwarf (F),false,33.508712,1145.5962,820.51224,1.4108643,4.3103124,1,false,0.098005893,10.875201,4,orange-giant,6,5,1,0,1132.902,0.22660564,0.17743491,4,3,0,30,0.60578097,0.63617785,3,0.027806259,0.043235194,evaporite,0.086574189,aquifer+aquitard+spring+runoff+karst,0.071402031,35.448286,0.15289819,26.440512,0.11908595,0.39552886,salt,0.061693684,0,0,,0,ice,-32.759693,leptosol,0.0039014119,3,34.333333,103,7.3952606,1,0,7.2524601,-0.079552319,,,,,0.2670919,,,,,,,,,,,,,0,0,,,,,,,,,,,,,,,,,,,,,0.2,solar,7,organized,6.1764706,,0.85714286,true,,,,,,,1,1,0,,,,,,6.3379904,0.1333651,3.0529189,0.085420634,8,0.23941045,0.79961916,49,2,2,1572968.4,3,3,0.074363484,true,,,,,,,,,,,,,,,,,,,,,,,,,,,,,,,,,,,,,,,,,,,,,,,,,,,0,,-0.3094199,7,0,false,
428,goblin-twin-solo,yellow dwarf (G),false,34.837736,345.1377,237.76817,2.2316732,1.0106044,1,false,1.6616435,18.068263,3,sun-like,5,5,1,0,332.17587,0.098375225,0.066920301,270,171,0,15,0.68522045,0.52784241,3,0.13722474,0.015941604,evaporite,0.1500698,aquifer+aquitard+spring+runoff+karst,0.14076315,26.114118,0.333566,25.357711,0.089731658,0.37071506,salt,0.050155287,0,0,,0,alpine,14.100284,leptosol,0.023344191,2,42,84,5.230023,1,0,17.748605,0,,,,,0.24887545,,,,,,,,,,,,,0,0,,,,,,,,,,,,,,,,,,,,,0.2,solar,8,organized,7.6111111,,0.875,true,,,,,,,1,1,0,,,,,,6.5315678,0.11317568,3.0963896,0.077999121,10,0.24453234,0.8024185,45,2,2,1209273.2,0,7,0.069536932,true,,,,,,,,,,,,,,,,,,,,,,,,,,,,,,,,,,,,,,,,,,,,,,,,,,,0,,-0.067398948,7,0,false,
429,goblin-twin-solo,yellow dwarf (G),false,31.670848,388.12264,294.11727,29.239218,0.22243749,0,false,-0,,4,orange-giant,1,3,0,0,,0.09067465,0.0067939937,0,0,0,17,0.51103462,0.57751261,3,0.23245935,0.0072750354,evaporite,0.10964102,aquifer+aquitard+spring+runoff+karst,0.086025263,34.201427,0.17614459,25.97588,0.10484797,0.43152429,salt,0.055520876,0,0,,0,ice,-5.5566996,leptosol,0.035099106,2,42,84,33.22087,1,0,5.8162995,0,,,,,0.30231165,,,,,,,,,,,,,0,0,,,,,,,,,,,,,,,,,,,,,0,solar,5,organized,8.0833333,,1,true,,,,,,,1,1,0,,,,,,7.3902111,0.15485063,2.2894666,0.17015771,4,0.78990464,0.57702835,44,3,2,1593614.2,1,6,0.10891378,true,,,,,,,,,,,,,,,,,,,,,,,,,,,,,,,,,,,,,,,,,,,,,,,,,,,0,,0.0039586729,7,0,false,
430,goblin-twin-solo,yellow dwarf (G),false,34.242916,511.37925,358.41287,10.263715,0.884247,1,false,0.86680261,15.316434,3,orange-giant,11,6,4,0,488.9153,0.092193954,0.04907409,745,414,0,13,0.71810458,0.52385901,3,0.034739515,0.0095698452,shale,0.15242054,aquifer+aquitard+spring+runoff+karst,0.16186022,20.799257,0.37871309,24.854378,0.1208106,0.35368494,salt,0.057814496,0.0012990387,1,numinous,0,ice,-19.667958,leptosol,0.0082272452,25,25.92,648,9.6640616,1,0,9.6913979,-0.43304717,,,,,0.2282844,,,,,,,,,,,,,0,0,,,,,,,,,,,,,,,,,,,,,0.5483871,solar,6,organized,8.2972973,,1,true,,,,,,,1,1,0,,,,,,6.3231252,0.10755384,3.1351773,0.07067526,11,0.36009353,0.68727113,34,2,2,1086764.3,0,6,0.059485715,true,,,,,,,,,,,,,,,,,,,,,,,,,,,,,,,,,,,,,,,,,,,,,,,,,,,0,,-0.16644561,7,0,false,
431,goblin-twin-solo,yellow-white dwarf (F),false,30.779373,729.66861,568.95397,34.984909,0.1350991,2,false,1.200082,19.429155,2,sun-like,9,6,1,0,703.99731,0.14040079,0.0098562542,151,97,0,15,0.53798643,0.54261559,3,0.056076363,0.0078609443,evaporite,0.1192074,aquifer+aquitard+spring+runoff+karst,0.15709379,23.654037,0.44845443,24.909911,0.14858653,0.4281638,salt,0.055901361,0.001321004,1,numinous,0,ice,-24.156483,leptosol,0.0090885073,4,36.75,147,9.9989513,1,0,6.1444123,-0.014954877,,,,,0.29970938,,,,,,,,,,,,,0,0,,,,,,,,,,,,,,,,,,,,,0.375,solar,12,folk,11.571429,,1,true,,,,,,,1,1,0,,,,,,6.476622,0.11724144,3.1697351,0.09245154,5,0.45003963,0.55222238,50,2,2,1521767.6,0,4,0.099075587,true,,,,,,,,,,,,,,,,,,,,,,,,,,,,,,,,,,,,,,,,,,,,,,,,,,,0,,-0.38044118,7,0,false,
432,goblin-twin-solo,yellow dwarf (G),false,31.508218,283.85089,216.21094,30.139092,0.99211494,2,false,0.2987123,16.690396,4,sun-like,1,4,0,0,272.43228,0.059144446,0.015386975,438,221,4,21,0.69496118,0.45914366,3,0.17806748,0.019652361,andesite,0.14597839,aquifer+aquitard+spring+runoff+karst,0.044257703,40.244102,0.13205282,25.677601,0.11796719,0.25242097,salt,0.049312973,0,0,,0,ice,-5.4259107,leptosol,0.065866347,4,41.75,167,39.061704,1,0,7.7028974,-0.013152898,,,,,0.14509804,,,,,,,,,,,,,0,0,,,,,,,,,,,,,,,,,,,,,0.375,solar,12,organized,9,,1,true,,,,,,,1,1,0,,,,,,8.0423622,0.18626395,3.8225535,0.069479029,8,0.21184474,0.6560087,166,1,2,1202569.8,1,4,0.062832868,true,,,,,,,,,,,,,,,,,,,,,,,,,,,,,,,,,,,,,,,,,,,,,,,,,,,0,,-0.0027645386,7,0,false,
433,goblin-twin-solo,orange dwarf (K),true,,137.18413,,0.088949135,0.023867888,1,true,7.4664372,8.9769543,5,orange-giant,3,3,0,1,134.84928,0.031337426,,53,35,0,19,0.49978028,0.59194729,locked,0.12326058,0.022655144,evaporite,0.10605173,aquifer+aquitard+spring+runoff+karst,0.16456808,28.118824,0.3772572,25.001187,0.11791118,0.41317716,salt,0.046927344,0.00063445583,1,numinous,0,ice,-22.967633,leptosol,0.031966813,5,41.2,206,0.52173934,1,0,19.013872,-0.028190643,,,,,0.26798438,,,,,,,,,,,,,0,0,,,,,,,,,,,,,,,,,,,,,0,solar,3,organized,8.5454545,,0.66666667,true,,,,,,,1,1,0,,,,,,7.0680477,0.15640492,2.6986145,0.12980323,3,0.81922889,0.75056728,50,2,1,1609142,0,4,0.078267461,true,,,,,,,,,,,,,,,,,,,,,,,,,,,,,,,,,,,,,,,,,,,,,,,,,,,0,,0.3433793,7,0,false,
434,goblin-twin-solo,orange dwarf (K),false,19.385082,249.74016,309.19465,1.5038952,2.2597085,1,false,0.26749817,6.3547778,5,sun-like,7,6,2,0,276.08084,0.038549433,0.1668164,44,28,0,29,0.69842781,0.48611673,5,0.056027538,0.034178019,evaporite,0.14571359,aquifer+aquitard+spring+runoff+karst,0.21646564,28.668561,0.22035133,25.615658,0.13421841,0.31457945,salt,0.059248025,0,0,,0,ice,-24.8607,leptosol,0.014247551,7,22.142857,155,11.473945,1,0,3.8879415,-0.85884389,,,,,0.20845139,,,,,,,,,,,,,0,0,,,,,,,,,,,,,,,,,,,,,0,solar,7,organized,7.8095238,,1,true,,,,,,,1,1,0,,,,,,6.957122,0.1597834,3.4395802,0.071309995,10,0.20553712,0.72076054,81,1,2,1105390.4,0,4,0.082669576,true,,,,,,,,,,,,,,,,,,,,,,,,,,,,,,,,,,,,,,,,,,,,,,,,,,,0,,-0.27149329,7,0,false,
435,goblin-twin-solo,yellow-white dwarf (F),false,30.642888,857.27257,671.42959,17.745213,0.26705306,2,false,3.4811655,77.175971,3,blue-giant,8,5,1,0,849.20143,0.21388824,0.015720659,581,370,2,24,0.71744544,0.55235874,3,0.1306821,0.03674137,shale,0.12329359,aquifer+aquitard+spring+runoff+karst,0.18394678,34.284686,0.24537757,25.464051,0.12657681,0.32261966,salt,0.057354275,0,0,,0,ice,-8.6085557,leptosol,0.039312252,6,39,234,32.576352,1,0,11.393401,-0.066539427,,,,,0.17487472,,,,,,,,,,,,,0,0,,,,,,,,,,,,,,,,,,,,,0.25,solar,10,organized,8.7307692,,1,true,,,,,,,1,1,0,,,,,,6.8688044,0.13756017,2.86528,0.079854499,11,0.2349231,0.72377244,53,2,1,1241059.1,0,8,0.081772386,true,,,,,,,,,,,,,,,,,,,,,,,,,,,,,,,,,,,,,,,,,,,,,,,,,,,0,,-0.080983645,7,0,false,
436,goblin-twin-solo,yellow-white dwarf (F),false,26.931324,677.99089,604.19538,29.903151,1.2457053,1,false,0.45698973,23.2443,3,red-dwarf,7,3,1,0,657.91557,0.21751597,0.084539542,117,79,0,38,0.6409355,0.50856677,3,0.19698745,0.023826962,gneiss,0.124966,aquifer+aquitard+spring+runoff+karst,0.24660049,32.674196,0.48449823,24.887789,0.10212129,0.31289094,salt,0.067949575,0.00095186293,1,numinous,0,alpine,16.861267,leptosol,0.079888496,7,39.857143,279,5.2722959,1,0,19.363956,-0.093318314,,,,,0.17589067,,,,,,,,,,,,,0,0,,,,,,,,,,,,,,,,,,,,,0.28571429,solar,7,organized,7.8095238,,0.85714286,true,,,,,,,1,1,0,,,,,,6.9149818,0.12086319,3.3908876,0.075679898,9,0.36191188,0.75673346,65,1,2,1401861.1,2,5,0.064882131,true,,,,,,,,,,,,,,,,,,,,,,,,,,,,,,,,,,,,,,,,,,,,,,,,,,,0,,-0.15522427,7,0,false,
437,goblin-twin-solo,yellow-white dwarf (F),false,25.32323,801.67383,759.78349,19.951675,0.38494776,2,false,2.2865044,28.934984,4,sun-like,3,3,0,0,782.1102,0.2044815,0.030327161,417,260,0,30,0.74129681,0.52250637,3,0.12255261,0.018187588,shale,0.12390299,aquifer+aquitard+spring+runoff+karst,0.20552987,35.290674,0.52703595,25.346779,0.063225441,0.33707653,salt,0.066735829,0,0,,0,ice,-8.1769857,leptosol,0.03265075,7,40.428571,283,39.555574,1,0,18.537601,-0.037004685,,,,,0.20317071,,,,,,,,,,,,,0,0,,,,,,,,,,,,,,,,,,,,,0.41176471,solar,10,organized,7.0740741,,1,true,,,,,,,1,1,0,,,,,,6.7544673,0.13615961,3.121109,0.06855134,10,0.18561857,0.71862702,62,1.5,2,1118566,1,4,0.097265177,true,,,,,,,,,,,,,,,,,,,,,,,,,,,,,,,,,,,,,,,,,,,,,,,,,,,0,,-0.075163639,7,0,false,
438,goblin-twin-solo,yellow-white dwarf (F),false,26.350194,765.98465,697.6659,24.797765,0.69666246,3,false,4.8995371,130.41456,3,red-dwarf,3,4,0,0,761.68693,0.14552783,0.0028656722,3084,1562,135,30,0.68321859,0.59324908,3,0.037205215,0.021532152,shale,0.076217633,aquifer+aquitard+spring+runoff+karst,0.061883477,43.705072,0.12006782,26.508876,0.13239827,0.3787762,salt,0.072509254,0,0,,0,ice,-28.961625,leptosol,0.011713933,1,3,3,10.149538,1,0,7.8874464,,,,,,0.21878853,,,,,,,,,,,,,0,0,,,,,,,,,,,,,,,,,,,,,0.41176471,solar,16,folk,10.484848,,1,true,,,,,,,1,1,0,,,,,,7.6470487,0.18205527,2.5050454,0.11049265,11,0.20414612,0.79578634,62,2,1,1472255,0,4,0.11114243,true,,,,,,,,,,,,,,,,,,,,,,,,,,,,,,,,,,,,,,,,,,,,,,,,,,,0,,-0.37661421,7,0,false,
439,goblin-twin-solo,orange dwarf (K),false,29.808533,162.54371,130.87021,9.1963898,0.22305758,2,false,5.1140625,13.056237,5,orange-giant,0,0,0,0,154.31433,0.031044526,0.012832531,2174,1188,4,22,0.56640301,0.57153313,3,0.18417069,0.0049313998,evaporite,0.11350712,aquifer+aquitard+spring+runoff+karst,0.17110523,20.413801,0.47626823,24.867126,0.088564833,0.42339958,salt,0.051273318,0.00095715331,1,numinous,0,ice,-11.784293,leptosol,0.040763471,15,40.866667,613,34.270632,1,0,23.040192,-0.027595155,,,,,0.29463431,,,,,,,,,,,,,0,0,,,,,,,,,,,,,,,,,,,,,0.40740741,solar,12,organized,6.5641026,,1,true,,,,,,,1,1,0,,,,,,6.5888365,0.11419824,3.0794362,0.091304136,6,0.34575756,0.73149837,44,2,2,1384309.6,1,4,0.060198535,true,,,,,,,,,,,,,,,,,,,,,,,,,,,,,,,,,,,,,,,,,,,,,,,,,,,0,,-0.038526132,7,0,false,
440,goblin-twin-solo,yellow dwarf (G),false,28.820565,411.82102,342.93931,12.148453,0.00090014312,3,false,1.6077428,34.583284,3,sun-like,8,4,2,0,403.41941,0.095910055,0.000071914668,504,319,3,13,0.70689908,0.52340496,3,0.16688638,0.013280602,shale,0.11510911,aquifer+aquitard+spring+runoff+karst,0.096118607,25.746507,0.25828752,25.840044,0.069132101,0.35890388,salt,0.056967051,0,0,,0,ice,-3.0151425,leptosol,0.061635849,6,40.833333,245,39.804945,1,0,14.836937,-0.025623283,,,,,0.20697984,,,,,,,,,,,,,0,0,,,,,,,,,,,,,,,,,,,,,0.42105263,solar,13,organized,6.5,,1,true,,,,,,,1,1,0,,,,,,6.8395487,0.10692069,2.8176221,0.087251599,11,0.21272697,0.63028398,40,2,2,1175691.3,0,5,0.088807243,true,,,,,,,,,,,,,,,,,,,,,,,,,,,,,,,,,,,,,,,,,,,,,,,,,,,0,,0.022111256,7,0,false,
441,goblin-twin-solo,orange dwarf (K),false,21.658576,250.90531,278.0297,23.129785,0.11591594,2,false,4.2075245,30.162661,4,blue-giant,15,6,2,0,245.00953,0.038531226,0.0046979688,4407,4402,8,34,0.72965187,0.52149178,3,0.032615595,0.034739515,andesite,0.12281019,aquifer+aquitard+spring+runoff+karst,0.11423153,52.252424,0.1065559,26.383306,0.15875023,0.28183132,salt,0.074074327,0,0,,0,ice,-26.228482,leptosol,0.0091204623,3,35.333333,106,11.196671,1,0,7.517671,-0.046425368,,,,,0.15649269,,,,,,,,,,,,,0,0,,,,,,,,,,,,,,,,,,,,,0.35714286,solar,11,organized,7.04,,1,true,,,,,,,1,1,0,,,,,,7.3801642,0.20569869,3.8499065,0.057297007,8,0.280838,0.73062264,150,1,2,1140539.9,0,5,0.085509495,true,,,,,,,,,,,,,,,,,,,,,,,,,,,,,,,,,,,,,,,,,,,,,,,,,,,0,,-0.17912356,7,0,false,
442,goblin-twin-solo,yellow-white dwarf (F),false,20.072417,894.52672,1069.5593,16.356586,2.3338001,0,false,-0,,5,red-giant,11,7,3,0,,0.17276639,0.12224707,0,0,0,22,0.74044236,0.49633183,3,0.040842732,0.018309653,andesite,0.16798345,aquifer+aquitard+spring+runoff+karst,0.17861174,31.954952,0.37895034,25.607234,0.12311889,0.22357035,gold,0.05506847,0.00018811136,1,numinous,0,ice,-24.801802,leptosol,0.0082768999,12,32.166667,386,11.883627,1,0,0.93995729,-0.097879535,,,,,0.083239278,,,,,,,,,,,,,0,0,,,,,,,,,,,,,,,,,,,,,0.64285714,solar,2,organized,9.375,,0.5,true,,,,,,,0.97938144,1,0.25773196,,,,,,7.4290758,0.13765713,3.2389689,0.068795469,10,0.19262603,0.68693379,65,2,2,1210675.6,0,4,0.094446324,true,,,,,,,,,,,,,,,,,,,,,,,,,,,,,,,,,,,,,,,,,,,,,,,,,,,0,,-0.31825385,7,0,false,
443,goblin-twin-solo,yellow-white dwarf (F),false,20.202065,706.27717,839.05543,3.8504579,1.8641881,1,false,1.0789297,37.814888,3,orange-giant,8,5,1,0,693.06662,0.12623629,0.0066726846,191,124,0,9,0.59535667,0.55432881,3,0.036424003,0.020213857,shale,0.10147813,aquifer+aquitard+spring+runoff+karst,0.10449472,25.455979,0.16217195,25.601746,0.10190045,0.36144796,salt,0.047709003,0.00012066365,1,numinous,0,ice,-29.496205,leptosol,0.0047662142,3,35,105,7.7649578,1,0,3.2633277,0,,,,,0.21025641,,,,,,,,,,,,,0,0,,,,,,,,,,,,,,,,,,,,,0,solar,9,organized,8.9047619,,1,true,,,,,,,1,1,0,,,,,,7.6778315,0.14451724,2.4087723,0.13988575,8,0.20555053,0.60722404,59,2,1.5,1498133.6,1,7,0.075237814,true,,,,,,,,,,,,,,,,,,,,,,,,,,,,,,,,,,,,,,,,,,,,,,,,,,,0,,-0.26806435,7,0,false,
444,goblin-twin-solo,yellow dwarf (G),false,28.540859,584.90639,491.84761,13.308403,2.4503488,1,false,0.76448712,11.54972,3,sun-like,14,7,3,0,613.33889,0.11168372,0.18934553,21,12,0,26,0.54443142,0.55238197,3,0.077559689,0.033323568,shale,0.13016451,aquifer+aquitard+spring+runoff+karst,0.16360324,31.069256,0.5217834,24.922954,0.13954236,0.38695675,salt,0.059758936,0.00053587696,1,numinous,0,ice,-23.248858,leptosol,0.013396924,7,38.571429,270,12.025012,1,0,7.321345,-0.015632911,,,,,0.23224908,,,,,,,,,,,,,0,0,,,,,,,,,,,,,,,,,,,,,0,solar,5,organized,6.2352941,,1,true,,,,,,,1,1,0,,,,,,7.7417188,0.11740584,2.6246086,0.12352912,7,0.39215476,0.67064972,49,2,2,1752934,0,5,0.074598995,true,,,,,,,,,,,,,,,,,,,,,,,,,,,,,,,,,,,,,,,,,,,,,,,,,,,0,,-0.29615499,7,0,false,
445,goblin-twin-solo,yellow-white dwarf (F),false,23.936644,623.90671,625.55808,6.2711394,3.7038171,1,false,0.035719796,8.5371043,3,sun-like,2,3,1,0,609.70091,0.16023966,0.23186105,8,7,0,30,0.58769103,0.56616733,3,0.22479371,0.020189444,shale,0.11990053,aquifer+aquitard+spring+runoff+karst,0.10930191,31.750843,0.29587305,25.884497,0.13292676,0.36911599,salt,0.060432362,0.0015986737,1,numinous,0,alpine,-1.613863,leptosol,0.045295755,26,37.538462,976,23.137877,1,0,19.140991,-0.13236916,,,,,0.24962994,,,,,,,,,,,,,0,0,,,,,,,,,,,,,,,,,,,,,0.32258065,solar,5,organized,6.4722222,,1,true,,,,,,,1,1,0,,,,,,6.484209,0.10397186,2.8600642,0.094087203,8,0.295577,0.73703595,41,2,1,1559722.5,1,4,0.071808281,true,,,,,,,,,,,,,,,,,,,,,,,,,,,,,,,,,,,,,,,,,,,,,,,,,,,0,,-0.034558563,7,0,false,
446,goblin-twin-solo,yellow dwarf (G),false,25.013807,275.38028,264.21915,29.631471,2.6691801,1,false,0.76444811,9.5736423,2,sun-like,1,3,0,0,257.29332,0.068051657,0.090287575,164,105,0,25,0.51276793,0.56859405,3,0.22528197,0.029271032,evaporite,0.14435314,aquifer+aquitard+spring+runoff+karst,0.13508368,31.193811,0.42774827,24.607059,0.085479507,0.42574406,salt,0.074123967,0.0018538932,1,numinous,0,alpine,4.4379869,leptosol,0.069044994,4,42,168,25.033757,1,0,14.891209,0,,,,,0.30108227,,,,,,,,,,,,,0,0,,,,,,,,,,,,,,,,,,,,,0.5,solar,10,organized,7.5416667,,0.9,true,,,,,,,1,1,0,,,,,,6.4555541,0.13272987,3.1133454,0.098310629,4,0.72251729,0.71917192,39,2,2,1685669.2,0,7,0.056549755,true,,,,,,,,,,,,,,,,,,,,,,,,,,,,,,,,,,,,,,,,,,,,,,,,,,,0,,-0.13218737,7,0,false,
447,goblin-twin-solo,yellow-white dwarf (F),false,35.126261,478.39424,326.86262,23.998162,1.5391915,1,false,0.97575705,14.603305,3,blue-giant,14,7,3,0,456.55426,0.13339301,0.12883524,194,123,0,26,0.52245984,0.5987424,3,0.17457644,0.022459841,evaporite,0.11308215,aquifer+aquitard+spring+runoff+karst,0.18311947,20.937737,0.31281632,25.353325,0.11124176,0.41705434,salt,0.055999619,0,0,,0,alpine,6.3895848,leptosol,0.030519912,6,41.166667,247,13.064652,1,0,10.707983,-0.012035614,,,,,0.32483002,,,,,,,,,,,,,0,0,,,,,,,,,,,,,,,,,,,,,0.125,solar,10,organized,12.115385,,0.9,true,,,,,,,1,1,0,,,,,,6.259274,0.1409931,2.9819175,0.10392559,5,0.36112673,0.74439537,45,2,2,1391386.6,0,6,0.059098861,true,,,,,,,,,,,,,,,,,,,,,,,,,,,,,,,,,,,,,,,,,,,,,,,,,,,0,,0.01363356,7,0,false,
448,goblin-twin-solo,orange dwarf (K),false,39.543762,266.5057,161.74831,12.593594,0.18895261,2,true,5.0403103,21.621739,2,sun-like,2,3,0,1,257.95927,0.056875449,0.0054360845,1810,1047,2,37,0.60309555,0.55012917,3,0.18150969,0.0082515502,andesite,0.10542502,aquifer+aquitard+spring+runoff+karst,0.10056588,26.429535,0.21398696,25.836713,0.070057818,0.32101119,salt,0.065741439,0,0,,0,ice,-5.5599458,leptosol,0.039672776,9,40.333333,363,32.393544,1,0,16.084101,-0.034112668,,,,,0.18372494,,,,,,,,,,,,,0,0,,,,,,,,,,,,,,,,,,,,,0.52631579,solar,10,organized,7.0344828,,1,true,,,,,,,1,1,0,,,,,,7.2699085,0.13071966,3.1149843,0.091865632,8,0.2902571,0.8114627,59,2,2,1523869.5,2,5,0.089048796,true,,,,,,,,,,,,,,,,,,,,,,,,,,,,,,,,,,,,,,,,,,,,,,,,,,,0,,-0.0045906932,7,0,false,
449,goblin-twin-solo,yellow-white dwarf (F),true,,805.04003,,26.961078,1.6388178,1,false,1.2798467,83.482964,5,orange-giant,13,4,2,0,804.16725,0.20811262,,62,41,0,24,0.59391631,0.58109895,locked,0.10617157,0.012719106,shale,0.090236864,aquifer+aquitard+spring+runoff+karst,0.21143441,22.503357,0.52542984,25.057984,0.079115066,0.38709871,salt,0.057090121,0.0007815318,1,numinous,0,ice,-20.004376,leptosol,0.040820007,3,38.333333,115,1.333051,1,0,39.516508,-0.025133235,,,,,0.26698329,,,,,,,,,,,,,0,0,,,,,,,,,,,,,,,,,,,,,0.28571429,solar,4,folk,8.7272727,,0.5,true,,,,,,,1,1,0,,,,,,6.4547126,0.12421131,2.7820282,0.10421854,9,0.30912589,0.72009627,45,2,1.5,1297465.2,0,6,0.058305962,true,,,,,,,,,,,,,,,,,,,,,,,,,,,,,,,,,,,,,,,,,,,,,,,,,,,0,,0.38833791,7,0,false,
450,goblin-twin-solo,orange dwarf (K),false,25.110855,241.8219,231.12418,17.481727,0.20289736,2,false,6.3485243,18.73593,3,red-dwarf,9,5,3,0,233.01287,0.04900691,0.016788734,574,371,1,15,0.55036375,0.57194049,3,0.20233387,0.0032957375,evaporite,0.11961125,aquifer+aquitard+spring+runoff+karst,0.16787925,21.750353,0.36665219,25.324543,0.085134108,0.34987512,salt,0.048369964,0.00038006298,1,numinous,0,ice,-8.3942873,leptosol,0.065153654,12,40.916667,491,31.528176,1,0,21.119134,-0.024638045,,,,,0.23091541,,,,,,,,,,,,,0,0,,,,,,,,,,,,,,,,,,,,,0.47826087,solar,11,organized,10.088235,,1,true,,,,,,,1,1,0,,,,,,6.7154311,0.12227333,2.9324348,0.10534154,8,0.34004778,0.76470875,32,2,2,1561270.6,0,6,0.089317391,true,,,,,,,,,,,,,,,,,,,,,,,,,,,,,,,,,,,,,,,,,,,,,,,,,,,0,,-0.0040624808,7,0,false,
451,goblin-twin-solo,yellow-white dwarf (F),false,33.778107,500.831,355.85013,13.917358,1.487558,1,false,1.146506,13.642443,4,red-giant,3,5,0,0,476.62691,0.11987187,0.11647384,123,81,0,15,0.73057956,0.5079739,3,0.16688638,0.0061032176,shale,0.14987314,aquifer+aquitard+spring+runoff+karst,0.13102573,19.457216,0.43376223,25.318227,0.12205509,0.29974628,salt,0.055083158,0,0,,0,alpine,1.0231082,leptosol,0.037876042,6,41,246,34.89399,1,0,11.952946,0,,,,,0.16654585,,,,,,,,,,,,,0,0,,,,,,,,,,,,,,,,,,,,,0.36363636,solar,5,organized,10.5,,1,true,,,,,,,1,1,0,,,,,,6.3783508,0.094680218,3.0211446,0.074361603,9,0.40268213,0.71115668,29,2,2,1104582.8,0,6,0.083747269,true,,,,,,,,,,,,,,,,,,,,,,,,,,,,,,,,,,,,,,,,,,,,,,,,,,,0,,0.017966117,7,0,false,
452,goblin-twin-solo,yellow dwarf (G),false,30.592565,441.09526,346.04114,30.904589,2.9351502,0,false,-0,,4,blue-giant,1,5,0,0,,0.083855074,0.020156788,0,0,0,8,0.62399297,0.55934294,3,0.11283629,0.011644939,evaporite,0.15575899,aquifer+aquitard+spring+runoff+karst,0.094468251,26.361087,0.27983379,25.389518,0.07596416,0.3488508,salt,0.052285705,0.00051941306,1,numinous,0,ice,-18.978438,leptosol,0.024347487,2,40,80,22.299607,1,0,1.7443421,0,,,,,0.23483963,,,,,,,,,,,,,0,0,,,,,,,,,,,,,,,,,,,,,0,solar,2,folk,8.6666667,,1,true,,,,,,,1,1,0,,,,,,6.4104632,0.1223304,3.2441423,0.08087984,7,0.20750552,0.69836068,43,2,2,1431584.6,0,5,0.0844162,true,,,,,,,,,,,,,,,,,,,,,,,,,,,,,,,,,,,,,,,,,,,,,,,,,,,0,,-0.03891424,7,0,false,
453,goblin-twin-solo,yellow-white dwarf (F),false,19.789216,494.5699,599.80536,25.294073,3.4258899,1,false,0.078993698,9.7161126,5,sun-like,4,3,1,0,462.54612,0.14897075,0.22609439,75,48,0,21,0.60412089,0.61198816,5,0.15748743,0.017308725,evaporite,0.13603848,aquifer+aquitard+spring+runoff+karst,0.13653182,23.829196,0.40910212,24.738531,0.1798224,0.38869018,salt,0.071017813,0.00067834238,1,numinous,0,alpine,15.607207,leptosol,0.032005427,11,41.454545,456,7.28549,1,0,5.4687456,-0.016468255,,,,,0.26356685,,,,,,,,,,,,,0,0,,,,,,,,,,,,,,,,,,,,,0.33333333,solar,7,organized,7.68,,0.85714286,true,,,,,,,1,1,0.18181818,,,,,,5.577096,0.11435395,3.5977597,0.069576681,6,0.21429452,0.63695969,46,2,2,1251457.5,2,5,0.06851962,true,,,,,,,,,,,,,,,,,,,,,,,,,,,,,,,,,,,,,,,,,,,,,,,,,,,0,,-0.12843126,7,0,false,
454,goblin-twin-solo,orange dwarf (K),false,32.406881,284.73644,210.8711,3.2859429,0.55679801,1,false,2.4618022,7.966273,4,red-giant,2,4,0,0,262.7656,0.053738114,0.028448573,1022,460,0,21,0.56147161,0.58280911,3,0.11308042,0.029075729,evaporite,0.12586984,aquifer+aquitard+spring+runoff+karst,0.22846963,33.997038,0.31559316,25.138639,0.16316874,0.40627957,salt,0.062878766,0.00027834994,1,numinous,0,ice,-14.894216,leptosol,0.027723654,3,41.333333,124,19.609641,1,0,5.8578574,-0.023316192,,,,,0.27684685,,,,,,,,,,,,,0,0,,,,,,,,,,,,,,,,,,,,,0,solar,5,organized,7.4615385,,1,true,,,,,,,1,1,0,,,,,,6.5730876,0.10309953,3.0423209,0.10062985,7,0.56939264,0.6474642,36,2,2,1672889.7,0,6,0.098556383,true,,,,,,,,,,,,,,,,,,,,,,,,,,,,,,,,,,,,,,,,,,,,,,,,,,,0,,-0.1032897,7,0,false,
455,goblin-twin-solo,yellow dwarf (G),false,25.991374,418.92487,386.82822,20.968658,1.7848135,2,false,0.98204538,20.902883,4,red-giant,11,6,2,0,405.21127,0.10553394,0.032170965,196,127,0,17,0.50349104,0.59002852,3,0.22630731,0.032249402,evaporite,0.11421969,aquifer+aquitard+spring+runoff+karst,0.16801062,28.748827,0.49193628,25.292804,0.14942472,0.44016127,salt,0.061216759,0.000098338086,1,numinous,0,alpine,-1.3194173,leptosol,0.042088701,4,18.25,73,34.037829,1,0,10.976059,-0.28057854,,,,,0.30470056,,,,,,,,,,,,,0,0,,,,,,,,,,,,,,,,,,,,,0.28571429,solar,10,organized,9.5833333,,1,true,,,,,,,1,1,0,,,,,,7.6541358,0.1624018,2.7005465,0.13139007,8,0.41710099,0.32686536,60,2,2,1695875.9,2,5,0.080989747,true,,,,,,,,,,,,,,,,,,,,,,,,,,,,,,,,,,,,,,,,,,,,,,,,,,,0,,-0.04214994,7,0,false,
456,goblin-twin-solo,yellow dwarf (G),false,29.698221,529.67688,428.04735,6.9981124,1.3498804,1,false,2.4899964,24.600882,2,blue-giant,8,5,3,0,514.8004,0.11021766,0.10350112,178,113,0,30,0.6739417,0.56491465,3,0.093696597,0.030882281,shale,0.10257562,aquifer+aquitard+spring+runoff+karst,0.038185085,41.519639,0.19174903,26.150637,0.09508835,0.3721174,salt,0.07222385,0,0,,0,ice,-18.166958,leptosol,0.02837676,29,37.344828,1083,24.623189,1,0,6.1514305,-0.093379664,,,,,0.19444444,,,,,,,,,,,,,0,0,,,,,,,,,,,,,,,,,,,,,0.38235294,solar,5,organized,8.7692308,,1,true,,,,,,,1,1,0.11111111,,,,,,7.5442728,0.13543331,2.5649414,0.099750989,8,0.28563941,0.71483163,51,2,2,1496387.6,1,5,0.086874716,true,,,,,,,,,,,,,,,,,,,,,,,,,,,,,,,,,,,,,,,,,,,,,,,,,,,0,,-0.27152749,7,0,false,
457,goblin-twin-solo,orange dwarf (K),false,27.996809,193.84405,166.17098,31.028992,0.57409749,2,true,5.0398968,15.776835,3,blue-giant,14,5,5,1,185.55179,0.031768746,0.037806357,2998,1601,6,15,0.5005615,0.60670642,3,0.090767052,0.018382891,shale,0.082217226,aquifer+aquitard+spring+runoff+karst,0.033727637,38.066044,0.034851892,26.538944,0.13442174,0.42413726,salt,0.053281109,0.000097761267,1,numinous,0,ice,-25.375986,leptosol,0.02082315,3,39.333333,118,16.332397,1,0,8.8359886,-0.024496882,,,,,0.28125917,,,,,,,,,,,,,0,0,,,,,,,,,,,,,,,,,,,,,0.33333333,solar,12,organized,8.1851852,,0.91666667,true,,,,,,,1,1,0,,,,,,7.1479618,0.1388096,2.5413884,0.1306821,4,0.38703686,0.62807155,34,2,2,1966808.4,3,5,0.087977088,true,,,,,,,,,,,,,,,,,,,,,,,,,,,,,,,,,,,,,,,,,,,,,,,,,,,0,,-0.33830222,7,0,false,
458,goblin-twin-solo,yellow-white dwarf (F),false,22.212167,472.1028,510.10183,12.27388,0.9805628,1,false,2.5151824,34.137063,2,red-dwarf,2,3,1,0,462.25043,0.14657088,0.026539385,913,567,0,29,0.6399834,0.52756493,3,0.16796055,0.018578194,shale,0.12836509,aquifer+aquitard+spring+runoff+karst,0.21407744,28.817192,0.28819421,25.109993,0.12497457,0.36651522,salt,0.056381298,0.0014918288,1,numinous,0,alpine,19.899846,leptosol,0.04556859,22,36.818182,810,4.4755859,1,0,4.1079938,-0.16761519,,,,,0.23618363,,,,,,,,,,,,,0,0,,,,,,,,,,,,,,,,,,,,,0.31034483,solar,7,organized,8.8888889,,0.85714286,true,,,,,,,1,1,0,,,,,,6.8900106,0.10446864,2.9204776,0.088740784,9,0.23604801,0.76556236,43,2,2,1416370.1,2,6,0.09469503,true,,,,,,,,,,,,,,,,,,,,,,,,,,,,,,,,,,,,,,,,,,,,,,,,,,,0,,-0.065669131,7,0,false,
459,goblin-twin-solo,yellow-white dwarf (F),false,22.799163,702.39624,739.39159,4.3889148,0.87359314,2,false,3.3172656,27.202675,2,red-giant,10,4,3,0,684.434,0.14220284,0.030867301,339,216,2,30,0.69640154,0.40004825,3,0.071114692,0.043454909,andesite,0.16452235,aquifer+aquitard+spring+runoff+karst,0.17594082,40.530383,0.48150531,24.607273,0.11209392,0.33885494,salt,0.069286338,0.0017690576,1,numinous,0,ice,-18.149712,leptosol,0.022434867,11,13.090909,144,19.714798,1,0,6.8372218,-0.3355337,,,,,0.22346414,,,,,,,,,,,,,0,0,,,,,,,,,,,,,,,,,,,,,0.42857143,solar,10,organized,8.2903226,,1,true,,,,,,,1,1,0.060606061,,,,,,7.0502192,0.14222108,3.4622646,0.071627362,8,0.32204889,0.66042674,83,1,2,1126938.3,0,6,0.11119428,true,,,,,,,,,,,,,,,,,,,,,,,,,,,,,,,,,,,,,,,,,,,,,,,,,,,0,,-0.18219584,7,0,false,
460,goblin-twin-solo,yellow dwarf (G),false,27.630764,339.25707,294.67769,28.780849,1.3904466,1,false,0.35545292,10.295704,2,orange-giant,7,3,0,0,318.13873,0.084699759,0.056804541,1109,588,0,15,0.67826278,0.51627589,3,0.19137249,0.0069088423,shale,0.14310646,aquifer+aquitard+spring+runoff+karst,0.14416875,26.344161,0.52796115,25.226601,0.14849382,0.35541392,salt,0.052757497,0.0019728356,1,numinous,0,alpine,6.7845616,leptosol,0.066241748,8,41.75,334,13.874966,1,0,11.559622,-0.009561518,,,,,0.2167084,,,,,,,,,,,,,0,0,,,,,,,,,,,,,,,,,,,,,0.11111111,solar,10,organized,9.6785714,,1,true,,,,,,,1,1,0,,,,,,6.7795622,0.089955066,2.7165051,0.090596162,9,0.36527809,0.75056556,29,2,2,1334117.7,0,3,0.10677876,true,,,,,,,,,,,,,,,,,,,,,,,,,,,,,,,,,,,,,,,,,,,,,,,,,,,0,,0.033127177,7,0,false,
461,goblin-twin-solo,yellow-white dwarf (F),false,22.534108,826.46518,880.22851,27.751726,0.69654266,2,false,0.56807911,14.182366,4,sun-like,1,3,0,0,787.76583,0.18567546,0.019496577,105,64,1,40,0.62846052,0.48570865,3,0.096308774,0.026561203,gneiss,0.10486891,aquifer+aquitard+spring+runoff+karst,0.21420593,32.709801,0.46862475,24.612703,0.1136737,0.35968198,salt,0.071467188,0.0015769761,1,numinous,0,ice,-19.737061,leptosol,0.026545765,17,7,119,26.481727,1,0,2.2227417,-0.48982342,,,,,0.23562652,,,,,,,,,,,,,0,0,,,,,,,,,,,,,,,,,,,,,0.28571429,solar,11,organized,8.5897436,,1,true,,,,,,,1,1,0,,,,,,6.6559649,0.15286628,3.606257,0.069894048,8,0.43169722,0.65240833,75,1,1,1252697.2,0,4,0.091409767,true,,,,,,,,,,,,,,,,,,,,,,,,,,,,,,,,,,,,,,,,,,,,,,,,,,,0,,-0.16026468,7,0,false,
462,goblin-twin-solo,yellow-white dwarf (F),false,23.010804,727.7346,759.01869,34.135035,3.9568175,1,false,0.047108474,9.4294455,4,sun-like,0,0,0,0,747.72169,0.14052545,0.25248891,7,6,0,35,0.67389288,0.42693517,3,0.057370246,0.025950881,andesite,0.15848181,aquifer+aquitard+spring+runoff+karst,0.12150022,31.84949,0.10031442,26.129878,0.11768229,0.32527324,salt,0.070695878,0.00022458452,1,numinous,0,ice,-21.079199,leptosol,0.012576733,7,34.714286,243,13.948146,1,0,8.9125124,-0.092082151,,,,,0.21590058,,,,,,,,,,,,,0,0,,,,,,,,,,,,,,,,,,,,,0.15384615,solar,6,organized,8.5789474,,1,true,,,,,,,1,1,0,,,,,,7.7424107,0.15094234,3.2872241,0.080123041,9,0.2432999,0.75680177,85,1,2,1187261,0,5,0.04873613,true,,,,,,,,,,,,,,,,,,,,,,,,,,,,,,,,,,,,,,,,,,,,,,,,,,,0,,-0.1632965,7,0,false,
463,goblin-twin-solo,yellow-white dwarf (F),false,26.508337,817.18237,739.85692,8.7455331,1.4127302,2,false,1.0788284,34.504013,5,sun-like,11,7,4,0,800.28824,0.18025482,0.037866372,731,441,0,32,0.54814218,0.65659949,3,0.10436502,0.022996924,evaporite,0.10508401,aquifer+aquitard+spring+runoff+karst,0.072073046,33.895673,0.30639149,25.887899,0.11821276,0.45631855,salt,0.062486775,0.00070236101,1,numinous,0,ice,-20.491451,leptosol,0.021719164,3,6.3333333,19,18.0599,1,0,9.600517,-0.27329043,,,,,0.31136204,,,,,,,,,,,,,0,0,,,,,,,,,,,,,,,,,,,,,0.5,solar,9,organized,9.8095238,,1,true,,,,,,,1,1,0,,,,,,5.882105,0.11049633,3.1470039,0.091914457,8,0.21173483,0.75981397,39,2,1,1706015,0,5,0.11390169,true,,,,,,,,,,,,,,,,,,,,,,,,,,,,,,,,,,,,,,,,,,,,,,,,,,,0,,-0.065735522,7,0,false,
464,goblin-twin-solo,yellow-white dwarf (F),false,22.154967,734.47053,795.63617,33.32073,0.30429158,1,false,1.301655,17.795538,2,red-giant,2,4,1,0,706.61344,0.22977672,0.023642038,94,60,0,24,0.655925,0.52788421,3,0.17342903,0.034300083,gneiss,0.11948347,aquifer+aquitard+spring+runoff+karst,0.16730524,34.454974,0.32034908,25.512824,0.11359444,0.37860082,salt,0.067242423,0.00056761743,1,numinous,0,alpine,11.504486,leptosol,0.06286363,8,41.75,334,8.6231502,1,0,8.4266953,-0.009561518,,,,,0.23662551,,,,,,,,,,,,,0,0,,,,,,,,,,,,,,,,,,,,,0.26666667,solar,7,organized,11.727273,,0.85714286,true,,,,,,,1,1,0,,,,,,6.6400349,0.15801001,3.3900196,0.072677115,8,0.20632893,0.47410812,58,2,2,1323546.5,0,3,0.086744627,true,,,,,,,,,,,,,,,,,,,,,,,,,,,,,,,,,,,,,,,,,,,,,,,,,,,0,,0.063425107,7,0,false,
465,goblin-twin-solo,yellow-white dwarf (F),false,34.285761,598.36604,418.85566,31.421055,2.0344561,1,false,0.098981106,26.514058,3,sun-like,4,3,0,0,582.5645,0.18789992,0.10256992,244,155,0,39,0.60656218,0.54827501,3,0.19466823,0.014037401,shale,0.13024324,aquifer+aquitard+spring+runoff+karst,0.19607843,25.97402,0.43013155,24.904237,0.1132415,0.3658476,salt,0.062177253,0.0014892033,1,numinous,0,alpine,15.415604,leptosol,0.080727228,12,41.333333,496,7.0647683,1,0,18.946249,-0.019189569,,,,,0.22480764,,,,,,,,,,,,,0,0,,,,,,,,,,,,,,,,,,,,,0.55,solar,8,organized,6.5714286,,0.875,true,,,,,,,1,1,0,,,,,,7.2655099,0.13816215,2.9973001,0.095796104,8,0.30007446,0.77071056,45,2,2,1386160.5,0,5,0.06786826,true,,,,,,,,,,,,,,,,,,,,,,,,,,,,,,,,,,,,,,,,,,,,,,,,,,,0,,-0.068952821,7,0,false,
466,goblin-twin-solo,yellow dwarf (G),false,21.377195,407.18269,457.14063,25.443432,4.6861185,0,false,-0,,5,sun-like,7,5,2,0,,0.10044796,0.36240477,0,0,0,8,0.57118793,0.55439795,3,0.2073141,0.0075924027,evaporite,0.11773413,aquifer+aquitard+spring+runoff+karst,0.13845716,21.733195,0.23472815,25.948476,0.074637062,0.38423,salt,0.047718349,0.0014802163,1,numinous,0,alpine,-1.2682689,leptosol,0.035297467,13,39.538462,514,23.669947,1,0,8.2505147,-0.045719497,,,,,0.25180757,,,,,,,,,,,,,0,0,,,,,,,,,,,,,,,,,,,,,0.29411765,solar,4,organized,7.1904762,,1,true,,,,,,,1,1,0,,,,,,6.740415,0.12420994,3.0416186,0.094111616,5,0.67873612,0.63073092,49,2,2,1473702.3,0,5,0.088303065,true,,,,,,,,,,,,,,,,,,,,,,,,,,,,,,,,,,,,,,,,,,,,,,,,,,,0,,0.079695502,7,0,false,
467,goblin-twin-solo,yellow dwarf (G),false,33.08487,366.93824,266.17961,1.4597219,0.48082346,1,false,2.9088371,11.772287,4,orange-giant,0,0,0,0,346.69468,0.066444546,0.025116696,203,128,0,27,0.72555051,0.51912471,3,0.065841512,0.033836238,gneiss,0.10229497,aquifer+aquitard+spring+runoff+karst,0.13129336,43.807411,0.27850916,25.473763,0.09873688,0.38534069,salt,0.082252842,0,0,,0,ice,-20.734226,leptosol,0.019124711,3,38.333333,115,19.65441,1,0,11.405827,-0.025133235,,,,,0.2615193,,,,,,,,,,,,,0,0,,,,,,,,,,,,,,,,,,,,,0.18181818,solar,8,organized,8.4736842,,1,true,,,,,,,1,1,0,,,,,,6.1612084,0.16665325,3.7796378,0.053488599,9,0.2035225,0.5523638,90,1,2,1075658.5,0,6,0.15708155,true,,,,,,,,,,,,,,,,,,,,,,,,,,,,,,,,,,,,,,,,,,,,,,,,,,,0,,-0.1016827,7,0,false,
468,goblin-twin-solo,yellow dwarf (G),false,34.944215,316.14276,217.12968,15.01018,0.7274086,1,false,1.0803472,21.992198,4,orange-giant,0,0,0,0,306.1561,0.064772396,0.052283492,2540,2541,0,29,0.71192813,0.51415254,3,0.13551584,0.033763,andesite,0.14389831,aquifer+aquitard+spring+runoff+karst,0.14881356,34.672862,0.25711864,25.705599,0.092542373,0.32415254,salt,0.07079959,0,0,,0,ice,-7.0995473,leptosol,0.036186441,3,41,123,35.746352,1,0,16.131858,0,,,,,0.19067797,,,,,,,,,,,,,0,0,,,,,,,,,,,,,,,,,,,,,0,solar,5,organized,8.1538462,,1,true,,,,,,,1,1,0,,,,,,6.695275,0.13035412,3.5098954,0.065011474,9,0.18754237,0.76495457,66,1,2,1207669.5,1,5,0.057335838,true,,,,,,,,,,,,,,,,,,,,,,,,,,,,,,,,,,,,,,,,,,,,,,,,,,,0,,0.035570166,7,0,false,
469,goblin-twin-solo,yellow dwarf (G),false,32.335129,566.82852,420.71533,16.123043,4.7192927,1,false,0.039864978,13.117327,5,orange-giant,12,7,5,0,538.27241,0.10539692,0.32528311,235,147,0,30,0.61933011,0.35714744,3,0.10270495,0.02372931,gneiss,0.15064452,aquifer+aquitard+spring+runoff+karst,0.14897711,38.32799,0.36195729,24.876836,0.16250882,0.35291477,salt,0.075075976,0.0031424357,1,numinous,0,ice,-20.458118,leptosol,0.019431796,10,37.5,375,17.439875,1,0,4.7191282,-0.023905421,,,,,0.23619573,,,,,,,,,,,,,0,0,,,,,,,,,,,,,,,,,,,,,0.23529412,solar,7,organized,11.541667,,1,true,,,,,,,1,1,0,,,,,,7.613286,0.21556504,3.8717152,0.077657341,7,0.43205284,0.69950849,164,1,2,1133378.9,0,4,0.088469026,true,,,,,,,,,,,,,,,,,,,,,,,,,,,,,,,,,,,,,,,,,,,,,,,,,,,0,,-0.094534153,7,0,false,
470,goblin-twin-solo,orange dwarf (K),false,17.852939,240.20344,322.90944,18.656982,2.0893986,0,false,-0,,5,blue-giant,1,3,0,0,,0.038206211,0.079328989,0,0,0,24,0.64056931,0.59199891,5,0.044407011,0.0060788047,shale,0.098689126,aquifer+aquitard+spring+runoff+karst,0.080554235,26.37029,0.1939822,25.860276,0.087685934,0.35801127,salt,0.060621819,0,0,,0,ice,-25.554959,leptosol,0.012429532,9,32.555556,293,11.071428,1,0,7.5440243,-0.10253395,,,,,0.19934796,,,,,,,,,,,,,0,0,,,,,,,,,,,,,,,,,,,,,0.45454545,solar,2,folk,9.2307692,,1,true,,,,,,,1,1,0,,,,,,6.8200128,0.13336841,2.6569988,0.099750989,8,0.20967194,0.73417639,53,2,2,1385027.3,0,3,0.10337176,true,,,,,,,,,,,,,,,,,,,,,,,,,,,,,,,,,,,,,,,,,,,,,,,,,,,0,,-0.33098877,7,0,false,
471,goblin-twin-solo,yellow-white dwarf (F),false,25.119906,873.18089,834.25239,19.541755,0.48008306,3,false,6.9203755,49.601366,2,red-dwarf,10,3,4,0,860.42916,0.16968369,0.0059264655,2184,2147,28,40,0.71024364,0.49229084,3,0.043772277,0.030320785,gneiss,0.13101356,aquifer+aquitard+spring+runoff+karst,0.085601146,45.680402,0.3400455,25.347151,0.14146095,0.35015587,salt,0.081665755,0.00075827787,1,numinous,0,ice,-27.567846,leptosol,0.011037156,4,34.75,139,11.433012,1,0,7.109221,-0.080968593,,,,,0.21754149,,,,,,,,,,,,,0,0,,,,,,,,,,,,,,,,,,,,,0.33333333,solar,17,organized,7.6578947,,1,true,,,,,,,1,1,0.086956522,,,,,,6.6857361,0.17272739,3.6051273,0.05680875,8,0.24096386,0.61652873,112,1,2,1152859.3,4,5,0.11664252,true,,,,,,,,,,,,,,,,,,,,,,,,,,,,,,,,,,,,,,,,,,,,,,,,,,,0,,-0.16637702,7,0,false,
472,goblin-twin-solo,yellow dwarf (G),false,37.516439,469.45393,300.31886,8.6932992,0.5864754,3,false,6.9694955,76.061253,5,blue-giant,8,4,4,0,464.94,0.098467934,0.040127914,1692,1060,4,27,0.54079391,0.53726741,3,0.17206191,0.018260827,evaporite,0.11908559,aquifer+aquitard+spring+runoff+karst,0.13896863,29.219667,0.18426369,26.020768,0.13822435,0.41174907,salt,0.059042995,0.00042530569,1,numinous,0,ice,-14.065635,leptosol,0.034396598,3,40.666667,122,27.100654,1,0,3.17116,-0.020055903,,,,,0.31095162,,,,,,,,,,,,,0,0,,,,,,,,,,,,,,,,,,,,,0.31578947,solar,16,organized,7.3714286,,0.9375,true,,,,,,,1,1,0,,,,,,7.1861328,0.1243668,3.1016754,0.098237391,5,0.43896863,0.70502742,46,2,2,1605568.2,3,5,0.077349615,true,,,,,,,,,,,,,,,,,,,,,,,,,,,,,,,,,,,,,,,,,,,,,,,,,,,0,,-0.045861893,7,0,false,
473,goblin-twin-solo,yellow-white dwarf (F),false,34.345795,658.61386,460.22323,7.4187244,0.037422529,3,false,6.0889179,38.471567,3,red-giant,5,4,0,0,646.36284,0.13236698,0.0025389309,1692,1483,59,30,0.62352912,0.58653784,3,0.083321127,0.015258044,evaporite,0.14415408,aquifer+aquitard+spring+runoff+karst,0.12275469,26.985469,0.47824395,25.155769,0.12878542,0.39031191,salt,0.066765624,0.00077815965,1,numinous,0,taiga,-19.455104,leptosol,0.015757733,10,38.2,382,13.085367,1,0,9.7026232,-0.034583312,,,,,0.26152649,,,,,,,,,,,,,0,0,,,,,,,,,,,,,,,,,,,,,0.5,solar,14,organized,10.342105,,1,true,,,,,,,1,1,0,,,,,,5.7235107,0.1425441,3.239223,0.073409501,5,0.60009079,0.73357421,29,2,2,1264090.3,1,4,0.065162426,true,,,,,,,,,,,,,,,,,,,,,,,,,,,,,,,,,,,,,,,,,,,,,,,,,,,0,,-0.08134604,7,0,false,
474,goblin-twin-solo,orange dwarf (K),false,19.115132,217.76484,273.41459,6.5519248,0.11793412,3,false,7.7835053,24.788518,2,white-dwarf,10,4,4,0,211.62211,0.043921327,0.00011881066,1359,851,8,27,0.6348567,0.56247911,5,0.17421024,0.017455202,evaporite,0.1176038,aquifer+aquitard+spring+runoff+karst,0.11265628,21.969515,0.30982149,25.688712,0.15083239,0.36986027,salt,0.054297501,0.00060172494,1,numinous,0,ice,-4.9672483,leptosol,0.067058902,3,41.666667,125,29.6009,1,0,5.6374212,-0.019572581,,,,,0.24583807,,,,,,,,,,,,,0,0,,,,,,,,,,,,,,,,,,,,,0.58823529,solar,14,organized,8.7741935,,1,true,,,,,,,1,1,0,,,,,,6.3284037,0.1250866,3.4372813,0.075362531,10,0.20271445,0.72359748,48,2,2,1197351.1,0,6,0.099328315,true,,,,,,,,,,,,,,,,,,,,,,,,,,,,,,,,,,,,,,,,,,,,,,,,,,,0,,0.075164007,7,0,false,
475,goblin-twin-solo,yellow dwarf (G),false,31.41469,644.58887,492.44901,0.85860435,0.16440112,3,false,5.9307977,67.439411,3,red-dwarf,4,4,1,0,637.63805,0.11208797,0.0034988293,859,542,3,26,0.66686197,0.5238165,3,0.027220351,0.034910405,gneiss,0.12223362,aquifer+aquitard+spring+runoff+karst,0.10076213,33.341774,0.40136304,25.379082,0.13110069,0.36091162,salt,0.079677149,0.00080609702,1,numinous,0,ice,-35.847818,leptosol,0.000073281548,2,12,24,10.128523,1,0,8.6440166,0,,,,,0.22512091,,,,,,,,,,,,,0,0,,,,,,,,,,,,,,,,,,,,,0.38888889,solar,16,organized,7.9411765,,0.9375,true,,,,,,,1,1,0,,,,,,6.8394373,0.14179529,3.0542864,0.080782188,9,0.3161366,0.72688195,56,2,2,1334867.2,0,5,0.083574696,true,,,,,,,,,,,,,,,,,,,,,,,,,,,,,,,,,,,,,,,,,,,,,,,,,,,0,,-0.26074756,7,0,false,
476,goblin-twin-solo,yellow-white dwarf (F),true,,636.22913,,11.994669,4.4389824,0,false,-0,,4,blue-giant,3,3,1,0,,0.11686183,,0,0,0,36,0.6944241,0.55228889,locked,0.060568332,0.015795127,andesite,0.13102181,aquifer+aquitard+spring+runoff+karst,0.03379404,30.345508,0.14172725,26.405843,0.13861149,0.34776704,salt,0.057748455,0.000079891348,1,numinous,0,ice,-47.151131,leptosol,0.0089478309,3,40,120,0.75407101,1,0,8.3449715,-0.061717487,,,,,0.21906208,,,,,,,,,,,,,0,0,,,,,,,,,,,,,,,,,,,,,0,solar,1,organized,12.8,,0,true,,,,,,,1,1,0,,,,,,6.3365347,0.12564674,3.0330956,0.073458327,8,0.22513382,0.8149084,38,2,2,1238218,1,6,0.061172225,true,,,,,,,,,,,,,,,,,,,,,,,,,,,,,,,,,,,,,,,,,,,,,,,,,,,0,,0.11863001,7,0,false,
477,goblin-twin-solo,orange dwarf (K),false,35.265143,255.12859,173.62999,20.441221,0.44938646,2,false,6.9832797,16.090738,2,orange-giant,0,0,0,0,244.40407,0.047458712,0.0057268413,2319,2314,3,31,0.73648748,0.34296832,3,0.12211318,0.030296372,andesite,0.12979433,aquifer+aquitard+spring+runoff+karst,0.34676672,37.193511,0.39827682,24.221968,0.12738558,0.32175283,salt,0.066117173,0.0028719659,1,numinous,0,ice,-10.851161,leptosol,0.085325181,5,41.2,206,36.519811,1,0,6.7226333,-0.014282589,,,,,0.19872151,,,,,,,,,,,,,0,0,,,,,,,,,,,,,,,,,,,,,0.4,solar,10,organized,9.76,,1,true,,,,,,,1,1,0,,,,,,7.1917765,0.24999912,4.2935911,0.060934525,7,0.27524551,0.74580217,159,1,2,793215.66,0,5,0.08418383,true,,,,,,,,,,,,,,,,,,,,,,,,,,,,,,,,,,,,,,,,,,,,,,,,,,,0,,0.035167469,7,0,false,
478,goblin-twin-solo,orange dwarf (K),false,31.410949,195.54215,149.40687,21.018491,3.1086683,0,false,-0,,4,red-giant,4,5,1,0,,0.049245228,0.09658462,0,0,0,18,0.55973829,0.56288122,3,0.18204678,0.01071725,shale,0.10097593,aquifer+aquitard+spring+runoff+karst,0.15359876,26.062618,0.45414218,25.256975,0.10774093,0.39153821,salt,0.0557776,0.0012199179,1,numinous,0,alpine,8.835103,leptosol,0.034490407,8,30.875,247,8.5528266,1,0,16.878902,-0.15435922,,,,,0.24581346,,,,,,,,,,,,,0,0,,,,,,,,,,,,,,,,,,,,,0.28571429,solar,6,organized,7.5,,0.83333333,true,,,,,,,1,1,0,,,,,,7.6396795,0.16282097,2.4384461,0.1521166,9,0.46323611,0.74264766,56,2,1,1565297.5,0,6,0.062944727,true,,,,,,,,,,,,,,,,,,,,,,,,,,,,,,,,,,,,,,,,,,,,,,,,,,,0,,0.079543944,7,0,false,
479,goblin-twin-solo,yellow-white dwarf (F),false,34.170471,529.33715,371.78568,22.121892,0.40525714,1,false,3.970402,22.662958,2,blue-giant,2,3,1,0,513.1214,0.15423808,0.022445194,386,244,0,10,0.56210634,0.62780844,3,0.19381378,0.0041746008,evaporite,0.10759882,aquifer+aquitard+spring+runoff+karst,0.14996934,20.882218,0.24251547,25.72076,0.14952333,0.39950939,salt,0.045369086,0.00027875341,1,numinous,0,alpine,6.7092687,leptosol,0.057590455,9,41.555556,374,11.256758,1,0,20.4281,-0.01353516,,,,,0.26431399,,,,,,,,,,,,,0,0,,,,,,,,,,,,,,,,,,,,,0.27777778,solar,9,organized,6.4814815,,0.77777778,true,,,,,,,1,1,0,,,,,,6.0062263,0.12029382,3.0000079,0.094648699,7,0.37676312,0.71679605,39,2,2,1435921.2,1,4,0.044413402,true,,,,,,,,,,,,,,,,,,,,,,,,,,,,,,,,,,,,,,,,,,,,,,,,,,,0,,0.064544072,7,0,false,
480,goblin-twin-solo,yellow dwarf (G),false,27.446625,478.177,418.12967,20.070343,0.63121958,3,false,5.8034318,64.611325,3,orange-giant,0,0,0,0,472.77535,0.10330979,0.015816367,3891,2202,138,33,0.65384991,0.53621553,3,0.1101997,0.02619501,shale,0.10875238,aquifer+aquitard+spring+runoff+karst,0.1411242,26.714618,0.33648353,25.00315,0.067353128,0.37541435,salt,0.077823231,0.00028210734,1,numinous,0,ice,-14.017185,leptosol,0.024120178,12,39.583333,475,29.724245,1,0,2.5319722,-0.030371461,,,,,0.26221877,,,,,,,,,,,,,0,0,,,,,,,,,,,,,,,,,,,,,0.51851852,solar,15,organized,8.2142857,,1,true,,,,,,,1,1,0,,,,,,6.9529145,0.1397183,2.9392507,0.093696597,10,0.32555187,0.62347808,47,2,2,1311523.3,1,4,0.087020776,true,,,,,,,,,,,,,,,,,,,,,,,,,,,,,,,,,,,,,,,,,,,,,,,,,,,0,,-0.04045883,7,0,false,
481,goblin-twin-solo,yellow-white dwarf (F),false,29.093497,895.71077,738.89565,9.6677165,0.28137111,1,false,0.061137294,11.299433,2,sun-like,5,4,0,0,922.63009,0.21074323,0.0046362675,8,6,0,22,0.56884429,0.58184701,3,0.11537523,0.018041111,evaporite,0.097389729,aquifer+aquitard+spring+runoff+karst,0.11001642,31.326845,0.3680992,26.232443,0.10124002,0.46429987,salt,0.05694408,0.00073608516,1,numinous,0,ice,-15.694166,leptosol,0.030405979,8,34.125,273,22.830352,1,0,11.811651,-0.13161726,,,,,0.33588132,,,,,,,,,,,,,0,0,,,,,,,,,,,,,,,,,,,,,0.30769231,solar,5,organized,11.5,,1,true,,,,,,,1,1,0,,,,,,6.9433975,0.13749448,2.661274,0.11334896,7,0.48298511,0.71110475,53,2,1,1545752.8,0,5,0.09416009,true,,,,,,,,,,,,,,,,,,,,,,,,,,,,,,,,,,,,,,,,,,,,,,,,,,,0,,-0.20576159,7,0,false,
482,goblin-twin-solo,yellow-white dwarf (F),false,19.743357,655.35909,796.65369,8.1951398,1.2792207,2,false,2.8836897,30.778896,4,red-dwarf,11,5,4,0,640.35723,0.14498695,0.083574439,255,162,1,31,0.7412724,0.54161162,5,0.095283433,0.034837166,shale,0.098320438,aquifer+aquitard+spring+runoff+karst,0.1334214,41.998275,0.47971315,25.578799,0.11898471,0.42847707,salt,0.070075337,0.0016984337,1,numinous,0,ice,-15.24786,leptosol,0.037554256,17,11.176471,190,23.764869,1,0,16.068125,-0.26231868,,,,,0.27826005,,,,,,,,,,,,,0,0,,,,,,,,,,,,,,,,,,,,,0.30769231,solar,9,folk,8.7714286,,1,true,,,,,,,1,1,0.019417476,,,,,,7.9933518,0.21063502,2.4440591,0.099555686,9,0.40998302,0.72180668,72,2,1,1170644.7,0,5,0.10551144,true,,,,,,,,,,,,,,,,,,,,,,,,,,,,,,,,,,,,,,,,,,,,,,,,,,,0,,-0.017595033,7,0,false,
483,goblin-twin-solo,yellow-white dwarf (F),false,16.228231,596.19139,881.70998,16.243611,1.2196018,2,false,1.0809104,31.655993,3,red-dwarf,13,5,2,0,582.99007,0.13323853,0.018501705,197,124,0,33,0.70457985,0.32088257,5,0.12994971,0.021385675,evaporite,0.17122552,aquifer+aquitard+spring+runoff+karst,0.25568135,29.827712,0.40368565,24.678728,0.1480043,0.34178993,salt,0.065522666,0.00057846459,1,numinous,0,taiga,-5.843386,leptosol,0.059333939,5,41.4,207,30.199219,1,0,9.6130524,-0.018225802,,,,,0.25559871,,,,,,,,,,,,,0,0,,,,,,,,,,,,,,,,,,,,,0.42857143,solar,9,organized,7.9565217,,1,true,,,,,,,1,1,0,,,,,,7.7208684,0.17887147,3.6101131,0.073116547,9,0.23254277,0.66304764,103,1,2,926409.64,1,7,0.08296446,true,,,,,,,,,,,,,,,,,,,,,,,,,,,,,,,,,,,,,,,,,,,,,,,,,,,0,,-0.040293151,7,0,false,
484,goblin-twin-solo,yellow-white dwarf (F),false,35.771691,1011.1148,678.37873,30.501661,3.3150826,0,false,-0,,2,blue-giant,1,4,0,0,,0.19408322,0.10934358,0,0,0,19,0.50913041,0.60556025,3,0.039817392,0.010424296,evaporite,0.1042423,aquifer+aquitard+spring+runoff+karst,0.14402944,24.565142,0.35301139,25.587131,0.12523002,0.39588203,salt,0.047596449,0.0013925499,1,numinous,0,ice,-31.731587,leptosol,0.0054707316,5,35.2,176,7.5981393,1,0,3.7248928,-0.016696844,,,,,0.26204804,,,,,,,,,,,,,0,0,,,,,,,,,,,,,,,,,,,,,0.5,solar,3,organized,5.0909091,,0.66666667,true,,,,,,,1,1,0,,,,,,6.5587875,0.12151429,2.7563574,0.11517992,10,0.25697518,0.81492988,42,2,1,1637474.1,0,6,0.06108227,true,,,,,,,,,,,,,,,,,,,,,,,,,,,,,,,,,,,,,,,,,,,,,,,,,,,0,,-0.38533121,7,0,false,
485,goblin-twin-solo,yellow-white dwarf (F),false,38.818387,962.17605,594.87854,9.8743059,0.80195473,2,false,4.6421465,56.613379,4,sun-like,13,6,5,0,949.82306,0.21624114,0.064359921,968,588,0,8,0.63788389,0.59954156,3,0.073848933,0.046286802,evaporite,0.079552349,aquifer+aquitard+spring+runoff+karst,0.099642689,47.973236,0.016584642,26.497484,0.1004517,0.35697431,salt,0.057942044,0.00067417245,1,numinous,0,ice,-25.311923,leptosol,0.015843053,4,32.25,129,22.373979,1,0,17.819019,-0.48114301,,,,,0.21998247,,,,,,,,,,,,,0,0,,,,,,,,,,,,,,,,,,,,,0.30769231,solar,9,organized,9.1818182,,1,true,,,,,,,1,1,0,,,,,,7.4148732,0.13819811,2.9207892,0.090962355,11,0.37355896,0.50430887,50,2,2,1834614.5,0,4,0.095049518,true,,,,,,,,,,,,,,,,,,,,,,,,,,,,,,,,,,,,,,,,,,,,,,,,,,,0,,-0.21440043,7,0,false,
486,goblin-twin-solo,orange dwarf (K),false,27.536127,229.26024,199.81916,12.321832,0.15947803,2,false,7.1656004,36.272317,5,sun-like,1,3,0,0,224.74384,0.035137439,0.0083071658,2520,1550,29,29,0.50068356,0.54613015,3,0.06625653,0.023753723,shale,0.092309197,aquifer+aquitard+spring+runoff+karst,0.098469662,38.112848,0.43485063,25.2718,0.10228328,0.41749377,salt,0.062658151,0.0014178849,1,numinous,0,ice,-28.164128,leptosol,0.013298783,4,33.5,134,10.35601,1,0,8.1462432,-0.024667478,,,,,0.26284653,,,,,,,,,,,,,0,0,,,,,,,,,,,,,,,,,,,,,0.35714286,solar,10,organized,8.1666667,,1,true,,,,,,,1,1,0,,,,,,9.0176158,0.17472168,2.1798431,0.21056101,4,0.83176062,0.71205777,65,3,1,1777687.9,0,5,0.09156663,true,,,,,,,,,,,,,,,,,,,,,,,,,,,,,,,,,,,,,,,,,,,,,,,,,,,0,,-0.37356507,7,0,false,
487,goblin-twin-solo,yellow-white dwarf (F),false,33.726975,926.29991,659.15184,31.394974,0.062238673,1,false,0.22214338,11.829988,4,blue-giant,0,0,0,0,967.85654,0.22088255,0.0044885135,11,7,0,33,0.5897173,0.47572296,3,0.14948001,0.025364972,evaporite,0.13322623,aquifer+aquitard+spring+runoff+karst,0.24675711,22.396155,0.34576937,24.64753,0.090027371,0.35427823,salt,0.059698285,0.00011900512,1,numinous,0,ice,-13.041118,leptosol,0.044388909,14,40.142857,562,31.514949,1,0,14.50525,-0.029378996,,,,,0.27329525,,,,,,,,,,,,,0,0,,,,,,,,,,,,,,,,,,,,,0.31818182,solar,8,organized,7.1666667,,0.875,true,,,,,,,1,1,0,,,,,,6.6305028,0.148393,3.4951676,0.084517358,6,0.4256218,0.57856432,53,2,2,1220687.5,3,3,0.10963416,true,,,,,,,,,,,,,,,,,,,,,,,,,,,,,,,,,,,,,,,,,,,,,,,,,,,0,,-0.059717151,7,0,false,
488,goblin-twin-solo,yellow-white dwarf (F),false,23.244437,895.82657,924.94551,21.883763,3.9435317,1,false,0.15311658,20.85637,5,orange-giant,4,3,1,0,866.3186,0.20573959,0.25936166,101,65,0,12,0.5741663,0.6510348,3,0.12987647,0.011718178,evaporite,0.11465918,aquifer+aquitard+spring+runoff+karst,0.071088689,33.950926,0.12251333,26.80666,0.089491487,0.38875193,salt,0.044737825,0.00022931835,1,numinous,0,ice,-19.043537,leptosol,0.029868715,7,37.571429,263,21.924351,1,0,5.9917065,-0.14890476,,,,,0.25018632,,,,,,,,,,,,,0,0,,,,,,,,,,,,,,,,,,,,,0.26666667,solar,8,organized,7.2173913,,1,true,,,,,,,1,1,0.053333333,,,,,,6.233115,0.12645975,3.0631009,0.088594307,6,0.326492,0.56579269,43,2,1,1703209.8,0,4,0.056687299,true,,,,,,,,,,,,,,,,,,,,,,,,,,,,,,,,,,,,,,,,,,,,,,,,,,,0,,-0.071607446,7,0,false,
489,goblin-twin-solo,orange dwarf (K),false,24.196598,158.36569,157.07897,31.753866,1.4388189,0,false,-0,,3,red-dwarf,6,6,1,0,,0.040702501,0.12621708,0,0,0,40,0.53325033,0.60447722,3,0.16427421,0.012694693,evaporite,0.098854543,aquifer+aquitard+spring+runoff+karst,0.18949736,28.852232,0.452168,25.064141,0.072336419,0.47936608,salt,0.060737968,0.0019352477,1,numinous,0,alpine,13.77165,leptosol,0.041215545,2,41.5,83,5.6821025,1,0,25.767015,-0.034765418,,,,,0.33521628,,,,,,,,,,,,,0,0,,,,,,,,,,,,,,,,,,,,,0.4,solar,3,organized,8.75,,0.66666667,true,,,,,,,1,1,0,,,,,,5.7582928,0.11748193,3.1325841,0.087153948,6,0.30869815,0.69110395,22,2,2,1454137.4,1,5,0.08674658,true,,,,,,,,,,,,,,,,,,,,,,,,,,,,,,,,,,,,,,,,,,,,,,,,,,,0,,-0.1451317,7,0,false,
490,goblin-twin-solo,yellow dwarf (G),false,31.326634,376.57393,288.50129,20.552322,0.31968369,3,false,3.3814374,42.219752,4,blue-giant,3,4,0,0,370.15862,0.070358535,0.0047132745,1639,1016,20,35,0.53173673,0.48276941,3,0.14115522,0.01794346,shale,0.11073458,aquifer+aquitard+spring+runoff+karst,0.11662583,29.809766,0.51102654,24.952512,0.11553099,0.37365101,salt,0.060072616,0.00078202388,1,numinous,0,ice,-17.481793,leptosol,0.037797821,5,39.6,198,22.504663,1,0,9.9449166,-0.048307142,,,,,0.22412804,,,,,,,,,,,,,0,0,,,,,,,,,,,,,,,,,,,,,0.35,solar,15,organized,9.1142857,,0.93333333,true,,,,,,,1,1,0,,,,,,8.6623281,0.14502704,2.3635422,0.16153996,6,0.76210834,0.7787343,58,2,1,1682888.2,0,5,0.11710749,true,,,,,,,,,,,,,,,,,,,,,,,,,,,,,,,,,,,,,,,,,,,,,,,,,,,0,,-0.35903229,7,0,false,
491,goblin-twin-solo,orange dwarf (K),false,23.90616,181.9968,182.7112,13.927044,1.8528611,1,false,0.80132858,7.5799996,3,orange-giant,4,4,1,0,167.4202,0.031732542,0.016821836,307,190,0,27,0.73011572,0.46558118,3,0.10348616,0.01352473,gneiss,0.14961556,aquifer+aquitard+spring+runoff+karst,0.068113976,36.878501,0.17114428,25.891287,0.12618725,0.30990502,salt,0.060251923,0,0,,0,ice,-15.278245,leptosol,0.034735414,37,23.189189,858,30.039314,1,0,9.9734056,-0.20564343,,,,,0.19430122,,,,,,,,,,,,,0,0,,,,,,,,,,,,,,,,,,,,,0.5,solar,7,organized,8.9607843,,1,true,,,,,,,1,1,0.026086957,,,,,,7.3529628,0.19752347,3.7925997,0.059884771,8,0.29516056,0.74033928,138,1,2,1083897.1,0,4,0.067131794,true,,,,,,,,,,,,,,,,,,,,,,,,,,,,,,,,,,,,,,,,,,,,,,,,,,,0,,-0.00069073486,7,0,false,
492,goblin-twin-solo,yellow-white dwarf (F),false,20.79784,892.7345,1030.1852,0.94879117,0.37982885,2,false,6.7123767,64.356221,3,red-giant,11,6,0,0,882.60609,0.22489057,0.0074107821,2645,2639,2,32,0.60075192,0.57099181,3,0.2247693,0.017528441,gneiss,0.13048795,aquifer+aquitard+spring+runoff+karst,0.088907912,26.336344,0.24361013,25.383614,0.13519628,0.32438547,salt,0.065563218,0.00036688272,1,numinous,0,ice,-7.1216249,leptosol,0.064387917,14,36.642857,513,33.365757,1,0,7.952532,-0.083429663,,,,,0.16815458,,,,,,,,,,,,,0,0,,,,,,,,,,,,,,,,,,,,,0.54166667,solar,10,organized,8.4705882,,0.9,true,,,,,,,1,1,0,,,,,,6.4793077,0.11726391,3.3257165,0.079756848,8,0.16216216,0.74167521,58,2,2,1443273.5,0,4,0.086171583,true,,,,,,,,,,,,,,,,,,,,,,,,,,,,,,,,,,,,,,,,,,,,,,,,,,,0,,0.0759705,7,0,false,
493,goblin-twin-solo,yellow-white dwarf (F),false,22.779371,979.50971,1031.9966,1.156863,2.459984,2,false,0.8674205,55.700643,2,sun-like,9,7,2,0,966.85247,0.20742281,0.017291118,325,204,3,9,0.63551584,0.53811119,3,0.06574386,0.027098286,andesite,0.092297388,aquifer+aquitard+spring+runoff+karst,0.13683858,32.935461,0.12558607,25.848798,0.10093771,0.29176155,salt,0.063795147,0.00013395847,1,numinous,0,ice,-24.350286,leptosol,0.013328868,8,38.625,309,15.44256,1,0,4.4418229,-0.025622314,,,,,0.16470194,,,,,,,,,,,,,0,0,,,,,,,,,,,,,,,,,,,,,0.52941176,solar,9,organized,8.2692308,,1,true,,,,,,,1,1,0,,,,,,7.3785436,0.17939435,3.43823,0.079756848,10,0.23831212,0.34278925,119,1,2,1405465.2,0,4,0.082555733,true,,,,,,,,,,,,,,,,,,,,,,,,,,,,,,,,,,,,,,,,,,,,,,,,,,,0,,-0.11547396,7,0,false,
494,goblin-twin-solo,orange dwarf (K),false,38.284237,182.33435,114.30356,16.93685,0.03015686,1,false,3.2977675,12.646321,3,red-giant,9,5,1,0,172.83564,0.03839975,0.00023855278,2533,2533,0,11,0.50480934,0.5867186,3,0.21410087,0.011644939,evaporite,0.14563203,aquifer+aquitard+spring+runoff+karst,0.15923881,21.858877,0.36048117,25.544008,0.061181227,0.38897653,salt,0.044235664,0.000098599882,1,numinous,0,ice,-2.1896178,leptosol,0.050926839,3,41,123,30.206227,1,0,20.111246,-0.043372095,,,,,0.27346677,,,,,,,,,,,,,0,0,,,,,,,,,,,,,,,,,,,,,0,solar,6,organized,7.4,,1,true,,,,,,,1,1,0,,,,,,5.9496605,0.11431341,3.0457663,0.09704116,3,0.80240584,0.66764318,24,2,2,1563283.9,0,4,0.099439594,true,,,,,,,,,,,,,,,,,,,,,,,,,,,,,,,,,,,,,,,,,,,,,,,,,,,0,,-0.014106499,7,0,false,
495,goblin-twin-solo,yellow dwarf (G),false,28.961899,444.65059,368.4708,26.790111,2.0761927,2,false,1.0394762,17.290604,4,blue-giant,3,3,1,0,427.24971,0.083132172,0.028357857,205,129,1,28,0.5633514,0.58727496,3,0.071798252,0.014403594,evaporite,0.10622834,aquifer+aquitard+spring+runoff+karst,0.21720899,29.929591,0.35726266,25.015085,0.13535726,0.42508107,salt,0.061207678,0,0,,0,ice,-24.694934,leptosol,0.014871967,5,39.2,196,16.657611,1,0,6.8626157,-0.029631275,,,,,0.28922062,,,,,,,,,,,,,0,0,,,,,,,,,,,,,,,,,,,,,0.4,solar,10,organized,7.44,,1,true,,,,,,,1,1,0,,,,,,6.6553831,0.15845088,2.8329137,0.11007763,6,0.38577659,0.78153968,45,2,1,1513891.9,0,5,0.086388423,true,,,,,,,,,,,,,,,,,,,,,,,,,,,,,,,,,,,,,,,,,,,,,,,,,,,0,,-0.28259575,7,0,false,
496,goblin-twin-solo,yellow-white dwarf (F),false,21.97459,635.7473,694.34449,11.348986,1.1544544,3,false,2.4198994,39.20677,4,red-giant,3,3,1,0,624.10614,0.17142021,0.08977706,2419,2360,38,11,0.5758752,0.54210557,3,0.24954836,0.020702114,shale,0.10654464,aquifer+aquitard+spring+runoff+karst,0.24192713,21.79909,0.41046451,24.836464,0.05733034,0.37477695,salt,0.042005964,0.0017268175,1,numinous,0,alpine,1.5676999,leptosol,0.075922408,23,40.608696,934,24.414929,1,0,3.4698479,-0.028999863,,,,,0.23979739,,,,,,,,,,,,,0,0,,,,,,,,,,,,,,,,,,,,,0.58974359,solar,16,organized,9.7454545,,1,true,,,,,,,1,1,0,,,,,,8.5033017,0.13543748,2.1857999,0.19078658,8,0.4386692,0.79088379,66,2,1,1340435.1,0,3,0.071006127,true,,,,,,,,,,,,,,,,,,,,,,,,,,,,,,,,,,,,,,,,,,,,,,,,,,,0,,-0.019000136,7,0,false,
497,goblin-twin-solo,yellow-white dwarf (F),false,34.063988,804.25125,566.64034,17.825778,0.7249459,2,false,1.3226071,18.179374,4,orange-giant,1,3,0,0,774.24894,0.2014603,0.011446349,138,77,0,20,0.6244324,0.59126365,3,0.16700845,0.031175236,shale,0.11069943,aquifer+aquitard+spring+runoff+karst,0.14840094,29.503345,0.39853094,25.483607,0.11297452,0.38813053,salt,0.055515168,0.0000650026,1,numinous,0,ice,-8.1936924,leptosol,0.038546542,14,35.285714,494,30.146368,1,0,10.453483,-0.18897357,,,,,0.23173427,,,,,,,,,,,,,0,0,,,,,,,,,,,,,,,,,,,,,0.24,solar,11,organized,7.4444444,,1,true,,,,,,,1,1,0,,,,,,7.0283654,0.17015857,2.7062005,0.10294907,8,0.52327093,0.79711684,62,2,1.5,1448614,0,5,0.067907768,true,,,,,,,,,,,,,,,,,,,,,,,,,,,,,,,,,,,,,,,,,,,,,,,,,,,0,,0.029320224,7,0,false,
498,goblin-twin-solo,yellow dwarf (G),true,,534.69486,,7.0873357,0.36926326,2,false,5.7726878,30.95452,3,sun-like,11,6,6,0,522.59009,0.090709611,,253,160,0,10,0.55361066,0.5298332,locked,0.12194229,0.02058005,evaporite,0.13677878,aquifer+aquitard+spring+runoff+karst,0.17555373,21.574837,0.49144107,24.911538,0.11359037,0.46453377,salt,0.047853066,0.001203172,1,numinous,0,ice,-23.412305,leptosol,0.018375718,10,40.2,402,0.45540033,1,0,57.617706,-0.037330055,,,,,0.35269346,,,,,,,,,,,,,0,0,,,,,,,,,,,,,,,,,,,,,0.13333333,solar,5,organized,7.4,,0.8,true,,,,,,,1,1,0,,,,,,7.3714915,0.16374285,2.3313618,0.16105171,4,0.73437244,0.45937698,51,3,1,1214638.1,0,3,0.077020915,true,,,,,,,,,,,,,,,,,,,,,,,,,,,,,,,,,,,,,,,,,,,,,,,,,,,0,,0.2484705,7,0,false,
499,goblin-twin-solo,yellow dwarf (G),false,24.746371,594.726,576.78858,33.54597,0.034271922,2,false,2.5041846,22.800312,5,sun-like,9,4,3,0,576.66797,0.10997904,0.0026296379,221,143,0,37,0.60790489,0.6216923,3,0.050119623,0.024290806,gneiss,0.093642986,aquifer+aquitard+spring+runoff+karst,0.10329369,35.822665,0.28653259,25.618104,0.096258016,0.40906544,salt,0.076066157,0.00037357574,1,numinous,0,ice,-28.579121,leptosol,0.012763838,4,37.25,149,11.572956,1,0,6.1549147,-0.019542644,,,,,0.25733142,,,,,,,,,,,,,0,0,,,,,,,,,,,,,,,,,,,,,0.23529412,solar,13,organized,6.5333333,,1,true,,,,,,,1,1,0,,,,,,6.4667856,0.14679304,3.1079056,0.083052585,8,0.25010896,0.6036102,50,2,2,1510681.1,0,3,0.07925622,true,,,,,,,,,,,,,,,,,,,,,,,,,,,,,,,,,,,,,,,,,,,,,,,,,,,0,,-0.21494817,7,0,false,
