sluice-run: sluice-921beef713c4-20260905T225215Z started 2026-09-05T18:52:15-04:00 on lefford as pid 1021398 kind=stage
sluice-mouth: ADMIT codex/counterpart-full12-diagnostic 921beef713c4ef543cbbb5a75610c19b89f99190 (merge base is 11 commits behind origin/main)
sluice-mouth: OVERLAP — campaign/the-warp (held): 3 source path(s)
  overlap: docs/audits/campaign-reconciliation.tsv
  overlap: docs/audits/plumb-roster.md
  overlap: docs/audits/type-audit-report.md
sluice-mouth: this is ADVISORY. That candidate may never land; if it does, absorb main and resubmit.
sluice-mouth: OVERLAP — codex/counterpart-diagnostic (held): 1 source path(s)
  overlap: scripts/lane-outboard.sh
sluice-mouth: this is ADVISORY. That candidate may never land; if it does, absorb main and resubmit.
sluice-mouth: OVERLAP — campaign/the-lot (held): 7 source path(s)
  overlap: cli/tests/fixtures/world-build-sites.tsv
  overlap: docs/audits/plumb-roster.md
  overlap: docs/audits/trope-coverage-polti-1895.md
  overlap: docs/audits/trope-coverage-tvtropes-2012.md
  overlap: docs/audits/trope-matrix.md
  overlap: docs/audits/type-audit-report.md
  overlap: docs/generated-path-writes.tsv
sluice-mouth: this is ADVISORY. That candidate may never land; if it does, absorb main and resubmit.
sluice-run: queued for the staff (/tmp/hv-census.lock; up to 7200s) …
sluice-run: holds the staff at 2026-09-05T18:52:17-04:00 after 0s queued
HEAD is now at 5dbfefee3 chore(artifacts): regenerate after heavy
sluice-run: detached at 5dbfefee3 (origin/main)
sluice-run: no Sluice-Headline: trailer in origin/main..921beef713c4; falling back to the tip subject.
Auto-merging book/src/frontier/idea-registry.md
Auto-merging docs/timings.md
Merge made by the 'ort' strategy.
 IMPLEMENTATION_PLAN.md                             |   22 +
 book/src/frontier/idea-registry.md                 |    6 +-
 docs/audits/campaign-reconciliation.tsv            |    2 +
 .../ledgers/2026-09-05-the-counterpart.md          | 1099 +++++++++++
 .../plans/2026-09-05-the-counterpart.md            |  262 +++
 .../specs/2026-09-05-the-counterpart-design.md     |  389 ++++
 docs/timings.md                                    |   13 +
 scripts/charter-measure.sh                         |  507 +----
 scripts/charter_measure.py                         |  518 +++++
 scripts/lane-outboard.sh                           |   54 +
 scripts/test_charter_measure.py                    |   70 +
 tools/digest/Cargo.lock                            |   11 +
 tools/digest/experiments/the-counterpart/README.md |  289 +++
 .../the-counterpart/checker-derivation.md          |  100 +
 .../digest/experiments/the-counterpart/checker.py  |  196 ++
 .../digest/experiments/the-counterpart/compare.py  |  147 ++
 .../experiments/the-counterpart/contract.json      |   77 +
 .../evidence/controller/diagnostic-attempt-1.log   |   17 +
 .../evidence/controller/diagnostic-transport.patch |   18 +
 .../reviews/diagnostic-preparation-review.md       |   51 +
 .../evidence/controller/reviews/task-1-report.md   |   96 +
 .../evidence/controller/reviews/task-1-review.md   |   66 +
 .../evidence/controller/reviews/task-2-report.md   | 1984 ++++++++++++++++++++
 .../evidence/controller/reviews/task-2-review.md   |   51 +
 .../evidence/controller/reviews/task-3-report.md   |   65 +
 .../evidence/controller/reviews/task-3-review.md   |   52 +
 .../evidence/controller/reviews/task-4-report.md   |   49 +
 .../evidence/controller/reviews/task-4-review.md   |   47 +
 .../evidence/controller/reviews/task-5-report.md   |  180 ++
 .../controller/reviews/task-5-rereview-1.md        |   71 +
 .../evidence/controller/reviews/task-5-review.md   |   66 +
 .../controller/reviews/task-6-author-report.md     |  218 +++
 .../controller/reviews/task-6-author-review.md     |   49 +
 .../evidence/controller/reviews/task-6-report.md   |   88 +
 .../reviews/task5-unreserved-evidence-review.md    |   69 +
 .../controller/reviews/task6-source-author.md      |  205 ++
 .../controller/reviews/task6-source-review.md      |   51 +
 .../controller/reviews/task7-capture-inventory.md  |   82 +
 .../controller/reviews/task7-final-routing-prep.md |   68 +
 .../reviews/unreserved-review-validation.json      |  136 ++
 .../evidence/controller/stage-1.json               |   32 +
 .../evidence/controller/stage-2-diagnostic.json    |   52 +
 .../evidence/controller/stage-2.json               |   32 +
 .../archive-receipt.json                           |  115 ++
 .../dependency-preparation-mac/commit-receipt.json |    9 +
 .../diagnostic-transport.patch                     |   65 +
 .../qualification-receipt.json                     |   92 +
 .../dependency-preparation-mac/records.tar.gz      |  Bin 0 -> 38851 bytes
 .../evidence/dependency-preparation-mac/report.md  |   68 +
 .../transport-prepare.log                          |    1 +
 .../transport-prepare.py                           |   45 +
 .../evidence/full12-construction/git-audit.tar.gz  |  Bin 0 -> 24352 bytes
 .../evidence/full12-construction/receipt.json      |  135 ++
 .../independent-replay-invocation.sh               |   88 +
 .../independent-replay-provenance.md               |   15 +
 .../independent-source-only/archive-receipt.json   |   11 +
 .../independent-source-only/evidence-index.json    |  343 ++++
 .../independent-source-only/git-records.tar.gz     |  Bin 0 -> 39780 bytes
 .../independent-source-only/read-inventory.json    |   69 +
 .../source-only-receipt.json                       |  399 ++++
 .../linux-preparation-failure/archive-receipt.json |   89 +
 .../linux-preparation-failure/failed-command.json  |   51 +
 .../linux-preparation-failure/records.tar.gz       |  Bin 0 -> 35905 bytes
 .../linux-preparation-failure/stage-receipt.json   |   25 +
 .../evidence/mac-base-reserved/receipt.json        | 1067 +++++++++++
 .../evidence/mac-base-reserved/records.tar.gz      |  Bin 0 -> 915278 bytes
 .../the-counterpart/evidence/mac-base/cli.log      |    1 +
 .../the-counterpart/evidence/mac-base/receipt.json |  196 ++
 .../evidence/mac-base/records.tar.gz               |  Bin 0 -> 414268 bytes
 .../the-counterpart/evidence/mac-base/summary.json |   81 +
 .../evidence/reserved-author/attempt-01-build.json |   47 +
 .../reserved-author/attempt-02-observation.json    |   36 +
 .../reserved-author/author-interpretation.json     |   83 +
 .../reserved-author/observation.stderr.txt         |    0
 .../reserved-author/observation.stdout.json        |    1 +
 .../reserved-author/preregistration-hook.txt       |   89 +
 .../evidence/reserved-author/preregistration.json  |  114 ++
 .../reserved-author/qualification-console.txt      |    5 +
 .../reserved-author/qualification-context.json     |   14 +
 .../reserved-author/qualification-harness.py.txt   |  111 ++
 .../evidence/reserved-author/restoration.json      |   25 +
 .../attempt-01-startup-failure.txt                 |   10 +
 .../attempt-02-console.txt                         |   54 +
 .../audit-summary.json                             |   10 +
 .../driver-attempt-01.py.txt                       |  163 ++
 .../reserved-source-construction/driver.py.txt     |  163 ++
 .../09fcd3ea8cd54b1384e61f3e23a6793e.json          |   41 +
 .../21753b3ee8ba40929f83d341a5bff299.json          |   40 +
 .../228e850ed8b74684bf0ca385c595bf0b.json          |   43 +
 .../2796386f549a4ac8aaa5e6014c1dd388.json          |   40 +
 .../27c3fa98af734afb8107545b0883e9bf.json          |   42 +
 .../2c2a2015bc0d4851bb45beb943bb4543.json          |   41 +
 .../317f4c8ba4624c3c807b5d75e904408c.json          |   42 +
 .../6019e763d35f4173a0f4eccd18d94ce8.json          |   41 +
 .../69bc42803536427cb90944a23bb91163.json          |   40 +
 .../753b20f06b024891b3f25a703195398b.json          |   41 +
 .../75e4f1edc00247eb8a4923505d323ea8.json          |   39 +
 .../761151335e3a47e7bcc131218202e92f.json          |   40 +
 .../7aec9984f732458d92b7d55f463e7dc8.json          |   41 +
 .../8412a9ff1ad54bc6a53705779895fce0.json          |   39 +
 .../86cd8b56cfa84b4399f0f7196679e4d3.json          |   40 +
 .../8875318bbdf54a388d330a22484e1933.json          |   39 +
 .../88f3423f4d574b548835e845157d05a9.json          |   41 +
 .../928bcab9ff81453cb046585f2d3dd396.json          |   41 +
 .../92bb7780f2b7414787b966d9cc40f8ce.json          |   44 +
 .../96008eed6a2c4a7eba8edd00a798ae45.json          |   41 +
 .../9ecb3a3f3ea442a8abca6635d20c0f59.json          |   41 +
 .../a1d5293ceae94fc083714622e7c657c8.json          |   40 +
 .../a28e2221d70942ca8d8278fc2ddbebab.json          |   41 +
 .../a5fdd1fb43594d80acb65a430aed16d3.json          |   40 +
 .../a76d5b0e4fb741a388e70c610bbcdb44.json          |   40 +
 .../a81a935a0ca3432a8bfe6d29a6b6547e.json          |   43 +
 .../a86cc929524845d39c0a38e80f32c495.json          |   41 +
 .../b9b3c7152ca147aaacc645fb22fa6243.json          |   40 +
 .../bb91e8ba386b47e384c9e54f26aa1e94.json          |   42 +
 .../ca68398662c545d1b83498280616a1ac.json          |   41 +
 .../d8ee83262bf948be89dc9c6b13b7dc3a.json          |   41 +
 .../d9dd4f0828e74bb382c1f3f8c5a1a62c.json          |   39 +
 .../da1318ee87154690b8516f1117daf7c3.json          |   41 +
 .../da7b1c63227c4896b68f38173e21c69c.json          |   42 +
 .../e711586f6dc3446eb62b7e700f14bb3c.json          |   40 +
 .../e8904a66dff74d87b016f2b07ab73318.json          |   41 +
 .../f113bc12376e4ab4886be21f97ce86d0.json          |   40 +
 .../f17dc4723ff54387b9d6740a78837348.json          |   43 +
 .../f1d2494510524a499028384f12a4ed5b.json          |   40 +
 .../f38f64a3cdd74224ac0bca1a6533b5f4.json          |   42 +
 .../f8a5c2a4118642df841e205f990f26aa.json          |   40 +
 .../f939c14ca8244fe4a08477dd7851f029.json          |   43 +
 .../ff234cb597c2454bbf61461e3d3cb0d0.json          |   43 +
 .../reserved-source-construction/provenance.json   |   31 +
 .../reserved-source-construction/verification.json |   30 +
 .../evidence/runner-preparation/bundle-replay.json |   82 +
 .../runner-preparation/construction-panel.json     | 1182 ++++++++++++
 .../panel-before-review-fix-1.json                 | 1182 ++++++++++++
 .../evidence/settlement-author/base.stderr.txt     |    0
 .../evidence/settlement-author/base.stdout.json    |    1 +
 .../evidence/settlement-author/restoration.json    |   13 +
 .../settlement-author/restored-base.stderr.txt     |    0
 .../settlement-author/restored-base.stdout.json    |    1 +
 .../evidence/settlement-author/runs.json           |  106 ++
 .../settlement-collision.stderr.txt                |    0
 .../settlement-collision.stdout.json               |    1 +
 .../settlement-lender-rename.stderr.txt            |    7 +
 .../settlement-lender-rename.stdout.json           |    1 +
 .../settlement-author/settlement-safe.stderr.txt   |    0
 .../settlement-author/settlement-safe.stdout.json  |    1 +
 .../evidence/settlement-author/started.json        |    4 +
 .../evidence/settlement-author/validation.txt      |    5 +
 .../evidence/thing-author/attempts.json            |  435 +++++
 .../evidence/thing-author/source-integrity.json    |    8 +
 .../thing-author/thing-joint-claim-build.stderr    |    4 +
 .../thing-author/thing-joint-claim-build.stdout    |    0
 .../thing-author/thing-joint-claim-raw.stderr      |    0
 .../thing-author/thing-joint-claim-raw.stdout      |    1 +
 .../thing-author/thing-safe-addition-build.stderr  |   19 +
 .../thing-author/thing-safe-addition-build.stdout  |    0
 .../thing-author/thing-safe-addition-raw.stderr    |    0
 .../thing-author/thing-safe-addition-raw.stdout    |    1 +
 .../thing-author/thing-unusual-borrow-build.stderr |    4 +
 .../thing-author/thing-unusual-borrow-build.stdout |    0
 .../thing-author/thing-unusual-borrow-raw.stderr   |    0
 .../thing-author/thing-unusual-borrow-raw.stdout   |    1 +
 .../evidence/unreserved-linux/archive-receipt.json | 1333 +++++++++++++
 .../unreserved-linux/controller-validation.json    |  550 ++++++
 .../evidence/unreserved-linux/records.tar.gz       |  Bin 0 -> 10140392 bytes
 .../evidence/unreserved-linux/summary.json         | 1226 ++++++++++++
 .../digest/experiments/the-counterpart/freeze.json |  538 ++++++
 .../the-counterpart/owners/settlement.json         |  248 +++
 .../experiments/the-counterpart/owners/thing.json  |  351 ++++
 .../the-counterpart/panel-base-reserved.json       |  759 ++++++++
 .../experiments/the-counterpart/panel-full12.json  | 1241 ++++++++++++
 .../the-counterpart/panel-mac-base.json            |  703 +++++++
 .../digest/experiments/the-counterpart/panel.json  | 1184 ++++++++++++
 .../patches/reserved-inferred-owner.patch          |   25 +
 .../patches/settlement-collision.patch             |   12 +
 .../patches/settlement-lender-rename.patch         |   13 +
 .../the-counterpart/patches/settlement-safe.patch  |   12 +
 .../patches/thing-joint-claim.patch                |   26 +
 .../patches/thing-safe-addition.patch              |   26 +
 .../patches/thing-unusual-borrow.patch             |   35 +
 .../the-counterpart/reserved-source.json           |  105 ++
 tools/digest/experiments/the-counterpart/run.py    |  429 +++++
 .../the-counterpart/specimens-full12.bundle        |  Bin 0 -> 9823 bytes
 .../the-counterpart/specimens-reserved.bundle      |  Bin 0 -> 5443 bytes
 .../experiments/the-counterpart/specimens.bundle   |  Bin 0 -> 4642 bytes
 .../experiments/the-counterpart/test_checker.py    |  257 +++
 .../experiments/the-counterpart/test_compare.py    |   93 +
 .../digest/experiments/the-counterpart/test_run.py |  226 +++
 tools/digest/packages/counterpart/Cargo.toml       |   13 +
 tools/digest/packages/counterpart/src/lib.rs       |  146 ++
 tools/digest/packages/counterpart/src/main.rs      |    3 +
 191 files changed, 25473 insertions(+), 508 deletions(-)
 create mode 100644 IMPLEMENTATION_PLAN.md
 create mode 100644 docs/superpowers/ledgers/2026-09-05-the-counterpart.md
 create mode 100644 docs/superpowers/plans/2026-09-05-the-counterpart.md
 create mode 100644 docs/superpowers/specs/2026-09-05-the-counterpart-design.md
 create mode 100644 scripts/charter_measure.py
 create mode 100644 scripts/test_charter_measure.py
 create mode 100644 tools/digest/experiments/the-counterpart/README.md
 create mode 100644 tools/digest/experiments/the-counterpart/checker-derivation.md
 create mode 100644 tools/digest/experiments/the-counterpart/checker.py
 create mode 100644 tools/digest/experiments/the-counterpart/compare.py
 create mode 100644 tools/digest/experiments/the-counterpart/contract.json
 create mode 100644 tools/digest/experiments/the-counterpart/evidence/controller/diagnostic-attempt-1.log
 create mode 100644 tools/digest/experiments/the-counterpart/evidence/controller/diagnostic-transport.patch
 create mode 100644 tools/digest/experiments/the-counterpart/evidence/controller/reviews/diagnostic-preparation-review.md
 create mode 100644 tools/digest/experiments/the-counterpart/evidence/controller/reviews/task-1-report.md
 create mode 100644 tools/digest/experiments/the-counterpart/evidence/controller/reviews/task-1-review.md
 create mode 100644 tools/digest/experiments/the-counterpart/evidence/controller/reviews/task-2-report.md
 create mode 100644 tools/digest/experiments/the-counterpart/evidence/controller/reviews/task-2-review.md
 create mode 100644 tools/digest/experiments/the-counterpart/evidence/controller/reviews/task-3-report.md
 create mode 100644 tools/digest/experiments/the-counterpart/evidence/controller/reviews/task-3-review.md
 create mode 100644 tools/digest/experiments/the-counterpart/evidence/controller/reviews/task-4-report.md
 create mode 100644 tools/digest/experiments/the-counterpart/evidence/controller/reviews/task-4-review.md
 create mode 100644 tools/digest/experiments/the-counterpart/evidence/controller/reviews/task-5-report.md
 create mode 100644 tools/digest/experiments/the-counterpart/evidence/controller/reviews/task-5-rereview-1.md
 create mode 100644 tools/digest/experiments/the-counterpart/evidence/controller/reviews/task-5-review.md
 create mode 100644 tools/digest/experiments/the-counterpart/evidence/controller/reviews/task-6-author-report.md
 create mode 100644 tools/digest/experiments/the-counterpart/evidence/controller/reviews/task-6-author-review.md
 create mode 100644 tools/digest/experiments/the-counterpart/evidence/controller/reviews/task-6-report.md
 create mode 100644 tools/digest/experiments/the-counterpart/evidence/controller/reviews/task5-unreserved-evidence-review.md
 create mode 100644 tools/digest/experiments/the-counterpart/evidence/controller/reviews/task6-source-author.md
 create mode 100644 tools/digest/experiments/the-counterpart/evidence/controller/reviews/task6-source-review.md
 create mode 100644 tools/digest/experiments/the-counterpart/evidence/controller/reviews/task7-capture-inventory.md
 create mode 100644 tools/digest/experiments/the-counterpart/evidence/controller/reviews/task7-final-routing-prep.md
 create mode 100644 tools/digest/experiments/the-counterpart/evidence/controller/reviews/unreserved-review-validation.json
 create mode 100644 tools/digest/experiments/the-counterpart/evidence/controller/stage-1.json
 create mode 100644 tools/digest/experiments/the-counterpart/evidence/controller/stage-2-diagnostic.json
 create mode 100644 tools/digest/experiments/the-counterpart/evidence/controller/stage-2.json
 create mode 100644 tools/digest/experiments/the-counterpart/evidence/dependency-preparation-mac/archive-receipt.json
 create mode 100644 tools/digest/experiments/the-counterpart/evidence/dependency-preparation-mac/commit-receipt.json
 create mode 100644 tools/digest/experiments/the-counterpart/evidence/dependency-preparation-mac/diagnostic-transport.patch
 create mode 100644 tools/digest/experiments/the-counterpart/evidence/dependency-preparation-mac/qualification-receipt.json
 create mode 100644 tools/digest/experiments/the-counterpart/evidence/dependency-preparation-mac/records.tar.gz
 create mode 100644 tools/digest/experiments/the-counterpart/evidence/dependency-preparation-mac/report.md
 create mode 100644 tools/digest/experiments/the-counterpart/evidence/dependency-preparation-mac/transport-prepare.log
 create mode 100644 tools/digest/experiments/the-counterpart/evidence/dependency-preparation-mac/transport-prepare.py
 create mode 100644 tools/digest/experiments/the-counterpart/evidence/full12-construction/git-audit.tar.gz
 create mode 100644 tools/digest/experiments/the-counterpart/evidence/full12-construction/receipt.json
 create mode 100644 tools/digest/experiments/the-counterpart/evidence/independent-replay-invocation/independent-replay-invocation.sh
 create mode 100644 tools/digest/experiments/the-counterpart/evidence/independent-replay-invocation/independent-replay-provenance.md
 create mode 100644 tools/digest/experiments/the-counterpart/evidence/independent-source-only/archive-receipt.json
 create mode 100644 tools/digest/experiments/the-counterpart/evidence/independent-source-only/evidence-index.json
 create mode 100644 tools/digest/experiments/the-counterpart/evidence/independent-source-only/git-records.tar.gz
 create mode 100644 tools/digest/experiments/the-counterpart/evidence/independent-source-only/read-inventory.json
 create mode 100644 tools/digest/experiments/the-counterpart/evidence/independent-source-only/source-only-receipt.json
 create mode 100644 tools/digest/experiments/the-counterpart/evidence/linux-preparation-failure/archive-receipt.json
 create mode 100644 tools/digest/experiments/the-counterpart/evidence/linux-preparation-failure/failed-command.json
 create mode 100644 tools/digest/experiments/the-counterpart/evidence/linux-preparation-failure/records.tar.gz
 create mode 100644 tools/digest/experiments/the-counterpart/evidence/linux-preparation-failure/stage-receipt.json
 create mode 100644 tools/digest/experiments/the-counterpart/evidence/mac-base-reserved/receipt.json
 create mode 100644 tools/digest/experiments/the-counterpart/evidence/mac-base-reserved/records.tar.gz
 create mode 100644 tools/digest/experiments/the-counterpart/evidence/mac-base/cli.log
 create mode 100644 tools/digest/experiments/the-counterpart/evidence/mac-base/receipt.json
 create mode 100644 tools/digest/experiments/the-counterpart/evidence/mac-base/records.tar.gz
 create mode 100644 tools/digest/experiments/the-counterpart/evidence/mac-base/summary.json
 create mode 100644 tools/digest/experiments/the-counterpart/evidence/reserved-author/attempt-01-build.json
 create mode 100644 tools/digest/experiments/the-counterpart/evidence/reserved-author/attempt-02-observation.json
 create mode 100644 tools/digest/experiments/the-counterpart/evidence/reserved-author/author-interpretation.json
 create mode 100644 tools/digest/experiments/the-counterpart/evidence/reserved-author/observation.stderr.txt
 create mode 100644 tools/digest/experiments/the-counterpart/evidence/reserved-author/observation.stdout.json
 create mode 100644 tools/digest/experiments/the-counterpart/evidence/reserved-author/preregistration-hook.txt
 create mode 100644 tools/digest/experiments/the-counterpart/evidence/reserved-author/preregistration.json
 create mode 100644 tools/digest/experiments/the-counterpart/evidence/reserved-author/qualification-console.txt
 create mode 100644 tools/digest/experiments/the-counterpart/evidence/reserved-author/qualification-context.json
 create mode 100644 tools/digest/experiments/the-counterpart/evidence/reserved-author/qualification-harness.py.txt
 create mode 100644 tools/digest/experiments/the-counterpart/evidence/reserved-author/restoration.json
 create mode 100644 tools/digest/experiments/the-counterpart/evidence/reserved-source-construction/attempt-01-startup-failure.txt
 create mode 100644 tools/digest/experiments/the-counterpart/evidence/reserved-source-construction/attempt-02-console.txt
 create mode 100644 tools/digest/experiments/the-counterpart/evidence/reserved-source-construction/audit-summary.json
 create mode 100644 tools/digest/experiments/the-counterpart/evidence/reserved-source-construction/driver-attempt-01.py.txt
 create mode 100644 tools/digest/experiments/the-counterpart/evidence/reserved-source-construction/driver.py.txt
 create mode 100644 tools/digest/experiments/the-counterpart/evidence/reserved-source-construction/git-audit/09fcd3ea8cd54b1384e61f3e23a6793e.json
 create mode 100644 tools/digest/experiments/the-counterpart/evidence/reserved-source-construction/git-audit/21753b3ee8ba40929f83d341a5bff299.json
 create mode 100644 tools/digest/experiments/the-counterpart/evidence/reserved-source-construction/git-audit/228e850ed8b74684bf0ca385c595bf0b.json
 create mode 100644 tools/digest/experiments/the-counterpart/evidence/reserved-source-construction/git-audit/2796386f549a4ac8aaa5e6014c1dd388.json
 create mode 100644 tools/digest/experiments/the-counterpart/evidence/reserved-source-construction/git-audit/27c3fa98af734afb8107545b0883e9bf.json
 create mode 100644 tools/digest/experiments/the-counterpart/evidence/reserved-source-construction/git-audit/2c2a2015bc0d4851bb45beb943bb4543.json
 create mode 100644 tools/digest/experiments/the-counterpart/evidence/reserved-source-construction/git-audit/317f4c8ba4624c3c807b5d75e904408c.json
 create mode 100644 tools/digest/experiments/the-counterpart/evidence/reserved-source-construction/git-audit/6019e763d35f4173a0f4eccd18d94ce8.json
 create mode 100644 tools/digest/experiments/the-counterpart/evidence/reserved-source-construction/git-audit/69bc42803536427cb90944a23bb91163.json
 create mode 100644 tools/digest/experiments/the-counterpart/evidence/reserved-source-construction/git-audit/753b20f06b024891b3f25a703195398b.json
 create mode 100644 tools/digest/experiments/the-counterpart/evidence/reserved-source-construction/git-audit/75e4f1edc00247eb8a4923505d323ea8.json
 create mode 100644 tools/digest/experiments/the-counterpart/evidence/reserved-source-construction/git-audit/761151335e3a47e7bcc131218202e92f.json
 create mode 100644 tools/digest/experiments/the-counterpart/evidence/reserved-source-construction/git-audit/7aec9984f732458d92b7d55f463e7dc8.json
 create mode 100644 tools/digest/experiments/the-counterpart/evidence/reserved-source-construction/git-audit/8412a9ff1ad54bc6a53705779895fce0.json
 create mode 100644 tools/digest/experiments/the-counterpart/evidence/reserved-source-construction/git-audit/86cd8b56cfa84b4399f0f7196679e4d3.json
 create mode 100644 tools/digest/experiments/the-counterpart/evidence/reserved-source-construction/git-audit/8875318bbdf54a388d330a22484e1933.json
 create mode 100644 tools/digest/experiments/the-counterpart/evidence/reserved-source-construction/git-audit/88f3423f4d574b548835e845157d05a9.json
 create mode 100644 tools/digest/experiments/the-counterpart/evidence/reserved-source-construction/git-audit/928bcab9ff81453cb046585f2d3dd396.json
 create mode 100644 tools/digest/experiments/the-counterpart/evidence/reserved-source-construction/git-audit/92bb7780f2b7414787b966d9cc40f8ce.json
 create mode 100644 tools/digest/experiments/the-counterpart/evidence/reserved-source-construction/git-audit/96008eed6a2c4a7eba8edd00a798ae45.json
 create mode 100644 tools/digest/experiments/the-counterpart/evidence/reserved-source-construction/git-audit/9ecb3a3f3ea442a8abca6635d20c0f59.json
 create mode 100644 tools/digest/experiments/the-counterpart/evidence/reserved-source-construction/git-audit/a1d5293ceae94fc083714622e7c657c8.json
 create mode 100644 tools/digest/experiments/the-counterpart/evidence/reserved-source-construction/git-audit/a28e2221d70942ca8d8278fc2ddbebab.json
 create mode 100644 tools/digest/experiments/the-counterpart/evidence/reserved-source-construction/git-audit/a5fdd1fb43594d80acb65a430aed16d3.json
 create mode 100644 tools/digest/experiments/the-counterpart/evidence/reserved-source-construction/git-audit/a76d5b0e4fb741a388e70c610bbcdb44.json
 create mode 100644 tools/digest/experiments/the-counterpart/evidence/reserved-source-construction/git-audit/a81a935a0ca3432a8bfe6d29a6b6547e.json
 create mode 100644 tools/digest/experiments/the-counterpart/evidence/reserved-source-construction/git-audit/a86cc929524845d39c0a38e80f32c495.json
 create mode 100644 tools/digest/experiments/the-counterpart/evidence/reserved-source-construction/git-audit/b9b3c7152ca147aaacc645fb22fa6243.json
 create mode 100644 tools/digest/experiments/the-counterpart/evidence/reserved-source-construction/git-audit/bb91e8ba386b47e384c9e54f26aa1e94.json
 create mode 100644 tools/digest/experiments/the-counterpart/evidence/reserved-source-construction/git-audit/ca68398662c545d1b83498280616a1ac.json
 create mode 100644 tools/digest/experiments/the-counterpart/evidence/reserved-source-construction/git-audit/d8ee83262bf948be89dc9c6b13b7dc3a.json
 create mode 100644 tools/digest/experiments/the-counterpart/evidence/reserved-source-construction/git-audit/d9dd4f0828e74bb382c1f3f8c5a1a62c.json
 create mode 100644 tools/digest/experiments/the-counterpart/evidence/reserved-source-construction/git-audit/da1318ee87154690b8516f1117daf7c3.json
 create mode 100644 tools/digest/experiments/the-counterpart/evidence/reserved-source-construction/git-audit/da7b1c63227c4896b68f38173e21c69c.json
 create mode 100644 tools/digest/experiments/the-counterpart/evidence/reserved-source-construction/git-audit/e711586f6dc3446eb62b7e700f14bb3c.json
 create mode 100644 tools/digest/experiments/the-counterpart/evidence/reserved-source-construction/git-audit/e8904a66dff74d87b016f2b07ab73318.json
 create mode 100644 tools/digest/experiments/the-counterpart/evidence/reserved-source-construction/git-audit/f113bc12376e4ab4886be21f97ce86d0.json
 create mode 100644 tools/digest/experiments/the-counterpart/evidence/reserved-source-construction/git-audit/f17dc4723ff54387b9d6740a78837348.json
 create mode 100644 tools/digest/experiments/the-counterpart/evidence/reserved-source-construction/git-audit/f1d2494510524a499028384f12a4ed5b.json
 create mode 100644 tools/digest/experiments/the-counterpart/evidence/reserved-source-construction/git-audit/f38f64a3cdd74224ac0bca1a6533b5f4.json
 create mode 100644 tools/digest/experiments/the-counterpart/evidence/reserved-source-construction/git-audit/f8a5c2a4118642df841e205f990f26aa.json
 create mode 100644 tools/digest/experiments/the-counterpart/evidence/reserved-source-construction/git-audit/f939c14ca8244fe4a08477dd7851f029.json
 create mode 100644 tools/digest/experiments/the-counterpart/evidence/reserved-source-construction/git-audit/ff234cb597c2454bbf61461e3d3cb0d0.json
 create mode 100644 tools/digest/experiments/the-counterpart/evidence/reserved-source-construction/provenance.json
 create mode 100644 tools/digest/experiments/the-counterpart/evidence/reserved-source-construction/verification.json
 create mode 100644 tools/digest/experiments/the-counterpart/evidence/runner-preparation/bundle-replay.json
 create mode 100644 tools/digest/experiments/the-counterpart/evidence/runner-preparation/construction-panel.json
 create mode 100644 tools/digest/experiments/the-counterpart/evidence/runner-preparation/panel-before-review-fix-1.json
 create mode 100644 tools/digest/experiments/the-counterpart/evidence/settlement-author/base.stderr.txt
 create mode 100644 tools/digest/experiments/the-counterpart/evidence/settlement-author/base.stdout.json
 create mode 100644 tools/digest/experiments/the-counterpart/evidence/settlement-author/restoration.json
 create mode 100644 tools/digest/experiments/the-counterpart/evidence/settlement-author/restored-base.stderr.txt
 create mode 100644 tools/digest/experiments/the-counterpart/evidence/settlement-author/restored-base.stdout.json
 create mode 100644 tools/digest/experiments/the-counterpart/evidence/settlement-author/runs.json
 create mode 100644 tools/digest/experiments/the-counterpart/evidence/settlement-author/settlement-collision.stderr.txt
 create mode 100644 tools/digest/experiments/the-counterpart/evidence/settlement-author/settlement-collision.stdout.json
 create mode 100644 tools/digest/experiments/the-counterpart/evidence/settlement-author/settlement-lender-rename.stderr.txt
 create mode 100644 tools/digest/experiments/the-counterpart/evidence/settlement-author/settlement-lender-rename.stdout.json
 create mode 100644 tools/digest/experiments/the-counterpart/evidence/settlement-author/settlement-safe.stderr.txt
 create mode 100644 tools/digest/experiments/the-counterpart/evidence/settlement-author/settlement-safe.stdout.json
 create mode 100644 tools/digest/experiments/the-counterpart/evidence/settlement-author/started.json
 create mode 100644 tools/digest/experiments/the-counterpart/evidence/settlement-author/validation.txt
 create mode 100644 tools/digest/experiments/the-counterpart/evidence/thing-author/attempts.json
 create mode 100644 tools/digest/experiments/the-counterpart/evidence/thing-author/source-integrity.json
 create mode 100644 tools/digest/experiments/the-counterpart/evidence/thing-author/thing-joint-claim-build.stderr
 create mode 100644 tools/digest/experiments/the-counterpart/evidence/thing-author/thing-joint-claim-build.stdout
 create mode 100644 tools/digest/experiments/the-counterpart/evidence/thing-author/thing-joint-claim-raw.stderr
 create mode 100644 tools/digest/experiments/the-counterpart/evidence/thing-author/thing-joint-claim-raw.stdout
 create mode 100644 tools/digest/experiments/the-counterpart/evidence/thing-author/thing-safe-addition-build.stderr
 create mode 100644 tools/digest/experiments/the-counterpart/evidence/thing-author/thing-safe-addition-build.stdout
 create mode 100644 tools/digest/experiments/the-counterpart/evidence/thing-author/thing-safe-addition-raw.stderr
 create mode 100644 tools/digest/experiments/the-counterpart/evidence/thing-author/thing-safe-addition-raw.stdout
 create mode 100644 tools/digest/experiments/the-counterpart/evidence/thing-author/thing-unusual-borrow-build.stderr
 create mode 100644 tools/digest/experiments/the-counterpart/evidence/thing-author/thing-unusual-borrow-build.stdout
 create mode 100644 tools/digest/experiments/the-counterpart/evidence/thing-author/thing-unusual-borrow-raw.stderr
 create mode 100644 tools/digest/experiments/the-counterpart/evidence/thing-author/thing-unusual-borrow-raw.stdout
 create mode 100644 tools/digest/experiments/the-counterpart/evidence/unreserved-linux/archive-receipt.json
 create mode 100644 tools/digest/experiments/the-counterpart/evidence/unreserved-linux/controller-validation.json
 create mode 100644 tools/digest/experiments/the-counterpart/evidence/unreserved-linux/records.tar.gz
 create mode 100644 tools/digest/experiments/the-counterpart/evidence/unreserved-linux/summary.json
 create mode 100644 tools/digest/experiments/the-counterpart/freeze.json
 create mode 100644 tools/digest/experiments/the-counterpart/owners/settlement.json
 create mode 100644 tools/digest/experiments/the-counterpart/owners/thing.json
 create mode 100644 tools/digest/experiments/the-counterpart/panel-base-reserved.json
 create mode 100644 tools/digest/experiments/the-counterpart/panel-full12.json
 create mode 100644 tools/digest/experiments/the-counterpart/panel-mac-base.json
 create mode 100644 tools/digest/experiments/the-counterpart/panel.json
 create mode 100644 tools/digest/experiments/the-counterpart/patches/reserved-inferred-owner.patch
 create mode 100644 tools/digest/experiments/the-counterpart/patches/settlement-collision.patch
 create mode 100644 tools/digest/experiments/the-counterpart/patches/settlement-lender-rename.patch
 create mode 100644 tools/digest/experiments/the-counterpart/patches/settlement-safe.patch
 create mode 100644 tools/digest/experiments/the-counterpart/patches/thing-joint-claim.patch
 create mode 100644 tools/digest/experiments/the-counterpart/patches/thing-safe-addition.patch
 create mode 100644 tools/digest/experiments/the-counterpart/patches/thing-unusual-borrow.patch
 create mode 100644 tools/digest/experiments/the-counterpart/reserved-source.json
 create mode 100644 tools/digest/experiments/the-counterpart/run.py
 create mode 100644 tools/digest/experiments/the-counterpart/specimens-full12.bundle
 create mode 100644 tools/digest/experiments/the-counterpart/specimens-reserved.bundle
 create mode 100644 tools/digest/experiments/the-counterpart/specimens.bundle
 create mode 100644 tools/digest/experiments/the-counterpart/test_checker.py
 create mode 100644 tools/digest/experiments/the-counterpart/test_compare.py
 create mode 100644 tools/digest/experiments/the-counterpart/test_run.py
 create mode 100644 tools/digest/packages/counterpart/Cargo.toml
 create mode 100644 tools/digest/packages/counterpart/src/lib.rs
 create mode 100644 tools/digest/packages/counterpart/src/main.rs

post-merge: this merge touched generated artifacts.

  docs/audits/campaign-reconciliation.tsv

A generated artifact has no meaningful merge — it is a rendering of code,
so a text merge of two regenerated copies can be a valid merge of neither.
Nothing in 'make gate' checks this, and there is no CI (decision 0125).

Regenerate and confirm the tree is clean before building on this merge:
    make rebaseline
    git diff --exit-code -- $(grep -v '^#' docs/generated-paths.txt | grep -v '^$' | cut -f1)

sluice-run: merge product is f8796bb0df318f2b2b56d6aaf80f1eb934526e49
sluice-run: === phase artifacts ===
regenerate-artifacts: GROUP A — world builders (parallel)
world of seed 42 written to /tmp/hv-regen.h9u7KH/hv-locked.json (15493 facts; village: Shaxasqashax)
world of seed 42 written to /tmp/hv-regen.h9u7KH/hv-sky.json (21728 facts; village: Doaba)
regenerate-artifacts: GROUP B+C — world readers and world-free dumps (parallel)
[0m[32mTask[0m [0m[36mbuild[0m deno bundle --platform browser --minify -o ../../book/src/gallery/atlas.js src/main.ts
⚠️  [0m[36mdeno bundle[0m is experimental and subject to changes
[0m[32mBundled[0m 5 modules in 22ms
  [0m[36m../../book/src/gallery/atlas.js[0m [0m[38;5;245m6.85KB[0m

first light artifacts written to book/src/gallery

running 1 test
.
test result: ok. 1 passed; 0 failed; 0 ignored; 0 measured; 320 filtered out; finished in 0.01s

coverage — volume 1: unrendered predicates: anchor-mass-earth, anchor-orbit-au, biome, breakup-age, brightening-per-gyr, cell-id, cult-form, deity-epithet, deity-epithet-ipa, deity-name, deity-name-ipa, derived-from-phenomenon, eccentricity-mean, figure-count, fossil-shoreline, founding-solstice-azimuth-degrees, frost-retreat, glacial-maximum-era, greenhouse-forcing-k, hab-zone-inner-au, hab-zone-outer-au, has-caste, held-by, highest-elevation-m, history-now, insolation-rel, is-belief, is-neighbor, is-occupation, is-person, is-place, is-ruin, is-settlement, kin-of, latitude, longitude, max-ice-fraction, moon-age-gyr, moon-angular-size-rel, moon-density, moon-distance-mm, moon-formation, moon-inclination-degrees, moon-mass-lunar, moon-node-longitude-degrees, moon-node-period-days, moon-period-std, moon-tide-rel, name, name-gloss, neighbor-brightness-rel, neighbor-class, neighbor-declination-deg, neighbor-distance-ly, neighbor-ra-deg, obliquity-amplitude, obliquity-degrees, occ-cause, occ-delve-depth, occ-ended, occ-ended-by, occ-founded, occ-founded-from, occ-function, occ-notability, occ-peak, occ-people, occ-site, occ-tech, ocean-fraction, parent-of, pays-tribute-to, peopled-by, person-born, person-died, person-founded, plate-count, population, refugium, rifted-from, sea-level-m, sentiment, sky-provider, species-activity-cycle, species-deliberation-latency, species-exotic-manner, species-in-group-radius, species-labiality, species-name, species-night-vision, species-sibilance, species-sky-attention, species-sociality-mode, species-status-basis, species-threat-response, species-time-horizon, species-tonality, species-voice-loudness, species-voicing, species-vowel-space, spreading-rate, star-age-gyr, star-luminosity-solar, star-mass-solar, subsistence, wanderer-class, wanderer-count, wanderer-orbit-au, wanderer-period-std, year-length-std
coverage — volume 2: unrendered predicates: anchor-mass-earth, anchor-orbit-au, biome, breakup-age, brightening-per-gyr, cell-id, cult-form, deity-epithet, deity-epithet-ipa, deity-name, deity-name-ipa, derived-from-phenomenon, eccentricity-mean, figure-count, figure-members, figure-on-ecliptic, figure-region, fossil-shoreline, founding-solstice-azimuth-degrees, frost-retreat, glacial-maximum-era, greenhouse-forcing-k, hab-zone-inner-au, hab-zone-outer-au, has-caste, held-by, highest-elevation-m, history-now, insolation-rel, is-belief, is-neighbor, is-occupation, is-person, is-place, is-ruin, is-settlement, kin-of, latitude, longitude, max-ice-fraction, moon-age-gyr, moon-angular-size-rel, moon-density, moon-distance-mm, moon-formation, moon-inclination-degrees, moon-mass-lunar, moon-node-longitude-degrees, moon-node-period-days, moon-period-std, moon-tide-rel, name, name-gloss, neighbor-brightness-rel, neighbor-class, neighbor-declination-deg, neighbor-distance-ly, neighbor-ra-deg, obliquity-amplitude, obliquity-degrees, occ-cause, occ-delve-depth, occ-ended, occ-ended-by, occ-founded, occ-founded-from, occ-function, occ-notability, occ-peak, occ-people, occ-site, occ-tech, ocean-fraction, parent-of, pays-tribute-to, peopled-by, person-born, person-died, person-founded, plate-count, population, refugium, rifted-from, sea-level-m, sentiment, sky-provider, species-activity-cycle, species-deliberation-latency, species-exotic-manner, species-in-group-radius, species-labiality, species-name, species-night-vision, species-sibilance, species-sky-attention, species-sociality-mode, species-status-basis, species-threat-response, species-time-horizon, species-tonality, species-voice-loudness, species-voicing, species-vowel-space, spreading-rate, star-age-gyr, star-luminosity-solar, star-mass-solar, subsistence, wanderer-class, wanderer-count, wanderer-orbit-au, wanderer-period-std, year-length-std
coverage — volume 3: unrendered predicates: anchor-mass-earth, anchor-orbit-au, biome, breakup-age, brightening-per-gyr, cell-id, cult-form, deity-epithet, deity-epithet-ipa, deity-name, deity-name-ipa, derived-from-phenomenon, eccentricity-mean, figure-count, figure-members, figure-region, fossil-shoreline, founding-solstice-azimuth-degrees, frost-retreat, glacial-maximum-era, greenhouse-forcing-k, hab-zone-inner-au, hab-zone-outer-au, has-caste, held-by, highest-elevation-m, history-now, insolation-rel, is-belief, is-neighbor, is-occupation, is-person, is-place, is-ruin, is-settlement, kin-of, latitude, longitude, max-ice-fraction, moon-age-gyr, moon-angular-size-rel, moon-density, moon-distance-mm, moon-formation, moon-inclination-degrees, moon-mass-lunar, moon-node-longitude-degrees, moon-node-period-days, moon-period-std, moon-tide-rel, name, name-gloss, neighbor-brightness-rel, neighbor-class, neighbor-declination-deg, neighbor-distance-ly, neighbor-ra-deg, obliquity-amplitude, obliquity-degrees, occ-cause, occ-delve-depth, occ-ended, occ-ended-by, occ-founded, occ-founded-from, occ-function, occ-notability, occ-peak, occ-people, occ-site, occ-tech, ocean-fraction, parent-of, pays-tribute-to, peopled-by, person-born, person-died, person-founded, plate-count, population, refugium, rifted-from, sea-level-m, sentiment, sky-provider, species-activity-cycle, species-deliberation-latency, species-exotic-manner, species-in-group-radius, species-labiality, species-name, species-night-vision, species-sibilance, species-sky-attention, species-sociality-mode, species-status-basis, species-threat-response, species-time-horizon, species-tonality, species-voice-loudness, species-voicing, species-vowel-space, spreading-rate, star-age-gyr, star-luminosity-solar, star-mass-solar, subsistence, wanderer-class, wanderer-count, wanderer-orbit-au, wanderer-period-std, year-length-std
regenerate-artifacts: GROUP D — lab studies (serial)
regenerate-artifacts: the chorus study (C4/LANG-41, 50 seeds; live, not a census)
study the-chorus: 50 rows, 0 refusals; summary + 8 charts published.
regenerate-artifacts: censuses SKIPPED (HV_CENSUS=1 on the canonical box to refresh; ~7 min, decision 0063)
regenerate-artifacts: re-deriving census schemas from the current registry
regenerate-artifacts: the domesday survey
domesday: 1000 worlds, 12 domains, 172 findings -> book/src/domesday
regenerate-artifacts: the anomaly report
anomalies: 1000 worlds ranked, 51 columns excluded -> book/src/domesday/anomalies.md
regenerate-artifacts: done.
regenerate-artifacts: capturing the write set -> docs/generated-path-writes.tsv
timed.sh: 'sluice:artifacts' wall=232.030s user=974.758s sys=27.636s cpu_ratio=4.32 (recorded) rc=0
sluice-run: committed tracked drift from artifacts
sluice-run: === phase outboard ===
== outboard: tools/board
    Finished `test` profile [unoptimized + debuginfo] target(s) in 0.07s
     Running unittests src/lib.rs (tools/board/target/debug/deps/board-40eb954c28e024e1)

running 178 tests
test digest::tests::a_reply_older_than_its_ask_does_not_answer_it ... ok
test digest::tests::a_single_ask_with_a_later_reply_in_its_thread_is_answered ... ok
test digest::tests::a_single_ask_with_no_reply_is_unanswered ... ok
test digest::tests::an_ask_is_answered_per_ask_not_per_thread_so_a_later_question_still_shows_unanswered ... ok
test digest::tests::an_ask_with_no_thread_field_is_always_unanswered ... ok
test digest::tests::an_empty_board_digests_to_a_plain_statement_not_an_error ... ok
test digest::tests::the_digest_groups_by_kind_and_counts_authors ... ok
test live::tests::a_claim_from_another_host_is_not_judged_by_our_process_table ... ok
test live::tests::a_claim_inside_its_ttl_with_a_live_pid_is_live ... ok
test live::tests::a_claim_past_its_ttl_is_expired_and_says_why ... ok
test live::tests::a_claim_whose_pid_is_dead_is_expired_inside_its_ttl ... ok
test live::tests::a_claim_with_a_non_numeric_ttl_stays_live_and_is_reported_as_the_hazard_it_is ... ok
test live::tests::a_foreign_claim_inside_its_ttl_is_live_but_never_locally_verified ... ok
test live::tests::a_foreign_claim_past_its_ttl_expires ... ok
test live::tests::a_foreign_notice_renders_even_though_its_branch_does_not_resolve_here ... ok
test live::tests::a_local_claim_is_still_judged_against_this_hosts_process_table ... ok
test live::tests::a_notice_from_a_vanished_branch_is_expired ... ok
test live::tests::a_retracted_post_is_not_reported_as_redacted ... ok
test live::tests::a_redacted_post_is_suppressed_and_is_not_reported_as_retracted ... ok
test live::tests::a_retracted_post_is_retracted_whatever_else_is_true ... ok
test live::tests::a_technique_post_never_expires ... ok
test live::tests::is_reapable_does_not_drop_an_unresolved_notice_within_the_grace_period ... ok
test live::tests::is_reapable_drops_a_notice_whose_branch_resolves_and_is_merged_regardless_of_age ... ok
test live::tests::is_reapable_drops_a_retracted_post_regardless_of_kind ... ok
test live::tests::is_reapable_drops_the_same_unresolved_notice_once_past_the_grace_period ... ok
test live::tests::is_reapable_never_drops_a_durable_technique_post ... ok
test live::tests::is_reapable_still_drops_a_claim_past_its_ttl ... ok
test live::tests::parse_worktree_branches_of_empty_output_is_an_empty_set ... ok
test live::tests::parse_worktree_branches_ignores_error_shaped_text_without_panicking ... ok
test live::tests::parse_worktree_branches_reads_real_porcelain_output ... ok
test live::tests::pid_probe_alive_fails_open_when_ps_cannot_be_spawned_at_all ... ok
test post::tests::a_non_numeric_ttl_or_pid_is_reported_rather_than_silently_ignored ... ok
test post::tests::a_numeric_or_absent_ttl_reports_nothing ... ok
test post::tests::a_post_carrying_a_credential_shape_is_refused ... ok
test post::tests::a_post_missing_kind_or_by_is_rejected ... ok
test post::tests::a_present_but_blank_kind_or_by_is_rejected_by_the_explicit_guards ... ok
test post::tests::an_ordinary_technique_post_is_not_refused ... ok
test live::tests::pid_probe_alive_trusts_a_failing_ps_exit_status ... ok
test post::tests::canonical_bytes_are_stable_across_construction_order ... ok
test post::tests::an_unknown_kind_and_unknown_fields_round_trip_byte_identically ... ok
test post::tests::canonical_bytes_rejects_a_blank_by ... ok
test post::tests::canonical_bytes_rejects_a_blank_kind ... ok
test post::tests::canonical_bytes_output_always_reparses_across_a_table_of_posts ... ok
test live::tests::pid_probe_alive_trusts_a_successful_ps_exit_status ... ok
test post::tests::canonical_bytes_rejects_a_reserved_by_key_in_extra ... ok
test post::tests::canonical_bytes_rejects_a_reserved_kind_key_in_extra ... ok
test post::tests::canonical_bytes_rejects_a_whitespace_only_by ... ok
test post::tests::paths_reads_a_string_array_and_tolerates_its_absence ... ok
test relevance::tests::a_notice_is_relevant_when_its_path_prefixes_a_changed_file ... ok
test relevance::tests::a_notice_whose_paths_miss_everything_is_not_relevant ... ok
test relevance::tests::a_notice_with_no_paths_is_relevant_to_everyone ... ok
test relevance::tests::a_path_scoped_post_is_relevant_when_the_reader_has_no_changed_paths ... ok
test relevance::tests::cap_keeps_the_newest_posts_and_elides_the_oldest ... ok
test git::tests::rev_parse_verify_reports_absence_as_none_not_an_error ... ok
test git::tests::hash_object_is_content_addressed_and_writes_the_object ... ok
test render::tests::a_foreign_claims_prefix_names_its_origin_and_says_unverifiable_exactly ... ok
test render::tests::a_foreign_claims_unverifiable_marker_survives_the_session_start_truncation_cap ... ok
test render::tests::a_long_post_is_truncated_per_post_not_just_in_total ... ok
test render::tests::a_post_containing_the_closing_delimiter_cannot_break_out_of_the_frame ... ok
test render::tests::a_redact_post_is_dropped_by_live_posts_not_rendered ... ok
test render::tests::a_redacted_body_is_dropped_even_though_nothing_evicted_it ... ok
test render::tests::a_retracted_post_is_dropped_by_live_posts_not_rendered ... ok
test git::tests::a_failing_git_command_carries_the_physical_reason ... ok
test live::tests::is_reapable_never_drops_a_notice_authored_by_main ... ok
test render::tests::a_verbose_hold_off_is_still_greppable_by_the_submission_under_the_full_cap ... ok
test live::tests::a_notice_authored_by_main_is_live_because_main_is_never_superseded ... ok
test render::tests::an_empty_board_renders_nothing_at_all ... ok
test render::tests::an_unconventional_field_still_renders_between_the_leading_and_trailing_ones ... ok
test render::tests::an_expired_post_is_dropped_before_render_ever_sees_it ... ok
test render::tests::an_unknown_kind_renders_generically_rather_than_vanishing ... ok
test render::tests::attribution_and_some_body_coexist_when_the_prefix_leaves_room ... ok
test relevance::tests::the_cursor_lives_in_per_worktree_private_state ... ok
test render::tests::attribution_survives_a_kind_long_enough_to_consume_the_whole_cap ... ok
test render::tests::every_rendered_post_names_its_author ... ok
test render::tests::peer_status_covers_a_host_present_in_only_one_of_the_two_inputs ... ok
test live::tests::is_reapable_never_drops_a_notice_from_a_newborn_branch ... ok
test live::tests::a_notice_from_a_branch_with_no_commits_of_its_own_is_live ... ok
test render::tests::peer_status_is_empty_with_no_known_peers_in_either_input ... ok
test render::tests::peer_status_reports_a_synced_peers_mirror_age_and_content_age_together ... ok
test render::tests::polarity_survives_a_note_long_enough_to_exhaust_the_per_post_cap ... ok
test render::tests::peer_status_names_a_never_synced_peer_with_no_posts_seen_explicitly ... ok
test render::tests::full_renders_everything_and_elides_nothing ... ok
test render::tests::post_budget_reserves_the_delimiter_and_elision_lines ... ok
test render::tests::render_is_pure_and_needs_no_context_or_git ... ok
test render::tests::the_delimiter_cannot_be_smuggled_through_kind_or_by_either ... ok
test render::tests::with_peer_header_prepends_when_there_is_something_else_to_show ... ok
test render::tests::with_peer_header_suppresses_the_header_when_the_body_is_empty ... ok
test render::tests::the_render_is_delimited_and_declares_itself_untrusted ... ok
test digest::tests::the_digest_fails_loud_where_the_ambient_render_stays_quiet ... ok
test render::tests::the_session_start_render_obeys_its_line_budget_and_says_what_it_elided ... ok
test live::tests::a_hostname_colliding_peer_claims_pid_cannot_rescue_a_dead_local_claim ... ok
test store::tests::a_git_failure_is_an_error_not_an_empty_board ... ok
test live::tests::probe_never_resolves_a_foreign_authors_branch_at_all ... ok
test live::tests::probe_treats_a_nonexistent_branch_as_not_live ... ok
test live::tests::a_notice_from_a_diverged_unmerged_branch_is_live ... ok
test live::tests::a_notice_from_a_newborn_branch_with_a_live_worktree_stays_live_after_main_advances ... ok
test live::tests::a_notice_from_a_squash_merged_branch_stays_live_by_design ... ok
test relevance::tests::cap_never_shrinks_below_what_filter_selected_when_under_budget ... ok
test live::tests::probe_is_not_fooled_by_a_same_named_tag_that_is_merged ... ok
test live::tests::probe_treats_an_unmerged_branch_as_live ... ok
test live::tests::a_notice_from_a_genuinely_merged_branch_still_stops_rendering ... ok
test relevance::tests::a_displayed_includes_a_broadcast_post_with_no_paths_when_unseen ... ok
test live::tests::probe_treats_a_merged_branch_as_not_live ... ok
test relevance::tests::a_displayed_shows_a_path_scoped_hold_off_to_a_reader_with_no_changed_paths ... ok
test digest::tests::one_unparseable_post_in_history_does_not_hide_the_digest ... ok
test render::tests::a_suggest_post_is_digest_only ... ok
test relevance::tests::recording_prunes_ids_no_longer_present_at_the_tip ... ok
test store::tests::a_duplicate_append_does_not_grow_the_commit_chain ... ok
test store::tests::each_redact_outcome_says_something_different_and_says_suppression_still_applies ... ok
test relevance::tests::a_displayed_with_no_relevant_posts_is_empty_and_records_nothing ... ok
test store::tests::cas_reports_a_real_error_on_a_nonexistent_object ... ok
test digest::tests::the_digest_reads_history_so_a_reaped_post_still_appears ... ok
test store::tests::a_peer_ref_naming_an_absent_object_is_skipped_with_a_warning_not_fatal ... ok
test relevance::tests::recording_does_not_prune_a_peer_ref_post_so_a_foreign_post_renders_once ... ok
test relevance::tests::recording_is_cumulative_across_calls ... ok
test store::tests::append_creates_the_ref_and_touches_no_working_tree ... ok
test digest::tests::the_digest_reports_that_a_redaction_happened_without_the_body ... ok
test store::tests::a_malformed_post_filename_is_skipped_not_a_reason_to_blank_the_whole_board ... ok
test relevance::tests::recording_only_the_displayed_posts_leaves_a_relevance_filtered_post_unseen ... ok
test store::tests::a_post_that_parses_but_fails_the_attribution_guard_is_also_skipped_not_fatal ... ok
test digest::tests::the_digest_tallies_corroboration_per_technique ... ok
test relevance::tests::cap_at_exactly_the_budget_elides_nothing ... ok
test store::tests::cas_reports_a_real_error_on_a_permanent_df_conflict ... ok
test store::tests::a_snapshot_is_a_frozen_reading_the_reap_cannot_widen ... ok
test store::tests::the_union_is_ordered_oldest_first_across_refs ... ok
test store::tests::the_union_keeps_the_earliest_time_and_the_first_refs_origin_for_one_id ... ok
test store::tests::a_read_unions_the_local_log_with_every_peer_ref ... ok
test store::tests::cat_file_batch_never_panics_on_a_non_full_oid_even_when_called_directly ... ok
test sync::tests::a_fetch_refspec_carries_the_required_leading_plus ... ok
test store::tests::a_peer_ref_that_points_at_a_tree_is_skipped_with_a_warning_not_fatal ... ok
test sync::tests::a_non_rejection_failure_is_passed_through_without_the_collision_hypothesis ... ok
test store::tests::append_propagates_a_permanent_failure_without_exhausting_attempts ... ok
test sync::tests::a_push_is_never_forced ... ok
test sync::tests::a_rejected_push_names_the_hostname_collision_hypothesis ... ok
test store::tests::an_ambiguous_status_token_costs_one_id_not_the_rest_of_the_chunk ... ok
test relevance::tests::unseen_reports_only_ids_not_yet_recorded_as_shown ... ok
test sync::tests::foreign_host_can_never_collide_with_the_real_host ... ok
test store::tests::a_stale_baseline_loses_the_swap_rather_than_overwriting_the_tip ... ok
test render::tests::confirm_and_stale_are_also_digest_only ... ok
test digest::tests::a_stale_post_against_a_notice_is_not_silently_invisible ... ok
test digest::tests::history_unions_peer_refs_so_the_human_view_does_not_lag_the_ambient_one ... ok
test store::tests::cas_reports_a_lost_race_when_the_ref_moved_away_from_the_expected_old_value ... ok
test digest::tests::a_redacted_ask_keeps_its_act_reported_but_loses_its_body ... ok
test store::tests::appends_accumulate_and_never_reroot ... ok
test store::tests::cat_file_batch_frames_by_byte_length_not_by_newlines ... ok
test digest::tests::history_dedupes_a_reap_then_repost_of_identical_content_keeping_the_earliest_committed_at ... ok
test sync::tests::peer_content_ages_is_none_for_a_dangling_mirror_ref_not_an_error ... ok
test relevance::tests::cap_one_over_the_budget_elides_exactly_one ... ok
test sync::tests::a_self_recorded_sync_time_is_never_reported_as_a_peer ... ok
test store::tests::cat_file_batch_returns_every_requested_object_and_skips_a_missing_one ... ok
test sync::tests::record_sync_lives_in_the_common_dir_not_the_per_worktree_one ... ok
test sync::tests::a_never_synced_peer_is_distinguishable_from_a_just_synced_one ... ok
test store::tests::cas_treats_a_deleted_ref_as_permanent_not_a_lost_race ... ok
test sync::tests::a_peer_known_only_from_a_mirror_ref_reads_as_never_synced ... ok
test store::tests::reap_with_nothing_dead_is_a_no_op_and_does_not_commit ... ok
test store::tests::the_union_skips_this_hosts_own_mirror_so_a_reaped_post_cannot_return ... ok
test sync::tests::peer_content_ages_reports_how_long_since_the_peer_actually_posted ... ok
test store::tests::the_same_post_appended_twice_is_one_file ... ok
test store::tests::evict_target_loses_the_swap_on_a_stale_snapshot_and_leaves_the_tip_untouched ... ok
test store::tests::a_post_appended_after_the_snapshot_loses_the_reap_cas_and_is_not_dropped ... ok
test store::tests::one_unparseable_post_does_not_hide_the_rest_of_the_board ... ok
test sync::tests::sync_failure_is_never_fatal_and_the_local_post_stands ... ok
test relevance::tests::what_the_cap_keeps_is_exactly_what_gets_recorded_as_shown ... ok
test store::tests::reap_does_not_drop_an_unresolved_notice_within_the_grace_period_the_hazard_regression ... ok
test store::tests::exhaustion_is_loud_and_names_the_ref_and_the_post ... ok
test store::tests::reap_and_snapshot_never_see_a_peer_ref ... ok
test store::tests::reap_still_drops_a_claim_past_its_ttl ... ok
test store::tests::reap_drops_the_same_unresolved_notice_once_past_the_grace_period ... ok
test store::tests::redact_is_idempotent_and_retries_the_eviction_on_a_second_call ... ok
test store::tests::the_union_deduplicates_a_post_present_in_two_refs ... ok
test store::tests::reap_does_not_dirty_the_working_tree ... ok
test store::tests::reap_drops_a_notice_whose_branch_resolves_and_is_merged_regardless_of_age ... ok
test store::tests::redact_evicts_from_the_tip_but_history_still_holds_the_post ... ok
test store::tests::redact_reports_which_of_the_three_outcomes_it_landed_in ... ok
test digest::tests::history_reads_every_post_in_the_window_in_one_batch ... ok
test relevance::tests::capping_before_recording_leaves_elided_posts_unseen_not_permanently_hidden ... ok
test store::tests::cat_file_batch_does_not_deadlock_on_a_batch_large_enough_to_fill_both_pipes ... ok
test render::tests::a_suggest_post_does_not_consume_the_ambient_post_budget ... ok

test result: ok. 178 passed; 0 failed; 0 ignored; 0 measured; 0 filtered out; finished in 1.34s

     Running unittests src/main.rs (tools/board/target/debug/deps/board-41e4a22af35f46a8)

running 0 tests

test result: ok. 0 passed; 0 failed; 0 ignored; 0 measured; 0 filtered out; finished in 0.00s

     Running tests/hermeticity.rs (tools/board/target/debug/deps/hermeticity-3b45a619e7aa0dc5)

running 4 tests
test the_scrub_list_covers_the_variables_git_actually_exports_to_a_hook ... ok
test every_git_spawn_in_the_crate_routes_through_the_scrubbing_constructor ... ok
test the_binary_reads_the_repository_it_stands_in_not_the_one_git_dir_names ... ok
test injected_config_cannot_move_the_repository_the_binary_reads ... ok

test result: ok. 4 passed; 0 failed; 0 ignored; 0 measured; 0 filtered out; finished in 0.29s

     Running tests/hermeticity_env.rs (tools/board/target/debug/deps/hermeticity_env-5151628cfde31993)

running 1 test
test a_hooks_inherited_git_dir_cannot_redirect_this_crate_at_another_repository ... ok

test result: ok. 1 passed; 0 failed; 0 ignored; 0 measured; 0 filtered out; finished in 0.55s

     Running tests/merge_properties.rs (tools/board/target/debug/deps/merge_properties-e72a3775f299047a)

running 5 tests
test a_shared_append_only_file_conflicts_which_is_why_we_do_not_use_one ... ok
test divergent_boards_union_without_conflict ... ok
test identical_posts_recorded_independently_are_idempotent ... ok
test a_union_read_sees_both_clones_posts_once_each_is_fetched_into_its_own_peer_ref ... ok
test eight_concurrent_writers_lose_no_posts ... ok

test result: ok. 5 passed; 0 failed; 0 ignored; 0 measured; 0 filtered out; finished in 0.74s

     Running tests/redaction.rs (tools/board/target/debug/deps/redaction-52e884834cdbfe5b)

running 2 tests
test a_post_only_a_peer_holds_is_suppressed_at_the_ambient_seam ... ok
test a_content_addressed_duplicate_in_two_logs_is_suppressed_at_the_ambient_seam ... ok

test result: ok. 2 passed; 0 failed; 0 ignored; 0 measured; 0 filtered out; finished in 0.39s

     Running tests/resilience.rs (tools/board/target/debug/deps/resilience-0107195c257ca19a)

running 7 tests
test reap_refuses_to_run_rather_than_reap_against_an_unreadable_board ... ok
test digest_fails_loud_against_an_unreadable_local_ref ... ok
test a_non_numeric_ttl_is_warned_about_at_post_time ... ok
test render_stays_quiet_against_the_same_unreadable_local_ref_the_digest_dies_on ... ok
test a_corrupt_post_does_not_stop_the_digest ... ok
test a_corrupt_post_does_not_stop_read_from_rendering_the_rest ... ok
test a_corrupt_post_does_not_stop_the_ambient_render_or_advance_past_the_good_one ... ok

test result: ok. 7 passed; 0 failed; 0 ignored; 0 measured; 0 filtered out; finished in 0.30s

   Doc-tests board

running 0 tests

test result: ok. 0 passed; 0 failed; 0 ignored; 0 measured; 0 filtered out; finished in 0.00s

   ok
== outboard: tools/digest
   Compiling digest-counterpart v0.1.0 (/home/nathan/Projects/hornvale-sluice-wt/tools/digest/packages/counterpart)
    Finished `test` profile [unoptimized + debuginfo] target(s) in 0.63s
     Running unittests src/lib.rs (tools/digest/target/debug/deps/digest-482d61449a1a2b5e)

running 52 tests
test context::compose::tests::authored_only_requirement_is_explicitly_unchecked_but_not_a_failure ... ok
test context::compose::tests::empty_composition_is_rejected ... ok
test context::compose::tests::duplicate_contributor_namespace_is_rejected ... ok
test context::compose::tests::contribution_discovery_order_does_not_change_markdown ... ok
test context::collect::tests::artifact_requires_exact_package_target_cardinality_and_containment ... ok
test context::compose::tests::optional_unknown_remains_informational ... ok
test context::compose::tests::optional_contradiction_makes_report_unsuccessful ... ok
test context::compose::tests::metadata_in_headings_cannot_create_markdown_structure ... ok
test context::compose::tests::outer_records_are_sorted_without_reordering_semantic_lists ... ok
test context::compose::tests::report_separates_authored_content_observations_and_limits ... ok
test context::compose::tests::unknown_or_contradicted_required_observation_makes_report_unsuccessful ... ok
test context::discovery::tests::duplicate_binary_targets_are_ambiguous ... ok
test context::discovery::tests::incorrect_workspace_root_and_duplicate_member_ids_fail ... ok
test context::discovery::tests::only_actual_members_are_enrolled_and_all_member_ids_must_exist ... ok
test mcp::tests::an_unreadable_store_is_never_truncated_by_a_failed_assert ... ok
test mcp::tests::a_missing_store_file_is_a_legitimate_empty_ledger ... ok
test context::process::tests::captures_both_streams_and_nonzero_status ... ok
test mcp::tests::a_zero_subject_is_rejected_not_panicked ... ok
test render::decisions::tests::a_partially_superseded_decision_stays_with_its_asserted_scope ... ok
test render::decisions::tests::a_superseded_decision_falls_out_of_the_index ... ok
test mcp::tests::the_store_is_plain_text_editable_without_the_tool ... ok
test render::decisions::tests::a_superseded_decision_with_no_asserted_scope_is_dropped_even_if_its_file_had_a_parenthetical ... ok
test mcp::tests::assert_then_query_round_trips_through_the_store_file ... ok
test context::process::tests::normal_child_is_waited_and_successful ... ok
test render::decisions::tests::proposed_decisions_are_marked_not_dropped ... ok
test render::delta::tests::numbered_ids_are_counted_row_leading_not_in_prose ... ok
test scan::capability::tests::no_allowlist_is_hard_coded_in_the_generator ... ok
test scan::decisions::tests::a_date_parenthetical_does_not_corrupt_the_superseder_id ... ok
test scan::capability::tests::the_allowlist_is_derived_from_the_enforcing_test ... ok
test scan::decisions::tests::a_rationale_parenthetical_does_not_corrupt_the_superseder_id ... ok
test scan::decisions::tests::a_trailing_parenthetical_is_never_read_as_scope ... ok
test scan::decisions::tests::parses_a_bracketed_supersession ... ok
test scan::decisions::tests::parses_a_plain_supersession ... ok
test scan::decisions::tests::parses_an_accepted_decision ... ok
test store::tests::a_fact_carrying_time_is_rejected ... ok
test store::tests::a_non_functional_predicate_accumulates ... ok
test store::tests::an_unregistered_predicate_is_rejected ... ok
test store::tests::asserting_a_functional_predicate_replaces_its_predecessor ... ok
test scan::capability::tests::the_generated_map_names_libm ... ok
test store::tests::jsonl_is_stable_ordered_by_subject_then_predicate ... ok
test store::tests::jsonl_round_trips ... ok
test vocabulary::tests::every_v1_predicate_is_registered_with_the_right_arity ... ok
test vocabulary::tests::supersession_scope_is_functional_so_it_compacts ... ok
test store::tests::replacing_one_fact_changes_exactly_one_line ... ok
test scan::decisions::tests::every_committed_decision_parses ... ok
test context::process::tests::overflow_in_either_stream_fails ... ok
test render::delta::tests::an_unresolvable_rev_is_none_not_a_fabricated_zero ... ok
test context::process::tests::interruption_terminates_tree_and_joins_readers ... ok
test context::process::tests::exited_parent_cannot_leave_inherited_pipes ... ok
test context::process::tests::timeout_terminates_tree_and_joins_readers ... ok
test render::delta::tests::reports_the_registry_id_gap ... ok
test render::delta::tests::the_report_is_not_vacuous_on_real_repo_state ... ok

test result: ok. 52 passed; 0 failed; 0 ignored; 0 measured; 0 filtered out; finished in 2.43s

     Running unittests src/main.rs (tools/digest/target/debug/deps/digest-e3429cb3f9a560b5)

running 0 tests

test result: ok. 0 passed; 0 failed; 0 ignored; 0 measured; 0 filtered out; finished in 0.00s

     Running tests/suite.rs (tools/digest/target/debug/deps/suite-f94100c25178adcb)

running 13 tests
test no_match_and_invalid_scope_fail_before_build ... ok
test stale_lock_is_read_only_and_names_preparation ... ok
test target_directory_symlink_cannot_redirect_builds ... ok
test symlinked_member_escape_is_refused ... ok
test execution_and_build_failures_identify_phase ... ok
test rejects_invalid_enrollment_before_build ... ok
test duplicate_namespace_and_unenrolled_members_do_not_become_success ... ok
test unknown_and_contradicted_required_results_render_honest_failed_reports ... ok
test root_selects_all_and_fresh_build_observes_source_changes ... ok
test reuses_host_across_current_roots_ignoring_git_and_target_overrides ... ok
test fixture_setup_and_snapshot_ignore_inherited_git_paths ... ok
test metadata_selects_before_build_and_root_collects_every_enrolled_member ... ok
test malformed_missing_and_disagreeing_envelopes_fail_without_partial_stdout ... ok

test result: ok. 13 passed; 0 failed; 0 ignored; 0 measured; 0 filtered out; finished in 4.84s

     Running unittests src/lib.rs (tools/digest/target/debug/deps/digest_census_publication-45c8fa2ff35c5712)

running 7 tests
test tests::finite_panel_rejects_a_guard_that_omits_census_of_prefix_protection ... ok
test tests::finite_panel_rejects_a_guard_that_omits_relative_suffix_protection ... ok
test tests::finite_panel_rejects_an_always_accepting_guard ... ok
test tests::finite_panel_rejects_an_always_refusing_guard ... ok
test tests::live_lab_guard_satisfies_the_independently_authored_panel ... ok
test tests::contribution_is_valid_and_names_every_finite_guard_observation ... ok
test tests::source_host_disagreement_is_an_actionable_collection_error ... ok

test result: ok. 7 passed; 0 failed; 0 ignored; 0 measured; 0 filtered out; finished in 0.00s

     Running unittests src/main.rs (tools/digest/target/debug/deps/digest_census_publication-e45ac1e460c76524)

running 2 tests
test tests::parses_the_contributor_collect_contract ... ok
test tests::rejects_arguments_outside_the_contributor_contract ... ok

test result: ok. 2 passed; 0 failed; 0 ignored; 0 measured; 0 filtered out; finished in 0.00s

     Running unittests src/lib.rs (tools/digest/target/debug/deps/digest_counterpart-49332678e51b3d49)

running 2 tests
test tests::preserves_returned_error_and_panic_as_refused_observations ... ok
test tests::observes_real_lender_and_thing_owners ... ok

test result: ok. 2 passed; 0 failed; 0 ignored; 0 measured; 0 filtered out; finished in 0.00s

     Running unittests src/main.rs (tools/digest/target/debug/deps/digest_counterpart-2408c7bf916759c9)

running 0 tests

test result: ok. 0 passed; 0 failed; 0 ignored; 0 measured; 0 filtered out; finished in 0.00s

     Running unittests src/lib.rs (tools/digest/target/debug/deps/digest_protocol-543940d7ca1ed123)

running 12 tests
test tests::checked_requirements_need_a_nonempty_expected_set ... ok
test tests::contributors_require_a_requirement_and_instruction ... ok
test tests::duplicate_identity_across_record_kinds_is_rejected ... ok
test tests::invalid_scopes_are_rejected ... ok
test tests::missing_required_observation_is_rejected ... ok
test tests::json_uses_snake_case_enums_and_rejects_unknown_fields ... ok
test tests::reference_to_wrong_record_kind_is_rejected ... ok
test tests::references_must_stay_within_the_contributor_namespace ... ok
test tests::required_observation_must_reference_its_requirement ... ok
test tests::required_text_and_authorities_cannot_be_empty ... ok
test tests::scopes_are_normalized_and_matched_at_component_boundaries ... ok
test tests::unknown_protocol_version_is_rejected ... ok

test result: ok. 12 passed; 0 failed; 0 ignored; 0 measured; 0 filtered out; finished in 0.00s

     Running unittests src/lib.rs (tools/digest/target/debug/deps/digest_thing-b0b959a127b891a6)

running 7 tests
test tests::changing_authored_statement_does_not_change_observation_outcome ... ok
test tests::component_roster_details_preserve_source_order ... ok
test tests::extra_registry_kind_fails_reverse_roster_check ... ok
test tests::missing_owned_kind_fails_ownership_check ... ok
test tests::actual_settlement_and_thing_registration_agree ... ok
test tests::missing_lender_refuses_registration ... ok
test tests::wrong_lender_refuses_registration ... ok

test result: ok. 7 passed; 0 failed; 0 ignored; 0 measured; 0 filtered out; finished in 0.00s

     Running unittests src/main.rs (tools/digest/target/debug/deps/digest_thing-1cd05b82c6e2ac19)

running 2 tests
test tests::parser_accepts_only_collect_with_an_absolute_repo_root ... ok
test tests::parser_rejects_a_root_without_the_declared_scope ... ok

test result: ok. 2 passed; 0 failed; 0 ignored; 0 measured; 0 filtered out; finished in 0.00s

   Doc-tests digest

running 0 tests

test result: ok. 0 passed; 0 failed; 0 ignored; 0 measured; 0 filtered out; finished in 0.00s

   Doc-tests digest_census_publication

running 0 tests

test result: ok. 0 passed; 0 failed; 0 ignored; 0 measured; 0 filtered out; finished in 0.00s

   Doc-tests digest_counterpart

running 0 tests

test result: ok. 0 passed; 0 failed; 0 ignored; 0 measured; 0 filtered out; finished in 0.00s

   Doc-tests digest_protocol

running 0 tests

test result: ok. 0 passed; 0 failed; 0 ignored; 0 measured; 0 filtered out; finished in 0.00s

   Doc-tests digest_thing

running 0 tests

test result: ok. 0 passed; 0 failed; 0 ignored; 0 measured; 0 filtered out; finished in 0.00s

   ok
== outboard: tools/type-audit
    Finished `test` profile [unoptimized + debuginfo] target(s) in 0.06s
     Running unittests src/lib.rs (tools/type-audit/target/debug/deps/type_audit-fb130867124b8a41)

running 28 tests
test args::tests::parses_check_report_and_rejects_unknown ... ok
test audit::tests::malformed_tag_is_a_finding ... ok
test audit::tests::missing_tag_is_a_finding ... ok
test audit::tests::position_less_verdict_covers_all ... ok
test audit::tests::uncovered_position_is_a_finding ... ok
test audit::tests::stale_position_qualifier_is_a_finding ... ok
test extract::tests::extracts_const_static_and_type_alias ... ok
test extract::tests::extracts_enum_variant_fields ... ok
test extract::tests::extracts_pub_fields_only_and_respects_restricted_vis ... ok
test extract::tests::extracts_tuple_struct_pub_fields_by_index ... ok
test stream_label::tests::does_not_flag_a_named_constant_argument ... ok
test stream_label::tests::does_not_flag_a_qualified_path_to_a_different_method ... ok
test extract::tests::extracts_pub_fn_params_and_returns ... ok
test extract::tests::audits_trait_defs_and_inherent_impls_but_not_trait_impls ... ok
test stream_label::tests::finds_calls_nested_inside_a_macro_invocation ... ok
test extract::tests::recurses_into_plain_nested_modules ... ok
test primitives::tests::tracks_primitives_wherever_they_nest ... ok
test stream_label::tests::does_not_flag_dynamic_calls ... ok
test stream_label::tests::flags_a_string_literal_argument ... ok
test extract::tests::skips_cfg_test_modules ... ok
test stream_label::tests::reports_the_correct_line ... ok
test stream_label::tests::a_literal_in_production_code_is_still_flagged_alongside_an_exempt_test_module ... ok
test tag::tests::parses_every_verdict_form ... ok
test tag::tests::parses_ratified_campaign27_classes ... ok
test tag::tests::rejects_malformed_and_unknown ... ok
test walk::tests::crate_name_of_maps_domains_windows_kernel_and_cli ... ok
test stream_label::tests::raw_scan_sees_a_literal_inside_cfg_test_but_the_outside_tests_scan_does_not ... ok
test walk::tests::scan_prunes_tests_dirs_on_sweep_but_trusts_an_explicit_file_root ... ok

test result: ok. 28 passed; 0 failed; 0 ignored; 0 measured; 0 filtered out; finished in 0.01s

     Running unittests src/main.rs (tools/type-audit/target/debug/deps/type_audit-df48fa7da0529943)

running 0 tests

test result: ok. 0 passed; 0 failed; 0 ignored; 0 measured; 0 filtered out; finished in 0.00s

     Running tests/bidirectional.rs (tools/type-audit/target/debug/deps/bidirectional-e8d80840b3c0c80f)

running 1 test
test good_file_has_no_findings_bad_file_does ... ok

test result: ok. 1 passed; 0 failed; 0 ignored; 0 measured; 0 filtered out; finished in 0.00s

     Running tests/report_determinism.rs (tools/type-audit/target/debug/deps/report_determinism-3be068d810247969)

running 1 test
test report_is_deterministic_and_counts_the_good_fixture ... ok

test result: ok. 1 passed; 0 failed; 0 ignored; 0 measured; 0 filtered out; finished in 0.00s

     Running tests/stream_label_literal.rs (tools/type-audit/target/debug/deps/stream_label_literal-8aab52a8e07fa0b1)

running 5 tests
test inline_literal_outside_streams_rs_is_flagged ... ok
test the_identical_call_inside_streams_rs_is_not_flagged ... ok
test a_dynamic_call_is_never_flagged ... ok
test a_named_constant_argument_is_not_flagged ... ok
test a_literal_inside_a_cfg_test_module_is_not_flagged ... ok

test result: ok. 5 passed; 0 failed; 0 ignored; 0 measured; 0 filtered out; finished in 0.00s

   Doc-tests type_audit

running 0 tests

test result: ok. 0 passed; 0 failed; 0 ignored; 0 measured; 0 filtered out; finished in 0.00s

   ok
== outboard: tools/placement-audit
    Finished `test` profile [unoptimized + debuginfo] target(s) in 0.06s
     Running unittests src/lib.rs (tools/placement-audit/target/debug/deps/placement_audit-f5b5c24e6f847401)

running 46 tests
test args::tests::parses_check_report_and_rejects_unknown ... ok
test detect::tests::different_kinds_with_the_same_member_names_are_not_twins ... ok
test detect::tests::finds_a_cross_crate_twin_and_ignores_a_near_miss ... ok
test detect::tests::group_and_member_order_is_deterministic ... ok
test detect::tests::same_crate_duplicates_are_not_twins ... ok
test fingerprint::tests::a_different_member_list_fingerprints_differently ... ok
test fingerprint::tests::order_insensitivity_is_the_callers_responsibility_not_the_functions ... ok
test fingerprint::tests::pins_the_verdicts_fixtures_hand_computed_fingerprints ... ok
test fingerprint::tests::the_fingerprint_is_six_lowercase_hex_digits ... ok
test extract::tests::member_name_equality_ignores_type_name ... ok
test extract::tests::extracts_bare_pub_enum_with_sorted_variants ... ok
test fingerprint::tests::the_same_member_list_fingerprints_the_same_way_twice ... ok
test extract::tests::extracts_named_field_struct_and_skips_tuple_and_unit_structs ... ok
test extract::tests::skips_cfg_test_modules_but_recurses_into_plain_ones ... ok
test report::tests::a_deliberate_tagged_twin_renders_its_verdict_and_shape ... ok
test report::tests::an_untagged_member_renders_as_untagged ... ok
test report::tests::no_twins_renders_the_house_preamble_and_says_so ... ok
test tag::tests::a_duplicate_shape_clause_is_an_error ... ok
test tag::tests::a_malformed_shape_is_an_error ... ok
test tag::tests::a_reasonless_verdict_is_an_error ... ok
test tag::tests::a_real_tag_still_parses_when_anchored_at_a_doc_lines_start ... ok
test tag::tests::a_tag_paragraph_may_still_wrap_across_lines ... ok
test tag::tests::a_tag_without_a_verdict_is_an_error ... ok
test tag::tests::a_wrapped_reason_loses_the_doc_comments_indentation ... ok
test tag::tests::an_ordinary_doc_comment_is_not_a_tag ... ok
test tag::tests::an_unclosed_clause_is_an_error ... ok
test tag::tests::deferred_parses ... ok
test tag::tests::deliberate_parses_without_shape ... ok
test tag::tests::promote_parses_with_shape ... ok
test tag::tests::prose_mentioning_the_word_placement_mid_line_is_not_a_tag ... ok
test tag::tests::prose_after_a_blank_line_cannot_overwrite_the_tag ... ok
test tag::tests::returns_ok_none_when_no_marker_is_present_even_amid_other_text ... ok
test tag::tests::the_same_verdict_clause_repeated_literally_is_a_duplicate_error ... ok
test tag::tests::two_different_verdict_clauses_is_a_duplicate_error ... ok
test tests::no_args_exits_two ... ok
test tests::unknown_command_exits_two ... ok
test verdict::tests::a_current_tag_produces_no_finding ... ok
test verdict::tests::a_malformed_tag_is_a_parse_error_finding ... ok
test verdict::tests::a_mismatched_shape_is_stale_and_prints_both_values ... ok
test verdict::tests::a_tag_with_no_shape_is_stale_and_prints_the_computed_fingerprint ... ok
test verdict::tests::an_untagged_member_is_a_finding_naming_the_twins_other_members ... ok
test verdict::tests::findings_sort_by_crate_then_file_then_line ... ok
test verdict::tests::findings_sort_by_file_then_line_once_the_crate_ties ... ok
test walk::tests::crate_name_of_maps_domains_kernel_and_other ... ok
test walk::tests::scan_returns_empty_for_a_missing_root ... ok
test walk::tests::scan_prunes_tests_dirs_on_sweep_but_trusts_an_explicit_file_root ... ok

test result: ok. 46 passed; 0 failed; 0 ignored; 0 measured; 0 filtered out; finished in 0.01s

     Running unittests src/main.rs (tools/placement-audit/target/debug/deps/placement_audit-8a862568e8ee8391)

running 0 tests

test result: ok. 0 passed; 0 failed; 0 ignored; 0 measured; 0 filtered out; finished in 0.00s

     Running tests/detector.rs (tools/placement-audit/target/debug/deps/detector-728d863fadce7238)

running 1 test
test exact_member_sets_twin_and_near_misses_do_not ... ok

test result: ok. 1 passed; 0 failed; 0 ignored; 0 measured; 0 filtered out; finished in 0.00s

     Running tests/report_determinism.rs (tools/placement-audit/target/debug/deps/report_determinism-f2df4d836a8eac55)

running 1 test
test roster_is_deterministic_and_carries_no_timestamps ... ok

test result: ok. 1 passed; 0 failed; 0 ignored; 0 measured; 0 filtered out; finished in 0.01s

     Running tests/verdicts.rs (tools/placement-audit/target/debug/deps/verdicts-a8eb4f84983d2cbd)

running 5 tests
test fixture_targets_are_present_before_any_verdict_is_asserted ... ok
test the_full_scan_finds_exactly_two_twin_groups_and_two_findings ... ok
test an_untagged_member_draws_exactly_one_untagged_finding ... ok
test a_wrong_fingerprint_draws_exactly_one_stale_finding ... ok
test a_current_tag_draws_no_finding ... ok

test result: ok. 5 passed; 0 failed; 0 ignored; 0 measured; 0 filtered out; finished in 0.00s

   Doc-tests placement_audit

running 0 tests

test result: ok. 0 passed; 0 failed; 0 ignored; 0 measured; 0 filtered out; finished in 0.00s

   ok
== outboard: tools/sluice
    Finished `test` profile [unoptimized + debuginfo] target(s) in 0.04s
     Running unittests src/lib.rs (tools/sluice/target/debug/deps/sluice-661dde24f969d8f7)

running 0 tests

test result: ok. 0 passed; 0 failed; 0 ignored; 0 measured; 0 filtered out; finished in 0.00s

     Running unittests src/main.rs (tools/sluice/target/debug/deps/sluice-a479e48ef677e3f0)

running 0 tests

test result: ok. 0 passed; 0 failed; 0 ignored; 0 measured; 0 filtered out; finished in 0.00s

     Running tests/suite.rs (tools/sluice/target/debug/deps/suite-9221b019d43f5310)

running 16 tests
test a_long_line_keeps_everything_past_the_seventh_field ... ok
test a_note_loses_tabs_and_newlines_to_single_spaces ... ok
test a_row_round_trips_through_render_and_parse ... ok
test a_missing_queue_file_reads_as_empty_not_an_error ... ok
test a_short_line_is_padded_and_kept_never_dropped ... ok
test an_empty_kind_normalises_to_merge ... ok
test a_second_row_for_a_running_sha_is_not_claimable_by_sha ... ok
test a_queued_twin_is_claimable_once_its_sibling_is_no_longer_running ... ok
test an_unmatched_id_is_a_refusal_and_changes_nothing ... ok
test claim_by_sha_for_an_absent_ref_is_a_different_answer ... ok
test claim_by_sha_on_a_held_row_refuses_and_changes_nothing ... ok
test rows_survive_a_write_then_read ... ok
test claim_marks_the_row_running_in_the_same_call_that_selects_it ... ok
test set_state_changes_exactly_the_named_row ... ok
test the_dispatcher_skips_a_running_shas_twin_and_takes_the_next_real_row ... ok
test racing_claimants_produce_exactly_one_winner_per_queued_row ... ok

test result: ok. 16 passed; 0 failed; 0 ignored; 0 measured; 0 filtered out; finished in 2.41s

   Doc-tests sluice

running 0 tests

test result: ok. 0 passed; 0 failed; 0 ignored; 0 measured; 0 filtered out; finished in 0.00s

   ok
== outboard: tools/sluice fmt
   ok
== outboard: tools/sluice lint
    Finished `dev` profile [unoptimized + debuginfo] target(s) in 0.16s
   ok
== outboard: tools/seam-guard
    Finished `test` profile [unoptimized + debuginfo] target(s) in 0.05s
     Running unittests src/lib.rs (tools/seam-guard/target/debug/deps/seam_guard-b80b7bbc5cff978f)

running 31 tests
test mutate::tests::a_call_inside_a_test_fn_is_not_a_site ... ok
test mutate::tests::a_call_inside_a_cfg_test_module_is_not_a_site ... ok
test mutate::tests::an_out_of_range_identity_index_is_an_error_not_a_panic ... ok
test mutate::tests::a_multiline_call_is_replaced_whole ... ok
test mutate::tests::identity_can_select_a_later_argument ... ok
test mutate::tests::identity_replaces_the_call_with_its_argument ... ok
test mutate::tests::non_ascii_earlier_in_the_line_does_not_misalign_the_rewrite ... ok
test tag::tests::a_duplicate_clause_is_an_error ... ok
test tag::tests::a_non_numeric_identity_index_is_an_error ... ok
test mutate::tests::the_replacement_is_parenthesised_so_precedence_cannot_shift ... ok
test tag::tests::a_seam_with_no_expect_clause_declares_nothing ... ok
test mutate::tests::returns_replaces_the_whole_call ... ok
test tag::tests::a_tag_paragraph_may_still_wrap_across_lines ... ok
test tag::tests::a_tag_without_a_scope_is_an_error ... ok
test tag::tests::a_tag_without_an_operator_is_an_error ... ok
test tag::tests::a_wrapped_reason_loses_the_doc_comments_indentation ... ok
test tag::tests::an_expect_of_something_other_than_survives_is_an_error ... ok
test tag::tests::an_expect_without_a_reason_is_an_error ... ok
test tag::tests::an_ordinary_doc_comment_is_not_a_tag ... ok
test tag::tests::an_unclosed_clause_is_an_error ... ok
test tag::tests::expect_survives_captures_its_reason ... ok
test tag::tests::identity_and_scope_parse ... ok
test tag::tests::prose_after_a_blank_line_cannot_overwrite_the_declaration ... ok
test tag::tests::returns_keeps_nested_parens ... ok
test tests::a_declared_seam_that_gets_caught_is_red ... ok
test tests::a_declared_survivor_is_known_and_green ... ok
test tests::an_invalid_mutation_is_red_whatever_was_declared ... ok
test tests::an_undeclared_seam_that_is_caught_is_green ... ok
test tests::an_undeclared_survivor_is_red ... ok
test tests::the_report_is_deterministic ... ok
test tests::the_report_names_a_declaration_and_its_reason ... ok

test result: ok. 31 passed; 0 failed; 0 ignored; 0 measured; 0 filtered out; finished in 0.01s

     Running unittests src/main.rs (tools/seam-guard/target/debug/deps/seam_guard-d984253607a99ec1)

running 0 tests

test result: ok. 0 passed; 0 failed; 0 ignored; 0 measured; 0 filtered out; finished in 0.00s

     Running tests/tree_is_clean.rs (tools/seam-guard/target/debug/deps/tree_is_clean-3ded043102293500)

running 4 tests
test a_pristine_tree_is_clean ... ok
test a_tracked_modification_still_makes_the_tree_dirty ... ok
test an_untracked_file_does_not_make_the_tree_dirty ... ok
test a_staged_but_uncommitted_change_still_makes_the_tree_dirty ... ok

test result: ok. 4 passed; 0 failed; 0 ignored; 0 measured; 0 filtered out; finished in 0.07s

   Doc-tests seam_guard

running 0 tests

test result: ok. 0 passed; 0 failed; 0 ignored; 0 measured; 0 filtered out; finished in 0.00s

   ok
== outboard: sluice queue
== queue: FIFO and ancestry coalescing
  ok: an ancestor request is superseded when its descendant is enqueued
  ok: next() returns the surviving request
== queue: a request on a DIFFERENT branch is NOT coalesced
  ok: a different branch does not supersede a queued request
  ok: the new branch's own request lands queued
== queue: a SAME-branch, non-ancestor sha (post-rebase) is NOT coalesced
  ok: test setup: the amended commit is not a descendant of the pre-amend sha
  ok: a same-branch sha that is not an ancestor (post-rebase) does not supersede the old request
== queue: an UNRESOLVABLE ancestor sha is stamped indeterminate, never silently ignored
  ok: an unanswerable ancestry question stamps the row instead of passing as a silent no
  ok: an indeterminate row stays queued — unanswerable must not mean superseded either
== queue: MUTATION — the pre-fix two-valued read leaves the row silent, reddening the test above
  ok: test setup: the mutant runs and enqueues (so an empty note below means the read, not a dead script)
  ok: MUTATION CONFIRMED: the two-valued read leaves an unresolvable ancestor unstamped (the real one stamps it — see above)
== queue: a HELD request IS superseded by its descendant
  ok: a held request is superseded by its descendant, so a fixed red does not leave a permanent row
== queue: a RUNNING request is still never superseded (the held change must not widen this)
  ok: a running request is still not superseded after held became supersedable
== queue: the SERVER-SIDE headline refusal — the one that actually enforces
  ok: a kind=merge add with no trailer is refused by sluice-queue.sh itself
  ok: a refused add enqueues NOTHING — the queue is not left holding a row it rejected
  ok: the server refusal names the trailer and the placement rule
  ok: a kind=merge add carrying the trailer is accepted
  ok: the server announces which rule it applied, so a stale caller can see the trailer rule ran
  ok: a kind=stage add with no trailer is still accepted — the exemption survives on the server too
  ok: an UNANSWERABLE headline check accepts rather than refusing — durability outranks the check
  ok: the unchecked row is stamped, so it is visible in sluice-status rather than silently unchecked
== queue: MUTATION — without the server check, the trailer-less add is accepted
  ok: test setup: the mutant has the server check disabled (so an accept below means the check, not a dead script)
  ok: MUTATION CONFIRMED: without the check the trailer-less add is accepted (the real one refuses it — see above)
== request: the headline knob is not reachable from the production path
  ok: sluice-request.sh never sets HV_SLUICE_SKIP_HEADLINE, so the test knob cannot leak into production
== phases: a prose-only candidate skips seam-guard, clients and heavy
  ok: the real docs-recovery path set classifies as prose-only
  ok: a skill fix plus its timings row classifies as prose-only
  ok: .claude/settings.json is NOT prose-only (the entry is skills-only, deliberately)
  ok: a skill plus one .rs file takes the full ladder
  ok: 'kernel/src/lib.rs' forces the full ladder even when the rest of the range is prose
  ok: 'Cargo.toml' forces the full ladder even when the rest of the range is prose
  ok: 'clients/game/core/tests/fixtures/x.json' forces the full ladder even when the rest of the range is prose
  ok: 'book/src/gallery/atlas.js' forces the full ladder even when the rest of the range is prose
  ok: 'book/src/laboratory/generated/the-sounding/rows.csv' forces the full ladder even when the rest of the range is prose
  ok: 'book/src/reference/concept-registry-generated.md' forces the full ladder even when the rest of the range is prose
  ok: an empty path list is not prose-only, so a failed diff keeps every phase
  ok: dropping leaves exactly artifacts, outboard and gate, in order
== ack: adjudicating an out-of-band landing
  ok: sluice-ack refuses without a reason
  ok: sluice-ack refuses when no baseline exists
  ok: sluice-ack refuses when there is nothing to adjudicate
  ok: the refused adjudication left the baseline byte-identical
== phases: what the chamber ACTUALLY runs (decisions 0148, 0426)
  ok: a merge runs exactly: artifacts outboard gate clients heavy
  ok: heavy runs last
  ok: heavy runs on a merge (decision 0426) and seam-guard does not
  ok: a stage gate runs the merge's phases minus heavy: artifacts outboard gate clients
== phases: MUTATION — an allowlist without its exclusions would skip heavy for a generated artifact
  ok: MUTATION CONFIRMED: a bare book/* allowlist accepts a heavy-authored artifact (the real one refuses it)
== queue: a note cannot corrupt the queue file
  ok: a newline embedded in a note does not add a row to the queue (11 rows, unchanged)
  ok: every row still has exactly 7 tab-separated fields after a newline-bearing note
  ok: a tab embedded in a note does not split id4's row into extra fields
== queue: no argument of any subcommand can corrupt the row shape
  ok: add: tab in branch: rejected (nonzero exit) as expected
  ok: add: tab in branch: row count unchanged (11), every row still 7 fields
  ok: add: newline in branch: rejected (nonzero exit) as expected
  ok: add: newline in branch: row count unchanged (11), every row still 7 fields
  ok: add: newline in sha: rejected (nonzero exit) as expected
  ok: add: newline in sha: row count unchanged (11), every row still 7 fields
  ok: add: tab in sha: rejected (nonzero exit) as expected
  ok: add: tab in sha: row count unchanged (11), every row still 7 fields
  ok: add: non-hex sha (clean, no whitespace): rejected (nonzero exit) as expected
  ok: add: non-hex sha: row count unchanged (11), every row still 7 fields
  ok: add: tab-branch AND newline-sha together (the re-reviewer's repro): rejected (nonzero exit) as expected
  ok: add: both branch and sha malicious: row count unchanged (11), every row still 7 fields
  ok: set-state: tab-bearing id (no match, refused): rejected (nonzero exit) as expected
  ok: set-state: tab-bearing id: row count unchanged (11), every row still 7 fields
  ok: set-state: newline-bearing id (no match, refused): rejected (nonzero exit) as expected
  ok: set-state: newline-bearing id: row count unchanged (11), every row still 7 fields
  ok: set-state: tab in state: rejected (nonzero exit) as expected
  ok: set-state: tab in state: row count unchanged (11), every row still 7 fields
  ok: set-state: unknown (clean) state: rejected (nonzero exit) as expected
  ok: set-state: unknown state: row count unchanged (11), every row still 7 fields
  ok: set-state: newline+tab note (strip path): accepted as expected
  ok: set-state: newline+tab note: row count unchanged (11), every row still 7 fields
== queue: a RUNNING request is never superseded
  ok: a running request is not superseded by a newer descendant
== queue: the kind column (Task 12 — gate-stage absorbed as a kind, not a second path)
  ok: a request enqueued with no kind argument records kind=merge
  ok: an unknown kind ('rehearse') is refused
  ok: a queued merge is NOT superseded by a later stage request on the same branch
  ok: a stage request IS still superseded by a later same-kind descendant
  ok: set-state accepts 'reported', the stage kind's terminal state
  ok: set-state still refuses a state outside the vocabulary
  ok: set-state refuses an id that matches no row
  ok: the refused set-state left the queue byte-identical — nothing half-applied
== queue: an interrupted rewrite leaves no temp file behind
  ok: an interrupted rewrite leaves no .queue.tmp.* file behind in the state dir
== mouth: a conflicting candidate is refused WITHOUT taking the claim
  ok: a conflicting candidate exits 1
  ok: the conflicting candidate never acquired the claim
  ok: the conflicting path is reported
== mouth: an already-merged candidate exits 3
  ok: already-merged exits 3
== mouth: a base ref that does not resolve exits 2, not 1 — distinct from a conflict
  ok: an unresolvable base ref (origin/main, no remote here) exits 2, not 1
  ok: an unresolvable-base candidate never acquired the claim either
  ok: the unresolvable-base reason is reported, distinct from a conflict message
== mouth: an out-of-band landing on the base exits 4
  ok: an out-of-band landing on the base exits 4
  ok: the out-of-band reason is reported
  ok: an out-of-band-landing candidate never acquired the claim either
== mouth: exit 4 (out-of-band) wins over exit 3 (already merged) when both apply
  ok: exit 4 (out-of-band) wins over exit 3 (already merged) when both conditions hold
== mouth: a clean, admissible candidate exits 0 and prints ADMIT
  ok: a clean, admissible candidate exits 0
  ok: the admit message names the branch and sha
  ok: an admitted candidate never acquires the claim either — the mouth is read-only end to end
== mouth: git calls are hermetic to a bogus GIT_DIR/GIT_INDEX_FILE
  ok: a bogus GIT_DIR/GIT_INDEX_FILE does not redirect the mouth to a different repository
  ok: the admit message is unaffected by the bogus GIT_DIR
== mouth: a 40-char ref with a non-hex character is rejected (not just the first char)
  ok: test setup: BAD_SHA is exactly 40 characters
  ok: a 40-char ref with an embedded non-hex character is rejected (exit 2)
  ok: the rejection reason names the hex requirement
== chamber: setup ==
test-sluice: chamber origin is /tmp/tmp.qv9n5U8AuN/chamber-origin.git (must be under $tmp, never the real repo)
== chamber: phases run in the declared order, the tree is cleaned between phases, and the claim is the eight-field shape while held ==
  ok: the claim file appears while the chamber holds the staff
  ok: the claim carries all eight required keys while held (Task 0's shape)
  ok: the three-phase run exits 0
  ok: phases ran in the declared order (A, B, C)
  ok: git clean -fd between phases removed phase a's untracked residue before phase b ran
  ok: the claim is removed after a normal (rc=0) exit
  ok: last-pushed contains the exact SHA the run's own tree landed at (bff158bf3400a75ef6914a349214ea446aa13d19)
  ok: the shared origin's main genuinely advanced to that same SHA
== chamber: the phase-selection block RUNS when HV_SLUICE_PHASES is unset
  ok: the phase-selection block runs to completion with HV_SLUICE_PHASES unset (no unbound variable)
== chamber: the merge subject is a valid census epoch label (merge(<campaign>): <headline>, not git's own auto-generated default) ==
  ok: merge subject matches merge(<campaign>): <headline> ('merge(t1): topic: campaign/t1')
  ok: not git's auto-generated default merge subject
== chamber: MUTATION — dropping the -m "$merge_msg" argument from the merge call reddens both assertions above
  ok: MUTATION CONFIRMED (shape check): mutant subject 'Merge commit '00dc5ebdead2eb19cc05233b92c5bdff135bbebf' into HEAD' fails merge(<campaign>): <headline>
  ok: MUTATION CONFIRMED (default-subject check): mutant subject 'Merge commit '00dc5ebdead2eb19cc05233b92c5bdff135bbebf' into HEAD' is git's own auto-generated default
== chamber: a non-authoring phase's TRACKED drift does not poison the next phase's tree (fix round 1, Critical 1) ==
  ok: the gate-then-seamguard run exits 0 (the tree entering seamguard is clean)
  ok: the non-authoring 'gate' phase's tracked drift (docs/timings.md) was committed before 'seamguard' ran, so it saw a clean tree
  ok: gate's own tracked drift reached a real commit rather than being silently discarded
== chamber: the commit HOOK itself must not re-dirty the tree it just committed (fix round 2) ==
stand-in-hook: trigger matched -- appending to docs/timings.md (mimicking gate-commit's own timed.sh side effect)
  ok: the h1-then-h2 run exits 0 (the hook's own side effect did not poison h2's tree)
  ok: h2 saw a clean tree — the stand-in hook's own dirt (fired inside h1's commit) did not survive into h2
== chamber: an authoring phase's drift is committed on the canonical host ==
  ok: the authoring-phase run exits 0
  ok: an authoring phase's drift is committed with the expected subject
  ok: the tree is clean after the authoring commit
  ok: the authored content reached the committed file
== push: a nested untracked git repo the phase loop cannot clean is still caught ==
  ok: a phase leaving a nested untracked git repo behind exits 12 (dirty-tree), not 0
  ok: jobs.tsv records phase_failed=<dirty-tree> for the leftover nested repo
  ok: origin's main did not move — the dirty tree was never pushed
== chamber: the first failing phase stops the run before a later phase executes ==
  ok: a failing phase exits 11
  ok: the run stopped after the failing phase — the later phase never ran
  ok: jobs.tsv records phase f as the one that failed
  ok: the claim is removed after a phase-failure exit too
== chamber: a killed chamber kills its children's process group before releasing the claim, and records why=TERM with a non-zero rc (fix round 1, Critical 2) ==
  ok: the claim appears before the slow phase completes
  ok: the claim's recorded pid (1044710) names a live process
  ok: the phase's own grandchild (the actual long-running work) has started
  ok: the claim was never observed gone while the grandchild was still alive
  ok: the grandchild process is gone after the kill — not orphaned
  ok: the claim is removed after the chamber is killed with SIGTERM mid-phase
  ok: a killed run's own process exits with a non-zero status (143)
  ok: jobs.tsv records why=TERM for the killed run
  ok: jobs.tsv records a non-zero rc (143) for the killed run — never indistinguishable from a green run
== push: a chamber killed mid-phase never pushes — main does not move (this is the assertion that matters most in the whole campaign) ==
  ok: the claim appears before the sleeper phase completes
  ok: the sleeper phase's own grandchild has started (so the kill lands mid-phase, well before the push)
  ok: the shared origin's main did NOT move after a mid-phase SIGTERM kill — the killed candidate was never pushed
  ok: jobs.tsv records why=TERM for the killed candidate (corroborating evidence, not the property itself)
  ok: jobs.tsv records a non-zero rc (143) for the killed candidate
== chamber: a child that traps and swallows TERM is escalated to SIGKILL within a bounded deadline, and the lock is genuinely freed (fix round 2) ==
  ok: the claim appears before the stubborn phase completes
  ok: the stubborn (TERM-ignoring) grandchild has started
  ok: the claim is eventually removed — a TERM-ignoring child does not wedge the box forever
  ok: the deadline worked: claim removed 1.24s after SIGTERM (escalation deadline was 2s) — neither instant nor forever
  ok: the TERM-ignoring grandchild is gone — SIGKILL escalation reached it
  ok: the lock is genuinely freed after escalation — a fresh acquirer succeeds
== chamber: a second signal arriving mid-escalation does not re-enter or restack the shutdown (fix round 2) ==
  ok: the claim appears before the second stubborn phase completes
  ok: the second stubborn (TERM-ignoring) grandchild has started
  ok: the run still completes cleanly after a second signal mid-handling
  ok: the second signal was recognised and ignored, not re-entered (the log confirms it)
  ok: exactly one shutdown sequence ran (one 'caught SIG' line) — the second signal did not restack a second escalation
== push: the recorded last-pushed SHA is what the mouth compares against
  ok: an out-of-band landing on the base is detected (exit 4)
  ok: the out-of-band message names the condition
== chamber: a kind=stage run gates the merge product and NEVER pushes (Task 12) ==
  ok: a green stage run exits 0
  ok: the stage run really ran its phase (so the no-push assertion below is not vacuous)
  ok: origin's main is untouched by a green stage run (cd929e147155aa34253e28cbe09d0f59b61ad14d)
  ok: last-pushed is untouched by a stage run
  ok: the stage run's log carries the STAGE REPORT verdict line
== chamber: MUTATION — deleting the kind gate makes the stage run push, reddening the assertion above ==
  ok: the mutant DOES push on kind=stage — the real script's no-push assertion is live, not vacuous
== request: REF shape validation (no ssh involved)
  ok: a short REF is refused (exit nonzero)
  ok: the short-REF refusal names the 40-char requirement
== request: an unpushed (but well-formed) REF is refused before ssh ever runs
  ok: an unpushed (well-formed) REF is refused (exit nonzero)
  ok: the unpushed-REF refusal names the reason
== request: durable-before-nudge — a failed remote enqueue prints no success line
  ok: sluice-request.sh exits nonzero when the remote enqueue fails
  ok: no 'read it back' line on a failed enqueue — nothing here would cue a caller to nudge an operator about an unqueued request
  ok: the failure is reported explicitly on stderr
  ok: sluice-request.sh exits 0 when the remote enqueue succeeds
  ok: a successful enqueue prints the id and the nudge-worthy 'read it back' line — exactly the signal a submit workflow should gate its operator-nudge step on
== request: MUTATION — printing success unconditionally would flip the failed-enqueue test red
  ok: MUTATION CONFIRMED: the unguarded mutant prints the nudge-worthy line even on a failed enqueue (the real script does not — see above)
== request: a 40-char ref with an embedded non-hex character is rejected (not just the first char)
  ok: test setup: BAD_SHA is exactly 40 characters
  ok: a 40-char ref with an embedded non-hex character is rejected (exit nonzero)
  ok: the rejection reason names the hex requirement
== request: a headline-less or junk-headline submission is refused BY THE SCRIPT, not merely advised in a skill
  ok: a submission whose commit subject is 'wip' (junk), with no trailer, is refused
  ok: the refusal names the trailer to add (and points at the census-epoch-label consequence)
  ok: a submission with a genuinely empty commit subject and no trailer is refused
  ok: a real-looking subject with no trailer is refused: a subject is not an authored headline
  ok: a submission carrying a Sluice-Headline: trailer is accepted, whatever its subject says
  ok: a Sluice-Headline outside the message's final block is refused, not silently ignored
  ok: the refusal explains the placement rule, so the author is not left guessing why a trailer they wrote did nothing
== request: MUTATION — the pre-fix tip-subject rule accepts the commit the real one refuses
  ok: test setup: the mutant carries the old tip-subject derivation (so an accept below means the rule, not a dead script)
  ok: MUTATION CONFIRMED: the old tip-subject rule accepts a trailer-less commit (the real one refuses it — see above)
== request: a kind=stage submission with the SAME junk headline is ACCEPTED (Task 12)
  ok: the same 'wip'-subject commit IS accepted as a kind=stage request
  ok: the accepted stage request reports kind=stage (so the acceptance above is not a merge in disguise)
== request: MUTATION — deleting the headline check would flip the wip-refusal test red
  ok: MUTATION CONFIRMED: without the headline check, a 'wip'-subject submission is accepted (the real script refuses it — see above)
== make sluice-status / sluice-log: MUST reach the canonical box over ssh, never read local state directly
  ok: sluice-status shows the canonical box's own queue (reached over ssh)
  ok: sluice-status did not read the caller's own local queue file
  ok: sluice-log shows the canonical box's own job log (reached over ssh)
  ok: sluice-log did not read the caller's own local log file
== make sluice-status: MUTATION — a local-only (pre-fix) target would show the local sentinel, reddening the test above
  ok: MUTATION CONFIRMED: the pre-fix (local-only) sluice-status recipe leaks the caller's own local queue (the real target does not — see above)
== chamber: the mouth is asked BEFORE the box is taken ==
  ok: a conflicting candidate exits 21 (mouth verdict 1), not 10 (the <merge> step)
  ok: the run log shows the staff was never queued for or held — the box was never taken
  ok: MUTATION CONFIRMED: with the refusal removed the mutant HELD THE STAFF and exited 10 — so the assertion above is testing the refusal, not some unrelated early exit
  ok: an unevaluable base warns and PROCEEDS rather than refusing (rc=128)
  ok: HV_SLUICE_SKIP_MOUTH=1 skips the check entirely — the run log shows no mouth verdict (rc=10)
== census: kind=census is queueable, and delivers on a branch ==
  ok: the queue accepts kind=census
  ok: an unknown kind is still rejected (the widening did not open the gate)
  ok: a short/non-hex ref is refused with rc=2, before any work
  ok: a census whose goldens moved exits 0
  ok: the goldens were delivered on a branch (census/86ad893739b9-20260905T225651Z)
  ok: MAIN WAS NOT PUSHED — census goldens land through the chamber, not around it
  ok: the delivered branch carries the regenerated golden, not the old one
  ok: a census that moves nothing reports NO GOLDENS MOVED, exits 0, and pushes no branch
  ok: a census that moves only the timings row reports NO GOLDENS MOVED
  ok: the timings row is still DELIVERED on a branch -- the cost measurement survives
  ok: the delivered branch carries the timings row ALONE -- no golden rode along
  ok: a failed census propagates non-zero and delivers nothing
== census: a request id must name a CLAIMED row, and a row of kind=census ==
  ok: a census request id whose row is still queued is REFUSED rc=16
  ok: a census entry point refuses a row of kind=stage, naming the kind it found
  ok: a CLAIMED row of kind=census resolves and runs (the guards refuse, they do not block)
== request path: every kind the usage string offers is a kind it ACCEPTS ==
  ok: usage string advertises: merge stage census
  ok: every advertised kind survives the validating case (no usage/validation drift)
  ok: a bogus kind is still rejected (the widening kept its teeth)
== queue: claim is an atomic select-and-mark
  ok: claim on a drained queue prints nothing and exits 0 (keeps next's contract)
  ok: claim marks the row running in the same call that selects it
  ok: claim --sha takes the named row and leaves the rest queued
  ok: claim --sha on an already-held row refuses rc=4, says why, and changes nothing
  ok: claim --sha for an absent ref exits 5, distinct from the rc=4 already-held
  ok: 12 simultaneous claimants, 1 queued row -> exactly 1 winner (select+mark is atomic)
  ok: the scratch chamber repo carries sluice-queue.sh (T7/T8 below can mean something)
== sluice-run: refuses a ref another run already holds
  ok: sluice-run refuses rc=9 when the row is already held (the duplicate is unreachable)
  ok: a ref with no queue row runs ad hoc and says so (the escape hatch stayed open)
== sluice-run: a request id supplies branch, sha and kind from the row
  ok: a request id on a CLAIMED row is resolved to its branch, sha and kind
  ok: a request id whose row is still queued is REFUSED rc=16, naming the id and its state
  ok: a request id with no matching row is refused, not run as an ad hoc branch name
== the missing-binary refusals: every caller must fail CLOSED
  ok: the shim refuses exit 3 with no binary, and names what to build
  ok: sluice-run (positional) refuses rc=13 when the queue cannot be asked
  ok: sluice-run (id form) refuses rc=13, not the shim's own rc=3, when the queue is unreachable
  ok: sluice-census (positional) refuses rc=13 when the queue cannot be asked
  ok: sluice-census (id form) says the QUEUE is unreachable, not that the row does not exist
  ok: the drain refuses non-zero and does NOT say 'queue drained' when claim could not run
== mouth: cross-candidate overlap advisory ==
  ok: cross-candidate: the candidate still ADMITs (exit 0) despite a queue-row collision
  ok: cross-candidate: the ADMIT message itself is unaffected by the advisory
  ok: cross-candidate: the advisory names the colliding branch, its state, and the conflicting path
  ok: cross-candidate: the advisory labels itself advisory, not a verdict
  ok: cross-candidate anti-noise: still ADMITs
  ok: cross-candidate anti-noise: an artifacts-only collision prints NO advisory
  ok: cross-candidate: a non-colliding queue row produces no advisory output at all — silence is the common case
  ok: cross-candidate: an unresolvable queue row does not abort the check (still exits 0)
  ok: cross-candidate: the unresolvable row is named in a printed note, never silently read as 'no conflict'
  ok: cross-candidate: the check still completes for the resolvable row after skipping the bogus one
  ok: cross-candidate: THE INVARIANT — an admissible candidate with a live overlap still exits 0, unconditionally
  ok: stale-declaration: a conflict in a file BOTH refs declare hand-authored is refused
  ok: stale-declaration: THE REGRESSION — a working tree missing the file row does not flip the verdict to ADMIT
  ok: stale-declaration anti-vacuity: an artifacts-authored conflict still ADMITs — the refusals above are discriminating
== suite: the real repository was never touched
  ok: the real repo's HEAD is unmoved (8bd22b72a0650c72e9e6980a2b8b7712ef089525) — no test escaped its scratch

246 passed, 0 failed
   ok
== outboard: decision blocks
== blocks: two campaigns never overlap
  ok: the second block starts strictly above the first's end
== blocks: a block never starts at or below main's real ceiling
  ok: the first block starts above main's ceiling (756), so it cannot collide with a landed record
== blocks: the ledger is the authority, not the ceiling alone
  ok: a third block clears the second's end, so an unchanged main does not re-issue a range
== blocks: MUTATION — an allocator that ignored the ledger would re-issue the same range
  ok: test setup: the mutant ignores the ledger's high-water mark
  ok: MUTATION CONFIRMED: ignoring the ledger hands two campaigns the identical range (the real one does not)
== blocks: an invalid campaign name is refused, not sanitised
  ok: an invalid campaign name is refused (identifiers reject, they do not strip)

6 passed, 0 failed
   ok
== outboard: pre-push hook
== pre-push: the destructive class is refused on a non-local remote
  ok: a force push (B is not a descendant of A) to a non-local remote is refused
  ok: a delete (local sha all zeros) to a non-local remote is refused
== pre-push: HV_PUSH_OK=1 is the deliberate, documented override
  ok: the same force push is allowed when HV_PUSH_OK=1 is set
== pre-push: a file:// remote is exempt (tests must stay frictionless)
  ok: a force push to a file:// remote is allowed without HV_PUSH_OK
== pre-push: an ordinary fast-forward is allowed
  ok: a fast-forward (R is an ancestor of A) to a non-local remote is allowed
== pre-push: a brand-new branch (remote sha all zeros) is allowed
  ok: a brand-new branch (remote sha all zeros) is allowed without HV_PUSH_OK
== pre-push: unverifiable ancestry (remote sha not present locally) fails closed
  ok: an unverifiable ancestor (object absent locally) fails closed, refused
== pre-push: THE EXACT INCIDENT — 21847b08 -> fb71dd2e on refs/heads/main
  ok: test setup: both incident commits are present locally
  ok: test setup: the incident's old sha is confirmed NOT an ancestor of the new one
  ok: THE INCIDENT ITSELF (21847b08 -> fb71dd2e on refs/heads/main) is refused
== pre-push: a real push to a scratch bare repo, no network, local remote only
  ok: a real push to a file:// bare repo succeeds under the real hook
  ok: a real FORCE push to a file:// bare repo succeeds under the real hook (local remote is exempt)
== chamber: a push to main while the box is CLAIMED by someone else is refused
  ok: a push to main is refused while a foreign live process holds the claim
  ok: the refusal says why, and names the running job
  ok: the refusal names the hotfix escape, so it is satisfiable
== chamber: a BRANCH push is never gated by the claim
  ok: a branch push is allowed while the box is claimed
== chamber: THE CHAMBER'S OWN PUSH IS NOT BLOCKED (the wedge case)
  ok: the holder's own push to main is allowed via HV_CENSUS_LOCK_HELD
== chamber: HERMETICITY — an AMBIENT HV_CENSUS_LOCK_HELD must not decide the outcome
  ok: an ambient live HV_CENSUS_LOCK_HELD does not leak into the hook — the refusal still fires
== chamber: REASON 2 — the ancestry walk allows the chamber with NO env var
  ok: a descendant of the claim holder is allowed by the ancestry walk alone
== chamber: a DEAD claim is NOT a claim — and a push with no live claim is refused
  ok: a stale claim does not count as the chamber — the push is refused
== chamber: MUTATION — without the ancestry/inheritance escape the chamber blocks itself
  ok: MUTATION CONFIRMED: without the escape the holder's own push is refused (the real hook allows it)
== chamber: NO CLAIM AT ALL — the out-of-band hole (decision 0139)
  ok: a push to main with no claim file is refused
  ok: the refusal says which rule it enforces
  ok: the refusal cites the decision, so it is checkable rather than merely asserted
  ok: the refusal names the hotfix escape, so it is satisfiable
== chamber: a BRANCH push with no claim is still allowed
  ok: a branch push on an idle box is allowed
== chamber: HV_PUSH_OK=1 still escapes the no-claim refusal (the hotfix route)
  ok: HV_PUSH_OK=1 allows a hotfix push to main
== chamber: a LOCAL remote is still exempt (scratch repos need no opt-in)
  ok: a push to main on a local remote is allowed with no claim
== chamber: MUTATION — without the no-claim branch, the out-of-band push returns
  ok: MUTATION CONFIRMED: neutralising the no-claim branch's own refusal allows the push (the real hook refuses it)

29 passed, 0 failed
   ok
== outboard: census path
== census path: a RELATIVE override is refused, and refused cheaply
  ok: a relative HV_CENSUS_WORKTREE exits 2
  ok: the refusal names the bound it enforces (absoluteness)
  ok: the refusal never touched the census lock
== census path: the default is anchored to the MAIN worktree, not the caller's
  ok: the default resolves against the main checkout (/home/nathan/Projects/hornvale/../hornvale-census-wt)
  ok: the default is outside the repo
== census path: an ABSOLUTE override is still honoured (the test seam survives)
  ok: an absolute override is returned unchanged
== census path: MUTATION — without the absoluteness check, the relative value is accepted
  ok: MUTATION CONFIRMED: without the check the relative value is accepted (the real one refuses it)

test-census-path.sh: 7 passed, 0 failed
   ok
== outboard: census guard
  ok: read the trigger pattern from scripts/hooks/pre-commit
  ok: LITERAL side triggers: windows/lab/tests/suite/calibration.rs
  ok: LITERAL side triggers: windows/lab/tests/suite/branches_family_calibration.rs
  ok: LITERAL side triggers: windows/lab/tests/suite/gathering_calibration.rs
  ok: LITERAL side triggers: tools/census/queries/calibrate/golden-pins.sql
  ok: COMPUTED side triggers: book/src/laboratory/generated/the-census/rows.csv
  ok: COMPUTED side triggers: book/src/laboratory/generated/census-of-the-meeting/rows.csv
  ok: unrelated path does not trigger: README.md
  ok: unrelated path does not trigger: windows/lab/src/metrics.rs
  ok: unrelated path does not trigger: book/src/domesday/index.md
  ok: unrelated path does not trigger: book/src/laboratory/generated/the-census/schema.json
  ok: HV_CENSUS_DELIVERY=1 stands the guard down
  ok: escape set: census-check is not attempted
  ok: CONTROL: without the escape the guard still fires on the same staged pin

test-census-guard: 14 passed, 0 failed
   ok
== outboard: sluice drain
  ok: the mouth does NOT gate a census
  ok: the mouth DOES gate kind=merge
  ok: the mouth DOES gate kind=stage
  ok: an unknown kind is gated by the mouth (fails toward checking)
  ok: kind=census dispatches to sluice-census.sh
  ok: kind=merge dispatches to sluice-run.sh
  ok: kind=stage dispatches to sluice-run.sh
  ok: kind=some-future-kind dispatches to sluice-run.sh
  ok: kind=census: mouth-exempt and chamber-exempt agree (yes)
  ok: kind=merge: mouth-exempt and chamber-exempt agree (no)
  ok: kind=stage: mouth-exempt and chamber-exempt agree (no)
  ok: kind=some-future-kind: mouth-exempt and chamber-exempt agree (no)
  ok: census_note reports a NULL run as no goldens moved
  ok: census_note reports a real move as goldens moved
  ok: a missing log fails toward 'moved', not toward a false null
  ok: an empty log path also fails toward 'moved'
  ok: run_one calls the runner with exactly one argument, the request ID
  ok: run_one writes the terminal state for the same id it dispatched

test-sluice-drain: 18 passed, 0 failed
   ok
== outboard: sluice vet
  ok: all 8 conflict lines survive to the operator's screen
  ok: the count matches what was printed
  ok: CONTROL: a single-conflict verdict still reports correctly
  ok: POSITIVE CONTROL: a second ref carrying 0779 really fires COLLISION
  ok: NEGATIVE CONTROL: a ref carrying no decisions at all stays silent
  ok: SELF-EXCLUSION: a candidate does not collide with its own branch

test-sluice-vet: 6 passed, 0 failed
   ok
== outboard: sluice census
  ok: NULL ARM: a staged timings row alone counts 0 goldens
  ok: NULL ARM is non-vacuous: the index really does hold a staged change
  ok: MOVED ARM: one golden + the timings row counts 1 golden
  ok: NEW-FILE ARM: an ADDED census golden is counted, not just a modified one
  ok: SCHEMA: an artifacts-authored file under a census directory is not a golden
  ok: COUNTER FILE: generated-path-writes.tsv + timings row counts 0 goldens
  ok: and that 0 is non-vacuous: two paths really are staged
  ok: EMPTY ARM: an empty index counts 0 without erroring
  ok: EMPTY ARM really is empty (distinct from the null arm, which stages a row)

test-sluice-census: 9 passed, 0 failed
   ok
== outboard: absorb
  ok: an artifacts-authored conflict is resolved, not handed to a human
  ok: no conflict is left in the tree afterwards
  ok: REFUSAL: a source conflict stops the script
  ok: REFUSAL names the offending path's author so the human knows why
  ok: REFUSAL: a census golden stops it — declared is not the same as artifacts
  ok: REFUSAL: an overriding none() row beats its generated parent directory
  ok: REFUSAL: a dirty tree is refused before anything is merged
  ok: REFUSAL: running on main is refused
  ok: AGREEMENT: sluice-mouth.sh routes its decision through the shared classifier
  ok: AGREEMENT: sluice-run.sh routes its decision through the shared classifier
  ok: AGREEMENT: absorb.sh routes its decision through the shared classifier
  ok: AGREEMENT: sluice-mouth.sh sources the one implementation
  ok: AGREEMENT: sluice-run.sh sources the one implementation
  ok: AGREEMENT: absorb.sh sources the one implementation
  ok: AGREEMENT: exactly one implementation of the rule exists

test-absorb: 15 passed, 0 failed
   ok
== outboard: post-merge hook
== post-merge: fires when a merge touches a declared path (the case that was silently dead)
  ok: the hook fires on a merge that touched a declared path
  ok: the reported diff names the file that actually changed
== post-merge: stays quiet when the merge touches nothing declared and no .rs file
  ok: the hook stays quiet when nothing declared (and no .rs file) changed
== post-merge: the advice line it prints is a command that actually works
  ok: the hook printed an advice command to extract
  ok: the printed advice command correctly detects the uncommitted drift it exists to catch

test-post-merge: 5 passed, 0 failed
   ok
== outboard: shellcheck
   ok
outboard: all suites passed
test_ambiguous_lender_does_not_collapse_to_matching_owner (test_checker.CheckerTests.test_ambiguous_lender_does_not_collapse_to_matching_owner) ... ok
test_array_order_has_no_semantic_role (test_checker.CheckerTests.test_array_order_has_no_semantic_role) ... ok
test_borrowed_name_must_retain_its_declared_owner (test_checker.CheckerTests.test_borrowed_name_must_retain_its_declared_owner) ... ok
test_conflicting_borrowing_owners_cannot_be_overwritten (test_checker.CheckerTests.test_conflicting_borrowing_owners_cannot_be_overwritten) ... ok
test_duplicate_borrowing_violates_borrowing (test_checker.CheckerTests.test_duplicate_borrowing_violates_borrowing) ... ok
test_duplicate_component_violates_components (test_checker.CheckerTests.test_duplicate_component_violates_components) ... ok
test_duplicate_observed_owner_does_not_collapse_to_one (test_checker.CheckerTests.test_duplicate_observed_owner_does_not_collapse_to_one) ... ok
test_duplicate_source_violates_components (test_checker.CheckerTests.test_duplicate_source_violates_components) ... ok
test_extra_component_violates_components (test_checker.CheckerTests.test_extra_component_violates_components) ... ok
test_extra_thing_concept_violates_ownership (test_checker.CheckerTests.test_extra_thing_concept_violates_ownership) ... ok
test_inputs_are_not_changed (test_checker.CheckerTests.test_inputs_are_not_changed) ... ok
test_invalid_contract_shapes_raise_value_error (test_checker.CheckerTests.test_invalid_contract_shapes_raise_value_error) ... ok
test_invalid_fact_shapes_raise_value_error (test_checker.CheckerTests.test_invalid_fact_shapes_raise_value_error) ... ok
test_legitimate_borrowing_satisfies_all_four_questions (test_checker.CheckerTests.test_legitimate_borrowing_satisfies_all_four_questions) ... ok
test_missing_component_violates_components (test_checker.CheckerTests.test_missing_component_violates_components) ... ok
test_missing_contract_fields_are_invalid (test_checker.CheckerTests.test_missing_contract_fields_are_invalid) ... ok
test_missing_fact_fields_are_invalid_even_after_refusal (test_checker.CheckerTests.test_missing_fact_fields_are_invalid_even_after_refusal) ... ok
test_missing_lender_violates_borrowing (test_checker.CheckerTests.test_missing_lender_violates_borrowing) ... ok
test_missing_thing_concept_violates_ownership (test_checker.CheckerTests.test_missing_thing_concept_violates_ownership) ... ok
test_refusal_does_not_hide_independent_declaration_violation (test_checker.CheckerTests.test_refusal_does_not_hide_independent_declaration_violation) ... ok
test_retained_unborrowed_lender_concept_is_allowed (test_checker.CheckerTests.test_retained_unborrowed_lender_concept_is_allowed) ... ok
test_self_borrowing_violates_borrowing (test_checker.CheckerTests.test_self_borrowing_violates_borrowing) ... ok
test_settlement_refusal_does_not_certify_partial_lender_state (test_checker.CheckerTests.test_settlement_refusal_does_not_certify_partial_lender_state) ... ok
test_thing_refusal_does_not_hide_missing_lender (test_checker.CheckerTests.test_thing_refusal_does_not_hide_missing_lender) ... ok
test_thing_refusal_keeps_borrowing_judgable_and_ownership_unknown (test_checker.CheckerTests.test_thing_refusal_keeps_borrowing_judgable_and_ownership_unknown) ... ok
test_unborrowed_lender_concept_must_not_change_owner (test_checker.CheckerTests.test_unborrowed_lender_concept_must_not_change_owner) ... ok
test_unborrowed_lender_concept_must_not_disappear (test_checker.CheckerTests.test_unborrowed_lender_concept_must_not_disappear) ... ok
test_undeclared_collision_violates_ownership (test_checker.CheckerTests.test_undeclared_collision_violates_ownership) ... ok
test_unknown_duplicate_or_missing_question_ids_are_invalid (test_checker.CheckerTests.test_unknown_duplicate_or_missing_question_ids_are_invalid) ... ok
test_unused_borrowing_violates_borrowing (test_checker.CheckerTests.test_unused_borrowing_violates_borrowing) ... ok
test_wrong_lender_violates_borrowing (test_checker.CheckerTests.test_wrong_lender_violates_borrowing) ... ok
test_wrong_owner_without_borrowing_is_not_satisfied (test_checker.CheckerTests.test_wrong_owner_without_borrowing_is_not_satisfied) ... ok
test_agreement_requires_named_negative_assumption (test_compare.ComparatorTests.test_agreement_requires_named_negative_assumption) ... ok
test_cargo_reverse_closure_and_deleted_membership (test_compare.ComparatorTests.test_cargo_reverse_closure_and_deleted_membership) ... ok
test_imports_only_omission_keeps_full_fallback (test_compare.ComparatorTests.test_imports_only_omission_keeps_full_fallback) ... ok
test_missing_graph_is_unknown (test_compare.ComparatorTests.test_missing_graph_is_unknown) ... ok
test_outboard_metadata_maps_repository_packages (test_compare.ComparatorTests.test_outboard_metadata_maps_repository_packages) ... ok
test_reviewed_settlement_name_subjects_and_prose_assumptions (test_compare.ComparatorTests.test_reviewed_settlement_name_subjects_and_prose_assumptions) ... ok
test_score_rejects_missing_question (test_compare.ComparatorTests.test_score_rejects_missing_question) ... ok
test_scores_preserve_raw_miss_and_selected_unknown (test_compare.ComparatorTests.test_scores_preserve_raw_miss_and_selected_unknown) ... ok
test_thing_path_selects_contributor (test_compare.ComparatorTests.test_thing_path_selects_contributor) ... ok
test_unenrolled_and_unknown_paths_fall_back (test_compare.ComparatorTests.test_unenrolled_and_unknown_paths_fall_back) ... ok
test_base_metadata_context_is_not_changed_arm_context (test_run.DossierTests.test_base_metadata_context_is_not_changed_arm_context) ... ok
test_candidate_copy_must_match_raw_observation (test_run.DossierTests.test_candidate_copy_must_match_raw_observation) ... ok
test_complete_requires_entire_roster (test_run.DossierTests.test_complete_requires_entire_roster) ... ok
test_corruption_and_failures_are_incomplete (test_run.DossierTests.test_corruption_and_failures_are_incomplete) ... ok
test_duplicate_and_invalid_json_refuse (test_run.DossierTests.test_duplicate_and_invalid_json_refuse) ... ok
test_git_preparation_is_bounded_and_persisted (test_run.DossierTests.test_git_preparation_is_bounded_and_persisted) ... ok
test_missing_prerequisite_refuses (test_run.DossierTests.test_missing_prerequisite_refuses) ... ok
test_real_capture_persists_nonzero_process (test_run.DossierTests.test_real_capture_persists_nonzero_process) ... ok
test_real_git_bundle_reconstruction_and_environment (test_run.DossierTests.test_real_git_bundle_reconstruction_and_environment) ... ok
test_refusal_is_complete_observation (test_run.DossierTests.test_refusal_is_complete_observation) ... ok
test_rejects_unrelated_or_missing_invocation_attribution (test_run.DossierTests.test_rejects_unrelated_or_missing_invocation_attribution) ... ok
test_source_construction_uses_exact_patches_and_rejects_noop (test_run.DossierTests.test_source_construction_uses_exact_patches_and_rejects_noop) ... ok
test_supplement_roster_scope_and_results_are_required (test_run.DossierTests.test_supplement_roster_scope_and_results_are_required) ... ok

----------------------------------------------------------------------
Ran 55 tests in 32.759s

OK
Counterpart primary retained parent: /home/nathan/.local/state/hornvale/counterpart-full12-replay-7ky110gd
Counterpart retained evidence: /home/nathan/.local/state/hornvale/counterpart-full12-replay-7ky110gd
{"completed": true, "arms": ["base", "collision-joint", "lender-joint", "reserved-inferred-owner", "safe-joint", "settlement-collision", "settlement-lender-rename", "settlement-safe", "thing-joint-claim", "thing-safe-addition", "thing-unusual-borrow", "unusual-joint"]}
Independent Counterpart retained parent: /home/nathan/.local/state/hornvale/counterpart-independent-full12-m1o2h8zh
Independent Counterpart retained evidence: /home/nathan/.local/state/hornvale/counterpart-independent-full12-m1o2h8zh
{"completed": true, "arms": ["base", "collision-joint", "lender-joint", "reserved-inferred-owner", "safe-joint", "settlement-collision", "settlement-lender-rename", "settlement-safe", "thing-joint-claim", "thing-safe-addition", "thing-unusual-borrow", "unusual-joint"]}
timed.sh: 'sluice:outboard' wall=475.105s user=286.942s sys=297.397s cpu_ratio=1.23 (recorded) rc=0
sluice-run: committed tracked drift from outboard
sluice-run: === phase gate ===
cargo fmt --check
cargo clippy --workspace --all-targets -- -D warnings
    Finished `dev` profile [optimized + debuginfo] target(s) in 0.30s
cargo run --quiet --manifest-path tools/type-audit/Cargo.toml -- check
cargo run --quiet --manifest-path tools/plumb/Cargo.toml -- check
741 quantity const(s) swept; 0 undeclared, 0 malformed
    Finished `test` profile [optimized + debuginfo] target(s) in 0.22s
────────────
 Nextest run ID 9eac8186-12ba-46fc-8f6b-8ba5f8fce8c2 with nextest profile: default
    Starting 5357 tests across 64 binaries (218 tests skipped)
        PASS [   0.033s] (   1/5357) hornvale concepts::tests::manifest_render_derives_orphan_species_from_the_biosphere_registry
        PASS [   0.032s] (   2/5357) hornvale provision::tests::declared_but_unserved_token_is_refused
        PASS [   0.032s] (   3/5357) hornvale proto::tests::and_list_reads_as_prose
        PASS [   0.032s] (   4/5357) hornvale concepts::tests::manifest_render_lists_orphan_phenomena
        PASS [   0.034s] (   5/5357) hornvale audio::tests::audio_filenames_are_eight_lowercase_hex_digits_dot_mp3
        PASS [   0.033s] (   6/5357) hornvale audio::tests::crc32_matches_the_ieee_known_answer
        PASS [   0.032s] (   7/5357) hornvale provision::tests::undeclared_token_is_not_served
        PASS [   0.033s] (   8/5357) hornvale concepts::tests::no_bearing_is_an_orphan
        PASS [   0.032s] (   9/5357) hornvale provision::tests::declared_and_actually_present_token_is_served
        PASS [   0.034s] (  10/5357) hornvale concepts::tests::manifest_render_derives_orphan_acts_from_the_action_roster
        PASS [   0.033s] (  11/5357) hornvale phonology::tests::a_sample_name_carries_both_romanization_and_ipa
        PASS [   0.034s] (  12/5357) hornvale concepts::tests::renders_all_registered_concepts
        PASS [   0.033s] (  13/5357) hornvale proto::tests::a_family_with_no_speaking_daughter_is_refused
        PASS [   0.034s] (  14/5357) hornvale concepts::tests::manifest_render_derives_orphan_bearings_from_the_compass_roster
        PASS [   0.033s] (  15/5357) hornvale provision::tests::declared_session_row_whose_resolver_refuses_is_not_served
        PASS [   0.034s] (  16/5357) hornvale concepts::tests::the_reverse_audits_run_over_non_empty_rosters
        PASS [   0.033s] (  17/5357) hornvale provision::tests::declared_component_row_whose_resolver_refuses_is_not_served
        PASS [   0.034s] (  18/5357) hornvale concepts::tests::manifest_render_has_backlog_and_matrix
        PASS [   0.034s] (  19/5357) hornvale proto::tests::an_unknown_family_is_refused_with_the_admissible_set
        PASS [   0.034s] (  20/5357) hornvale concepts::tests::manifest_render_is_deterministic
        PASS [   0.033s] (  21/5357) hornvale provision::tests::declared_absent_row_carries_and_returns_its_reason
        PASS [   0.035s] (  22/5357) hornvale concepts::tests::render_is_deterministic
        PASS [   0.042s] (  23/5357) hornvale phonology::tests::sample_rows_carry_espeak_and_content_addressed_audio
        PASS [   0.043s] (  24/5357) hornvale phonology::tests::renders_every_species_with_an_ipa_column_and_sample_names
        PASS [   0.051s] (  25/5357) hornvale proto::tests::the_intro_names_exactly_this_familys_daughters
        PASS [   0.056s] (  26/5357) hornvale proto::tests::renders_inventory_phonotactics_and_a_proto_root_table
        PASS [   0.056s] (  27/5357) hornvale proto::tests::never_names_a_daughter_species_or_the_unrelated_kobold_outgroup
        PASS [   0.024s] (  28/5357) hornvale streams::tests::a_label_the_stamp_never_knew_about_has_not_moved
        PASS [   0.062s] (  29/5357) hornvale phonology::tests::render_is_deterministic
        PASS [   0.027s] (  30/5357) hornvale streams::tests::a_retired_label_never_outranks_its_live_successor
        PASS [   0.029s] (  31/5357) hornvale streams::tests::a_changed_label_is_named_not_merely_noticed
        PASS [   0.024s] (  32/5357) hornvale streams::tests::a_version_segment_anywhere_in_a_label_splits_off
        PASS [   0.024s] (  33/5357) hornvale streams::tests::a_world_records_what_it_was_derived_under
        PASS [   0.077s] (  34/5357) hornvale proto::tests::render_is_deterministic
        PASS [   0.030s] (  35/5357) hornvale streams::tests::an_unstamped_world_claims_nothing_moved
        PASS [   0.025s] (  36/5357) hornvale streams::tests::manifest_lists_every_crate_and_label
        PASS [   0.026s] (  37/5357) hornvale streams::tests::manifest_is_deterministic
        PASS [   0.024s] (  38/5357) hornvale streams::tests::manifest_sections_are_alphabetical_by_crate
        PASS [   0.022s] (  39/5357) hornvale streams::tests::the_notice_does_not_blame_the_rooms_for_a_non_room_epoch
        PASS [   0.028s] (  40/5357) hornvale streams::tests::nothing_moved_when_the_rosters_agree
        PASS [   0.023s] (  41/5357) hornvale streams::tests::the_notice_names_the_rooms_when_a_room_label_moved
        PASS [   0.025s] (  42/5357) hornvale streams::tests::the_stamp_is_exactly_this_roster
        PASS [   0.025s] (  43/5357) hornvale streams::tests::the_notice_lists_every_moved_label_deterministically
        PASS [   0.027s] (  44/5357) hornvale streams::tests::the_stamp_records_only_versioned_labels
        PASS [   0.024s] (  45/5357) hornvale systems::boundary_tests::a_match_at_end_of_file_counts
        PASS [   0.025s] (  46/5357) hornvale systems::boundary_tests::a_running_definition_elsewhere_in_the_file_wins_over_an_ignored_one
        PASS [   0.025s] (  47/5357) hornvale systems::boundary_tests::a_match_followed_by_punctuation_counts
        PASS [   0.024s] (  48/5357) hornvale systems::boundary_tests::a_strict_prefix_does_not_count_as_a_definition
        PASS [   0.023s] (  49/5357) hornvale systems::boundary_tests::an_exact_match_counts
        PASS [   0.025s] (  50/5357) hornvale systems::boundary_tests::an_ordinary_test_attribute_resolves_as_running
        PASS [   0.025s] (  51/5357) hornvale systems::boundary_tests::an_ignore_attribute_with_a_wrapped_multiline_reason_is_still_seen
        PASS [   0.030s] (  52/5357) hornvale systems::boundary_tests::an_ignore_attribute_before_a_test_attribute_is_still_seen
        PASS [   0.033s] (  53/5357) hornvale systems::boundary_tests::an_ignore_attribute_immediately_above_fn_is_ignored
        PASS [   0.023s] (  54/5357) hornvale tropes::tests::equal_rendered_gaps_are_broken_by_the_unrounded_spread
        PASS [   0.138s] (  55/5357) hornvale repl::tests::sky_reports_an_error_instead_of_panicking_on_a_non_finite_day
        PASS [   0.026s] (  56/5357) hornvale tropes::tests::every_situation_declares_only_greimas_actants
        PASS [   0.142s] (  57/5357) hornvale repl::tests::settlement_without_coordinates_reports_usage
        PASS [   0.024s] (  58/5357) hornvale tropes::tests::the_live_corpus_has_thirty_six_uniquely_identified_situations
        PASS [   0.194s] (  59/5357) hornvale repl::tests::site_facts_of_a_unique_join_gloss_names_its_two_concepts
        PASS [   0.252s] (  60/5357) hornvale repl::tests::facts_lists_an_entity
        PASS [   0.224s] (  61/5357) hornvale repl::tests::site_facts_of_an_ambiguous_gloss_falls_back_to_the_raw_text
        PASS [   0.023s] (  62/5357) hornvale tropes::tests::wrapping_never_starts_a_line_with_a_dash
        PASS [   0.053s] (  63/5357) hornvale tropes::tests::the_second_corpus_has_four_hundred_and_nine_uniquely_identified_situations
        PASS [   0.032s] (  64/5357) hornvale::suite accession::every_accessioned_concept_is_actually_registered
        PASS [   0.027s] (  65/5357) hornvale::suite accession::every_registered_concept_has_an_accession_epoch
        PASS [   0.024s] (  66/5357) hornvale::suite accession::the_rootable_toponymic_concepts_are_core
        PASS [   0.042s] (  67/5357) hornvale::suite accession::the_parity_check_is_over_a_non_empty_roster
        PASS [   0.029s] (  68/5357) hornvale::suite accession::the_toponymic_concepts_are_registered_and_accessioned
        PASS [   0.027s] (  69/5357) hornvale::suite architecture::a_new_concept_and_phenomenon_kind_need_no_god_enum_or_domain_edit
        PASS [   0.322s] (  70/5357) hornvale repl::tests::why_explains_belief_one
        PASS [   0.029s] (  71/5357) hornvale::suite architecture::every_client_workspace_declares_an_optimised_dev_profile
        PASS [   0.167s] (  72/5357) hornvale::suite architecture::domains_depend_only_on_the_kernel
        PASS [   0.166s] (  73/5357) hornvale::suite architecture::external_dependencies_are_allowlisted
        PASS [   0.144s] (  74/5357) hornvale::suite architecture::the_layering_page_matches_the_enforced_graph
        PASS [   0.161s] (  75/5357) hornvale::suite architecture::the_kernel_depends_on_no_workspace_crate
        PASS [   0.031s] (  76/5357) hornvale::suite attest::a_job_can_be_both_owed_but_absent_and_undetermined_at_once
        PASS [   0.025s] (  77/5357) hornvale::suite attest::a_job_carrying_an_unowed_phase_is_reported
        PASS [   0.029s] (  78/5357) hornvale::suite attest::a_job_missing_an_unconditionally_owed_phase_is_reported
        PASS [   0.030s] (  79/5357) hornvale::suite attest::a_job_missing_only_a_conditionally_droppable_phase_is_undetermined_not_owed_but_absent
        PASS [   0.022s] (  80/5357) hornvale::suite attest::a_none_row_is_never_reported_as_an_absent_author_and_is_its_own_category
        PASS [   0.029s] (  81/5357) hornvale::suite attest::a_reasonless_none_row_is_a_parse_error
        PASS [   0.022s] (  82/5357) hornvale::suite attest::a_well_formed_tree_reports_nothing
        PASS [   0.023s] (  83/5357) hornvale::suite attest::an_author_never_seen_at_all_is_reported_with_no_last_seen
        PASS [   0.014s] (  84/5357) hornvale::suite attest::an_author_with_no_canonical_row_is_reported_with_its_last_bare_row
        PASS [   0.144s] (  85/5357) hornvale::suite architecture::the_layering_render_is_deterministic_and_grounded
        PASS [   0.129s] (  86/5357) hornvale::suite architecture::windows_depend_only_on_kernel_domains_and_windows
        PASS [   0.009s] (  87/5357) hornvale::suite audio_artifacts::committed_audio_is_exactly_the_page_referenced_set
        PASS [   0.014s] (  88/5357) hornvale::suite attest::the_conditionally_droppable_set_agrees_with_sluice_phases_sh
        PASS [   1.637s] (  89/5357) hornvale repl::tests::unknown_commands_are_reported_not_fatal
        PASS [   1.682s] (  90/5357) hornvale repl::tests::eof_ends_the_loop_without_quit
        PASS [   1.738s] (  91/5357) hornvale repl::tests::settlements_and_settlement_answer_queries
        PASS [   1.768s] (  92/5357) hornvale repl::tests::phenomena_reports_an_error_instead_of_panicking_on_a_non_finite_day
        PASS [   2.455s] (  93/5357) hornvale repl::tests::map_and_land_answer_terrain_queries
        PASS [   3.583s] (  94/5357) hornvale repl::tests::village_and_castes_and_beliefs_report
        PASS [   4.572s] (  95/5357) hornvale repl::tests::possess_hands_off_and_release_returns_to_the_scholar_loop
        PASS [   4.914s] (  96/5357) hornvale repl::tests::site_facts_of_a_whole_concept_gloss_echoes_itself_across_the_entire_registry
        PASS [  10.274s] (  97/5357) hornvale repl::tests::phenomena_as_unknown_species_fails_loudly
        PASS [  10.382s] (  98/5357) hornvale repl::tests::calendar_on_generated_world_reports_the_year
        PASS [  10.459s] (  99/5357) hornvale repl::tests::why_appends_named_for_when_a_name_gloss_fact_exists
        PASS [   0.033s] ( 100/5357) hornvale::suite build_path_embedding::production_code_embeds_no_new_build_paths
        PASS [   0.033s] ( 101/5357) hornvale::suite build_path_embedding::the_frozen_list_only_shrinks
        PASS [   0.034s] ( 102/5357) hornvale::suite build_path_embedding::the_scan_actually_resolves_production_trees
        PASS [   0.022s] ( 103/5357) hornvale::suite census_duration::a_census_over_the_alarm_threshold_owes_a_profiling_followup
        PASS [   0.023s] ( 104/5357) hornvale::suite census_duration::the_census_ledger_has_rows_this_test_can_read
        PASS [   0.012s] ( 105/5357) hornvale::suite census_duration::the_chronologically_latest_row_wins_even_when_it_is_not_last_in_the_file
        PASS [  10.625s] ( 106/5357) hornvale repl::tests::word_with_no_argument_reports_usage
        PASS [   0.023s] ( 107/5357) hornvale::suite census_duration::the_latest_census_is_under_the_refusal_ceiling
        PASS [  10.696s] ( 108/5357) hornvale repl::tests::word_with_an_unregistered_concept_is_reported_not_fatal
        PASS [   0.011s] ( 109/5357) hornvale::suite claim_shape::the_scan_flags_an_untagged_seed_loop_and_passes_a_tagged_one
        PASS [   0.011s] ( 110/5357) hornvale::suite claim_shape::the_tag_parser_accepts_every_shape_and_rejects_near_misses
        PASS [   0.013s] ( 111/5357) hornvale::suite client_band_coverage::every_known_band_wire_tag_is_covered_by_the_clients_own_corpus
        PASS [  10.659s] ( 112/5357) hornvale tropes::tests::a_registered_token_alone_is_not_enough_without_a_witness
        PASS [  10.754s] ( 113/5357) hornvale repl::tests::the_settlements_listing_qualifies_exactly_the_lines_that_would_repeat
        PASS [   0.026s] ( 114/5357) hornvale::suite client_band_coverage::the_known_tag_list_is_well_formed
        PASS [   0.013s] ( 115/5357) hornvale::suite common_is_total::every_registered_concept_has_a_common_word
        PASS [   0.012s] ( 116/5357) hornvale::suite correspondence::every_expected_lexeme_is_actually_lexicalizable
        PASS [   0.012s] ( 117/5357) hornvale::suite correspondence::every_registered_concept_has_a_manifest
        PASS [   0.047s] ( 118/5357) hornvale::suite common_is_total::no_two_registered_concepts_share_a_common_surface
        PASS [   0.019s] ( 119/5357) hornvale::suite correspondence::reconciliation_is_non_vacuous
        PASS [   0.013s] ( 120/5357) hornvale::suite correspondence::trial_balance_foots_on_every_ledger
        PASS [  10.697s] ( 121/5357) hornvale tropes::tests::matrix_shares_are_per_catalogue_and_sorted_by_the_gap
        PASS [  10.763s] ( 122/5357) hornvale tropes::tests::a_dangling_bundle_reference_blocks
        PASS [   0.015s] ( 123/5357) hornvale::suite docs_consistency::an_escaped_pipe_is_not_a_column_separator
        PASS [   0.039s] ( 124/5357) hornvale::suite docs_consistency::a_decision_records_title_matches_its_filename
        PASS [  10.766s] ( 125/5357) hornvale tropes::tests::an_excluded_situation_is_inapplicable_not_blocked
        PASS [  10.768s] ( 126/5357) hornvale tropes::tests::blocked_tokens_are_deduplicated_in_corpus_order
        PASS [   0.011s] ( 127/5357) hornvale::suite docs_consistency::cite_errors_in_catches_line_wrapped_cites
        PASS [   0.010s] ( 128/5357) hornvale::suite docs_consistency::cite_errors_in_is_case_insensitive
        PASS [   0.028s] ( 129/5357) hornvale::suite docs_consistency::campaign_reconciliation_covers_every_campaign_record
        PASS [   0.025s] ( 130/5357) hornvale::suite docs_consistency::cite_error_resolves_the_known_forms
        PASS [   0.029s] ( 131/5357) hornvale::suite docs_consistency::campaign_record_paths_enumerate_the_actual_audit_directories
        PASS [   0.017s] ( 132/5357) hornvale::suite docs_consistency::committed_reconciliation_schema_is_parseable
        PASS [   0.012s] ( 133/5357) hornvale::suite docs_consistency::decision_numbers_are_unique
        PASS [   0.014s] ( 134/5357) hornvale::suite docs_consistency::every_campaign_with_a_spec_and_a_plan_has_a_ledger
        PASS [   0.050s] ( 135/5357) hornvale::suite docs_consistency::committed_reconciliation_rows_satisfy_semantic_rules
        PASS [   0.013s] ( 136/5357) hornvale::suite docs_consistency::every_frontier_section_is_listed_in_the_contents
        PASS [  10.852s] ( 137/5357) hornvale tropes::tests::a_bundle_required_twice_by_one_situation_counts_once_everywhere
        PASS [   0.025s] ( 138/5357) hornvale::suite docs_consistency::every_refuted_row_cites_its_evidence
        PASS [   0.021s] ( 139/5357) hornvale::suite docs_consistency::every_registry_table_row_is_a_parseable_id_row
        PASS [   0.030s] ( 140/5357) hornvale::suite docs_consistency::every_registry_row_carries_a_pointer
        PASS [   0.010s] ( 141/5357) hornvale::suite docs_consistency::reconciliation_parser_keeps_all_five_record_columns
        PASS [   0.011s] ( 142/5357) hornvale::suite docs_consistency::reconciliation_parser_rejects_a_short_row
        PASS [   0.025s] ( 143/5357) hornvale::suite docs_consistency::no_new_numbered_registry_ids
        PASS [  10.900s] ( 144/5357) hornvale tropes::tests::a_bundle_no_catalogue_declares_is_rowed_but_marked
        PASS [   0.011s] ( 145/5357) hornvale::suite docs_consistency::reconciliation_parser_rejects_unknown_disposition
        PASS [   0.010s] ( 146/5357) hornvale::suite docs_consistency::reconciliation_parser_requires_evidence
        PASS [   0.019s] ( 147/5357) hornvale::suite docs_consistency::reconciliation_parser_rejects_terminal_rows_with_a_destination
        PASS [  10.839s] ( 148/5357) hornvale tropes::tests::resolution_is_order_stable
        PASS [   0.010s] ( 149/5357) hornvale::suite docs_consistency::reconciliation_validation_rejects_shipped_registry_targets
        PASS [   0.012s] ( 150/5357) hornvale::suite docs_consistency::reconciliation_parser_requires_residue_for_partial_rows
        PASS [   0.011s] ( 151/5357) hornvale::suite docs_consistency::reconciliation_validation_rejects_duplicate_keys_and_wrong_record_columns
        PASS [   0.010s] ( 152/5357) hornvale::suite docs_consistency::refuted_is_an_admissible_status
        PASS [  10.916s] ( 153/5357) hornvale tropes::tests::a_bundle_masked_by_an_exclusion_is_disclosed_but_not_ranked
        PASS [   0.011s] ( 154/5357) hornvale::suite docs_consistency::status_normalization_handles_the_documented_forms
        PASS [   0.026s] ( 155/5357) hornvale::suite docs_consistency::registry_idea_cells_are_within_budget
        PASS [   0.025s] ( 156/5357) hornvale::suite docs_consistency::registry_rows_have_five_columns
        PASS [   0.013s] ( 157/5357) hornvale::suite docs_consistency::the_confidence_gradient_links_resolve
        PASS [   0.026s] ( 158/5357) hornvale::suite docs_consistency::registry_statuses_use_the_closed_vocabulary
        PASS [   0.027s] ( 159/5357) hornvale::suite docs_consistency::registry_ids_are_unique
        PASS [  10.928s] ( 160/5357) hornvale tropes::tests::an_unknown_token_blocks_its_situation
        PASS [   0.011s] ( 161/5357) hornvale::suite docs_consistency::the_decision_log_starts_at_0001
        PASS [   0.011s] ( 162/5357) hornvale::suite docs_consistency::the_history_page_prose_names_the_vertex_it_renders
        PASS [   0.012s] ( 163/5357) hornvale::suite docs_consistency::the_unmatched_plan_count_has_not_moved
        PASS [   0.014s] ( 164/5357) hornvale::suite docs_consistency::the_ledger_exemption_list_only_shrinks
        PASS [  10.430s] ( 165/5357) hornvale::suite branches_coverage::species_pin_isolation_holds_for_goblin
        PASS [   0.028s] ( 166/5357) hornvale::suite docs_consistency::the_waiver_list_only_shrinks
        PASS [   0.021s] ( 167/5357) hornvale::suite generated_paths::an_overriding_declaration_must_be_measured
        PASS [   0.013s] ( 168/5357) hornvale::suite generated_paths::every_declared_generated_path_is_written_by_its_author
        PASS [   0.012s] ( 169/5357) hornvale::suite generated_paths::every_declared_path_names_a_known_author
        PASS [   0.011s] ( 170/5357) hornvale::suite generated_paths::known_authors_agree_with_the_roster
        PASS [   0.010s] ( 171/5357) hornvale::suite generated_paths::no_generated_artifact_is_routed_through_a_regenerating_merge_driver
        PASS [   0.216s] ( 172/5357) hornvale::suite docs_consistency::decision_block_declaration_count_has_not_dropped
        PASS [   0.205s] ( 173/5357) hornvale::suite docs_consistency::decision_blocks_do_not_overlap_across_campaigns
        PASS [  10.918s] ( 174/5357) hornvale tropes::tests::the_report_states_provenance_and_all_four_sections
        PASS [   0.013s] ( 175/5357) hornvale::suite generated_paths::the_declared_list_is_not_empty
        PASS [   0.012s] ( 176/5357) hornvale::suite heavy_tier::every_whole_runner_test_is_front_loaded
        PASS [   0.022s] ( 177/5357) hornvale::suite generated_paths::no_two_declared_rows_tie_for_precedence_with_different_authors
        PASS [   0.017s] ( 178/5357) hornvale::suite generated_paths::the_root_guide_names_the_declared_path_list
        PASS [   0.009s] ( 179/5357) hornvale::suite heavy_tier::override_table_end_stops_at_the_next_profile_section_not_just_eof
        PASS [   0.010s] ( 180/5357) hornvale::suite heavy_tier::the_canonical_heavy_reason_states_no_duration
        PASS [   0.074s] ( 181/5357) hornvale::suite generated_paths::no_claude_md_restates_the_declared_path_list
        PASS [   0.177s] ( 182/5357) hornvale::suite docs_consistency::the_book_carries_no_registry_ids_or_process_vocabulary
        PASS [   0.611s] ( 183/5357) hornvale::suite claim_shape::every_seed_looping_test_in_the_repo_declares_its_claim_shape
        PASS [   0.011s] ( 184/5357) hornvale::suite history_render::a_burned_goblin_clearing_shows_its_doll
        PASS [   0.612s] ( 185/5357) hornvale::suite claim_shape::the_detected_seed_looping_count_has_not_silently_collapsed
        PASS [   0.012s] ( 186/5357) hornvale::suite history_render::a_climate_departure_still_reads_as_one_when_a_war_happened_elsewhere
        PASS [   0.012s] ( 187/5357) hornvale::suite history_render::a_conquerors_abandoned_seat_does_not_read_as_a_climate_departure
        PASS [   0.010s] ( 188/5357) hornvale::suite history_render::a_migrated_goblin_clearing_also_shows_its_doll
        PASS [   0.396s] ( 189/5357) hornvale::suite docs_consistency::decision_cites_in_sources_resolve
        PASS [   0.015s] ( 190/5357) hornvale::suite history_render::a_restacked_site_reads_as_stratigraphy
        PASS [   0.014s] ( 191/5357) hornvale::suite history_render::an_empty_vertex_says_so
        PASS [   0.194s] ( 192/5357) hornvale::suite heavy_tier::the_heavy_roster_is_exactly_this_fixture
        PASS [   0.212s] ( 193/5357) hornvale::suite heavy_tier::the_serialization_pin_names_exactly_the_wall_clock_budget_tests_marked_co_schedule_sensitive
        PASS [   0.508s] ( 194/5357) hornvale::suite docs_consistency::all_knowledge_doc_links_resolve
        PASS [   0.012s] ( 195/5357) hornvale::suite lane_claim_roundtrip::every_claim_writer_emits_every_required_field
        PASS [   0.228s] ( 196/5357) hornvale::suite heavy_tier::the_serialization_pin_names_exactly_the_batteries_that_scatter_their_sweeps
        PASS [   0.011s] ( 197/5357) hornvale::suite lane_claim_roundtrip::the_scraper_can_see_a_known_good_writer
        PASS [   0.011s] ( 198/5357) hornvale::suite lane_sets::every_phase_the_chamber_runs_is_rostered
        PASS [   0.015s] ( 199/5357) hornvale::suite lane_sets::claude_md_names_the_roster_and_does_not_restate_it
        PASS [   0.255s] ( 200/5357) hornvale::suite heavy_tier::heavy_tier_reason_strings_are_canonical
        PASS [   0.011s] ( 201/5357) hornvale::suite lane_sets::every_rostered_set_is_well_formed
        PASS [   0.012s] ( 202/5357) hornvale::suite lane_sets::the_commit_gate_is_local_and_everything_else_is_the_lane
        PASS [   0.012s] ( 203/5357) hornvale::suite lane_sets::the_phase_lists_and_the_roster_rungs_agree_both_ways
        PASS [   0.011s] ( 204/5357) hornvale::suite lexicon_guard::a_waiver_needs_a_reason
        PASS [   0.010s] ( 205/5357) hornvale::suite lexicon_guard::the_inventory_is_sorted_and_not_empty
        PASS [   0.011s] ( 206/5357) hornvale::suite lexicon_guard::the_tokenizer_counts_affixed_bare_and_shouting_forms
        PASS [   0.250s] ( 207/5357) hornvale::suite heavy_tier::the_sized_sweep_pin_names_exactly_the_batteries_marked_for_a_bounded_panel
        PASS [   0.015s] ( 208/5357) hornvale::suite no_entity_id_values_in_prose::derived_prose_never_reads_an_entity_id_for_its_value
        PASS [   0.263s] ( 209/5357) hornvale::suite heavy_tier::the_untokenised_ignore_reasons_are_exactly_this_roster
        PASS [  11.471s] ( 210/5357) hornvale repl::tests::word_reports_every_species_entry_for_a_steeped_concept
        PASS [   0.015s] ( 211/5357) hornvale::suite provision::act_tokens_resolve_through_session_home
        PASS [   0.016s] ( 212/5357) hornvale::suite provision::affect_kind_and_affect_intensity_resolve_through_component_home
        PASS [   0.483s] ( 213/5357) hornvale::suite generated_paths::every_declared_generated_path_is_tracked
        PASS [  11.638s] ( 214/5357) hornvale dictionary::tests::word_line_reads_the_same_as_the_dictionary_row_for_every_kind_of_entry
        PASS [   0.024s] ( 215/5357) hornvale::suite provision::declared_absent_row_carries_its_reason
        PASS [   0.017s] ( 216/5357) hornvale::suite provision::declared_but_unserved_token_is_not_served
        PASS [   0.011s] ( 217/5357) hornvale::suite provision::feels_toward_does_not_resolve
        PASS [  10.051s] ( 218/5357) hornvale::suite branches_identity::deities_with_distinct_glosses_carry_distinct_names_at_seed_42
        PASS [  11.853s] ( 219/5357) hornvale repl::tests::phenomena_as_kobold_ranks_the_night_sky_first
        PASS [  11.284s] ( 220/5357) hornvale::suite branches_coverage::every_concept_resolves_once
        PASS [  11.297s] ( 221/5357) hornvale::suite branches_coverage::gaps_have_reasons
        PASS [  11.433s] ( 222/5357) hornvale::suite branches_coverage::derivations_replay
        PASS [  12.057s] ( 223/5357) hornvale repl::tests::why_recounts_any_entity_by_id
        PASS [   0.865s] ( 224/5357) hornvale::suite lexicon_guard::no_vertex_sense_cell_comes_back
        PASS [   9.894s] ( 225/5357) hornvale::suite branches_identity::goblin_names_are_rebaselined_not_frozen
        PASS [   0.011s] ( 226/5357) hornvale::suite repertory_corpus::a_scratch_name_is_unique_per_call_even_at_one_seed
        PASS [  12.629s] ( 227/5357) hornvale dictionary::tests::render_is_deterministic
        PASS [   0.011s] ( 228/5357) hornvale::suite repertory_corpus::every_scene_carries_a_witness_and_at_least_one_beat
        PASS [  12.643s] ( 229/5357) hornvale repl::tests::biomes_and_biome_answer_queries
        PASS [   0.015s] ( 230/5357) hornvale::suite repertory_corpus::the_founding_corpus_is_frozen_at_its_authored_size
        PASS [   0.011s] ( 231/5357) hornvale::suite repertory_corpus::the_orange_is_frozen_at_its_authored_size
        PASS [  11.150s] ( 232/5357) hornvale::suite branches_coverage::species_pin_isolation_holds_for_hobgoblin
        PASS [  12.908s] ( 233/5357) hornvale dictionary::tests::cognate_rows_share_a_glossed_proto_form_across_the_goblinoid_daughters
        PASS [   0.011s] ( 234/5357) hornvale::suite repertory_corpus::two_in_a_room_is_frozen_at_its_authored_size
        PASS [   0.199s] ( 235/5357) hornvale::suite repose_byte_identity::no_rendered_artifact_names_a_geohazard
        PASS [  13.129s] ( 236/5357) hornvale dictionary::tests::renders_a_header_row_and_one_row_per_registered_concept_per_species
        PASS [  11.406s] ( 237/5357) hornvale::suite branches_identity::every_goblinoid_words_root_is_in_its_own_daughters_inventory
        PASS [  13.497s] ( 238/5357) hornvale dictionary::tests::a_root_row_carries_a_derivation_one_liner_and_a_compound_row_names_its_parts
        PASS [   0.189s] ( 239/5357) hornvale::suite retired_gate_signposts::retired_gate_targets_refuse
        PASS [   0.011s] ( 240/5357) hornvale::suite scene_context_discipline::the_catalog_reuses_one_scene_context_per_world
        PASS [  10.135s] ( 241/5357) hornvale::suite branches_identity::hobgoblin_and_bugbear_are_present
        PASS [  12.524s] ( 242/5357) hornvale::suite branches_identity::bugbear_and_kobold_are_present_in_settlement_composition
        PASS [   0.021s] ( 243/5357) hornvale::suite sentence_corpus::a_classify_only_entry_resolves_as_covered
        PASS [   0.026s] ( 244/5357) hornvale::suite sentence_corpus::a_deep_ladder_rung_derives_its_full_transitive_closure
        PASS [   0.015s] ( 245/5357) hornvale::suite sentence_corpus::a_ladder_rung_derives_its_transitive_demand_set
        PASS [   0.011s] ( 246/5357) hornvale::suite sentence_corpus::a_mixed_entry_needs_every_demand_covered
        PASS [   0.011s] ( 247/5357) hornvale::suite sentence_corpus::an_unimplemented_demand_resolves_as_not_yet
        PASS [   0.013s] ( 248/5357) hornvale::suite sentence_corpus::demand_instance_coverage_by_direction_is_pinned
        PASS [   0.012s] ( 249/5357) hornvale::suite sentence_corpus::demand_instance_coverage_matches_the_campaigns_prediction
        PASS [   0.012s] ( 250/5357) hornvale::suite sentence_corpus::distance_zero_is_exactly_coverage
        PASS [   0.012s] ( 251/5357) hornvale::suite sentence_corpus::every_covered_entry_realizes_in_common
        PASS [   0.014s] ( 252/5357) hornvale::suite sentence_corpus::every_covered_ladder_rung_realizes_in_common
        PASS [   0.013s] ( 253/5357) hornvale::suite sentence_corpus::every_reference_to_the_headline_test_names_a_function_in_this_file
        PASS [   0.015s] ( 254/5357) hornvale::suite sentence_corpus::every_rungs_closure_is_a_superset_of_its_presuppositions_closures
        PASS [   0.011s] ( 255/5357) hornvale::suite sentence_corpus::merchant_coverage_is_eight_of_twelve
        PASS [   0.011s] ( 256/5357) hornvale::suite sentence_corpus::merchant_entries_resolve_as_direction_unknown
        PASS [   0.012s] ( 257/5357) hornvale::suite sentence_corpus::no_ladder_token_is_introduced_twice
        PASS [   0.016s] ( 258/5357) hornvale::suite sentence_corpus::removing_a_rungs_introduces_token_makes_the_cross_check_notice
        PASS [   0.011s] ( 259/5357) hornvale::suite sentence_corpus::sentence_coverage_report
        PASS [   0.011s] ( 260/5357) hornvale::suite sentence_corpus::the_covered_entries_are_m02_m04_m05_m06_m07_m08_m09_and_m10
        PASS [   0.012s] ( 261/5357) hornvale::suite sentence_corpus::the_cycle_detector_fires_on_an_injected_cycle
        PASS [   0.011s] ( 262/5357) hornvale::suite sentence_corpus::the_flood_watch_corpus_is_frozen_at_its_authored_size
        PASS [   0.012s] ( 263/5357) hornvale::suite sentence_corpus::the_flood_watch_direction_split_is_sixty_eight_parse_seventy_one_produce
        PASS [   0.014s] ( 264/5357) hornvale::suite sentence_corpus::the_ladder_covers_flood_watch_vocabulary_except_the_two_refused_input_surface_tokens
        PASS [   0.012s] ( 265/5357) hornvale::suite sentence_corpus::the_ladder_covers_the_merchant_corpus_vocabulary_completely
        PASS [   0.012s] ( 266/5357) hornvale::suite sentence_corpus::the_ladder_has_exactly_two_roots
        PASS [   0.012s] ( 267/5357) hornvale::suite sentence_corpus::the_ladder_has_no_duplicate_ids
        PASS [   0.012s] ( 268/5357) hornvale::suite sentence_corpus::the_ladder_is_acyclic
        PASS [   0.011s] ( 269/5357) hornvale::suite sentence_corpus::the_ladder_is_frozen_at_its_authored_size
        PASS [   0.013s] ( 270/5357) hornvale::suite sentence_corpus::the_ladder_score_and_frontier_match_the_campaigns_prediction
        PASS [   0.011s] ( 271/5357) hornvale::suite sentence_corpus::the_merchant_corpus_is_frozen_at_its_authored_size
        PASS [   0.012s] ( 272/5357) hornvale::suite sentence_corpus::the_negative_control_token_is_genuinely_uncovered
        PASS [   0.012s] ( 273/5357) hornvale::suite sentence_corpus::three_entries_sit_at_one_missing_demand
        PASS [  10.225s] ( 274/5357) hornvale::suite branches_identity::kobold_phonology_is_a_pure_function_of_seed_and_envelope
        PASS [  15.339s] ( 275/5357) hornvale tropes::tests::a_registered_token_with_a_witness_that_stages_is_stageable
        PASS [  10.932s] ( 276/5357) hornvale::suite branches_identity::kobold_lexicon_is_the_singleton_build_lexicon_call
        PASS [   0.020s] ( 277/5357) hornvale::suite sky_exit_criterion::scout_is_deterministic_and_finds_three_moon_worlds
        PASS [   9.460s] ( 278/5357) hornvale::suite id_stability_under_insertion::inserting_a_minting_stage_moves_no_unrelated_id
        PASS [   9.764s] ( 279/5357) hornvale::suite exit_criterion::new_creates_a_world_and_reports_the_village
        PASS [   9.668s] ( 280/5357) hornvale::suite id_shift_invariance::identical_founding_keys_yield_identical_founder_handles_despite_different_ids
        PASS [   0.013s] ( 281/5357) hornvale::suite star_class_is_a_concept::the_rendered_display_parses_back_to_the_committed_id
        PASS [   0.064s] ( 282/5357) hornvale::suite subfloor_roster_coverage::every_workspace_crate_has_a_roster_entry_or_a_declared_reason
        PASS [   0.014s] ( 283/5357) hornvale::suite system_coverage::a_deferral_against_a_bolded_shipped_status_is_stale
        PASS [  10.022s] ( 284/5357) hornvale::suite exit_criterion::concepts_dump_contains_every_domain
        PASS [   0.013s] ( 285/5357) hornvale::suite system_coverage::a_deferral_against_a_parenthetically_qualified_shipped_status_is_stale
        PASS [   0.013s] ( 286/5357) hornvale::suite system_coverage::a_deferral_against_a_ratified_status_is_stale
        PASS [   0.013s] ( 287/5357) hornvale::suite system_coverage::a_deferral_against_a_raw_status_is_clean
        PASS [   0.013s] ( 288/5357) hornvale::suite system_coverage::a_deferral_against_a_refuted_status_is_stale
        PASS [   0.013s] ( 289/5357) hornvale::suite system_coverage::a_deferral_against_a_rejected_status_is_stale
        PASS [   0.014s] ( 290/5357) hornvale::suite system_coverage::a_deferral_against_a_shipped_then_superseded_status_is_stale
        PASS [   0.026s] ( 291/5357) hornvale::suite system_coverage::a_deferral_against_a_shipped_registry_row_is_stale
        PASS [   0.015s] ( 292/5357) hornvale::suite system_coverage::a_deferral_against_a_specd_status_is_clean
        PASS [   0.013s] ( 293/5357) hornvale::suite system_coverage::a_deferral_against_an_elaborated_status_mentioning_shipped_in_prose_is_clean
        PASS [   0.029s] ( 294/5357) hornvale::suite system_coverage::a_deferral_citing_an_unknown_registry_row_is_dangling
        PASS [   0.027s] ( 295/5357) hornvale::suite system_coverage::a_path_anchor_that_escapes_the_repo_root_is_dangling
        PASS [   0.031s] ( 296/5357) hornvale::suite system_coverage::a_path_anchor_that_is_absolute_is_dangling
        PASS [   0.031s] ( 297/5357) hornvale::suite system_coverage::a_path_anchor_that_is_empty_is_dangling
        PASS [   9.838s] ( 298/5357) hornvale::suite lens_purity::seed_42_world_json_matches_the_committed_fixture
        PASS [   9.910s] ( 299/5357) hornvale::suite id_shift_invariance::identical_material_cores_yield_identical_flesh_despite_different_ids
        PASS [   0.027s] ( 300/5357) hornvale::suite system_coverage::a_present_verdict_anchored_to_a_real_path_is_clean
        PASS [   0.028s] ( 301/5357) hornvale::suite system_coverage::a_refusal_citing_a_superseded_decision_is_dangling
        PASS [   0.026s] ( 302/5357) hornvale::suite system_coverage::a_refusal_citing_an_in_force_decision_is_clean
        PASS [   0.026s] ( 303/5357) hornvale::suite system_coverage::a_refused_verdict_anchored_to_a_path_is_unjustified
        PASS [   0.026s] ( 304/5357) hornvale::suite system_coverage::a_refused_verdict_without_an_anchor_is_unjustified
        PASS [   0.030s] ( 305/5357) hornvale::suite system_coverage::a_test_anchor_citing_an_ignored_test_is_dangling
        PASS [   0.027s] ( 306/5357) hornvale::suite system_coverage::a_test_anchor_citing_an_ordinary_running_test_is_clean
        PASS [   0.029s] ( 307/5357) hornvale::suite system_coverage::an_absent_verdict_carrying_an_anchor_is_unjustified
        PASS [   0.032s] ( 308/5357) hornvale::suite system_coverage::a_test_anchor_naming_a_strict_prefix_of_a_real_symbol_is_dangling
        PASS [   0.029s] ( 309/5357) hornvale::suite system_coverage::an_inapplicable_verdict_with_a_real_reason_is_clean
        PASS [   0.012s] ( 310/5357) hornvale::suite system_coverage::committed_absent_count_is_none_without_a_tally_line
        PASS [   0.011s] ( 311/5357) hornvale::suite system_coverage::committed_absent_count_reads_past_the_banner_line_to_the_tally
        PASS [   0.026s] ( 312/5357) hornvale::suite system_coverage::an_inapplicable_verdict_with_an_empty_reason_is_unjustified
        PASS [   0.014s] ( 313/5357) hornvale::suite system_coverage::committed_system_coverage_matches_the_live_report
        PASS [   0.012s] ( 314/5357) hornvale::suite system_coverage::gather_refuses_a_decisions_file_that_parses_to_zero_entries
        PASS [   0.027s] ( 315/5357) hornvale::suite system_coverage::committed_system_matrix_matches_the_live_render
        PASS [   0.013s] ( 316/5357) hornvale::suite system_coverage::gather_refuses_a_registry_file_that_parses_to_zero_rows
        PASS [   0.012s] ( 317/5357) hornvale::suite system_coverage::gather_refuses_a_tree_with_zero_subsystem_directories
        PASS [   0.011s] ( 318/5357) hornvale::suite system_coverage::the_corpus_declares_its_provenance_and_freeze
        PASS [   0.011s] ( 319/5357) hornvale::suite system_coverage::render_omits_first_unmet_entirely_when_the_corpus_is_unordered
        PASS [   0.016s] ( 320/5357) hornvale::suite system_coverage::the_decisions_stamp_changes_when_the_decisions_file_changes
        PASS [  10.995s] ( 321/5357) hornvale::suite branches_identity::the_gloom_gods_name_is_audibly_the_gloom_word_at_seed_42
        PASS [   0.030s] ( 322/5357) hornvale::suite system_coverage::the_surplus_read_excludes_a_subsystem_the_corpus_does_cite
        PASS [   0.012s] ( 323/5357) hornvale::suite system_coverage::the_wolverson_corpus_is_frozen_at_its_declared_size
        PASS [   0.028s] ( 324/5357) hornvale::suite system_coverage::the_surplus_read_names_subsystems_no_chapter_cites
        PASS [   0.011s] ( 325/5357) hornvale::suite temp_path_ratchet::a_reasonless_roster_entry_is_a_parse_error
        PASS [  21.372s] ( 326/5357) hornvale repl::tests::why_a_belief_recounts_through_the_species_eyes
        PASS [   0.014s] ( 327/5357) hornvale::suite test_binary_ratchet::no_new_top_level_test_binary_appears
        PASS [   0.161s] ( 328/5357) hornvale::suite system_coverage::every_real_test_anchor_in_the_corpus_still_resolves_clean
        PASS [   0.179s] ( 329/5357) hornvale::suite system_coverage::check_fails_on_novelty_when_the_absent_count_rises
        PASS [   0.024s] ( 330/5357) hornvale::suite timings_alarm::tests::a_live_claim_means_the_box_is_contended_and_enforcement_is_not_appropriate
        PASS [   0.026s] ( 331/5357) hornvale::suite the_unnameable::the_unnameable_set_is_not_empty
        PASS [   0.167s] ( 332/5357) hornvale::suite system_coverage::the_wolverson_corpus_has_no_anchor_findings
        PASS [   0.068s] ( 333/5357) hornvale::suite timings_alarm::tests::no_claim_means_the_box_is_quiet_and_enforcement_is_appropriate
        PASS [   0.171s] ( 334/5357) hornvale::suite temp_path_ratchet::no_new_fixed_temp_path_appears
        PASS [  10.371s] ( 335/5357) hornvale::suite provision::bundle_felt_affect_reads_two_of_three_and_stays_blocked
        PASS [  10.451s] ( 336/5357) hornvale::suite provision::bundle_witnessing_reads_two_of_two_but_stays_blocked_on_absent_witness
        PASS [  10.408s] ( 337/5357) hornvale::suite provision::no_fact_is_committed_serving_act_tokens
        PASS [  10.594s] ( 338/5357) hornvale::suite provision::history_now_resolves_through_the_ledger_home_not_the_session_home
        PASS [  10.353s] ( 339/5357) hornvale::suite provision::undeclared_token_resolves_blocked
        PASS [  11.523s] ( 340/5357) hornvale::suite common_is_total::a_live_parse_context_has_no_surface_collisions
        PASS [   0.016s] ( 341/5357) hornvale::suite trope_coverage::every_corpus_file_identifies_its_situations_uniquely
        PASS [  10.550s] ( 342/5357) hornvale::suite provision::no_fact_is_committed_serving_affect_tokens
        PASS [  11.167s] ( 343/5357) hornvale::suite prose_is_not_a_contract::a_referent_never_carries_prose
        PASS [  11.242s] ( 344/5357) hornvale::suite prose_is_not_a_contract::every_referent_key_is_registered
        PASS [  11.373s] ( 345/5357) hornvale::suite locale_cli::locale_requires_a_target
        PASS [   9.970s] ( 346/5357) hornvale::suite repose_byte_identity::seed_42_world_json_is_unmoved_by_the_repose
        PASS [   9.674s] ( 347/5357) hornvale::suite scene_moons_cli::scene_moons_emits_the_schema
        PASS [  12.713s] ( 348/5357) hornvale::suite locale_cli::locale_json_is_deterministic_for_a_coordinate
        PASS [  11.563s] ( 349/5357) hornvale::suite repose_byte_identity::seed_42_scene_output_is_unmoved_by_the_repose
        PASS [  13.887s] ( 350/5357) hornvale::suite exit_criterion::repl_answers_sky_village_and_belief
        PASS [  11.368s] ( 351/5357) hornvale::suite scene_surrounds_colour_cli::colour_lens_declares_the_altitude_the_light_was_actually_built_from
        PASS [   0.011s] ( 352/5357) hornvale::suite trope_witness::an_empty_requires_list_needs_no_provision_row
        PASS [  12.962s] ( 353/5357) hornvale::suite repose_byte_identity::seed_42_almanac_is_unmoved_by_the_repose
        PASS [  19.022s] ( 354/5357) hornvale::suite branches_identity::seed_42_is_deterministic_across_two_builds
        PASS [   9.790s] ( 355/5357) hornvale::suite star_class_is_a_concept::the_committed_neighbor_class_is_a_registered_concept
        PASS [  10.080s] ( 356/5357) hornvale::suite star_class_is_a_concept::the_committed_star_class_is_a_registered_concept
        PASS [  10.012s] ( 357/5357) hornvale::suite trope_coverage::check_mode_agrees_with_the_committed_artifact_for_polti
        PASS [  10.283s] ( 358/5357) hornvale::suite trope_coverage::bare_tropes_check_still_defaults_to_polti_and_agrees
        PASS [  10.139s] ( 359/5357) hornvale::suite trope_coverage::check_mode_fails_on_a_divergent_corpus
        PASS [  10.649s] ( 360/5357) hornvale::suite trope_coverage::bare_tropes_report_still_defaults_to_polti_and_matches_its_artifact
        PASS [  10.322s] ( 361/5357) hornvale::suite trope_coverage::committed_trope_coverage_matches_the_live_report_for_polti
        PASS [  10.155s] ( 362/5357) hornvale::suite trope_coverage::every_declared_matrix_column_links_to_a_committed_report
        PASS [   0.011s] ( 363/5357) hornvale::suite walk_depth_agreement::the_independent_list_is_empty_on_purpose
        PASS [  10.289s] ( 364/5357) hornvale::suite trope_coverage::committed_trope_coverage_matches_the_live_report_for_tvtropes_2012
        PASS [   0.224s] ( 365/5357) hornvale::suite walk_depth_agreement::the_definitions_prose_agrees_with_its_code
        PASS [  10.276s] ( 366/5357) hornvale::suite trope_coverage::committed_trope_matrix_matches_the_live_render
        PASS [   0.019s] ( 367/5357) hornvale::suite world_build_sites::every_row_is_well_formed
        PASS [  10.284s] ( 368/5357) hornvale::suite trope_coverage::every_matrix_row_carries_its_own_column_s_headline_figures
        PASS [   0.198s] ( 369/5357) hornvale::suite walk_depth_agreement::the_offset_is_stated_exactly_once_in_the_repository
        PASS [  11.132s] ( 370/5357) hornvale::suite trope_coverage::check_mode_agrees_with_the_committed_artifact_for_tvtropes_2012
        PASS [   0.012s] ( 371/5357) hornvale::suite world_build_sites::the_unmigrated_tally_never_grows
        PASS [   0.011s] ( 372/5357) hornvale::bin/hornvale tests::all_flags_combine_into_one_pin_set
        PASS [   9.947s] ( 373/5357) hornvale::suite trope_witness::a_situation_with_no_witness_cannot_be_stageable
        PASS [   0.011s] ( 374/5357) hornvale::bin/hornvale tests::bad_at_value_rejects_non_finite_and_negative_spans
        PASS [   0.010s] ( 375/5357) hornvale::bin/hornvale tests::bad_day_value_rejects_non_finite_and_negative_spans
        PASS [  10.271s] ( 376/5357) hornvale::suite trope_coverage::the_mode_is_found_after_a_flag_and_before_the_flag_is_used
        PASS [   0.011s] ( 377/5357) hornvale::bin/hornvale tests::bad_moons_value_yields_parse_error_text
        PASS [   0.010s] ( 378/5357) hornvale::bin/hornvale tests::bad_neighbor_value_yields_parse_error_text
        PASS [   0.009s] ( 379/5357) hornvale::bin/hornvale tests::bad_rotation_value_yields_parse_error_text
        PASS [   0.013s] ( 380/5357) hornvale::bin/hornvale tests::bad_obliquity_value_yields_constructor_error_text
        PASS [   0.013s] ( 381/5357) hornvale::bin/hornvale tests::day_hours_flag_sets_a_period_hours_rotation
        PASS [   0.012s] ( 382/5357) hornvale::bin/hornvale tests::default_sky_is_generated_with_no_pins
        PASS [   0.012s] ( 383/5357) hornvale::bin/hornvale tests::lab_run_unknown_path_is_an_error
        PASS [   0.011s] ( 384/5357) hornvale::bin/hornvale tests::lab_unknown_subcommand_is_an_error
        PASS [   0.013s] ( 385/5357) hornvale::bin/hornvale tests::lab_with_no_subcommand_is_an_error
        PASS [   0.013s] ( 386/5357) hornvale::bin/hornvale tests::list_metrics_output_contains_per_species_belief_kind
        PASS [   0.011s] ( 387/5357) hornvale::bin/hornvale tests::moons_exceeding_the_legal_maximum_yields_constructor_error_text
        PASS [   0.009s] ( 388/5357) hornvale::bin/hornvale tests::moons_flag_parses_exact_count
        PASS [   0.012s] ( 389/5357) hornvale::bin/hornvale tests::moons_flag_parses_graded_pin
        PASS [   0.009s] ( 390/5357) hornvale::bin/hornvale tests::obliquity_flag_parses_a_number
        PASS [   0.010s] ( 391/5357) hornvale::bin/hornvale tests::neighbor_flag_parses
        PASS [   0.010s] ( 392/5357) hornvale::bin/hornvale tests::regenerate_artifacts_never_passes_at
        PASS [   0.018s] ( 393/5357) hornvale::bin/hornvale tests::obliquity_flag_parses_none
        PASS [   0.016s] ( 394/5357) hornvale::bin/hornvale tests::rotation_flag_parses
        PASS [   0.014s] ( 395/5357) hornvale::bin/hornvale tests::scene_surrounds_accepts_known_render_modes
        PASS [   0.009s] ( 396/5357) hornvale::bin/hornvale tests::scene_surrounds_rejects_an_unknown_render_mode
        PASS [   0.010s] ( 397/5357) hornvale::bin/hornvale tests::scene_surrounds_rejects_room_and_depth_together
        PASS [   0.026s] ( 398/5357) hornvale::bin/hornvale tests::scene_surrounds_accepts_room_or_depth_alone
        PASS [   0.014s] ( 399/5357) hornvale::bin/hornvale tests::scene_unknown_kind_is_an_error
        PASS [  21.035s] ( 400/5357) hornvale::suite provision::ledger_home_still_matches_committed_reports_for_both_corpora
        PASS [   0.271s] ( 401/5357) hornvale::suite world_build_sites::the_roster_only_shrinks
        PASS [   0.011s] ( 402/5357) hornvale::bin/hornvale tests::scene_unknown_kind_names_system
        PASS [   0.283s] ( 403/5357) hornvale::suite world_build_sites::no_unrostered_world_build_appears
        PASS [   0.011s] ( 404/5357) hornvale::bin/hornvale tests::scene_unknown_kind_names_tiles_region
        PASS [   0.010s] ( 405/5357) hornvale::bin/hornvale tests::scene_with_no_subcommand_is_an_error
        PASS [   0.009s] ( 406/5357) hornvale::bin/hornvale tests::settlement_flags_fold_into_pins
        PASS [   0.014s] ( 407/5357) hornvale::bin/hornvale tests::spin_flag_parses
        PASS [   0.010s] ( 408/5357) hornvale::bin/hornvale tests::terrain_flags_fold_into_pins
        PASS [   0.011s] ( 409/5357) hornvale::bin/hornvale tests::usage_mentions_astronomy_pin_flags_but_not_a_provider_choice
        PASS [   0.012s] ( 410/5357) hornvale::bin/hornvale tests::usage_mentions_biome_map
        PASS [   0.009s] ( 411/5357) hornvale::bin/hornvale tests::usage_mentions_dictionary
        PASS [   0.010s] ( 412/5357) hornvale::bin/hornvale tests::usage_mentions_book_at
        PASS [   0.010s] ( 413/5357) hornvale::bin/hornvale tests::usage_mentions_lab
        PASS [   0.010s] ( 414/5357) hornvale::bin/hornvale tests::usage_mentions_paleo_map
        PASS [   0.011s] ( 415/5357) hornvale::bin/hornvale tests::usage_mentions_scene
        PASS [   0.012s] ( 416/5357) hornvale::bin/hornvale tests::usage_mentions_proto
        PASS [   0.010s] ( 417/5357) hornvale::bin/hornvale tests::usage_mentions_scout
        PASS [   0.011s] ( 418/5357) hornvale::bin/hornvale tests::usage_mentions_settlement_map
        PASS [   0.009s] ( 419/5357) hornvale::bin/hornvale tests::usage_mentions_species
        PASS [   0.012s] ( 420/5357) hornvale::bin/hornvale tests::usage_mentions_star_chart
        PASS [   0.011s] ( 421/5357) hornvale::bin/hornvale tests::usage_mentions_vestige_map
        PASS [   0.013s] ( 422/5357) hornvale::bin/hornvale tests::wanderers_exceeding_the_legal_maximum_yields_constructor_error_text
        PASS [   0.011s] ( 423/5357) hornvale::bin/hornvale tests::wanderers_flag_parses
        PASS [   0.012s] ( 424/5357) hornvale::bin/hornvale tests::year_days_flag_parses
        PASS [   0.013s] ( 425/5357) hornvale-alchemy production::tests::admission_includes_the_max_boundary
        PASS [   0.010s] ( 426/5357) hornvale-alchemy production::tests::admission_requires_every_requirement
        PASS [   0.275s] ( 427/5357) hornvale::suite world_build_sites::the_scan_actually_resolves_the_workspace
        PASS [   0.012s] ( 428/5357) hornvale-alchemy production::tests::admission_includes_the_min_boundary
        PASS [   0.012s] ( 429/5357) hornvale-alchemy production::tests::admission_respects_requirements
        PASS [   0.010s] ( 430/5357) hornvale-alchemy production::tests::every_process_is_used
        PASS [   0.011s] ( 431/5357) hornvale-alchemy production::tests::permits_rejects_an_unbalanced_production
        PASS [   0.013s] ( 432/5357) hornvale-alchemy production::tests::every_production_balances_mass
        PASS [   0.012s] ( 433/5357) hornvale-alchemy production::tests::permits_rejects_a_mass_destroying_production
        PASS [   0.009s] ( 434/5357) hornvale-alchemy quality::tests::impurity_raises_causticity
        PASS [   0.009s] ( 435/5357) hornvale-alchemy quality::tests::qualities_stay_in_range_at_the_corners
        PASS [   0.009s] ( 436/5357) hornvale-alchemy sign::tests::heft_tracks_density_faithfully
        PASS [   0.012s] ( 437/5357) hornvale-alchemy quality::tests::vitality_tracks_organic_origin
        PASS [   0.010s] ( 438/5357) hornvale-alchemy sign::tests::hue_collides_across_utterly_different_substances
        PASS [   0.010s] ( 439/5357) hornvale-alchemy sign::tests::hue_increases_with_causticity_at_fixed_vitality
        PASS [   0.011s] ( 440/5357) hornvale-alchemy sign::tests::hue_increases_with_vitality_at_fixed_causticity
        PASS [   0.009s] ( 441/5357) hornvale-alchemy::suite production_properties::derivation_is_pure
        PASS [   0.010s] ( 442/5357) hornvale-alchemy::suite production_properties::denser_substrate_reads_heavier_end_to_end
        PASS [   0.011s] ( 443/5357) hornvale-alchemy::suite draws_nothing::domain_draws_nothing
        PASS [   0.012s] ( 444/5357) hornvale-alchemy sign::tests::signs_stay_in_range
        PASS [   0.013s] ( 445/5357) hornvale-alchemy::suite production_properties::every_production_balances_mass
        PASS [   0.009s] ( 446/5357) hornvale-alchemy::suite production_properties::no_production_admits_everything
        PASS [   0.011s] ( 447/5357) hornvale-alchemy::suite production_properties::more_malleable_and_fixed_substrate_reads_grainier_and_more_lustrous_end_to_end
        PASS [   0.010s] ( 448/5357) hornvale-alchemy::suite production_properties::more_volatile_and_vital_substrate_reads_stronger_odour_end_to_end
        PASS [   0.014s] ( 449/5357) hornvale-alchemy::suite production_properties::no_production_is_unreachable
        PASS [   0.010s] ( 450/5357) hornvale-alchemy::suite production_properties::no_production_output_leaves_the_unit_interval
        PASS [   0.009s] ( 451/5357) hornvale-alchemy::suite production_properties::production_names_are_unique
        PASS [   0.009s] ( 452/5357) hornvale-almanac gazetteer::tests::render_names_joins_species_ascending_with_no_lead
        PASS [   0.010s] ( 453/5357) hornvale-alchemy::suite production_properties::qualities_and_signs_stay_in_range_across_the_sweep
        PASS [   0.010s] ( 454/5357) hornvale-almanac gazetteer::tests::render_names_of_one_people_is_just_that_name
        PASS [   0.009s] ( 455/5357) hornvale-almanac gazetteer::tests::render_never_shows_a_bare_class_with_no_entries
        PASS [   0.009s] ( 456/5357) hornvale-almanac gazetteer::tests::render_prints_shown_count_not_the_nominal_cap_when_fewer_exist
        PASS [   0.009s] ( 457/5357) hornvale-almanac history::tests::a_remembered_founder_is_named_and_an_unremembered_one_is_silent
        PASS [   0.013s] ( 458/5357) hornvale-almanac gazetteer::tests::render_states_the_true_total_when_capped
        PASS [   0.009s] ( 459/5357) hornvale-almanac history::tests::the_mirror_decoder_agrees_with_the_composition_roots
        PASS [   0.010s] ( 460/5357) hornvale-almanac history::tests::the_mirror_reads_a_bake_year_not_a_ledger_day
        PASS [   0.009s] ( 461/5357) hornvale-almanac history::tests::the_present_year_mirror_matches_the_composition_roots
        PASS [   0.009s] ( 462/5357) hornvale-almanac phenomenon_line::tests::a_circumlocuted_head_is_never_class_marked
        PASS [   0.009s] ( 463/5357) hornvale-almanac phenomenon_line::tests::a_declared_common_word_reaches_the_line
        PASS [   0.011s] ( 464/5357) hornvale-almanac phenomenon_line::tests::a_gap_circumlocutes_instead_of_going_silent
        PASS [   0.010s] ( 465/5357) hornvale-almanac phenomenon_line::tests::a_qualifier_reaches_the_line
        PASS [   0.009s] ( 466/5357) hornvale-almanac phenomenon_line::tests::a_speaker_says_it_in_their_own_word
        PASS [   0.012s] ( 467/5357) hornvale-almanac phenomenon_line::tests::a_referent_renders_without_a_speaker
        PASS [   0.009s] ( 468/5357) hornvale-almanac phenomenon_line::tests::a_tongue_wears_no_common_article
        PASS [   0.011s] ( 469/5357) hornvale-almanac phenomenon_line::tests::qualifier_order_follows_the_tongues_drawn_headedness
        PASS [   0.009s] ( 470/5357) hornvale-almanac phenomenon_line::tests::sky_override_marks_by_the_agentive_day_schema_affix_depth
        PASS [   0.010s] ( 471/5357) hornvale-almanac phenomenon_line::tests::rendering_is_deterministic
        PASS [   0.009s] ( 472/5357) hornvale-almanac phenomenon_line::tests::the_common_register_is_an_article_plus_a_noun_phrase
        PASS [   0.015s] ( 473/5357) hornvale-almanac phenomenon_line::tests::sky_override_marks_by_the_agentive_day_schema_particle_depth
        PASS [   0.009s] ( 474/5357) hornvale-almanac qualify::tests::a_coordinate_names_its_hemispheres
        PASS [   0.011s] ( 475/5357) hornvale-almanac phenomenon_line::tests::the_kind_never_reaches_the_line
        PASS [   0.009s] ( 476/5357) hornvale-almanac qualify::tests::a_partially_separating_rung_is_rejected
        PASS [   0.011s] ( 477/5357) hornvale-almanac qualify::tests::the_ladder_stops_at_the_first_separating_rung_not_the_shortest
        PASS [   0.009s] ( 478/5357) hornvale-almanac qualify::tests::the_pair_rung_catches_what_neither_fact_catches_alone
        PASS [   0.009s] ( 479/5357) hornvale-almanac qualify::tests::twins_alike_in_every_fact_have_no_separating_rung
        PASS [   0.016s] ( 480/5357) hornvale-almanac qualify::tests::a_rung_whose_fact_is_missing_renders_nothing
        PASS [   0.010s] ( 481/5357) hornvale-almanac tests::a_context_can_carry_a_speaker
        PASS [   0.010s] ( 482/5357) hornvale-almanac tests::a_lone_goblin_block_is_byte_identical_to_the_legacy_string
        PASS [   0.009s] ( 483/5357) hornvale-almanac tests::almanac_species_block_shows_life_history
        PASS [   0.011s] ( 484/5357) hornvale-almanac tests::a_lone_pantheon_is_named_when_another_people_placed
        PASS [   0.011s] ( 485/5357) hornvale-almanac tests::a_speaker_changes_the_phenomena_block
        PASS [   0.014s] ( 486/5357) hornvale-almanac tests::an_unattributed_pantheon_renders_the_anonymous_lead
        PASS [   0.010s] ( 487/5357) hornvale-almanac tests::an_unattributed_pantheon_with_no_cult_form_keeps_its_silent_lead
        PASS [   0.009s] ( 488/5357) hornvale-almanac tests::calendar_section_renders_between_sky_and_land
        PASS [   0.009s] ( 489/5357) hornvale-almanac tests::culture_lines_render_under_the_people_section
        PASS [   0.009s] ( 490/5357) hornvale-almanac tests::deep_section_is_suppressed_when_empty
        PASS [   0.013s] ( 491/5357) hornvale-almanac tests::deep_section_renders_between_waters_and_deep_time
        PASS [   0.009s] ( 492/5357) hornvale-almanac tests::eclipse_lines_render_under_the_sky
        PASS [   0.010s] ( 493/5357) hornvale-almanac tests::diurnal_range_is_positive_for_dry_land_and_near_zero_for_ocean
        PASS [   0.011s] ( 494/5357) hornvale-almanac tests::deep_time_section_renders_when_present_and_is_skipped_when_empty
        PASS [   0.013s] ( 495/5357) hornvale-almanac tests::diurnal_lines_render_in_the_land_section
        PASS [   0.010s] ( 496/5357) hornvale-almanac tests::ground_section_names_the_dominant_rock_and_soil_and_is_skipped_when_empty
        PASS [   0.010s] ( 497/5357) hornvale-almanac tests::ground_section_renders_between_land_and_deep_time
        PASS [   0.012s] ( 498/5357) hornvale-almanac tests::every_pantheon_is_named_when_two_peoples_hold_them
        PASS [   0.016s] ( 499/5357) hornvale-almanac tests::land_section_names_point_observation_notables_when_present
        PASS [   0.010s] ( 500/5357) hornvale-almanac tests::lode_section_is_suppressed_when_empty
        PASS [   0.011s] ( 501/5357) hornvale-almanac tests::night_sky_lines_render_under_sky_before_calendar
        PASS [   0.012s] ( 502/5357) hornvale-almanac tests::lode_section_renders_between_deep_and_deep_time
        PASS [   0.037s] ( 503/5357) hornvale-almanac tests::empty_world_renders_honestly
        PASS [   0.016s] ( 504/5357) hornvale-almanac tests::night_sky_lines_render_when_present_and_are_skipped_when_absent
        PASS [   0.024s] ( 505/5357) hornvale-almanac tests::rains_lines_render_in_the_land_section
        PASS [   0.011s] ( 506/5357) hornvale-almanac tests::render_is_deterministic
        PASS [   0.023s] ( 507/5357) hornvale-almanac tests::render_contains_every_section_and_datum
        PASS [   0.015s] ( 508/5357) hornvale-almanac tests::render_life_history_line_reflects_a_paced_schedule
        PASS [   0.024s] ( 509/5357) hornvale-almanac tests::render_diurnal_range_line_names_the_site_and_the_range
        PASS [   0.010s] ( 510/5357) hornvale-almanac tests::seas_lines_render_in_the_land_section
        PASS [   0.010s] ( 511/5357) hornvale-almanac tests::the_alignment_line_renders_under_the_sky
        PASS [   9.764s] ( 512/5357) hornvale::suite trope_witness::a_tableau_covering_only_some_required_predicates_is_unbound
        PASS [   0.014s] ( 513/5357) hornvale-almanac tests::render_life_history_line_suppresses_the_clause_for_ametabolic_species
        PASS [   0.011s] ( 514/5357) hornvale-almanac tests::the_header_names_the_speaker_when_one_exists_and_says_nothing_otherwise
        PASS [   0.011s] ( 515/5357) hornvale-almanac tests::the_gods_section_renders_a_structured_pantheon
        PASS [   0.010s] ( 516/5357) hornvale-almanac tests::vestige_section_renders_after_the_lode_and_before_deep_time
        PASS [   0.011s] ( 517/5357) hornvale-almanac tests::vestige_section_is_suppressed_when_empty
        PASS [   0.013s] ( 518/5357) hornvale-almanac tests::two_species_render_as_separate_blocks_goblin_first
        PASS [   0.011s] ( 519/5357) hornvale-almanac tests::waters_section_names_the_fresh_water_share_and_is_skipped_when_empty
        PASS [   0.013s] ( 520/5357) hornvale-almanac::suite connections_render::a_known_settlement_name_stands_in_for_a_bare_vertex_id
        PASS [   0.013s] ( 521/5357) hornvale-almanac tests::waters_section_renders_between_ground_and_deep_time
        PASS [   0.015s] ( 522/5357) hornvale-almanac::suite connections_render::a_site_in_the_smaller_region_reads_as_cut_off
        PASS [   0.014s] ( 523/5357) hornvale-almanac::suite connections_render::a_site_in_the_largest_region_does_not_read_as_cut_off
        PASS [   0.014s] ( 524/5357) hornvale-almanac::suite connections_render::a_site_with_no_routes_at_all_says_so_honestly
        PASS [   0.010s] ( 525/5357) hornvale-almanac::suite connections_render::overview_names_the_largest_region_and_the_smaller_ones
        PASS [   0.015s] ( 526/5357) hornvale-almanac::suite connections_render::a_site_with_a_water_and_land_route_names_both
        PASS [   0.011s] ( 527/5357) hornvale-almanac::suite connections_render::overview_is_deterministic
        PASS [   0.011s] ( 528/5357) hornvale-almanac::suite flesh_id_invariance::both_flesh_derivations_ignore_the_entity_id
        PASS [   0.010s] ( 529/5357) hornvale-almanac::suite flesh_id_invariance::the_flesh_seed_still_separates_materially_different_occupations
        PASS [   0.012s] ( 530/5357) hornvale-almanac::suite flesh_id_invariance::the_flesh_seed_round_trips_the_core_it_was_committed_from
        PASS [   0.012s] ( 531/5357) hornvale-almanac::suite flesh_id_invariance::the_conquest_tie_break_reads_no_entity_id
        PASS [   0.016s] ( 532/5357) hornvale-almanac::suite connections_render::overview_reports_one_region_as_fully_connected
        PASS [   0.016s] ( 533/5357) hornvale-almanac::suite connections_render::rendering_is_deterministic
        PASS [   0.012s] ( 534/5357) hornvale-almanac::suite history_units::a_founding_renders_as_the_bake_year_not_the_stored_day
        PASS [   0.013s] ( 535/5357) hornvale-almanac::suite history_units::a_living_communitys_tenure_is_measured_from_the_committed_present
        PASS [   0.010s] ( 536/5357) hornvale-almanac::suite qualify_render::a_settlement_named_alone_is_bare_even_when_the_world_holds_its_twin
        PASS [   0.011s] ( 537/5357) hornvale-almanac::suite qualify_render::one_settlement_reached_twice_is_not_an_ambiguity
        PASS [   0.012s] ( 538/5357) hornvale-almanac::suite qualify_render::qualification_is_deterministic
        PASS [   0.011s] ( 539/5357) hornvale-almanac::suite qualify_render::the_documents_own_subject_is_qualified_against_its_neighbours
        PASS [   0.011s] ( 540/5357) hornvale-almanac::suite qualify_render::twins_alike_in_people_and_biome_fall_through_to_their_coordinates
        PASS [   0.011s] ( 541/5357) hornvale-almanac::suite qualify_render::twins_of_two_different_peoples_are_qualified_by_their_people
        PASS [   0.011s] ( 542/5357) hornvale-almanac::suite qualify_render::two_same_named_settlements_in_one_document_are_both_qualified
        PASS [   0.011s] ( 543/5357) hornvale-astronomy anchor::tests::negative_and_non_finite_years_are_unrepresentable
        PASS [   0.012s] ( 544/5357) hornvale-astronomy anchor::tests::anchor_is_deterministic_and_in_zone
        PASS [   0.011s] ( 545/5357) hornvale-astronomy anchor::tests::normal_pin_matches_the_unpinned_draw_for_spinning_worlds
        PASS [   0.011s] ( 546/5357) hornvale-astronomy anchor::tests::obliquity_pin_is_honored_and_validated
        PASS [   0.011s] ( 547/5357) hornvale-astronomy anchor::tests::pinned_year_on_locked_world_is_a_conflict
        PASS [   0.014s] ( 548/5357) hornvale-astronomy anchor::tests::pinned_year_places_orbit_by_kepler_or_fails_loudly
        PASS [   0.012s] ( 549/5357) hornvale-astronomy anchor::tests::retrograde_spin_is_drawn_rare_but_real
        PASS [   0.011s] ( 550/5357) hornvale-astronomy anchor::tests::rotation_period_pin_validates_range
        PASS [   0.011s] ( 551/5357) hornvale-astronomy anchor::tests::rotation_pins_are_honored
        PASS [   0.012s] ( 552/5357) hornvale-astronomy anchor::tests::spin_pin_on_locked_world_is_a_conflict
        PASS [   0.013s] ( 553/5357) hornvale-astronomy anchor::tests::spin_pin_forces_the_direction_and_touches_nothing_else
        PASS [   0.009s] ( 554/5357) hornvale-astronomy calendar::tests::a_locked_world_has_no_latitude_daylight
        PASS [   0.018s] ( 555/5357) hornvale-astronomy anchor::tests::year_pin_rejects_a_zero_length_year
        PASS [   1.705s] ( 556/5357) hornvale::suite walk_depth_agreement::absolute_walk_depth_constants_track_the_walk_band
        PASS [   0.021s] ( 557/5357) hornvale-astronomy anchor::tests::year_satisfies_kepler
        PASS [   0.012s] ( 558/5357) hornvale-astronomy calendar::tests::alignment_drift_is_the_obliquity_wobble
        PASS [   0.013s] ( 559/5357) hornvale-astronomy calendar::tests::daylight_follows_the_declared_sinusoid
        PASS [   0.011s] ( 560/5357) hornvale-astronomy calendar::tests::equatorial_daylight_is_a_flat_half_all_year
        PASS [   0.021s] ( 561/5357) hornvale-astronomy calendar::tests::alignment_epoch_round_trips
        PASS [   0.012s] ( 562/5357) hornvale-astronomy calendar::tests::genesis_day_zero_is_not_a_grand_alignment
        PASS [   0.010s] ( 563/5357) hornvale-astronomy calendar::tests::locked_worlds_have_no_local_day_and_no_daylight_cycle
        PASS [   0.012s] ( 564/5357) hornvale-astronomy calendar::tests::local_days_advance_with_absolute_time
        PASS [   0.019s] ( 565/5357) hornvale-astronomy calendar::tests::high_latitude_reaches_polar_day_and_night
        PASS [   0.019s] ( 566/5357) hornvale-astronomy calendar::tests::local_day_floors_for_a_pre_genesis_instant_instead_of_saturating
        PASS [   0.010s] ( 567/5357) hornvale-astronomy calendar::tests::locked_worlds_have_no_solar_position
        PASS [   0.010s] ( 568/5357) hornvale-astronomy calendar::tests::moon_phase_cycles_on_the_synodic_period
        PASS [   0.014s] ( 569/5357) hornvale-astronomy calendar::tests::moon_phase_and_months_derive_from_synodic_periods
        PASS [   0.011s] ( 570/5357) hornvale-astronomy calendar::tests::nan_latitude_is_rejected_not_propagated
        PASS [   0.010s] ( 571/5357) hornvale-astronomy calendar::tests::sky_band_partitions_the_day_by_solar_altitude
        PASS [   0.011s] ( 572/5357) hornvale-astronomy calendar::tests::solar_altitude_runs_zenith_to_nadir_on_a_zero_tilt_equator
        PASS [   0.010s] ( 573/5357) hornvale-astronomy calendar::tests::solar_declination_swings_with_the_obliquity
        PASS [   0.014s] ( 574/5357) hornvale-astronomy calendar::tests::solar_azimuth_runs_east_to_west_and_retrograde_mirrors_it
        PASS [   0.014s] ( 575/5357) hornvale-astronomy calendar::tests::solar_equatorial_agrees_at_the_cardinal_phases
        PASS [   0.013s] ( 576/5357) hornvale-astronomy calendar::tests::solstice_azimuth_geometry_holds
        PASS [   0.011s] ( 577/5357) hornvale-astronomy calendar::tests::star_positions_drift_under_precession
        PASS [  11.940s] ( 578/5357) hornvale::suite the_unnameable::no_unnameable_concept_is_ever_lexicalized
        PASS [   0.015s] ( 579/5357) hornvale-astronomy calendar::tests::synodic_month_guards_the_degenerate_case
        PASS [   0.009s] ( 580/5357) hornvale-astronomy calendar::tests::t0_daylight_matches_the_pre_forcing_value
        PASS [   0.012s] ( 581/5357) hornvale-astronomy calendar::tests::synodic_month_matches_the_luna_check_value
        PASS [   0.009s] ( 582/5357) hornvale-astronomy calendar::tests::zero_obliquity_means_no_seasons_and_flat_daylight
        PASS [   0.014s] ( 583/5357) hornvale-astronomy calendar::tests::zero_tilt_world_still_has_a_year_from_eccentricity
        PASS [   0.010s] ( 584/5357) hornvale-astronomy eclipses::tests::best_cycle_rejects_degenerate_inputs
        PASS [   0.010s] ( 585/5357) hornvale-astronomy eclipses::tests::coincidence_days_needs_two_moons
        PASS [   0.014s] ( 586/5357) hornvale-astronomy eclipses::tests::a_circular_orbit_keeps_the_mean_sun
        PASS [   0.012s] ( 587/5357) hornvale-astronomy eclipses::tests::a_flat_orbit_eclipses_every_new_moon
        PASS [   0.011s] ( 588/5357) hornvale-astronomy eclipses::tests::draconic_month_matches_the_luna_check_value
        PASS [   0.010s] ( 589/5357) hornvale-astronomy eclipses::tests::ecliptic_latitude_is_bounded_by_min_i_and_180_minus_i_for_retrograde_moons
        PASS [   0.012s] ( 590/5357) hornvale-astronomy eclipses::tests::eclipse_year_matches_the_luna_check_value
        PASS [   0.015s] ( 591/5357) hornvale-astronomy eclipses::tests::eccentricity_swings_the_sun_size_sol_scale
        PASS [   0.015s] ( 592/5357) hornvale-astronomy eclipses::tests::ecliptic_latitude_is_bounded_by_the_inclination
        PASS [   0.010s] ( 593/5357) hornvale-astronomy eclipses::tests::luna_sol_dates_earths_lunar_cadence
        PASS [   0.010s] ( 594/5357) hornvale-astronomy eclipses::tests::luna_sol_dates_earths_solar_cadence
        PASS [   0.013s] ( 595/5357) hornvale-astronomy eclipses::tests::luna_sol_pipeline_yields_a_living_cycle
        PASS [   0.012s] ( 596/5357) hornvale-astronomy eclipses::tests::lunar_events_fall_at_full_moons
        PASS [   0.014s] ( 597/5357) hornvale-astronomy eclipses::tests::lunar_events_have_no_track_and_night_visibility
        PASS [   0.009s] ( 598/5357) hornvale-astronomy eclipses::tests::node_crossing_chance_handles_a_flat_orbit_without_dividing_by_zero
        PASS [   0.010s] ( 599/5357) hornvale-astronomy eclipses::tests::node_crossing_chance_is_symmetric_under_i_and_180_minus_i
        PASS [   0.010s] ( 600/5357) hornvale-astronomy eclipses::tests::node_regression_reproduces_the_lunar_magnitude
        PASS [   0.014s] ( 601/5357) hornvale-astronomy eclipses::tests::node_regression_period_matches_the_180_minus_i_magnitude
        PASS [   0.010s] ( 602/5357) hornvale-astronomy eclipses::tests::series_returns_is_symmetric_under_i_and_180_minus_i
        PASS [   0.010s] ( 603/5357) hornvale-astronomy eclipses::tests::sight_tiers_partition_the_globe
        PASS [   0.012s] ( 604/5357) hornvale-astronomy eclipses::tests::nodes_regress_westward_one_turn_per_period
        PASS [   0.011s] ( 605/5357) hornvale-astronomy eclipses::tests::solar_events_cluster_at_the_node_line
        PASS [   0.011s] ( 606/5357) hornvale-astronomy eclipses::tests::solar_events_fall_at_new_moons_inside_the_threshold
        PASS [   0.010s] ( 607/5357) hornvale-astronomy eclipses::tests::track_duration_is_hours_luna_scale
        PASS [   0.011s] ( 608/5357) hornvale-astronomy eclipses::tests::the_search_finds_the_true_saros_from_true_inputs
        PASS [   0.012s] ( 609/5357) hornvale-astronomy eclipses::tests::the_parade_matches_the_luna_check_value
        PASS [   0.011s] ( 610/5357) hornvale-astronomy eclipses::tests::track_latitude_runs_from_subsolar_to_polar_with_beta
        PASS [   0.012s] ( 611/5357) hornvale-astronomy facts::tests::each_moon_commits_formation_age_and_density_facts
        PASS [   0.011s] ( 612/5357) hornvale-astronomy facts::tests::each_moon_commits_node_facts
        PASS [   0.015s] ( 613/5357) hornvale-astronomy facts::tests::every_committed_fact_has_astronomy_provenance
        PASS [   0.017s] ( 614/5357) hornvale-astronomy facts::tests::figure_members_facts_dedupe_repeated_counts
        PASS [   0.011s] ( 615/5357) hornvale-astronomy facts::tests::genesis_commits_mass_distance_and_size_per_moon
        PASS [   0.014s] ( 616/5357) hornvale-astronomy facts::tests::genesis_commits_one_inclination_fact_per_moon
        PASS [   0.011s] ( 617/5357) hornvale-astronomy facts::tests::genesis_commits_one_orbit_period_and_class_fact_per_wanderer
        PASS [   0.017s] ( 618/5357) hornvale-astronomy facts::tests::genesis_commits_one_tide_fact_per_moon
        PASS [   0.017s] ( 619/5357) hornvale-astronomy facts::tests::genesis_commits_the_expected_facts_for_a_locked_two_moon_system
        PASS [   0.011s] ( 620/5357) hornvale-astronomy facts::tests::genesis_commits_the_forcing_parameters
        PASS [   0.047s] ( 621/5357) hornvale-astronomy facts::tests::figure_on_ecliptic_flag_tracks_whether_any_figure_qualifies
        PASS [   0.013s] ( 622/5357) hornvale-astronomy facts::tests::genesis_commits_the_retrograde_flag_only_when_retrograde
        PASS [   0.049s] ( 623/5357) hornvale-astronomy facts::tests::genesis_commits_a_figure_count_fact_matching_figures_len_across_a_seed_sweep
        PASS [   0.013s] ( 624/5357) hornvale-astronomy facts::tests::genesis_commits_the_star_and_anchor_numbers
        PASS [   0.013s] ( 625/5357) hornvale-astronomy facts::tests::genesis_is_deterministic
        PASS [   0.014s] ( 626/5357) hornvale-astronomy facts::tests::genesis_mints_one_neighbor_entity_per_neighbor_with_structured_facts
        PASS [   0.025s] ( 627/5357) hornvale-astronomy facts::tests::genesis_commits_the_star_age_fact
        PASS [   0.012s] ( 628/5357) hornvale-astronomy facts::tests::genesis_records_a_degradation_note_for_default_pins
        PASS [   0.011s] ( 629/5357) hornvale-astronomy facts::tests::moon_formation_age_and_density_facts_match_the_generated_moons_in_order
        PASS [   0.012s] ( 630/5357) hornvale-astronomy facts::tests::moon_formation_fact_reads_capture_for_a_captured_moon_across_a_seed_sweep
        PASS [   0.014s] ( 631/5357) hornvale-astronomy facts::tests::moon_period_ratio_is_absent_when_no_clean_pair_exists
        PASS [   0.011s] ( 632/5357) hornvale-astronomy figures::tests::a_degenerate_member_sum_falls_back_to_the_first_members_seat
        PASS [   0.016s] ( 633/5357) hornvale-astronomy facts::tests::moon_period_ratio_is_committed_when_a_clean_pair_exists
        PASS [   0.011s] ( 634/5357) hornvale-astronomy figures::tests::figures_are_deterministic
        PASS [   0.010s] ( 635/5357) hornvale-astronomy forcing::tests::a_large_moon_damps_the_obliquity_wobble
        PASS [   0.010s] ( 636/5357) hornvale-astronomy forcing::tests::eccentricity_never_negative
        PASS [   0.010s] ( 637/5357) hornvale-astronomy forcing::tests::generate_forcing_is_deterministic_and_anchored
        PASS [   0.055s] ( 638/5357) hornvale-astronomy figures::tests::describe_has_no_digits_and_names_a_region
        PASS [   0.054s] ( 639/5357) hornvale-astronomy figures::tests::every_figure_meets_the_minimum_member_count
        PASS [   0.010s] ( 640/5357) hornvale-astronomy forcing::tests::obliquity_is_anchored_at_t0
        PASS [   0.120s] ( 641/5357) hornvale-astronomy facts::tests::genesis_commits_pole_star_facts_matching_the_derived_view_across_a_seed_sweep
        PASS [   0.054s] ( 642/5357) hornvale-astronomy figures::tests::on_ecliptic_matches_an_independent_recomputation_across_seeds
        PASS [   0.010s] ( 643/5357) hornvale-astronomy forcing::tests::obliquity_oscillates_within_amplitude
        PASS [   0.009s] ( 644/5357) hornvale-astronomy heliacal::tests::brighter_classes_surface_in_brighter_twilight
        PASS [   0.010s] ( 645/5357) hornvale-astronomy forcing::tests::precession_advances_one_turn_per_period
        PASS [   0.010s] ( 646/5357) hornvale-astronomy heliacal::tests::circumpolar_stars_have_no_heliacal_events
        PASS [   0.012s] ( 647/5357) hornvale-astronomy heliacal::tests::locked_worlds_have_no_heliacal_events
        PASS [   0.012s] ( 648/5357) hornvale-astronomy heliacal::tests::the_minimal_sky_yields_one_heliacal_pair_with_an_absence
        PASS [   0.010s] ( 649/5357) hornvale-astronomy illuminant::tests::a_low_sun_is_redder_than_a_high_sun
        PASS [   0.011s] ( 650/5357) hornvale-astronomy illuminant::tests::a_hot_star_is_bluer_than_a_cool_one
        PASS [   0.009s] ( 651/5357) hornvale-astronomy illuminant::tests::a_sun_below_the_horizon_still_yields_a_valid_illuminant
        PASS [   0.011s] ( 652/5357) hornvale-astronomy illuminant::tests::daylight_is_bit_pinned_under_the_band_integral
        PASS [   0.010s] ( 653/5357) hornvale-astronomy illuminant::tests::every_band_of_a_daylight_illuminant_is_positive_and_finite
        PASS [   0.010s] ( 654/5357) hornvale-astronomy illuminant::tests::sampling_is_bit_identical_across_repeated_calls
        PASS [   0.010s] ( 655/5357) hornvale-astronomy moons::tests::an_all_impact_world_is_byte_identical_to_the_pre_campaign_draw
        PASS [   0.014s] ( 656/5357) hornvale-astronomy moons::tests::captured_moons_have_alien_density_and_decoupled_age
        PASS [   0.011s] ( 657/5357) hornvale-astronomy moons::tests::density_and_age_draws_are_index_stable_across_mixed_formation
        PASS [   1.831s] ( 658/5357) hornvale::suite walk_depth_agreement::every_walk_constant_tracks_the_walk_band
        PASS [   0.012s] ( 659/5357) hornvale-astronomy moons::tests::drawn_counts_degrade_when_no_stable_slot_exists
        PASS [   0.014s] ( 660/5357) hornvale-astronomy moons::tests::drawn_degradation_is_noted
        PASS [   0.013s] ( 661/5357) hornvale-astronomy moons::tests::every_generated_moon_satisfies_the_inequalities
        PASS [   0.011s] ( 662/5357) hornvale-astronomy moons::tests::every_moon_draws_a_node_longitude_in_range
        PASS [   0.011s] ( 663/5357) hornvale-astronomy moons::tests::every_moon_draws_an_inclination_in_range
        PASS [   0.010s] ( 664/5357) hornvale-astronomy moons::tests::graded_pin_degrades_with_a_note_above_min
        PASS [   0.010s] ( 665/5357) hornvale-astronomy moons::tests::graded_pin_fails_loudly_below_min
        PASS [   0.009s] ( 666/5357) hornvale-astronomy moons::tests::is_icy_agrees_with_the_domains_own_density_reservoirs
        PASS [   0.012s] ( 667/5357) hornvale-astronomy moons::tests::impact_moons_are_regular_and_captured_moons_are_irregular
        PASS [   0.012s] ( 668/5357) hornvale-astronomy moons::tests::impact_moons_are_iron_poor_and_coeval
        PASS [   0.009s] ( 669/5357) hornvale-astronomy moons::tests::moon_count_pin_is_honored_for_every_legal_value
        PASS [   0.010s] ( 670/5357) hornvale-astronomy moons::tests::luna_like_distance_reads_as_impact_child
        PASS [   0.011s] ( 671/5357) hornvale-astronomy moons::tests::masses_and_distances_are_untouched_by_the_formation_draw
        PASS [   0.011s] ( 672/5357) hornvale-astronomy moons::tests::moons_are_deterministic
        PASS [   0.010s] ( 673/5357) hornvale-astronomy moons::tests::radius_follows_from_mass_and_real_density_not_an_assumption
        PASS [   0.012s] ( 674/5357) hornvale-astronomy moons::tests::moons_pin_constructors_validate
        PASS [   0.011s] ( 675/5357) hornvale-astronomy moons::tests::some_captured_moons_are_retrograde
        PASS [  20.814s] ( 676/5357) hornvale::suite repertory_corpus::the_runner_returns_a_v2_snapshot_from_a_real_possession
        PASS [   0.015s] ( 677/5357) hornvale-astronomy neighborhood::tests::brightness_is_derived_and_sorted_descending
        PASS [   0.016s] ( 678/5357) hornvale-astronomy moons::tests::the_innermost_moon_is_an_impact_child_and_the_outermost_tends_to_stray
        PASS [   0.010s] ( 679/5357) hornvale-astronomy neighborhood::tests::neighbor_pin_leaves_the_rest_of_the_neighborhood_untouched
        PASS [   0.009s] ( 680/5357) hornvale-astronomy neighborhood::tests::neighborhood_is_deterministic_and_sized
        PASS [   0.013s] ( 681/5357) hornvale-astronomy neighborhood::tests::every_variant_derives_a_concept_agreeing_with_its_display
        PASS [   0.013s] ( 682/5357) hornvale-astronomy neighborhood::tests::neighbor_pin_forces_the_showpiece
        PASS [   0.019s] ( 683/5357) hornvale-astronomy neighborhood::tests::every_neighbour_class_is_in_the_spectral_table
        PASS [   0.013s] ( 684/5357) hornvale-astronomy neighborhood::tests::positions_are_on_the_sphere_and_deterministic
        PASS [   0.013s] ( 685/5357) hornvale-astronomy neighborhood::tests::night_description_names_the_color_and_the_stillness
        PASS [   0.010s] ( 686/5357) hornvale-astronomy night_sky::tests::a_locked_world_has_a_frozen_sky
        PASS [   0.010s] ( 687/5357) hornvale-astronomy night_sky::tests::pole_star_is_latitude_independent
        PASS [   0.011s] ( 688/5357) hornvale-astronomy night_sky::tests::the_equatorial_observer_sees_every_star_across_a_year
        PASS [   0.016s] ( 689/5357) hornvale-astronomy night_sky::tests::seasonal_visibility_actually_varies
        PASS [   0.011s] ( 690/5357) hornvale-astronomy pins::tests::day_hours_pin_sets_a_period_hours_rotation
        PASS [   0.011s] ( 691/5357) hornvale-astronomy night_sky::tests::wheels_backward_mirrors_retrograde_spin
        PASS [   0.010s] ( 692/5357) hornvale-astronomy pins::tests::every_neighbor_class_round_trips
        PASS [   0.015s] ( 693/5357) hornvale-astronomy night_sky::tests::the_polar_observer_sees_one_unchanging_hemisphere
        PASS [   0.011s] ( 694/5357) hornvale-astronomy pins::tests::default_pins_pin_nothing
        PASS [   0.011s] ( 695/5357) hornvale-astronomy pins::tests::forcing_pin_round_trips
        PASS [   0.011s] ( 696/5357) hornvale-astronomy pins::tests::genesis_errors_carry_pin_and_reason
        PASS [   0.010s] ( 697/5357) hornvale-astronomy pins::tests::graded_moons_pin_round_trips
        PASS [   0.010s] ( 698/5357) hornvale-astronomy pins::tests::obliquity_numeric_value_round_trips
        PASS [   0.011s] ( 699/5357) hornvale-astronomy pins::tests::parse_pin_rejects_malformed_and_unknown_input
        PASS [   0.012s] ( 700/5357) hornvale-astronomy pins::tests::parse_pin_propagates_constructor_validation
        PASS [   0.016s] ( 701/5357) hornvale-astronomy pins::tests::graded_moons_pin_rejects_overflowing_sum_instead_of_wrapping
        PASS [   0.016s] ( 702/5357) hornvale-astronomy pins::tests::parse_pin_rejects_moons_sum_that_overflows_u32
        PASS [   0.014s] ( 703/5357) hornvale-astronomy pins::tests::pin_strings_emits_one_string_per_pinned_field
        PASS [   0.010s] ( 704/5357) hornvale-astronomy pins::tests::spin_pin_parses_and_round_trips
        PASS [   0.010s] ( 705/5357) hornvale-astronomy pins::tests::wanderers_pin_round_trips
        PASS [   0.012s] ( 706/5357) hornvale-astronomy pins::tests::wanderers_pin_rejects_values_above_the_legal_maximum
        PASS [   0.015s] ( 707/5357) hornvale-astronomy pins::tests::pin_strings_round_trip_through_parse
        PASS [   0.015s] ( 708/5357) hornvale-astronomy provider::tests::a_clear_visibility_is_identical_to_the_legacy_sky
        PASS [   0.012s] ( 709/5357) hornvale-astronomy provider::tests::a_covering_moon_promises_total_eclipses_on_the_node_beat
        PASS [   0.010s] ( 710/5357) hornvale-astronomy provider::tests::a_flat_orbit_eclipses_every_new_moon
        PASS [   0.013s] ( 711/5357) hornvale-astronomy provider::tests::a_dimmed_sky_keeps_the_moons_and_loses_the_stars
        PASS [   0.010s] ( 712/5357) hornvale-astronomy provider::tests::a_hidden_sky_names_the_dark_and_nothing_else
        PASS [   0.012s] ( 713/5357) hornvale-astronomy provider::tests::a_locked_day_side_vantage_sees_the_sun_and_no_night_sky
        PASS [   0.009s] ( 714/5357) hornvale-astronomy provider::tests::a_locked_night_side_vantage_sees_moons_and_stars_but_no_sun
        PASS [   0.013s] ( 715/5357) hornvale-astronomy provider::tests::a_locked_sun_is_aperiodic
        PASS [   0.010s] ( 716/5357) hornvale-astronomy provider::tests::a_moon_below_the_phase_threshold_is_a_smear_not_a_face
        PASS [   0.010s] ( 717/5357) hornvale-astronomy provider::tests::a_mooned_sky_promises_bloodred_lunar_eclipses_at_night
        PASS [   0.014s] ( 718/5357) hornvale-astronomy provider::tests::a_night_sky_reports_each_body_as_its_own_phrase
        PASS [   0.014s] ( 719/5357) hornvale-astronomy provider::tests::a_pre_genesis_query_has_a_documented_answer
        PASS [   0.011s] ( 720/5357) hornvale-astronomy provider::tests::a_small_moon_leaves_a_burning_ring
        PASS [   0.015s] ( 721/5357) hornvale-astronomy provider::tests::a_pre_genesis_sky_answers_for_the_instant_asked
        PASS [   0.013s] ( 722/5357) hornvale-astronomy provider::tests::a_spinning_placed_observer_sees_the_whole_sky
        PASS [  11.025s] ( 723/5357) hornvale::suite trope_witness::a_relation_less_tableau_does_not_bind_to_a_situation_requiring_predicates
        PASS [   0.014s] ( 724/5357) hornvale-astronomy provider::tests::a_spinning_sun_is_periodic_and_top_salience
        PASS [   0.010s] ( 725/5357) hornvale-astronomy provider::tests::day_prose_tells_morning_from_noon_from_evening_and_twilight
        PASS [   0.014s] ( 726/5357) hornvale-astronomy provider::tests::daylight_and_twilight_carry_the_stars_color
        PASS [   0.010s] ( 727/5357) hornvale-astronomy provider::tests::degenerate_moon_gets_an_honest_night_sky_line_instead_of_a_panic
        PASS [   0.029s] ( 728/5357) hornvale-astronomy provider::tests::an_in_band_observer_sees_the_eclipse_on_its_day
        PASS [   0.010s] ( 729/5357) hornvale-astronomy provider::tests::locked_worlds_feel_the_tide_on_both_hemispheres
        PASS [   0.015s] ( 730/5357) hornvale-astronomy provider::tests::every_neighbor_contributes_one_night_star_phenomenon
        PASS [   0.015s] ( 731/5357) hornvale-astronomy provider::tests::locked_day_side_sees_the_eclipse_and_night_side_does_not
        PASS [   0.024s] ( 732/5357) hornvale-astronomy provider::tests::every_moon_raises_a_tide_phenomenon_with_the_transit_beat_period
        PASS [   0.012s] ( 733/5357) hornvale-astronomy provider::tests::moon_prose_uses_the_eight_word_vocabulary_with_a_centered_full_window
        PASS [   0.012s] ( 734/5357) hornvale-astronomy provider::tests::moons_and_seasons_carry_their_periods
        PASS [   0.016s] ( 735/5357) hornvale-astronomy provider::tests::lunar_rate_matches_the_dated_scan
        PASS [   0.014s] ( 736/5357) hornvale-astronomy provider::tests::neighbors_appear_only_in_darkness_or_on_locked_worlds
        PASS [   0.020s] ( 737/5357) hornvale-astronomy provider::tests::night_sky_prose_names_every_star_color_not_just_the_brightest
        PASS [   0.014s] ( 738/5357) hornvale-astronomy provider::tests::rate_matches_the_dated_scan
        PASS [   0.011s] ( 739/5357) hornvale-astronomy provider::tests::season_prose_names_the_solstice_standstills
        PASS [   0.020s] ( 740/5357) hornvale-astronomy provider::tests::one_moon_worlds_have_no_spring_neap_beat
        PASS [   0.020s] ( 741/5357) hornvale-astronomy provider::tests::retrograde_worlds_see_the_sun_rise_in_the_west
        PASS [   0.011s] ( 742/5357) hornvale-astronomy provider::tests::sky_reports_vary_with_time_and_are_deterministic
        PASS [   0.010s] ( 743/5357) hornvale-astronomy provider::tests::two_moons_beat_spring_and_neap
        PASS [   0.020s] ( 744/5357) hornvale-astronomy provider::tests::the_night_side_sees_the_blood_moon_on_its_day
        PASS [   0.017s] ( 745/5357) hornvale-astronomy render::tests::chart_ansi_is_deterministic_and_tinted
        PASS [   0.015s] ( 746/5357) hornvale-astronomy render::tests::collision_keeps_the_brighter_digit
        PASS [   0.016s] ( 747/5357) hornvale-astronomy render::tests::chart_is_72x24_with_every_star_digit_present
        PASS [   0.011s] ( 748/5357) hornvale-astronomy render::tests::degenerate_synodic_cycle_gets_honest_wording
        PASS [   0.011s] ( 749/5357) hornvale-astronomy render::tests::equator_is_dashed
        PASS [   0.018s] ( 750/5357) hornvale-astronomy render::tests::luna_like_moon_line_shows_the_29_5_day_cycle
        PASS [   0.014s] ( 751/5357) hornvale-astronomy render::tests::phase_strip_glyphs_follow_the_centered_phase_bands
        PASS [   0.015s] ( 752/5357) hornvale-astronomy render::tests::png_is_well_formed_and_byte_deterministic
        PASS [   0.012s] ( 753/5357) hornvale-astronomy render::tests::spectral_color_is_total_and_distinct_by_temperature
        PASS [   0.115s] ( 754/5357) hornvale-astronomy provider::tests::a_placed_observer_sees_a_wandering_star_across_two_synodic_periods
        PASS [   0.012s] ( 755/5357) hornvale-astronomy resonance::tests::a_clean_two_to_one_pair_is_detected
        PASS [   0.102s] ( 756/5357) hornvale-astronomy provider::tests::an_inner_wanderer_is_glare_skipped_near_conjunction
        PASS [   0.011s] ( 757/5357) hornvale-astronomy resonance::tests::an_unclean_pair_is_not_detected
        PASS [   0.010s] ( 758/5357) hornvale-astronomy resonance::tests::no_pair_means_no_ratio
        PASS [   0.013s] ( 759/5357) hornvale-astronomy resonance::tests::detect_moon_period_ratio_is_pure
        PASS [   0.010s] ( 760/5357) hornvale-astronomy resonance::tests::three_moons_picks_the_single_best_pair
        PASS [   0.010s] ( 761/5357) hornvale-astronomy resonance::tests::tied_deviation_pairs_break_by_simplicity_then_index
        PASS [   0.014s] ( 762/5357) hornvale-astronomy sky_position::tests::precession_moves_the_pole_separation
        PASS [   0.010s] ( 763/5357) hornvale-astronomy star::tests::a_solar_mass_star_is_solar_temperature
        PASS [   0.012s] ( 764/5357) hornvale-astronomy sky_position::tests::round_trip_through_the_ecliptic_is_identity_at_zero_precession
        PASS [   0.016s] ( 765/5357) hornvale-astronomy sky_position::tests::a_full_precession_turn_returns_every_star_home
        PASS [   0.014s] ( 766/5357) hornvale-astronomy star::tests::a_k_dwarf_is_bounded_young_in_main_sequence_terms
        PASS [   0.011s] ( 767/5357) hornvale-astronomy star::tests::age_stays_inside_the_guard_rails_and_the_bound
        PASS [   0.013s] ( 768/5357) hornvale-astronomy star::tests::age_is_deterministic
        PASS [   0.009s] ( 769/5357) hornvale-astronomy star::tests::concept_and_display_round_trip_in_both_directions
        PASS [   0.012s] ( 770/5357) hornvale-astronomy star::tests::class_names_track_mass
        PASS [   0.011s] ( 771/5357) hornvale-astronomy star::tests::effective_temperature_spans_the_expected_range_across_the_mass_draw
        PASS [   0.014s] ( 772/5357) hornvale-astronomy star::tests::brightening_scales_with_mass_and_reaches_insolation
        PASS [   0.010s] ( 773/5357) hornvale-astronomy star::tests::insolation_is_luminosity_over_orbit_squared
        PASS [   0.016s] ( 774/5357) hornvale-astronomy star::tests::effective_temperature_is_contained_and_moves_nothing_else
        PASS [   0.015s] ( 775/5357) hornvale-astronomy star::tests::every_star_class_name_is_in_the_table
        PASS [   0.012s] ( 776/5357) hornvale-astronomy star::tests::luminosity_and_zone_are_derived
        PASS [   0.010s] ( 777/5357) hornvale-astronomy star::tests::luminosity_brightens_on_the_main_sequence_slope
        PASS [   0.010s] ( 778/5357) hornvale-astronomy star::tests::planet_age_trails_the_star_by_the_accretion_interval
        PASS [   0.011s] ( 779/5357) hornvale-astronomy star::tests::main_sequence_lifetime_scales_as_mass_to_the_minus_five_halves
        PASS [   0.010s] ( 780/5357) hornvale-astronomy star::tests::the_concept_and_the_display_are_derived_from_the_same_mass
        PASS [   0.014s] ( 781/5357) hornvale-astronomy star::tests::sun_angular_diameter_follows_the_main_sequence_radius
        PASS [   0.017s] ( 782/5357) hornvale-astronomy star::tests::star_is_deterministic_and_in_range
        PASS [   0.012s] ( 783/5357) hornvale-astronomy star::tests::the_derived_temperature_agrees_with_the_existing_class_name
        PASS [   0.011s] ( 784/5357) hornvale-astronomy starfield::tests::star_positions_are_valid
        PASS [   0.015s] ( 785/5357) hornvale-astronomy starfield::tests::starfield_count_is_in_range
        PASS [   0.013s] ( 786/5357) hornvale-astronomy starfield::tests::starfield_is_deterministic
        PASS [   0.017s] ( 787/5357) hornvale-astronomy starfield::tests::genesis_is_untouched_by_starfield
        PASS [   0.010s] ( 788/5357) hornvale-astronomy system::tests::generate_assembles_a_complete_system
        PASS [   0.011s] ( 789/5357) hornvale-astronomy system::tests::generate_is_deterministic
        PASS [   0.009s] ( 790/5357) hornvale-astronomy tests::concepts_register_idempotently
        PASS [   0.024s] ( 791/5357) hornvale-astronomy starfield::tests::starfield_is_roughly_isotropic
        PASS [   0.010s] ( 792/5357) hornvale-astronomy units::tests::an_instant_offset_by_a_duration_is_an_instant
        PASS [   0.015s] ( 793/5357) hornvale-astronomy tests::concepts_registered
        PASS [   0.009s] ( 794/5357) hornvale-astronomy units::tests::constructors_accept_valid_and_reject_invalid
        PASS [   0.015s] ( 795/5357) hornvale-astronomy tests::spectral_classes_are_registered_as_unnameable
        PASS [   0.016s] ( 796/5357) hornvale-astronomy units::tests::a_signed_quantity_admits_both_signs_and_refuses_nonfinite
        PASS [   0.020s] ( 797/5357) hornvale-astronomy units::tests::a_duration_still_refuses_a_negative
        PASS [   0.009s] ( 798/5357) hornvale-astronomy units::tests::gyr_rejects_negative_and_nonfinite
        PASS [   0.010s] ( 799/5357) hornvale-astronomy units::tests::errors_name_the_unit_and_reason
        PASS [   0.009s] ( 800/5357) hornvale-astronomy units::tests::hours_and_local_conversions_round_trip
        PASS [   0.015s] ( 801/5357) hornvale-astronomy units::tests::density_rejects_nonpositive_and_nonfinite
        PASS [   0.015s] ( 802/5357) hornvale-astronomy units::tests::habitable_zone_enforces_inner_before_outer_and_answers_containment
        PASS [   0.012s] ( 803/5357) hornvale-astronomy units::tests::the_difference_of_two_instants_is_a_duration
        PASS [   0.012s] ( 804/5357) hornvale-astronomy wanderers::tests::kepler_holds_and_periods_are_monotone_in_axis
        PASS [   0.012s] ( 805/5357) hornvale-astronomy wanderers::tests::wanderers_are_deterministic_and_bounded
        PASS [   0.014s] ( 806/5357) hornvale-astronomy wanderers::tests::wanderer_count_pin_is_honored_for_every_legal_value
        PASS [   0.009s] ( 807/5357) hornvale-astronomy::suite calendar_negative_time::daylight_and_solar_angles_stay_in_range_across_genesis
        PASS [   0.013s] ( 808/5357) hornvale-astronomy::suite calendar_negative_time::every_phase_stays_in_the_unit_interval_across_genesis
        PASS [   0.015s] ( 809/5357) hornvale-astronomy::suite calendar_negative_time::alignment_drift_is_defined_across_genesis
        PASS [   0.020s] ( 810/5357) hornvale-astronomy wanderers::tests::no_wanderer_crowds_the_anchor
        PASS [   0.011s] ( 811/5357) hornvale-astronomy::suite calendar_negative_time::no_instant_taking_method_produces_a_non_finite_value
        PASS [   0.014s] ( 812/5357) hornvale-astronomy::suite calendar_negative_time::local_day_is_monotone_and_its_fraction_is_bounded_across_genesis
        PASS [   0.012s] ( 813/5357) hornvale-astronomy::suite calendar_negative_time::solar_declination_is_bounded_by_the_obliquity_across_genesis
        PASS [   0.012s] ( 814/5357) hornvale-astronomy::suite day_is_a_whole_tick_count::every_spinning_worlds_day_is_a_whole_number_of_ticks
        PASS [   0.016s] ( 815/5357) hornvale-astronomy::suite day_is_a_whole_tick_count::a_pinned_day_length_is_quantized_too
        PASS [   0.014s] ( 816/5357) hornvale-astronomy::suite genesis_properties::a_locked_worlds_hemispheres_cull_the_sky
        PASS [   0.010s] ( 817/5357) hornvale-astronomy::suite genesis_properties::alignment_battery_dating_round_trip
        PASS [   0.014s] ( 818/5357) hornvale-astronomy::suite day_is_a_whole_tick_count::the_continuous_day_length_round_trips_through_the_lattice
        PASS [   0.012s] ( 819/5357) hornvale-astronomy::suite genesis_properties::anchor_battery_orbit_kepler_and_rotation_invariants
        PASS [   0.011s] ( 820/5357) hornvale-astronomy::suite genesis_properties::equatorial_daylight_is_flat_and_every_latitude_stays_in_range
        PASS [   0.011s] ( 821/5357) hornvale-astronomy::suite genesis_properties::every_default_system_satisfies_every_invariant
        PASS [   0.012s] ( 822/5357) hornvale-astronomy::suite genesis_properties::forcing_is_pin_isolated
        PASS [   0.014s] ( 823/5357) hornvale-astronomy::suite genesis_properties::forcing_zero_pin_yields_zeroed_amplitudes
        PASS [   0.012s] ( 824/5357) hornvale-astronomy::suite genesis_properties::neighbor_pin_does_not_move_any_star
        PASS [   0.011s] ( 825/5357) hornvale-astronomy::suite genesis_properties::pin_isolation_holds_at_the_system_level
        PASS [   0.012s] ( 826/5357) hornvale-astronomy::suite genesis_properties::obliquity_at_zero_matches_the_anchor_drift_anchor_identity
        PASS [   0.009s] ( 827/5357) hornvale-astronomy::suite genesis_properties::pinned_moon_counts_draw_identical_node_longitudes
        PASS [   0.010s] ( 828/5357) hornvale-astronomy::suite genesis_properties::pinned_worlds_differ_from_unpinned_only_downstream_of_the_pin
        PASS [   0.024s] ( 829/5357) hornvale-astronomy::suite genesis_properties::neighbor_battery_counts_coordinates_and_determinism
        PASS [   0.010s] ( 830/5357) hornvale-astronomy::suite genesis_properties::star_battery_mass_bounds_and_monotone_derivations
        PASS [   0.042s] ( 831/5357) hornvale-astronomy::suite genesis_properties::a_spinning_worlds_sky_is_whole_from_any_placed_vantage
        PASS [   0.011s] ( 832/5357) hornvale-astronomy::suite genesis_properties::stellar_age_does_not_touch_luminosity_or_the_habitable_zone
        PASS [   0.012s] ( 833/5357) hornvale-astronomy::suite genesis_properties::the_greenhouse_residual_is_drawn_and_isolated
        PASS [   0.012s] ( 834/5357) hornvale-astronomy::suite genesis_properties::the_pin_matrix_is_honored
        PASS [   0.010s] ( 835/5357) hornvale-astronomy::suite genesis_properties::unsatisfiable_pins_fail_loudly_with_the_physical_reason
        PASS [   0.009s] ( 836/5357) hornvale-astronomy::suite genesis_properties::wanderers_pin_leaves_the_rest_of_the_sky_untouched
        PASS [   0.012s] ( 837/5357) hornvale-astronomy::suite golden_seed_42::seed_42_default_system_matches_the_pre_retrofit_golden_values
        PASS [   0.010s] ( 838/5357) hornvale-astronomy::suite night_sky_regimes::epoch_drift_moves_the_equinox_referenced_and_spares_the_orbital
        PASS [   0.012s] ( 839/5357) hornvale-astronomy::suite night_sky_regimes::locked_worlds_freeze_the_instrument
        PASS [   0.012s] ( 840/5357) hornvale-astronomy::suite sky_conformance::the_suns_added_period_is_the_day_the_calendar_already_holds
        PASS [   0.021s] ( 841/5357) hornvale-astronomy::suite night_sky_regimes::retrograde_flips_wheeling_not_dates
        PASS [   0.017s] ( 842/5357) hornvale-astronomy::suite sky_conformance::every_sky_has_exactly_one_day_sky_sun
        PASS [   0.019s] ( 843/5357) hornvale-astronomy::suite sky_conformance::nothing_in_a_sky_outranks_its_sun
        PASS [   0.016s] ( 844/5357) hornvale-astronomy::suite sky_conformance::the_sun_never_leaves_the_visible_bodies_list
        PASS [   0.012s] ( 845/5357) hornvale-book tests::a_contested_entry_with_no_folk_line_panics_rather_than_vanishing
        PASS [   0.021s] ( 846/5357) hornvale-astronomy::suite night_sky_regimes::zero_obliquity_keeps_heliacal_events_but_kills_seasons
        PASS [   9.887s] ( 847/5357) hornvale::suite trope_witness::a_witness_table_with_other_entries_still_refuses_an_unlisted_situation
        PASS [   0.013s] ( 848/5357) hornvale-book tests::comprehend_quantity_returns_none_for_an_unrecognized_fragment
        PASS [   0.015s] ( 849/5357) hornvale-book tests::a_non_moon_revealed_claim_panics_rather_than_vanishing
        PASS [   1.896s] ( 850/5357) hornvale::suite walk_depth_agreement::the_definition_matches_what_the_function_returns
        PASS [   1.755s] ( 851/5357) hornvale::suite walk_depth_agreement::the_vessel_reexport_is_the_same_rule_not_a_second_definition
        PASS [   0.631s] ( 852/5357) hornvale-astronomy provider::tests::a_placed_observer_sees_a_heliacal_rising_across_a_year
        PASS [  14.332s] ( 853/5357) hornvale::suite the_unnameable::the_unnameable_classification_survives_a_save_load_round_trip
        PASS [   3.435s] ( 854/5357) hornvale::suite wash_byte_identity::seed_42_surrounds_flagship_is_unmoved_by_the_wash
        PASS [   9.963s] ( 855/5357) hornvale::suite trope_witness::the_witness_roster_and_the_stageable_set_agree_on_both_frozen_corpora
        PASS [  13.184s] ( 856/5357) hornvale::suite trope_witness::a_tableau_bound_under_one_situation_is_unbound_under_another_that_lacks_its_predicate
        PASS [  21.944s] ( 857/5357) hornvale::suite sky_exit_criterion::refusals_are_recorded_in_the_world
        PASS [  13.305s] ( 858/5357) hornvale::suite trope_witness::session_start_itself_refuses_an_unregistered_relation_predicate
        PASS [   6.398s] ( 859/5357) hornvale::suite walk_depth_agreement::no_prose_states_a_stale_band_depth
        PASS [  16.204s] ( 860/5357) hornvale::suite trope_witness::a_bound_witness_that_stages_and_whose_tokens_resolve_is_stageable
        PASS [   9.713s] ( 861/5357) hornvale::suite trope_witness::witness_stages_reports_absent_for_an_unlisted_situation
        PASS [  10.062s] ( 862/5357) hornvale::suite trope_witness::witness_stages_reports_unbound_for_a_relation_the_situation_never_requires
        PASS [  16.244s] ( 863/5357) hornvale::suite trope_witness::a_witness_whose_tableau_fails_to_stage_the_actants_is_refused
        PASS [  16.933s] ( 864/5357) hornvale::suite trope_witness::a_witness_whose_relations_do_not_all_resolve_is_refused
        PASS [  29.873s] ( 865/5357) hornvale::suite repertory_corpus::a_co_located_selector_resolves_to_a_world_where_someone_is_present
        PASS [  30.593s] ( 866/5357) hornvale::suite repertory_corpus::a_scene_no_world_can_stage_is_unwitnessed_rather_than_absent
        PASS [  10.096s] ( 867/5357) hornvale::bin/hornvale tests::scene_system_emits_the_schema
        PASS [   9.882s] ( 868/5357) hornvale-almanac::suite interlinear::a_real_occupation_reaches_the_common_sentence_with_its_people_site_and_both_years
        PASS [  27.709s] ( 869/5357) hornvale::suite sky_exit_criterion::worlds_survive_reload_byte_identically
        PASS [   9.666s] ( 870/5357) hornvale-book tests::coverage_flags_name_as_uncovered
        PASS [  13.357s] ( 871/5357) hornvale::suite trope_witness::witness_stages_reports_refused_for_a_witness_that_fails_to_stage
        PASS [   0.013s] ( 872/5357) hornvale-book tests::star_class_modifier_chooses_an_before_a_vowel
        PASS [   0.025s] ( 873/5357) hornvale-book tests::subject_for_uses_a_pronoun_on_remention
        PASS [  11.173s] ( 874/5357) hornvale::bin/hornvale tests::scene_tiles_region_emits_the_schema
        PASS [   0.011s] ( 875/5357) hornvale-book tests::the_book_hands_the_language_structure_not_english
        PASS [   0.010s] ( 876/5357) hornvale-book tests::the_crisis_margin_line_quotes_the_taught_and_true_days
        PASS [  11.090s] ( 877/5357) hornvale-almanac::suite interlinear::the_tongue_shares_no_word_with_common_but_the_autonym_and_the_numerals
        PASS [   0.011s] ( 878/5357) hornvale-book tests::the_doctrine_line_is_none_for_a_folk_only_culture
        PASS [   0.010s] ( 879/5357) hornvale-book tests::the_doctrine_line_names_the_crisis_when_one_is_live
        PASS [  11.258s] ( 880/5357) hornvale-almanac::suite interlinear::a_tongue_that_lacks_a_bound_concept_gaps_and_names_it
        PASS [  10.606s] ( 881/5357) hornvale-book tests::aggregated_predicates_drop_off_the_uncovered_list
        PASS [   9.712s] ( 882/5357) hornvale-book tests::fact_for_itself_is_unchanged
        PASS [   0.017s] ( 883/5357) hornvale-book tests::the_mortise_declares_no_construction_site_embeds_or_coordinates
        PASS [  31.405s] ( 884/5357) hornvale::suite sky_exit_criterion::rotation_flip_flips_the_religion
        PASS [  13.191s] ( 885/5357) hornvale-book tests::derived_report_matches_the_shipped_strings
        PASS [   0.021s] ( 886/5357) hornvale-book tests::the_prediction_line_omits_honestly_beyond_the_teaching_horizon
        PASS [   0.019s] ( 887/5357) hornvale-book tests::the_readout_law
        PASS [  13.461s] ( 888/5357) hornvale-book tests::doctrine_margin_omits_what_the_folk_margin_reveals
        PASS [  13.024s] ( 889/5357) hornvale-book tests::folk_sections_are_byte_unchanged
        PASS [   9.792s] ( 890/5357) hornvale-book tests::instance_of_drops_off_the_uncovered_list
        PASS [  40.290s] ( 891/5357) hornvale::suite exit_criterion::almanac_is_byte_deterministic_and_seed_sensitive
        PASS [  13.364s] ( 892/5357) hornvale-book tests::goblin_section_speaks_and_margins_seed_1
        PASS [   0.094s] ( 893/5357) hornvale-chronicle::suite determinism::different_seeds_diverge
        PASS [   0.041s] ( 894/5357) hornvale-chronicle::suite determinism::replay_derives_events_and_the_intervention_matters
        PASS [   0.087s] ( 895/5357) hornvale-chronicle::suite determinism::same_seed_same_config_is_byte_identical
        PASS [   0.120s] ( 896/5357) hornvale-chronicle::suite determinism::scan_and_index_deliveries_produce_identical_worlds
        PASS [  13.349s] ( 897/5357) hornvale-book tests::identity_chorus_reproduces_the_gods_eye_lines
        PASS [   0.011s] ( 898/5357) hornvale-chronicle::suite sounding_sweep::exponent_fit_recovers_a_known_power_law
        PASS [   0.011s] ( 899/5357) hornvale-climate biome::tests::a_trench_outranks_a_ridge_exactly_as_it_did
        PASS [   0.033s] ( 900/5357) hornvale-chronicle::suite determinism::the_workload_fires_at_volume
        PASS [   0.014s] ( 901/5357) hornvale-climate biome::tests::a_vent_is_now_a_community_at_a_depth
        PASS [   0.011s] ( 902/5357) hornvale-climate biome::tests::catalog_is_complete_and_distinct
        PASS [   0.011s] ( 903/5357) hornvale-climate biome::tests::classify_dispatches_land_and_sea
        PASS [   0.012s] ( 904/5357) hornvale-climate biome::tests::every_biome_has_a_distinct_enough_glyph_and_a_color
        PASS [   0.011s] ( 905/5357) hornvale-climate biome::tests::land_vertices_are_overworld_surface_and_project_to_themselves
        PASS [   0.012s] ( 906/5357) hornvale-climate biome::tests::marine_precedence_is_correct
        PASS [   0.015s] ( 907/5357) hornvale-climate biome::tests::names_are_kebab_and_unique
        PASS [   0.013s] ( 908/5357) hornvale-climate biome::tests::specials_take_precedence
        PASS [  37.620s] ( 909/5357) hornvale::suite sky_exit_criterion::moons_flip_the_calendar_and_seat_gods_no_moonless_world_can_hold
        PASS [   0.012s] ( 910/5357) hornvale-climate biome::tests::the_expression_path_reproduces_legacy_marine_classification_exactly
        PASS [   0.011s] ( 911/5357) hornvale-climate biome::tests::whittaker_hits_known_corners
        PASS [   0.011s] ( 912/5357) hornvale-climate circulation::tests::band_index_buckets_by_absolute_latitude
        PASS [   0.010s] ( 913/5357) hornvale-climate circulation::tests::earth_rotation_yields_three_bands_and_the_step_function_is_monotonic
        PASS [   0.013s] ( 914/5357) hornvale-climate circulation::tests::prevailing_wind_is_zonal_tangent_and_reverses_by_band
        PASS [   0.016s] ( 915/5357) hornvale-climate currents::tests::land_vertices_are_zero
        PASS [   0.026s] ( 916/5357) hornvale-climate currents::tests::deflection_is_rightward_in_the_north
        PASS [   0.027s] ( 917/5357) hornvale-climate currents::tests::current_is_tangent_and_nonzero_over_ocean
        PASS [   0.010s] ( 918/5357) hornvale-climate diurnal::tests::amplitude_is_monotone_in_its_drivers
        PASS [   0.010s] ( 919/5357) hornvale-climate diurnal::tests::desert_range_is_earth_like
        PASS [   0.013s] ( 920/5357) hornvale-climate currents::tests::locked_field_is_all_zero
        PASS [   0.011s] ( 921/5357) hornvale-climate diurnal::tests::longer_day_swings_harder
        PASS [   0.010s] ( 922/5357) hornvale-climate diurnal::tests::peak_is_in_the_afternoon
        PASS [   0.014s] ( 923/5357) hornvale-climate diurnal::tests::equatorial_day_has_a_real_swing
        PASS [   0.009s] ( 924/5357) hornvale-climate diurnal::tests::waveform_is_zero_mean_over_a_rotation
        PASS [   0.013s] ( 925/5357) hornvale-climate diurnal::tests::polar_night_has_no_swing
        PASS [   0.013s] ( 926/5357) hornvale-climate diurnal::tests::two_longitudes_have_different_local_phase
        PASS [   0.010s] ( 927/5357) hornvale-climate facets::tests::a_realm_is_a_triple_not_a_flag
        PASS [   0.010s] ( 928/5357) hornvale-climate facets::tests::depth_maps_to_the_documented_stratum_bands
        PASS [   0.011s] ( 929/5357) hornvale-climate facets::tests::a_vent_keeps_its_identity_at_every_depth
        PASS [   0.010s] ( 930/5357) hornvale-climate facets::tests::every_legacy_biome_is_the_projection_of_some_expression
        PASS [   0.011s] ( 931/5357) hornvale-climate facets::tests::the_overworld_has_one_stratum_and_the_waterworld_a_column
        PASS [   0.011s] ( 932/5357) hornvale-climate facets::tests::open_water_projects_by_its_stratum
        PASS [   0.010s] ( 933/5357) hornvale-climate habitability::tests::fraction_is_between_zero_and_one
        PASS [   0.010s] ( 934/5357) hornvale-climate habitability::tests::ocean_and_extremes_are_uninhabitable_temperate_land_is_habitable
        PASS [   0.027s] ( 935/5357) hornvale-climate moisture::tests::a_range_casts_a_rain_shadow
        PASS [   0.026s] ( 936/5357) hornvale-climate moisture::tests::interiors_dry_with_distance_from_sea
        PASS [   0.032s] ( 937/5357) hornvale-climate moisture::tests::a_vertex_with_no_upwind_ocean_is_dry
        PASS [   0.011s] ( 938/5357) hornvale-climate precipitation::tests::a_perpetually_clear_vertex_still_receives_its_annual_total
        PASS [   0.025s] ( 939/5357) hornvale-climate moisture::tests::moisture_is_bounded_and_locked_is_substellar
        PASS [   0.010s] ( 940/5357) hornvale-climate precipitation::tests::a_years_daily_precipitation_sums_to_the_annual_climatology
        PASS [   0.011s] ( 941/5357) hornvale-climate precipitation::tests::cloud_fraction_is_bounded
        PASS [   0.010s] ( 942/5357) hornvale-climate precipitation::tests::cloud_fraction_is_higher_in_rising_band_than_sinking
        PASS [   0.010s] ( 943/5357) hornvale-climate precipitation::tests::cloud_fraction_is_high_for_moist_rising_uplifted
        PASS [   0.011s] ( 944/5357) hornvale-climate precipitation::tests::cloud_fraction_is_low_for_dry_sinking_flat
        PASS [   0.010s] ( 945/5357) hornvale-climate precipitation::tests::cloud_fraction_is_monotone_increasing_in_uplift
        PASS [   0.016s] ( 946/5357) hornvale-climate precipitation::tests::cloud_fraction_is_monotone_increasing_in_moisture
        PASS [   0.012s] ( 947/5357) hornvale-climate precipitation::tests::daily_weight_is_zero_for_dry_skies_and_rises_with_the_ladder
        PASS [   0.009s] ( 948/5357) hornvale-climate precipitation::tests::precip_mm_yr_clamps_out_of_range_moisture
        PASS [   0.010s] ( 949/5357) hornvale-climate precipitation::tests::precip_mm_yr_exceeds_earths_wettest_belts_at_full_moisture
        PASS [   0.010s] ( 950/5357) hornvale-climate precipitation::tests::precip_mm_yr_is_monotone_increasing
        PASS [   0.010s] ( 951/5357) hornvale-climate precipitation::tests::precip_mm_yr_is_near_zero_at_zero_moisture
        PASS [   0.012s] ( 952/5357) hornvale-climate precipitation::tests::precip_regime_equatorial_band_is_uniform
        PASS [   0.010s] ( 953/5357) hornvale-climate precipitation::tests::precip_regime_rising_nonequatorial_band_is_summer_max
        PASS [   0.011s] ( 954/5357) hornvale-climate precipitation::tests::precip_regime_high_continentality_midlatitude_is_monsoon
        PASS [   0.011s] ( 955/5357) hornvale-climate precipitation::tests::precip_regime_sinking_low_continentality_band_is_winter_max
        PASS [   0.010s] ( 956/5357) hornvale-climate precipitation::tests::snow_fraction_is_near_one_well_below_freezing
        PASS [   0.011s] ( 957/5357) hornvale-climate precipitation::tests::snow_fraction_is_near_zero_well_above_freezing
        PASS [   0.014s] ( 958/5357) hornvale-climate precipitation::tests::snow_fraction_is_smooth_across_freezing
        PASS [   0.013s] ( 959/5357) hornvale-climate provider::tests::climate_carries_the_year_phase_offset
        PASS [   0.045s] ( 960/5357) hornvale-climate provider::tests::documented_evaluator_restates_temperature_at_exactly
        PASS [   0.096s] ( 961/5357) hornvale-climate provider::tests::ambient_is_always_emitted_and_unrefined
        PASS [   0.099s] ( 962/5357) hornvale-climate provider::tests::coastal_current_does_not_flow_into_land
        PASS [   0.014s] ( 963/5357) hornvale-climate provider::tests::locked_provider_has_no_band_count
        PASS [   0.081s] ( 964/5357) hornvale-climate provider::tests::emitter_is_pure
        PASS [   0.035s] ( 965/5357) hornvale-climate provider::tests::marine_vertices_are_in_the_waterworld_and_land_vertices_are_not
        PASS [   0.098s] ( 966/5357) hornvale-climate provider::tests::felt_weather_matches_the_documented_thresholds
        PASS [   0.036s] ( 967/5357) hornvale-climate provider::tests::ocean_vertices_map_to_marine_biomes
        PASS [   0.012s] ( 968/5357) hornvale-climate provider::tests::seasonal_swing_is_zero_when_locked
        PASS [   0.040s] ( 969/5357) hornvale-climate provider::tests::provider_answers_every_query_and_is_deterministic
        PASS [   0.099s] ( 970/5357) hornvale-climate provider::tests::mild_climes_are_felt_but_never_deified
        PASS [   0.027s] ( 971/5357) hornvale-climate provider::tests::the_expression_and_the_legacy_biome_agree_at_every_vertex
        PASS [   0.017s] ( 972/5357) hornvale-climate render::tests::ascii_map_has_right_shape_and_shows_land_and_sea
        PASS [   0.029s] ( 973/5357) hornvale-climate provider::tests::the_sampling_api_takes_a_typed_instant
        PASS [   0.057s] ( 974/5357) hornvale-climate render::tests::pixel_buffer_is_exactly_the_raster
        PASS [   0.059s] ( 975/5357) hornvale-climate render::tests::png_is_well_formed_and_byte_deterministic
        PASS [   0.092s] ( 976/5357) hornvale-climate provider::tests::weather_is_defined_and_deterministic_over_the_globe
        PASS [   0.023s] ( 977/5357) hornvale-climate snowpack::tests::a_permanently_frozen_vertex_never_converges
        PASS [   0.021s] ( 978/5357) hornvale-climate snowpack::tests::a_seasonal_year_builds_a_pack_in_winter_and_clears_it_in_summer
        PASS [   0.012s] ( 979/5357) hornvale-climate snowpack::tests::ablation_never_exceeds_what_is_present
        PASS [   0.011s] ( 980/5357) hornvale-climate snowpack::tests::ablation_rises_with_temperature_above_freezing
        PASS [   0.009s] ( 981/5357) hornvale-climate snowpack::tests::snow_never_ablates_below_freezing
        PASS [   0.013s] ( 982/5357) hornvale-climate snowpack::tests::only_the_snow_share_of_precipitation_accumulates
        PASS [   0.010s] ( 983/5357) hornvale-climate substellar::tests::substellar_cosine_is_one_at_substellar_zero_at_terminator_neg_at_antistellar
        PASS [   0.010s] ( 984/5357) hornvale-climate substellar::tests::substellar_cosine_matches_inline_arithmetic_over_fibonacci_sphere
        PASS [   0.011s] ( 985/5357) hornvale-climate substrate::tests::a_linear_substrate_converges_to_its_analytic_fixed_point
        PASS [   0.011s] ( 986/5357) hornvale-climate substrate::tests::a_sourceless_substrate_stays_at_zero
        PASS [   0.010s] ( 987/5357) hornvale-climate substrate::tests::a_state_dependent_sink_is_honoured
        PASS [   0.011s] ( 988/5357) hornvale-climate substrate::tests::a_substrate_that_never_loses_anything_reports_non_convergence
        PASS [   0.040s] ( 989/5357) hornvale-climate substrate::tests::a_vertices_year_of_contexts_reproduces_its_annual_climatology
        PASS [   0.011s] ( 990/5357) hornvale-climate substrate::tests::the_trajectory_covers_exactly_one_year
        PASS [   0.014s] ( 991/5357) hornvale-climate temperature::tests::coastal_seasonal_swing_is_smaller_than_continental
        PASS [   0.015s] ( 992/5357) hornvale-climate temperature::tests::daily_mean_is_unchanged_by_the_diurnal_term
        PASS [   0.016s] ( 993/5357) hornvale-climate temperature::tests::locked_substellar_hot_spot_librates_with_obliquity
        PASS [   0.015s] ( 994/5357) hornvale-climate temperature::tests::locked_temperature_at_position_matches_temperature_at_the_vertices_own_position
        PASS [   0.015s] ( 995/5357) hornvale-climate temperature::tests::locked_temperature_is_static_at_zero_obliquity
        PASS [   0.021s] ( 996/5357) hornvale-climate temperature::tests::locked_world_is_hottest_at_substellar_and_coldest_at_antistellar
        PASS [   0.013s] ( 997/5357) hornvale-climate temperature::tests::locked_worlds_have_no_diurnal_term
        PASS [   0.249s] ( 998/5357) hornvale-climate substrate::tests::a_substrate_field_wraps_the_year
        PASS [   0.078s] ( 999/5357) hornvale-climate temperature::tests::spec_3_2_bounds_hold_at_s_equals_1_with_earth_anchor_greenhouse
        PASS [   0.015s] (1000/5357) hornvale-climate temperature::tests::spinning_afternoon_is_warmer_than_predawn
        PASS [   0.011s] (1001/5357) hornvale-climate temperature::tests::spinning_seasonal_peak_tracks_the_year_phase_offset
        PASS [   0.021s] (1002/5357) hornvale-climate temperature::tests::spinning_diurnal_fires_at_zero_obliquity
        PASS [   0.011s] (1003/5357) hornvale-climate temperature::tests::temperature_falls_with_altitude
        PASS [   0.011s] (1004/5357) hornvale-climate tests::climate_contributes_a_low_salience_phenomenon
        PASS [   0.017s] (1005/5357) hornvale-climate temperature::tests::temperature_falls_with_latitude_on_a_spinning_world
        PASS [   0.011s] (1006/5357) hornvale-climate tests::climate_is_uniform_in_space
        PASS [   0.011s] (1007/5357) hornvale-climate tests::concepts_registered
        PASS [   0.021s] (1008/5357) hornvale-climate tests::concepts_register_idempotently
        PASS [   0.012s] (1009/5357) hornvale-climate weather::tests::cirrus_is_reachable_through_the_real_composition
        PASS [   0.013s] (1010/5357) hornvale-climate weather::tests::cloud_type_projects_the_state
        PASS [  11.198s] (1011/5357) hornvale-book tests::probe_success_path_yields_a_line
        PASS [   0.016s] (1012/5357) hornvale-climate weather::tests::state_is_monotone_in_phase
        PASS [   0.017s] (1013/5357) hornvale-climate weather::tests::propensity_tracks_each_field
        PASS [   0.014s] (1014/5357) hornvale-climate weather::tests::weather_is_temporally_smooth
        PASS [   0.011s] (1015/5357) hornvale-climate weather::tests::weather_phase_is_deterministic
        PASS [   0.012s] (1016/5357) hornvale-climate weather::tests::weather_varies_over_a_season
        PASS [   0.010s] (1017/5357) hornvale-climate wetness::tests::cloud_suppresses_drying
        PASS [   0.013s] (1018/5357) hornvale-climate wetness::tests::rain_wets_the_ground_and_a_dry_spell_dries_it
        PASS [   0.012s] (1019/5357) hornvale-climate wetness::tests::receptivity_is_a_normalized_ratio
        PASS [   0.016s] (1020/5357) hornvale-climate wetness::tests::frozen_ground_does_not_dry
        PASS [   0.010s] (1021/5357) hornvale-climate wetness::tests::surface_wetness_converges_within_one_year
        PASS [   0.012s] (1022/5357) hornvale-climate::suite coarse_constrains_fine::a_variant_never_contradicts_its_genus_on_a_nominal_axis
        PASS [   0.013s] (1023/5357) hornvale-climate wetness::tests::wetness_saturates_at_field_capacity
        PASS [   0.010s] (1024/5357) hornvale-climate::suite coarse_constrains_fine::every_named_genus_resolves_and_the_check_has_work_to_do
        PASS [   0.029s] (1025/5357) hornvale-climate::suite column::a_land_vertex_has_a_one_rung_column
        PASS [   0.030s] (1026/5357) hornvale-climate::suite column::a_marine_column_runs_from_the_surface_to_its_own_floor
        PASS [   0.028s] (1027/5357) hornvale-climate::suite column::a_rung_from_another_realms_ladder_is_absent
        PASS [   0.026s] (1028/5357) hornvale-climate::suite column::the_column_agrees_with_biome_expr_at_at_every_vertex
        PASS [   0.029s] (1029/5357) hornvale-climate::suite column::nothing_exists_below_the_floor
        PASS [   0.029s] (1030/5357) hornvale-climate::suite column::water_above_the_floor_is_open_water_at_its_own_depth
        PASS [   0.010s] (1031/5357) hornvale-climate::suite facets::the_aperture_is_ordered_from_sealed_to_merged
        PASS [   0.009s] (1032/5357) hornvale-climate::suite facets::the_rock_ladder_matches_horizons_roster_one_for_one_in_order
        PASS [   0.010s] (1033/5357) hornvale-climate::suite facets::the_underworld_is_a_realm_with_a_rock_column
        PASS [   0.010s] (1034/5357) hornvale-climate::suite held_out_marine::the_marine_roster_actually_matches_assigned_names
        PASS [   0.011s] (1035/5357) hornvale-climate::suite held_out_marine::the_sea_needs_no_axis_the_land_does_not_use
        PASS [   0.474s] (1036/5357) hornvale-climate substrate::tests::a_substrate_field_is_deterministic_for_a_seed
        PASS [   0.010s] (1037/5357) hornvale-climate::suite preregistration::p1_the_decomposition_is_compressive
        PASS [   0.011s] (1038/5357) hornvale-climate::suite preregistration::p2_the_resisters_are_the_ten_phase_variants
        PASS [   0.016s] (1039/5357) hornvale-climate::suite preregistration::p1_no_two_names_share_a_vector
        PASS [   0.023s] (1040/5357) hornvale-climate::suite held_out_marine::the_sea_needs_no_axis_value_the_land_does_not_use
        PASS [   0.012s] (1041/5357) hornvale-climate::suite underworld::a3_the_underworld_lands_in_the_cave_region
        PASS [   0.011s] (1042/5357) hornvale-climate::suite underworld::energy_is_not_monotone_in_depth
        PASS [   0.017s] (1043/5357) hornvale-climate::suite preregistration::the_corpus_is_the_74_names_the_bounds_assume
        PASS [   0.021s] (1044/5357) hornvale-climate::suite underworld::every_underworld_name_carries_the_axes_it_can
        PASS [   0.013s] (1045/5357) hornvale-climate::suite underworld::light_takes_at_most_two_distinct_values
        PASS [   0.011s] (1046/5357) hornvale-climate::suite underworld::no_underworld_community_occupies_the_surface
        PASS [   0.012s] (1047/5357) hornvale-climate::suite underworld::no_two_underworld_names_share_a_vector
        PASS [   0.010s] (1048/5357) hornvale-climate::suite underworld::the_underworld_corpus_is_the_size_these_tests_assume
        PASS [   0.012s] (1049/5357) hornvale-climate::suite underworld::the_realised_cardinalities_are_what_the_module_doc_says
        PASS [   0.011s] (1050/5357) hornvale-climate::suite underworld::the_same_void_at_two_depths_differs_on_energy_alone
        PASS [   0.015s] (1051/5357) hornvale-climate::suite underworld::the_underworld_corpus_has_constant_arity_and_the_surface_corpus_does_not
        PASS [   0.010s] (1052/5357) hornvale-climate::suite underworld::the_underworld_uses_the_surface_corpus_value_grid
        PASS [   0.014s] (1053/5357) hornvale-climate::suite underworld::three_underworld_names_are_indistinguishable_from_a_surface_name
        PASS [   0.010s] (1054/5357) hornvale-culture structure::tests::communal_knowledge_peoples_never_enslave_and_top_out_collectively
        PASS [   0.013s] (1055/5357) hornvale-culture structure::tests::a_frontier_settlement_grows_warriors
        PASS [   0.010s] (1056/5357) hornvale-culture structure::tests::lean_forager_camp_is_nearly_egalitarian
        PASS [   0.010s] (1057/5357) hornvale-culture structure::tests::rich_populous_farm_town_is_stratified
        PASS [   0.011s] (1058/5357) hornvale-culture structure::tests::structure_always_has_a_worker_and_a_chief
        PASS [   0.014s] (1059/5357) hornvale-culture structure::tests::manikin_psych_reproduces_the_pre_species_table_exactly
        PASS [   0.010s] (1060/5357) hornvale-culture subsistence::tests::subsistence_is_an_exact_function_of_biome_and_coast
        PASS [   0.010s] (1061/5357) hornvale-culture tests::genesis_commits_the_emergent_structure_and_subsistence
        PASS [   0.011s] (1062/5357) hornvale-culture tests::lean_vs_rich_yield_different_structures
        PASS [   0.009s] (1063/5357) hornvale-culture tests::other_entities_have_no_castes
        PASS [   0.012s] (1064/5357) hornvale-demography byproducts::tests::byproducts_assembles_all_three_fields
        PASS [   0.011s] (1065/5357) hornvale-demography byproducts::tests::refugia_excludes_species_that_do_not_persist
        PASS [   0.012s] (1066/5357) hornvale-demography byproducts::tests::refugia_track_hostility_zeroed_dominants
        PASS [   0.012s] (1067/5357) hornvale-demography byproducts::tests::strife_is_zero_with_no_density
        PASS [   0.012s] (1068/5357) hornvale-demography byproducts::tests::strife_peaks_at_balanced_fitness_not_at_high_k
        PASS [   0.011s] (1069/5357) hornvale-demography byproducts::tests::wilderness_is_a_bounded_nonzero_fraction
        PASS [   0.011s] (1070/5357) hornvale-demography byproducts::tests::wilderness_is_zero_with_no_capacity
        PASS [   0.009s] (1071/5357) hornvale-demography carrying_capacity::tests::npp_proxy_is_liebig_minimum_of_temperature_and_moisture
        PASS [   0.015s] (1072/5357) hornvale-demography carrying_capacity::tests::sea_is_zero_and_wet_temperate_beats_desert
        PASS [   0.011s] (1073/5357) hornvale-demography coexist::tests::apex_is_capped_by_prey_and_dormant_without_it
        PASS [   0.009s] (1074/5357) hornvale-demography coexist::tests::beta_slides_from_oatmeal_to_monoculture
        PASS [   0.012s] (1075/5357) hornvale-demography coexist::tests::apex_shadow_suppresses_but_never_zeroes_prey
        PASS [   0.010s] (1076/5357) hornvale-demography coexist::tests::couple_trophic_cascade_is_processed_apex_first
        PASS [   0.011s] (1077/5357) hornvale-demography coexist::tests::more_same_guild_competitors_thin_everyone
        PASS [   0.011s] (1078/5357) hornvale-demography coexist::tests::couple_trophic_omnivore_survives_without_prey
        PASS [   0.011s] (1079/5357) hornvale-demography coexist::tests::overflow_is_zero_under_capacity_and_positive_when_crowded
        PASS [   0.012s] (1080/5357) hornvale-demography coexist::tests::pack_produces_spatial_structure_when_species_differ
        PASS [   0.011s] (1081/5357) hornvale-demography condense::tests::nodes_are_sorted_flagship_first
        PASS [   0.013s] (1082/5357) hornvale-demography coexist::tests::pack_yields_coexistence_not_exclusion_and_is_deterministic
        PASS [   0.015s] (1083/5357) hornvale-demography condense::tests::condensation_conserves_population_against_total_k
        PASS [   0.011s] (1084/5357) hornvale-demography condense::tests::raising_the_threshold_reduces_the_node_count
        PASS [   0.010s] (1085/5357) hornvale-demography flow::tests::accumulation_conserves_k_over_attractors
        PASS [   0.011s] (1086/5357) hornvale-demography flow::tests::zero_k_vertex_has_no_attractor
        PASS [   0.013s] (1087/5357) hornvale-demography footprint::tests::home_range_is_monotone_and_superlinear_in_mass
        PASS [   0.011s] (1088/5357) hornvale-demography founder::tests::every_tag_keeps_its_strongest_attractor_above_threshold
        PASS [   0.011s] (1089/5357) hornvale-demography niche::tests::guild_overlap_is_symmetric_with_unit_diagonal
        PASS [   0.010s] (1090/5357) hornvale-demography niche::tests::predation_level_filter_excludes_an_equal_level_peer_in_the_mass_window
        PASS [   0.015s] (1091/5357) hornvale-demography founder::tests::founder_floor_never_places_a_zero_population_settlement
        PASS [   0.011s] (1092/5357) hornvale-demography niche::tests::predation_respects_the_mass_window_and_level_order
        PASS [   0.012s] (1093/5357) hornvale-demography niche::tests::trophic_level_places_autotroph_omnivore_and_scavenger
        PASS [   0.013s] (1094/5357) hornvale-demography render::tests::an_all_zero_field_renders_as_all_blank
        PASS [   0.024s] (1095/5357) hornvale-demography render::tests::density_map_is_the_right_shape_and_deterministic
        PASS [   0.019s] (1096/5357) hornvale-demography render::tests::stack_density_ppm_renders_a_present_species_and_blanks_an_absent_one
        PASS [   0.015s] (1097/5357) hornvale-demography render::tests::strife_ppm_and_refugia_ppm_mirror_density_ppm
        PASS [   0.017s] (1098/5357) hornvale-demography render::tests::the_peak_vertex_renders_as_the_densest_glyph
        PASS [   0.011s] (1099/5357) hornvale-demography stack_condense::tests::no_524_dragons_and_sub_one_share_renders_lone
        PASS [   0.012s] (1100/5357) hornvale-demography stack_condense::tests::every_species_retains_a_founder_settlement
        PASS [   0.014s] (1101/5357) hornvale-demography stack_condense::tests::founder_floor_settlement_uses_whole_stack_mass_total
        PASS [   0.015s] (1102/5357) hornvale-demography tests::report_holds_k_fields_and_settlements
        PASS [   0.010s] (1103/5357) hornvale-explain tests::explain_gazetteer_is_none_on_an_empty_summary_list
        PASS [   0.012s] (1104/5357) hornvale-explain tests::explain_gazetteer_narrates_every_classs_largest_feature
        PASS [   0.010s] (1105/5357) hornvale-explain tests::explain_sky_is_none_without_sky_facts
        PASS [   0.011s] (1106/5357) hornvale-explain tests::explain_sky_reads_the_ledger_only_not_the_system
        PASS [   0.010s] (1107/5357) hornvale-hearsay tests::spearman_is_one_on_a_perfectly_monotone_pair
        PASS [   0.013s] (1108/5357) hornvale-hearsay tests::spearman_is_minus_one_when_reversed
        PASS [   0.017s] (1109/5357) hornvale-explain tests::explain_sky_narrates_the_insolation_chain_from_the_ledger
        PASS [   0.012s] (1110/5357) hornvale-hearsay tests::spearman_is_undefined_when_a_side_has_no_variance
        PASS [   0.011s] (1111/5357) hornvale-hearsay::crossing a_boundary_no_raid_has_ever_crossed_pays_the_full_rung
        PASS [   0.011s] (1112/5357) hornvale-hearsay::crossing a_crossing_costs_the_hearer_a_rung
        PASS [   0.012s] (1113/5357) hornvale-hearsay::crossing a_step_within_one_people_pays_nothing
        PASS [   0.011s] (1114/5357) hornvale-hearsay::crossing free_is_blind_to_how_much_contact_the_peoples_have
        PASS [   0.011s] (1115/5357) hornvale-hearsay::crossing the_crossing_costs_less_the_better_the_peoples_know_each_other
        PASS [   0.010s] (1116/5357) hornvale-hearsay::probe_seam_direction the_directed_seam_reproduces_the_shipped_contact_graph
        PASS [   0.013s] (1117/5357) hornvale-hearsay::probe_seam_direction the_direction_filter_moves_the_holder_set_in_the_control
        PASS [   0.011s] (1118/5357) hornvale-hearsay::probe_seam_direction the_probe_walk_reproduces_the_shipped_walk_on_the_control
        PASS [   0.012s] (1119/5357) hornvale-hearsay::suite accumulate::an_empty_ladder_always_reports_the_finest_precision
        PASS [   0.011s] (1120/5357) hornvale-hearsay::suite accumulate::every_rule_is_non_decreasing
        PASS [   0.010s] (1121/5357) hornvale-hearsay::suite accumulate::every_rule_leaves_a_zero_span_step_unchanged
        PASS [   0.011s] (1122/5357) hornvale-hearsay::suite accumulate::precision_is_the_coarsest_rung_the_width_reaches
        PASS [   0.010s] (1123/5357) hornvale-hearsay::suite accumulate::the_three_rules_are_actually_different
        PASS [   0.010s] (1124/5357) hornvale-hearsay::suite amplitude::one_generation_of_gap_is_an_amplitude_of_one
        PASS [   0.014s] (1125/5357) hornvale-hearsay::suite amplitude::a_people_with_no_generation_length_yields_zero_rather_than_infinity
        PASS [   0.014s] (1126/5357) hornvale-hearsay::suite amplitude::the_same_gap_is_fewer_generations_for_a_longer_lived_people
        PASS [   0.011s] (1127/5357) hornvale-hearsay::suite amplitude::the_span_uses_the_tellers_generation_length_not_the_hearers
        PASS [   0.013s] (1128/5357) hornvale-hearsay::suite augmented_walk::a_claim_reaches_a_people_that_no_tree_route_connects
        PASS [   0.020s] (1129/5357) hornvale-hearsay::suite amplitude::the_amplitude_is_unsigned
        PASS [   0.013s] (1130/5357) hornvale-hearsay::suite augmented_walk::refusing_a_step_orphans_the_line_below_it
        PASS [   0.012s] (1131/5357) hornvale-hearsay::suite augmented_walk::the_augmented_walk_terminates_on_a_cycle
        PASS [   0.017s] (1132/5357) hornvale-hearsay::suite augmented_walk::a_contact_carried_claim_arrives_with_the_seams_own_hop_count
        PASS [   0.020s] (1133/5357) hornvale-hearsay::suite augmented_walk::an_account_returns_to_its_own_lineage_by_a_route_no_tree_admits
        PASS [   0.011s] (1134/5357) hornvale-hearsay::suite augmented_walk::the_clock_removes_a_holder_that_died_before_the_event
        PASS [   0.011s] (1135/5357) hornvale-hearsay::suite augmented_walk::the_contact_edge_carries_a_claim_across_a_people_boundary
        PASS [   0.011s] (1136/5357) hornvale-hearsay::suite augmented_walk::the_seam_admits_a_raid_on_the_event_day
        PASS [   0.011s] (1137/5357) hornvale-hearsay::suite augmented_walk::the_seam_refuses_a_raid_that_predates_the_event
        PASS [   0.011s] (1138/5357) hornvale-hearsay::suite clock::a_community_that_ended_before_the_event_is_refused
        PASS [   0.012s] (1139/5357) hornvale-hearsay::suite augmented_walk::the_tree_route_wins_wherever_it_is_open
        PASS [   0.012s] (1140/5357) hornvale-hearsay::suite clock::a_community_that_never_ended_is_always_admitted
        PASS [   0.010s] (1141/5357) hornvale-hearsay::suite clock::ending_on_the_event_day_is_admitted
        PASS [   0.009s] (1142/5357) hornvale-hearsay::suite contact::a_same_people_raid_does_not_count_toward_a_cross_people_pair
        PASS [   0.011s] (1143/5357) hornvale-hearsay::suite contact::a_mutual_same_day_raid_is_one_peer_entry_each_way
        PASS [   0.014s] (1144/5357) hornvale-hearsay::suite contact::a_raid_makes_one_undirected_edge_stamped_with_its_day
        PASS [   0.017s] (1145/5357) hornvale-hearsay::suite contact::a_self_named_attacker_makes_no_edge
        PASS [   0.010s] (1146/5357) hornvale-hearsay::suite contact::an_ending_with_a_non_number_day_makes_no_edge
        PASS [   0.011s] (1147/5357) hornvale-hearsay::suite contact::an_occupation_in_several_raids_carries_several_peers_ascending
        PASS [   0.016s] (1148/5357) hornvale-hearsay::suite contact::an_ending_with_no_named_attacker_makes_no_edge
        PASS [   0.011s] (1149/5357) hornvale-hearsay::suite contact::two_same_day_raids_by_one_attacker_stay_two_peers
        PASS [   0.013s] (1150/5357) hornvale-hearsay::suite contact::the_graph_counts_edges_between_two_peoples
        PASS [   0.011s] (1151/5357) hornvale-hearsay::suite cupel_fine_ladder::cupel_fine_ladder_day_channel_discriminates_when_the_ladder_is_fine_enough
        PASS [   0.013s] (1152/5357) hornvale-hearsay::suite cupel_penalty::cupel_penalty_constant_denominator_moves_a_holders_width
        PASS [   0.010s] (1153/5357) hornvale-hearsay::suite derive::a_chain_of_one_stance_carries_the_day_unchanged
        PASS [   0.013s] (1154/5357) hornvale-hearsay::suite derive::a_child_founded_before_the_ending_was_elsewhere
        PASS [   0.014s] (1155/5357) hornvale-hearsay::suite derive::a_holder_reachable_by_two_paths_keeps_the_least_corrupted_telling
        PASS [   0.010s] (1156/5357) hornvale-hearsay::suite derive::a_non_ending_predicate_has_only_its_subject_as_witness
        PASS [   0.012s] (1157/5357) hornvale-hearsay::suite derive::a_holder_reachable_from_two_witnesses_takes_the_nearer_one
        PASS [   0.011s] (1158/5357) hornvale-hearsay::suite derive::a_survivor_is_a_witness_not_an_inheritor
        PASS [   0.010s] (1159/5357) hornvale-hearsay::suite derive::an_empty_ladder_leaves_every_claim_at_finest
        PASS [   0.010s] (1160/5357) hornvale-hearsay::suite derive::an_unrelated_lineage_holds_nothing_about_it
        PASS [   0.012s] (1161/5357) hornvale-hearsay::suite derive::accumulating_distortion_can_pass_more_than_one_rung
        PASS [   0.011s] (1162/5357) hornvale-hearsay::suite derive::content_is_carried_unchanged
        PASS [   0.011s] (1163/5357) hornvale-hearsay::suite derive::crossing_a_stance_boundary_coarsens_the_day
        PASS [   0.011s] (1164/5357) hornvale-hearsay::suite derive::divergent_witnesses_drops_a_witness_descended_from_another
        PASS [   0.011s] (1165/5357) hornvale-hearsay::suite derive::descendants_inherit_it_taught_with_growing_hops
        PASS [   0.011s] (1166/5357) hornvale-hearsay::suite derive::echo_ratio_is_absent_below_three_holders
        PASS [   0.011s] (1167/5357) hornvale-hearsay::suite derive::echo_ratio_is_witnesses_over_holders
        PASS [   0.010s] (1168/5357) hornvale-hearsay::suite derive::precision_and_object_never_disagree_anywhere
        PASS [   0.011s] (1169/5357) hornvale-hearsay::suite derive::every_rule_preserves_precision_rank_monotonicity_along_a_path
        PASS [   0.011s] (1170/5357) hornvale-hearsay::suite derive::the_attackers_line_holds_it_too
        PASS [   0.010s] (1171/5357) hornvale-hearsay::suite derive::the_subject_of_an_event_witnessed_it
        PASS [   0.011s] (1172/5357) hornvale-hearsay::suite derive::the_ordinary_child_inherits_at_one_hop
        PASS [   0.011s] (1173/5357) hornvale-hearsay::suite derive::the_victim_the_survivors_and_the_attacker_all_witnessed_it
        PASS [   0.013s] (1174/5357) hornvale-hearsay::suite derive::two_unrelated_witnesses_are_both_divergent
        PASS [   0.010s] (1175/5357) hornvale-hearsay::suite derive::witnesses_hold_first_hand_and_are_never_demoted
        PASS [   0.011s] (1176/5357) hornvale-hearsay::suite divergence::a_chain_of_witnesses_has_an_antichain_of_one
        PASS [   0.011s] (1177/5357) hornvale-hearsay::suite divergence::an_empty_witness_set_has_an_empty_antichain
        PASS [   0.011s] (1178/5357) hornvale-hearsay::suite divergence::the_motivating_scenario_returns_the_survivors_not_the_village
        PASS [   0.010s] (1179/5357) hornvale-hearsay::suite durations::a_people_may_carry_a_generation_but_no_lifespan
        PASS [   0.012s] (1180/5357) hornvale-hearsay::suite divergence::witnesses_in_unrelated_lineages_are_all_incomparable
        PASS [   0.011s] (1181/5357) hornvale-hearsay::suite durations::a_people_with_no_entry_reports_neither_duration
        PASS [   0.010s] (1182/5357) hornvale-hearsay::suite durations::inserted_durations_come_back_out
        PASS [   0.011s] (1183/5357) hornvale-hearsay::suite ladder::a_moonless_world_simply_has_no_lunar_rung
        PASS [   0.010s] (1184/5357) hornvale-hearsay::suite ladder::a_people_with_no_life_history_gets_the_astronomical_ladder_only
        PASS [   0.012s] (1185/5357) hornvale-hearsay::suite ladder::an_empty_ladder_loses_no_precision
        PASS [   0.010s] (1186/5357) hornvale-hearsay::suite ladder::an_unknown_people_falls_back_to_the_astronomical_ladder
        PASS [   0.010s] (1187/5357) hornvale-hearsay::suite ladder::both_moons_of_a_two_mooned_world_become_rungs
        PASS [   0.011s] (1188/5357) hornvale-hearsay::suite ladder::re_rounding_an_already_rounded_day_can_exclude_the_event
        PASS [   0.011s] (1189/5357) hornvale-hearsay::suite ladder::rungs_sort_by_actual_span_so_the_order_is_world_derived
        PASS [   0.011s] (1190/5357) hornvale-hearsay::suite ladder::social_rungs_append_above_the_astronomical_ones
        PASS [   0.011s] (1191/5357) hornvale-hearsay::suite ladder::social_rungs_sort_by_span_like_every_other_rung
        PASS [   0.011s] (1192/5357) hornvale-hearsay::suite lineage::a_node_is_not_its_own_ancestor
        PASS [   0.012s] (1193/5357) hornvale-hearsay::suite ladder::two_moons_of_equal_period_contribute_one_rung
        PASS [   0.011s] (1194/5357) hornvale-hearsay::suite lineage::a_number_valued_founding_is_a_root_not_a_parent
        PASS [   0.012s] (1195/5357) hornvale-hearsay::suite lineage::an_entity_valued_founding_is_a_parent
        PASS [   0.013s] (1196/5357) hornvale-hearsay::suite lineage::ancestry_runs_self_first_root_last
        PASS [   0.010s] (1197/5357) hornvale-hearsay::suite lineage::children_of_is_the_one_hop_slice_of_the_descendant_set
        PASS [   0.013s] (1198/5357) hornvale-hearsay::suite lineage::the_children_walk_returns_exactly_what_re_deriving_ancestry_returned
        PASS [   0.015s] (1199/5357) hornvale-hearsay::suite lineage::is_ancestor_agrees_with_walking_the_ancestry
        PASS [   0.012s] (1200/5357) hornvale-hearsay::suite lineage::the_cyclic_shapes_are_not_vacuous
        PASS [   0.012s] (1201/5357) hornvale-hearsay::suite lineage::the_hop_count_carried_out_of_the_walk_matches_the_ancestry_position
        PASS [   0.012s] (1202/5357) hornvale-hearsay::suite lineage::two_roots_stay_two_lineages
        PASS [   0.014s] (1203/5357) hornvale-hearsay::suite palimpsest_readout::a_shorter_generation_retains_a_coarser_rung_in_the_control
        PASS [   0.012s] (1204/5357) hornvale-hearsay::suite palimpsest_readout_units::the_conversion_actually_moves_the_walk_when_a_generation_is_not_one_day
        PASS [   0.013s] (1205/5357) hornvale-hearsay::suite palimpsest_readout::the_control_world_moves_every_quantity_the_readout_reports
        PASS [   0.013s] (1206/5357) hornvale-hearsay::suite palimpsest_readout_units::the_local_walk_matches_the_frozen_one_when_a_generation_is_one_day
        PASS [   0.012s] (1207/5357) hornvale-hearsay::suite parley_readout::the_contact_arm_moves_the_reach_counter_in_the_control
        PASS [   0.014s] (1208/5357) hornvale-hearsay::suite parley_readout::the_clock_moves_the_holder_counter_in_the_control
        PASS [   0.011s] (1209/5357) hornvale-hearsay::suite stance::an_unrelated_community_is_a_bystander
        PASS [   0.014s] (1210/5357) hornvale-hearsay::suite stance::a_retelling_is_lossy_exactly_when_the_two_stances_differ
        PASS [   0.010s] (1211/5357) hornvale-hearsay::suite stance::inherited_perpetration_closes_the_attacker_under_descent
        PASS [   0.012s] (1212/5357) hornvale-hearsay::suite stance::stance_fires_on_an_event_with_no_attacker
        PASS [   0.010s] (1213/5357) hornvale-hearsay::suite stance::the_attacker_is_the_perpetrator
        PASS [   0.013s] (1214/5357) hornvale-hearsay::suite stance::the_attacker_label_still_beats_the_victim_line_label
        PASS [   0.013s] (1215/5357) hornvale-hearsay::suite stance::the_subject_and_its_descendants_are_the_victim_line
        PASS [   0.010s] (1216/5357) hornvale-hearsay::suite transmission::as_shipped_is_exactly_todays_four_arms
        PASS [   0.011s] (1217/5357) hornvale-hearsay::suite transmission::as_shipped_reproduces_the_committed_accumulating_derivation
        PASS [   0.010s] (1218/5357) hornvale-hearsay::touchstone a_crossings_only_difference_still_flags_route_changed
        PASS [   0.010s] (1219/5357) hornvale-hearsay::touchstone a_holder_present_only_in_arm_a_is_tallied_not_dropped
        PASS [   0.012s] (1220/5357) hornvale-hearsay::touchstone a_day_differing_by_one_bit_flags_day_changed_bit_exact
        PASS [   0.016s] (1221/5357) hornvale-hearsay::touchstone a_rung_that_differs_flags_rung_changed_and_nothing_else
        PASS [   0.018s] (1222/5357) hornvale-hearsay::touchstone a_holder_present_only_in_arm_b_is_tallied_not_dropped
        PASS [   0.010s] (1223/5357) hornvale-hearsay::touchstone a_witness_that_differs_flags_route_changed_and_nothing_else
        PASS [   0.011s] (1224/5357) hornvale-hearsay::touchstone an_identical_holder_on_both_arms_has_every_flag_false
        PASS [  14.915s] (1225/5357) hornvale-book tests::initiate_edition_supersets_the_committed_artifact
        PASS [   0.010s] (1226/5357) hornvale-hearsay::touchstone an_unlabelled_holder_or_subject_buckets_under_the_empty_people
        PASS [   0.012s] (1227/5357) hornvale-hearsay::touchstone changed_tail_is_zero_over_an_empty_denominator
        PASS [   0.011s] (1228/5357) hornvale-hearsay::touchstone hops_that_differ_flag_hops_changed_and_nothing_else
        PASS [   0.023s] (1229/5357) hornvale-hearsay::touchstone changed_tail_is_the_movers_ratio
        PASS [   0.013s] (1230/5357) hornvale-hearsay::touchstone merge_join_aligns_by_holder_across_a_gap_on_either_side
        PASS [   0.010s] (1231/5357) hornvale-hearsay::touchstone mutation::any_changed_assignment_exists_in_source
        PASS [   0.009s] (1232/5357) hornvale-hearsay::touchstone mutation::day_changed_fires_only_when_the_remembered_day_actually_moves
        PASS [   0.012s] (1233/5357) hornvale-hearsay::touchstone mutation::day_changed_assignment_exists_in_source
        PASS [   0.016s] (1234/5357) hornvale-hearsay::touchstone mutation::any_changed_is_false_when_all_five_flags_are_false_and_true_when_one_is
        PASS [   0.010s] (1235/5357) hornvale-hearsay::touchstone mutation::route_changed_assignment_exists_in_source
        PASS [   0.014s] (1236/5357) hornvale-hearsay::touchstone mutation::hops_changed_assignment_exists_in_source
        PASS [   0.015s] (1237/5357) hornvale-hearsay::touchstone mutation::hops_changed_fires_only_when_hops_actually_moves
        PASS [  41.946s] (1238/5357) hornvale::suite repertory_corpus::a_beat_whose_assertion_does_not_hold_names_that_beat
        PASS [   0.011s] (1239/5357) hornvale-hearsay::touchstone mutation::route_changed_fires_only_when_witness_or_crossings_actually_move
        PASS [   0.013s] (1240/5357) hornvale-hearsay::touchstone mutation::rung_changed_assignment_exists_in_source
        PASS [   0.016s] (1241/5357) hornvale-hearsay::touchstone mutation::rung_changed_fires_only_when_precision_actually_moves
        PASS [   0.010s] (1242/5357) hornvale-hearsay::touchstone mutation::width_changed_assignment_exists_in_source
        PASS [   0.010s] (1243/5357) hornvale-hearsay::touchstone mutation::width_changed_fires_only_when_width_actually_moves
        PASS [   0.011s] (1244/5357) hornvale-hearsay::touchstone nan_days_on_both_sides_are_not_conflated_by_bit_exact_comparison
        PASS [   0.011s] (1245/5357) hornvale-hearsay::touchstone tail_by_people_pair_buckets_a_one_sided_holder_by_its_own_people
        PASS [   0.009s] (1246/5357) hornvale-hearsay::touchstone width_that_differs_by_one_bit_flags_width_changed_bit_exact
        PASS [   0.012s] (1247/5357) hornvale-hearsay::touchstone tail_by_people_pair_buckets_by_holder_and_subject_people
        PASS [   0.011s] (1248/5357) hornvale-hearsay::touchstone_controls_probe touchstone_controls_probe_negative_theorem
        PASS [   0.010s] (1249/5357) hornvale-hearsay::traced_walk the_descent_seam_tie_break_favors_descent
        PASS [   0.011s] (1250/5357) hornvale-hearsay::undertow_readout h2s_population_is_reached_in_the_control
        PASS [   0.012s] (1251/5357) hornvale-hearsay::traced_walk the_route_field_is_load_bearing
        PASS [   0.011s] (1252/5357) hornvale-hearsay::undertow_readout the_crossing_arm_moves_the_change_counter_in_the_control
        PASS [   0.010s] (1253/5357) hornvale-historiography tests::recount_is_deterministic
        PASS [   0.012s] (1254/5357) hornvale-hearsay::undertow_readout the_zero_edge_bucket_is_reachable_by_the_accounting
        PASS [   0.011s] (1255/5357) hornvale-historiography tests::recount_is_none_for_an_unknown_entity
        PASS [   0.011s] (1256/5357) hornvale-historiography tests::recount_names_the_day_a_dated_fact_was_asserted
        PASS [   0.010s] (1257/5357) hornvale-historiography tests::recount_omits_the_day_when_a_fact_carries_none
        PASS [   0.010s] (1258/5357) hornvale-historiography tests::recount_replays_facts_with_docs_and_provenance
        PASS [   0.012s] (1259/5357) hornvale-history tests::concepts_register_without_conflict
        PASS [   0.011s] (1260/5357) hornvale-history tests::stream_labels_declare_the_root
        PASS [   0.009s] (1261/5357) hornvale-history::suite descent::a_gap_of_one_generation_is_one_remove
        PASS [   0.010s] (1262/5357) hornvale-history::suite descent::a_gap_shorter_than_half_a_generation_is_the_same_generation
        PASS [   0.012s] (1263/5357) hornvale-history::suite descent::a_negative_gap_yields_zero_rather_than_underflowing_the_u32
        PASS [   0.010s] (1264/5357) hornvale-history::suite descent::a_nonpositive_generation_length_yields_zero_rather_than_infinity
        PASS [   0.011s] (1265/5357) hornvale-history::suite descent::ancestor_is_deterministic_and_walks_away_from_its_start
        PASS [   0.010s] (1266/5357) hornvale-history::suite descent::ancestor_of_zero_steps_is_the_figure_themself
        PASS [   0.015s] (1267/5357) hornvale-history::suite descent::kinship_reports_sibling_at_zero_and_ancestor_above
        PASS [   0.013s] (1268/5357) hornvale-history::suite descent::the_deepest_measured_chain_walks_without_collision
        PASS [   0.011s] (1269/5357) hornvale-history::suite descent::the_measured_maximum_gap_stays_bounded
        PASS [   0.021s] (1270/5357) hornvale-history::suite descent::the_all_zero_seed_and_handle_still_walk_to_distinct_ancestors
        PASS [   0.010s] (1271/5357) hornvale-history::suite flesh::a_conquerors_abandoned_seat_is_not_a_climate_abandonment
        PASS [   0.013s] (1272/5357) hornvale-history::suite descent::the_measured_median_gap_resolves_to_the_measured_median_remove
        PASS [   0.011s] (1273/5357) hornvale-history::suite flesh::a_conquerors_seat_keeps_every_other_causes_residue_untouched
        PASS [   0.014s] (1274/5357) hornvale-history::suite flesh::a_founder_handle_ignores_entity_ids_and_notices_semantics
        PASS [   0.009s] (1275/5357) hornvale-history::suite flesh::a_young_migrated_goblin_hamlet_leaves_a_doll
        PASS [   0.012s] (1276/5357) hornvale-history::suite flesh::a_regional_seat_leaves_a_reliquary_even_when_old
        PASS [   0.013s] (1277/5357) hornvale-history::suite flesh::a_recently_burned_goblin_hamlet_leaves_a_doll
        PASS [   0.011s] (1278/5357) hornvale-history::suite flesh::an_ancient_migrated_hamlet_leaves_durable_traces_but_no_doll
        PASS [   0.012s] (1279/5357) hornvale-history::suite flesh::flesh_is_deterministic
        PASS [   0.012s] (1280/5357) hornvale-history::suite flesh::ancestry_discriminates_two_otherwise_identical_foundings
        PASS [   0.016s] (1281/5357) hornvale-history::suite flesh::structures_are_deterministic_and_gated_by_function
        PASS [   0.009s] (1282/5357) hornvale-history::suite flesh::the_span_is_in_the_key_because_ancestry_alone_cannot_separate_a_failed_founding
        PASS [   0.014s] (1283/5357) hornvale-history::suite flesh::the_handle_builds_on_the_founding_key_and_never_on_a_referent_id
        PASS [   0.011s] (1284/5357) hornvale-history::suite record::founding_key_ignores_everything_after_the_founding
        PASS [   0.011s] (1285/5357) hornvale-history::suite record::founding_key_separates_on_the_founding_and_on_the_parent
        PASS [   0.009s] (1286/5357) hornvale-history::suite record::material_key_is_a_total_function_of_the_core
        PASS [   0.009s] (1287/5357) hornvale-history::suite record::material_key_separates_cores_that_differ_in_any_field
        PASS [   0.010s] (1288/5357) hornvale-history::suite record::tech_horizon_is_ordinal
        PASS [   0.011s] (1289/5357) hornvale-history::suite record::the_core_carries_the_shared_facts_and_the_record_carries_identity
        PASS [   0.013s] (1290/5357) hornvale-history::suite record::tenure_and_liveness_read_off_the_span
        PASS [   0.012s] (1291/5357) hornvale-kernel astar::tests::astar_is_a_thin_delegator_to_astar_solver
        PASS [   0.012s] (1292/5357) hornvale-kernel astar::tests::a_nonzero_admissible_heuristic_still_finds_the_optimum
        PASS [   0.012s] (1293/5357) hornvale-kernel astar::tests::equal_cost_paths_break_ties_deterministically
        PASS [   0.013s] (1294/5357) hornvale-kernel astar::tests::budget_bounds_the_search
        PASS [   0.013s] (1295/5357) hornvale-kernel astar::tests::field_solver_matches_astar_solver_on_the_least_cost_path
        PASS [   0.013s] (1296/5357) hornvale-kernel astar::tests::field_solver_matches_astar_solver_on_the_tie_break_keystone
        PASS [   0.010s] (1297/5357) hornvale-kernel astar::tests::field_solver_matches_astar_solver_when_start_is_goal
        PASS [   0.015s] (1298/5357) hornvale-kernel astar::tests::field_solver_matches_astar_solver_under_a_tight_budget
        PASS [   0.011s] (1299/5357) hornvale-kernel astar::tests::field_solver_matches_astar_solver_with_nonzero_admissible_heuristic
        PASS [   0.015s] (1300/5357) hornvale-kernel astar::tests::field_solver_matches_astar_solver_when_unreachable
        PASS [   0.015s] (1301/5357) hornvale-kernel astar::tests::finds_the_least_cost_path
        PASS [   0.010s] (1302/5357) hornvale-kernel astar::tests::unreachable_goal_is_none
        PASS [   0.013s] (1303/5357) hornvale-kernel astar::tests::start_is_goal_is_empty_plan
        PASS [   0.011s] (1304/5357) hornvale-kernel band::tests::deeper_and_shallower_are_inverses_over_the_whole_ladder
        PASS [   0.011s] (1305/5357) hornvale-kernel band::tests::rank_rises_with_depth
        PASS [   0.010s] (1306/5357) hornvale-kernel band::tests::the_ladder_is_ordered_surface_first_and_habitation_excludes_it
        PASS [   0.013s] (1307/5357) hornvale-kernel band::tests::rank_and_from_rank_round_trip_over_habitation_only
        PASS [   0.011s] (1308/5357) hornvale-kernel cave::tests::legend_and_name_agree
        PASS [   0.010s] (1309/5357) hornvale-kernel claim::tests::a_lossy_retelling_takes_the_coarsened_value_it_is_given
        PASS [   0.011s] (1310/5357) hornvale-kernel claim::tests::a_frictionless_retelling_never_sharpens_a_coarsened_claim
        PASS [   0.011s] (1311/5357) hornvale-kernel claim::tests::a_frictionless_retelling_carries_content_and_precision_unchanged
        PASS [   0.013s] (1312/5357) hornvale-kernel claim::tests::hops_and_grade_advance_identically_on_both_paths
        PASS [   0.010s] (1313/5357) hornvale-kernel claim::tests::inheriting_a_claim_downgrades_its_grade
        PASS [   0.013s] (1314/5357) hornvale-kernel claim::tests::inheriting_a_claim_moves_the_holder_and_nothing_else
        PASS [   0.013s] (1315/5357) hornvale-kernel claim::tests::inheriting_a_claim_increments_hops
        PASS [   0.010s] (1316/5357) hornvale-kernel color::tests::a_blackbody_is_peak_normalized_and_positive
        PASS [   0.014s] (1317/5357) hornvale-kernel claim::tests::retold_by_agrees_with_inherited_by
        PASS [   0.011s] (1318/5357) hornvale-kernel color::tests::a_brighter_surface_produces_a_larger_signal_in_every_channel
        PASS [   0.013s] (1319/5357) hornvale-kernel color::tests::a_four_channel_synthetic_observer_still_has_no_srgb_image
        PASS [   0.010s] (1320/5357) hornvale-kernel color::tests::a_mixture_normalizes_its_weights
        PASS [   0.011s] (1321/5357) hornvale-kernel color::tests::a_mixture_keeps_its_components_reachable
        PASS [   0.012s] (1322/5357) hornvale-kernel color::tests::a_mixture_rejects_mismatched_lengths
        PASS [   0.010s] (1323/5357) hornvale-kernel color::tests::a_mixture_rejects_zero_total_weight
        PASS [   0.011s] (1324/5357) hornvale-kernel color::tests::a_projection_may_not_index_past_the_channel_set
        PASS [   0.011s] (1325/5357) hornvale-kernel color::tests::a_projection_may_not_name_an_achromatic_channel
        PASS [   0.010s] (1326/5357) hornvale-kernel color::tests::a_reflectance_rejects_a_negative_band
        PASS [   0.011s] (1327/5357) hornvale-kernel color::tests::a_reflectance_rejects_a_band_above_one
        PASS [   0.010s] (1328/5357) hornvale-kernel color::tests::a_spectrum_rejects_a_non_finite_band
        PASS [   0.011s] (1329/5357) hornvale-kernel color::tests::a_white_surface_under_flat_light_projects_near_white
        PASS [   0.010s] (1330/5357) hornvale-kernel color::tests::an_observer_rejects_an_empty_channel_set
        PASS [   0.011s] (1331/5357) hornvale-kernel color::tests::an_observer_needs_a_role_per_channel_and_one_chromatic_channel
        PASS [   0.011s] (1332/5357) hornvale-kernel color::tests::area_mixing_is_the_weighted_arithmetic_mean
        PASS [   0.012s] (1333/5357) hornvale-kernel color::tests::area_mixing_does_not_fuse_its_multiply_and_add
        PASS [   0.010s] (1334/5357) hornvale-kernel color::tests::area_mixing_lands_between_its_components_in_every_band
        PASS [   0.017s] (1335/5357) hornvale-kernel color::tests::chromaticity_ignores_the_achromatic_channel
        PASS [   0.010s] (1336/5357) hornvale-kernel color::tests::mixing_never_exceeds_unit_reflectance
        PASS [   0.013s] (1337/5357) hornvale-kernel color::tests::h3_the_scotopic_term_is_exactly_zero_in_daylight
        PASS [   0.012s] (1338/5357) hornvale-kernel color::tests::h4_a_rod_dominant_eye_sees_where_a_human_does_not
        PASS [   0.012s] (1339/5357) hornvale-kernel color::tests::naming_works_at_a_channel_count_above_the_standard
        PASS [   0.012s] (1340/5357) hornvale-kernel color::tests::naming_works_at_a_channel_count_below_the_standard
        PASS [   0.012s] (1341/5357) hornvale-kernel color::tests::sensing_is_bit_identical_across_repeated_calls
        PASS [   0.015s] (1342/5357) hornvale-kernel color::tests::signal_distance_is_zero_for_identical_signals_and_positive_otherwise
        PASS [   0.011s] (1343/5357) hornvale-kernel color::tests::standard_observer_channels_sum_to_the_declared_norms
        PASS [   0.010s] (1344/5357) hornvale-kernel color::tests::the_band_grid_is_ten_uniform_forty_nanometre_bands
        PASS [   0.010s] (1345/5357) hornvale-kernel color::tests::the_band_quadrature_is_exact_for_a_cubic
        PASS [   0.010s] (1346/5357) hornvale-kernel color::tests::the_standard_observer_has_four_channels
        PASS [   0.014s] (1347/5357) hornvale-kernel color::tests::the_rod_can_never_shift_a_hue
        PASS [   0.012s] (1348/5357) hornvale-kernel color::tests::the_scotopic_term_never_touches_a_pixel_the_cones_could_reach
        PASS [   0.023s] (1349/5357) hornvale-kernel color::tests::the_node_count_is_converged_down_to_a_dull_red_glow
        PASS [   0.010s] (1350/5357) hornvale-kernel color::tests::the_standard_observers_bytes_have_not_moved
        PASS [   0.012s] (1351/5357) hornvale-kernel component::tests::stores_and_retrieves_by_key_in_ascending_order
        PASS [   0.014s] (1352/5357) hornvale-kernel color::tests::the_standard_observer_projects_to_srgb_but_a_synthetic_one_does_not
        PASS [   0.010s] (1353/5357) hornvale-kernel domain::tests::default_stream_labels_is_empty
        PASS [   0.011s] (1354/5357) hornvale-kernel cube::tests::locate_inverts_face_unit_on_every_face
        PASS [   0.014s] (1355/5357) hornvale-kernel domain::tests::is_object_safe
        PASS [   0.011s] (1356/5357) hornvale-kernel ecology::tests::a_suitability_map_accepts_the_unit_interval_and_rejects_outside_it
        PASS [   0.011s] (1357/5357) hornvale-kernel ecology::tests::a_capacity_map_accepts_any_non_negative_magnitude_and_rejects_negatives
        PASS [   0.013s] (1358/5357) hornvale-kernel ecology::tests::a_suitability_never_raises_a_capacity
        PASS [   0.038s] (1359/5357) hornvale-kernel cube::tests::adjacent_cell_distortion_falls_as_one_over_n
        PASS [   0.010s] (1360/5357) hornvale-kernel ecology::tests::a_trailing_zero_weight_axis_does_not_perturb_a_terrestrial_niche
        PASS [   0.011s] (1361/5357) hornvale-kernel ecology::tests::chemosynthate_takes_the_next_free_id_and_is_ambient
        PASS [   0.012s] (1362/5357) hornvale-kernel ecology::tests::condition_response_floors_and_peaks
        PASS [   0.010s] (1363/5357) hornvale-kernel ecology::tests::modulating_a_capacity_by_a_suitability_yields_a_capacity
        PASS [   0.016s] (1364/5357) hornvale-kernel ecology::tests::overlap_is_symmetric_unit_diagonal_and_disjoint_zero
        PASS [   0.016s] (1365/5357) hornvale-kernel ecology::tests::rejects_negative_weight
        PASS [   0.010s] (1366/5357) hornvale-kernel ecology::tests::the_basis_ids_are_append_only
        PASS [  13.452s] (1367/5357) hornvale-book tests::instance_of_collective_renders_the_autonym_are_species
        PASS [   0.014s] (1368/5357) hornvale-kernel ecology::tests::sovereignty_floor_constrains_the_tiny_and_frees_the_mighty
        PASS [   0.010s] (1369/5357) hornvale-kernel ecology::tests::the_environment_basis_ids_are_append_only
        PASS [   0.009s] (1370/5357) hornvale-kernel ecology::tests::zero_vector_is_legal_and_overlaps_nothing
        PASS [   0.014s] (1371/5357) hornvale-kernel fact_index::tests::interner_round_trips
        PASS [   0.009s] (1372/5357) hornvale-kernel field::tests::a_difference_of_two_instants_is_a_signed_span
        PASS [   0.012s] (1373/5357) hornvale-kernel fact_index::tests::objkey_orders_numbers_by_total_cmp_and_ranks_variants
        PASS [   0.011s] (1374/5357) hornvale-kernel field::tests::a_tick_count_round_trips_through_from_ticks_and_ticks
        PASS [   0.014s] (1375/5357) hornvale-kernel field::tests::a_tick_count_round_trips_exactly_where_an_f64_day_could_not
        PASS [   0.009s] (1376/5357) hornvale-kernel field::tests::a_world_time_cannot_be_built_from_days_beyond_the_tick_range
        PASS [   0.009s] (1377/5357) hornvale-kernel field::tests::a_world_time_cannot_be_built_from_a_non_finite_number_of_days
        PASS [   0.012s] (1378/5357) hornvale-kernel field::tests::a_world_time_may_be_negative_because_a_day_is_a_point_not_a_duration
        PASS [   0.012s] (1379/5357) hornvale-kernel field::tests::adding_a_span_panics_rather_than_wrapping_at_the_i64_boundary
        PASS [   0.010s] (1380/5357) hornvale-kernel field::tests::constant_field_returns_its_value_everywhere
        PASS [   0.010s] (1381/5357) hornvale-kernel field::tests::constant_field_works_for_non_numeric_types
        PASS [   0.011s] (1382/5357) hornvale-kernel field::tests::noise_field_is_deterministic_and_bounded
        PASS [   0.011s] (1383/5357) hornvale-kernel field::tests::noise_field_scale_stretches_space
        PASS [   0.010s] (1384/5357) hornvale-kernel field::tests::position_and_time_serialize_roundtrip
        PASS [   0.011s] (1385/5357) hornvale-kernel field::tests::the_tick_range_check_rejects_exactly_two_to_the_sixty_three
        PASS [   0.012s] (1386/5357) hornvale-kernel field::tests::subtracting_instants_panics_rather_than_wrapping_at_the_i64_boundary
        PASS [   0.013s] (1387/5357) hornvale-kernel field::tests::whole_days_and_tick_of_day_agree_with_ticks_for_a_negative_off_boundary_day
        PASS [   0.012s] (1388/5357) hornvale-kernel field::tests::world_time_is_ordered_and_equatable_so_it_can_key_a_map
        PASS [   0.018s] (1389/5357) hornvale-kernel field::tests::whole_days_and_tick_of_day_floor_rather_than_truncate
        PASS [   0.013s] (1390/5357) hornvale-kernel field::tests::world_time_serializes_as_a_bare_scalar_not_an_object
        PASS [   0.018s] (1391/5357) hornvale-kernel genesis::tests::display_spellings_are_preserved
        PASS [   0.011s] (1392/5357) hornvale-kernel geosphere::tests::adjacency_is_mutual_and_has_the_right_valence
        PASS [   0.012s] (1393/5357) hornvale-kernel geosphere::tests::base_icosahedron_has_twelve_unit_vertices
        PASS [   0.011s] (1394/5357) hornvale-kernel geosphere::tests::coordinates_are_in_range_and_convert_correctly
        PASS [   0.028s] (1395/5357) hornvale-kernel geosphere::tests::coord_cache_bit_equals_recomputation_at_every_vertex
        PASS [   0.019s] (1396/5357) hornvale-kernel geosphere::tests::geosphere_is_deterministic
        PASS [   0.024s] (1397/5357) hornvale-kernel geosphere::tests::hops_between_is_bounded_bfs
        PASS [   0.015s] (1398/5357) hornvale-kernel geosphere::tests::nearest_vertex_index_agrees_with_brute_force
        PASS [   0.051s] (1399/5357) hornvale-kernel geosphere::tests::coordinate_conversion_matches_known_directions
        PASS [   0.013s] (1400/5357) hornvale-kernel geosphere::tests::subdivided_vertices_are_all_unit_length
        PASS [   0.011s] (1401/5357) hornvale-kernel geosphere::tests::vertexmap_covers_every_vertex_and_indexes_by_id
        PASS [   0.015s] (1402/5357) hornvale-kernel geosphere::tests::subdivision_yields_the_icosphere_vertex_counts
        PASS [   0.012s] (1403/5357) hornvale-kernel horizon::tests::the_ladder_is_ordered_shallow_first
        PASS [   0.011s] (1404/5357) hornvale-kernel ledger::tests::a_different_parent_or_role_moves_the_path_hash
        PASS [   0.011s] (1405/5357) hornvale-kernel ledger::tests::a_facts_day_is_typed_and_round_trips_as_a_bare_integer_tick_count
        PASS [   0.014s] (1406/5357) hornvale-kernel ledger::tests::a_root_needs_no_parent_and_no_world_seed
        PASS [   0.012s] (1407/5357) hornvale-kernel ledger::tests::an_id_is_a_function_of_lineage_not_of_call_order
        PASS [   0.010s] (1408/5357) hornvale-kernel ledger::tests::an_inserted_mint_does_not_move_an_unrelated_id
        PASS [   0.010s] (1409/5357) hornvale-kernel ledger::tests::committed_numbers_are_quantized_but_days_are_exact
        PASS [   0.010s] (1410/5357) hornvale-kernel ledger::tests::entity_id_zero_is_unrepresentable
        PASS [   0.018s] (1411/5357) hornvale-kernel ledger::tests::commit_and_query_roundtrip
        PASS [   0.013s] (1412/5357) hornvale-kernel ledger::tests::facts_about_yields_commit_order_not_index_key_order
        PASS [   0.017s] (1413/5357) hornvale-kernel ledger::tests::facts_of_agrees_before_the_index_exists
        PASS [   0.013s] (1414/5357) hornvale-kernel ledger::tests::facts_of_equals_scan_in_commit_order
        PASS [   0.012s] (1415/5357) hornvale-kernel ledger::tests::finite_numbers_still_commit
        PASS [   0.010s] (1416/5357) hornvale-kernel ledger::tests::functional_contradiction_is_rejected
        PASS [   0.014s] (1417/5357) hornvale-kernel ledger::tests::functional_contradiction_is_rejected_for_an_entity_object
        PASS [   0.010s] (1418/5357) hornvale-kernel ledger::tests::identical_recommit_is_idempotent
        PASS [   0.013s] (1419/5357) hornvale-kernel ledger::tests::index_backed_commit_matches_naive_semantics
        PASS [   0.010s] (1420/5357) hornvale-kernel ledger::tests::index_equals_scan_handles_signed_zero_numbers
        PASS [   0.010s] (1421/5357) hornvale-kernel ledger::tests::index_is_absent_until_first_use_then_complete
        PASS [   0.028s] (1422/5357) hornvale-kernel ledger::tests::index_equals_scan_object
        PASS [   0.028s] (1423/5357) hornvale-kernel ledger::tests::index_equals_scan_subject_and_predicate
        PASS [   0.016s] (1424/5357) hornvale-kernel ledger::tests::iter_yields_facts_in_commit_order
        PASS [   0.013s] (1425/5357) hornvale-kernel ledger::tests::kind_change_is_a_fact_and_kind_of_is_latest_wins
        PASS [   0.010s] (1426/5357) hornvale-kernel ledger::tests::kind_id_orders_by_label
        PASS [   0.011s] (1427/5357) hornvale-kernel ledger::tests::kind_of_survives_serialization_roundtrip
        PASS [   0.011s] (1428/5357) hornvale-kernel ledger::tests::latest_value_of_returns_the_last_committed_value
        PASS [   0.010s] (1429/5357) hornvale-kernel ledger::tests::ledger_serializes_roundtrip_including_minting_state
        PASS [   0.009s] (1430/5357) hornvale-kernel ledger::tests::mint_instance_commits_an_instance_of_fact
        PASS [   0.012s] (1431/5357) hornvale-kernel ledger::tests::mint_entity_yields_distinct_ids
        PASS [   0.026s] (1432/5357) hornvale-kernel ledger::tests::latest_value_of_equals_the_last_matching_fact_in_a_scan
        PASS [   0.011s] (1433/5357) hornvale-kernel ledger::tests::minting_the_same_lineage_twice_is_a_hard_error
        PASS [   0.010s] (1434/5357) hornvale-kernel ledger::tests::non_functional_predicate_allows_multiple_objects
        PASS [   0.011s] (1435/5357) hornvale-kernel ledger::tests::non_finite_number_object_is_rejected
        PASS [   0.010s] (1436/5357) hornvale-kernel ledger::tests::option_entity_id_is_niche_packed
        PASS [   0.010s] (1437/5357) hornvale-kernel ledger::tests::query_by_object_finds_committed_facts
        PASS [   0.011s] (1438/5357) hornvale-kernel ledger::tests::re_deriving_one_lineage_finds_the_same_entity_instead_of_minting_a_second
        PASS [   0.010s] (1439/5357) hornvale-kernel ledger::tests::symbol_is_four_bytes
        PASS [   0.009s] (1440/5357) hornvale-kernel ledger::tests::text_of_returns_text_values_only
        PASS [   0.012s] (1441/5357) hornvale-kernel ledger::tests::siblings_differ_only_in_the_low_sixteen_bits
        PASS [  13.095s] (1442/5357) hornvale-book tests::planet_sentence_aggregates_moons_star_and_day_length
        PASS [   0.011s] (1443/5357) hornvale-kernel ledger::tests::the_accession_count_still_counts
        PASS [   0.011s] (1444/5357) hornvale-kernel ledger::tests::unknown_predicate_is_rejected
        PASS [   0.015s] (1445/5357) hornvale-kernel manifest::tests::cognition_can_void_uncognized_with_pending_wave
        PASS [   0.011s] (1446/5357) hornvale-kernel manifest::tests::fully_present_manifest_exposes_each_edge
        PASS [   0.010s] (1447/5357) hornvale-kernel manifest::tests::lexeme_expected_is_a_declaration_not_a_word
        PASS [   0.013s] (1448/5357) hornvale-kernel manifest::tests::lexeme_can_void_unnamed
        PASS [   0.010s] (1449/5357) hornvale-kernel math::tests::exact_anchor_values
        PASS [   0.011s] (1450/5357) hornvale-kernel manifest::tests::percept_can_void_imperceptible
        PASS [   0.012s] (1451/5357) hornvale-kernel math::tests::smoke_close_to_std
        PASS [   0.013s] (1452/5357) hornvale-kernel noise::tests::fbm_with_one_octave_matches_value_noise
        PASS [   0.015s] (1453/5357) hornvale-kernel noise::tests::fbm_is_deterministic_and_bounded
        PASS [   0.014s] (1454/5357) hornvale-kernel noise::tests::precomputed_fbm_is_bit_identical_to_the_free_function
        PASS [   0.010s] (1455/5357) hornvale-kernel noise::tests::value_noise_differs_by_seed
        PASS [   0.012s] (1456/5357) hornvale-kernel noise::tests::value_noise_is_deterministic
        PASS [   0.012s] (1457/5357) hornvale-kernel noise::tests::value_noise_is_locally_coherent
        PASS [   0.014s] (1458/5357) hornvale-kernel noise::tests::value_noise_is_in_unit_interval
        PASS [   0.013s] (1459/5357) hornvale-kernel phenomena::tests::a_lens_reweights_by_venue_and_reranks
        PASS [   0.010s] (1460/5357) hornvale-kernel phenomena::tests::a_phenomenon_carries_no_text
        PASS [   0.010s] (1461/5357) hornvale-kernel phenomena::tests::a_referent_names_a_concept_and_its_qualifiers
        PASS [   0.014s] (1462/5357) hornvale-kernel phenomena::tests::a_referent_round_trips_through_json
        PASS [   0.010s] (1463/5357) hornvale-kernel phenomena::tests::a_weighted_lens_culls_below_the_floor
        PASS [   0.013s] (1464/5357) hornvale-kernel phenomena::tests::at_is_position_blind_and_at_position_carries_a_coord
        PASS [   0.011s] (1465/5357) hornvale-kernel phenomena::tests::composing_with_identity_is_a_no_op
        PASS [   0.011s] (1466/5357) hornvale-kernel phenomena::tests::identity_lens_is_a_byte_level_no_op
        PASS [   0.011s] (1467/5357) hornvale-kernel phenomena::tests::lens_ties_break_by_kind_then_referent
        PASS [   0.010s] (1468/5357) hornvale-kernel phenomena::tests::lenses_compose_component_wise
        PASS [   0.011s] (1469/5357) hornvale-kernel phenomena::tests::observe_aggregates_all_sources
        PASS [   0.011s] (1470/5357) hornvale-kernel phenomena::tests::observe_ignores_observer_position
        PASS [   0.011s] (1471/5357) hornvale-kernel phenomena::tests::observe_breaks_salience_ties_deterministically
        PASS [   0.011s] (1472/5357) hornvale-kernel phenomena::tests::observe_sorts_by_salience_descending
        PASS [   0.014s] (1473/5357) hornvale-kernel phenomena::tests::observe_with_no_sources_is_empty
        PASS [   0.010s] (1474/5357) hornvale-kernel phenomena::tests::sentiment_of_ambient_venue_is_ambient_regardless_of_period
        PASS [   0.010s] (1475/5357) hornvale-kernel phenomena::tests::sentiment_of_aperiodic_sky_venue_is_eternal
        PASS [   0.010s] (1476/5357) hornvale-kernel phenomena::tests::sentiment_of_periodic_sky_venue_is_cyclic
        PASS [   0.010s] (1477/5357) hornvale-kernel phenomena::tests::the_identity_lens_still_drops_nothing
        PASS [   0.013s] (1478/5357) hornvale-kernel png::tests::adler32_matches_the_known_vector
        PASS [   0.014s] (1479/5357) hornvale-kernel phenomena::tests::visibility_rejects_values_outside_the_unit_interval
        PASS [   0.015s] (1480/5357) hornvale-kernel png::tests::crc32_matches_the_standard_check_value
        PASS [   0.012s] (1481/5357) hornvale-kernel png::tests::exact_block_multiple_ends_on_a_full_final_block
        PASS [   0.017s] (1482/5357) hornvale-kernel png::tests::encode_is_byte_deterministic
        PASS [   0.018s] (1483/5357) hornvale-kernel png::tests::signature_and_ihdr_are_well_formed
        PASS [   0.012s] (1484/5357) hornvale-kernel png::tests::wrong_buffer_length_panics
        PASS [   0.014s] (1485/5357) hornvale-kernel polyline::tests::a_degenerate_segment_borrows_its_side_instead_of_defaulting_left
        PASS [   0.024s] (1486/5357) hornvale-kernel png::tests::stored_blocks_reassemble_to_the_scanlines
        PASS [   0.011s] (1487/5357) hornvale-kernel polyline::tests::band_indexes_ascending_edges
        PASS [   0.013s] (1488/5357) hornvale-kernel polyline::tests::beyond_an_endpoint_distance_is_to_the_endpoint
        PASS [   0.013s] (1489/5357) hornvale-kernel polyline::tests::distance_is_to_the_nearest_segment
        PASS [   0.015s] (1490/5357) hornvale-kernel polyline::tests::opposite_sides_have_opposite_signs_and_equal_magnitude
        PASS [   0.012s] (1491/5357) hornvale-kernel precision::tests::coarsening_saturates_rather_than_wrapping
        PASS [   0.029s] (1492/5357) hornvale-kernel polyline::tests::a_point_on_the_polyline_is_at_distance_zero
        PASS [   0.010s] (1493/5357) hornvale-kernel precision::tests::precision_rank_only_ever_rises
        PASS [   0.011s] (1494/5357) hornvale-kernel provenance::tests::no_grade_ever_transmits_up_to_witnessed
        PASS [   0.010s] (1495/5357) hornvale-kernel provenance::tests::retelling_an_inference_stays_inferred
        PASS [   0.011s] (1496/5357) hornvale-kernel provenance::tests::witnessing_downgrades_to_taught_when_retold
        PASS [   0.011s] (1497/5357) hornvale-kernel quantize::tests::non_finite_and_zero_pass_through
        PASS [   0.023s] (1498/5357) hornvale-kernel provenance::tests::retelling_a_taught_claim_stays_taught
        PASS [   0.027s] (1499/5357) hornvale-kernel precision::tests::the_finest_rung_is_zero_and_orders_below_every_other
        PASS [   0.011s] (1500/5357) hornvale-kernel quantize::tests::retains_eight_significant_digits_across_magnitudes
        PASS [   0.014s] (1501/5357) hornvale-kernel quantize::tests::one_ulp_neighbors_collapse_to_the_same_value
        PASS [   0.014s] (1502/5357) hornvale-kernel quantize::tests::quantize_is_idempotent
        PASS [   0.010s] (1503/5357) hornvale-kernel refine::tests::choice_varies_with_seed
        PASS [   0.020s] (1504/5357) hornvale-kernel refine::tests::choice_is_deterministic
        PASS [   0.014s] (1505/5357) hornvale-kernel refine::tests::empty_candidates_yield_none
        PASS [   0.011s] (1506/5357) hornvale-kernel refine::tests::returns_none_when_nothing_survives
        PASS [   0.013s] (1507/5357) hornvale-kernel registry::tests::concept_registry_serializes_roundtrip
        PASS [   0.024s] (1508/5357) hornvale-kernel refine::tests::contradicting_candidates_are_skipped
        PASS [   0.012s] (1509/5357) hornvale-kernel registry::tests::concepts_iterate_in_name_order
        PASS [   0.012s] (1510/5357) hornvale-kernel registry::tests::conflicting_reregistration_is_an_error
        PASS [   0.015s] (1511/5357) hornvale-kernel registry::tests::conflicting_concept_reregistration_is_an_error
        PASS [   0.010s] (1512/5357) hornvale-kernel registry::tests::identical_reregistration_is_idempotent
        PASS [   0.013s] (1513/5357) hornvale-kernel registry::tests::identical_concept_reregistration_is_idempotent
        PASS [   0.010s] (1514/5357) hornvale-kernel registry::tests::phenomenon_kinds_register_and_conflict_like_predicates
        PASS [   0.013s] (1515/5357) hornvale-kernel registry::tests::manifests_iterate_in_name_order
        PASS [   0.012s] (1516/5357) hornvale-kernel registry::tests::phenomenon_kinds_iterate_in_name_order
        PASS [   0.014s] (1517/5357) hornvale-kernel registry::tests::old_registry_json_without_concepts_still_loads
        PASS [   0.012s] (1518/5357) hornvale-kernel registry::tests::register_manifest_conflicts_on_differing_concept
        PASS [   0.010s] (1519/5357) hornvale-kernel registry::tests::register_manifest_inserts_the_concept_and_retains_the_manifest
        PASS [   0.013s] (1520/5357) hornvale-kernel registry::tests::register_manifest_accepts_registered_percept_kind
        PASS [   0.014s] (1521/5357) hornvale-kernel registry::tests::predicates_iterate_in_name_order
        PASS [   0.010s] (1522/5357) hornvale-kernel registry::tests::register_manifest_is_idempotent_on_identical_reregistration
        PASS [   0.011s] (1523/5357) hornvale-kernel registry::tests::register_manifest_inserts_the_manifests_conceptdef_verbatim
        PASS [   0.011s] (1524/5357) hornvale-kernel registry::tests::register_manifest_rejects_unregistered_percept_kind
        PASS [   0.013s] (1525/5357) hornvale-kernel registry::tests::registered_concept_is_retrievable
        PASS [   0.010s] (1526/5357) hornvale-kernel registry::tests::registry_serializes_roundtrip
        PASS [   0.011s] (1527/5357) hornvale-kernel registry::tests::registered_predicate_is_retrievable
        PASS [   0.010s] (1528/5357) hornvale-kernel registry::tests::unknown_concept_is_none
        PASS [   0.015s] (1529/5357) hornvale-kernel registry::tests::unknown_predicate_is_none
        PASS [   0.010s] (1530/5357) hornvale-kernel room::tests::a_facet_has_four_corners_and_no_orientation_flag
        PASS [   0.012s] (1531/5357) hornvale-kernel room::tests::a_centroid_is_the_parameter_centre_of_its_own_corners_quad
        PASS [   0.010s] (1532/5357) hornvale-kernel room::tests::a_seam_step_and_its_return_are_inverses
        PASS [   0.015s] (1533/5357) hornvale-kernel room::tests::a_parent_shares_its_own_corners_with_its_children
        PASS [   0.016s] (1534/5357) hornvale-kernel room::tests::a_room_at_the_globe_level_is_an_exact_four_way_tie
        PASS [   0.028s] (1535/5357) hornvale-kernel room::tests::a_cached_none_counts_as_a_hit_not_a_miss
        PASS [   0.010s] (1536/5357) hornvale-kernel room::tests::containing_at_depth_zero_is_the_base_face
        PASS [   0.012s] (1537/5357) hornvale-kernel room::tests::bearing_is_in_range
        PASS [   0.010s] (1538/5357) hornvale-kernel room::tests::containing_round_trips_a_facets_own_centroid_at_every_depth
        PASS [   0.012s] (1539/5357) hornvale-kernel room::tests::containing_round_trips_room_centroids
        PASS [   0.012s] (1540/5357) hornvale-kernel room::tests::corner_weights_lookup_distinguishes_miss_from_a_cached_none
        PASS [   0.012s] (1541/5357) hornvale-kernel room::tests::corner_weights_memo_actually_memoizes
        PASS [   0.014s] (1542/5357) hornvale-kernel room::tests::corner_weights_memo_serves_two_globe_levels_correctly
        PASS [   0.012s] (1543/5357) hornvale-kernel room::tests::corner_weights_pin_vertex_weight_pairing
        PASS [   0.014s] (1544/5357) hornvale-kernel room::tests::corner_weights_sum_and_blend
        PASS [   0.013s] (1545/5357) hornvale-kernel room::tests::corners_are_watertight_across_the_lattice
        PASS [   0.014s] (1546/5357) hornvale-kernel room::tests::distance_is_symmetric
        PASS [   0.013s] (1547/5357) hornvale-kernel room::tests::distance_to_self_is_zero_and_the_antipode_is_pi
        PASS [   0.010s] (1548/5357) hornvale-kernel room::tests::each_path_digit_is_the_pair_of_lattice_bits
        PASS [   0.011s] (1549/5357) hornvale-kernel room::tests::every_facet_round_trips_its_own_centroid_across_the_whole_lattice
        PASS [   0.011s] (1550/5357) hornvale-kernel room::tests::geometry_is_deterministic
        PASS [   0.014s] (1551/5357) hornvale-kernel room::tests::hugging_a_corner_puts_the_weight_on_that_corner
        PASS [   0.012s] (1552/5357) hornvale-kernel room::tests::memo_counts_hits_and_misses_separately_per_half
        PASS [   0.019s] (1553/5357) hornvale-kernel room::tests::inheritance_at_a_cube_corner
        PASS [   0.015s] (1554/5357) hornvale-kernel room::tests::neighbors_memo_actually_memoizes
        PASS [   0.015s] (1555/5357) hornvale-kernel room::tests::neighbors_memo_bit_equals_recomputation
        PASS [   0.013s] (1556/5357) hornvale-kernel room::tests::pack_rejects_a_face_past_the_cube
        PASS [   0.014s] (1557/5357) hornvale-kernel room::tests::pack_rejects_invalid
        PASS [   0.009s] (1558/5357) hornvale-kernel room::tests::pack_rejects_over_cap
        PASS [   0.086s] (1559/5357) hornvale-kernel room::tests::corner_weights_memo_bit_equals_recomputation
        PASS [   0.012s] (1560/5357) hornvale-kernel room::tests::roomid_round_trips
        PASS [   0.019s] (1561/5357) hornvale-kernel room::tests::room_mesh_memo_public_surface_is_unchanged_by_the_forebay
        PASS [   0.016s] (1562/5357) hornvale-kernel room::tests::room_seed_is_deterministic_and_hierarchical
        PASS [   0.017s] (1563/5357) hornvale-kernel room::tests::self_distance_never_nans_from_an_unclamped_dot_product
        PASS [   0.012s] (1564/5357) hornvale-kernel room::tests::the_base_face_is_the_whole_quad
        PASS [   0.011s] (1565/5357) hornvale-kernel room::tests::the_derived_seam_table_is_twelve_edges_traversed_both_ways
        PASS [   0.010s] (1566/5357) hornvale-kernel room::tests::the_lattice_scale_matches_the_depth
        PASS [   0.018s] (1567/5357) hornvale-kernel room::tests::the_dominant_corner_weight_is_the_nearest_corner_of_its_ancestor_quad
        PASS [   0.012s] (1568/5357) hornvale-kernel room::tests::unpack_refuses_a_pre_cube_face_loudly
        PASS [   0.012s] (1569/5357) hornvale-kernel room::tests::unpack_rejects_malformed
        PASS [   0.011s] (1570/5357) hornvale-kernel room::tests::vertical_verbs_compose
        PASS [   0.011s] (1571/5357) hornvale-kernel schedule::tests::a_cycle_is_an_error_naming_its_systems
        PASS [   0.012s] (1572/5357) hornvale-kernel schedule::tests::diamond_respects_all_edges_and_ties_by_label
        PASS [   0.012s] (1573/5357) hornvale-kernel schedule::tests::independent_systems_break_ties_by_label
        PASS [   0.012s] (1574/5357) hornvale-kernel schedule::tests::is_valid_order_accepts_topo_sorts_and_rejects_violations
        PASS [   0.012s] (1575/5357) hornvale-kernel schedule::tests::schedule_orders_a_chain
        PASS [   0.011s] (1576/5357) hornvale-kernel schedule::tests::single_writer_check_exemption_does_not_swallow_a_real_non_exempt_violation
        PASS [   0.015s] (1577/5357) hornvale-kernel schedule::tests::single_writer_check_exempts_a_listed_functional_predicate_with_two_writers
        PASS [   0.011s] (1578/5357) hornvale-kernel schedule::tests::single_writer_check_ignores_unregistered_predicates
        PASS [   0.017s] (1579/5357) hornvale-kernel schedule::tests::single_writer_check_passes_when_each_functional_predicate_has_one_writer
        PASS [   0.014s] (1580/5357) hornvale-kernel schedule::tests::single_writer_check_rejects_two_writers_of_a_functional_predicate
        PASS [   0.019s] (1581/5357) hornvale-kernel schedule::tests::tick_commits_in_schedule_order_then_is_deterministic
        PASS [   0.012s] (1582/5357) hornvale-kernel schedule::tests::tick_reads_frozen_snapshot_so_systems_do_not_see_each_others_writes
        PASS [   0.015s] (1583/5357) hornvale-kernel seed::stream_labels_macro_tests::flat::declares_constants_with_the_exact_values
        PASS [   0.011s] (1584/5357) hornvale-kernel seed::stream_labels_macro_tests::flat::generates_a_manifest_entry_per_constant_in_order
        PASS [   0.013s] (1585/5357) hornvale-kernel seed::stream_labels_macro_tests::root_and_leg::manifest_qualifies_each_leg_under_root
        PASS [   0.010s] (1586/5357) hornvale-kernel seed::stream_labels_macro_tests::root_and_leg::root_and_legs_keep_their_bare_values
        PASS [   0.786s] (1587/5357) hornvale-kernel geosphere::tests::a1_grid_matches_the_full_band_scan_over_a_dense_sweep
        PASS [  16.811s] (1588/5357) hornvale-book tests::from_entry_points_equal_their_wrappers
        PASS [   0.011s] (1589/5357) hornvale-kernel seed::stream_labels_macro_tests::root_leg_and_flat::every_constant_keeps_its_own_bare_value
        PASS [   0.012s] (1590/5357) hornvale-kernel seed::stream_labels_macro_tests::root_leg_and_flat::manifest_qualifies_legs_under_root_but_not_flat_entries
        PASS [   0.103s] (1591/5357) hornvale-kernel room::tests::the_two_exact_weight_equalities_are_never_the_maximum
        PASS [   0.013s] (1592/5357) hornvale-kernel seed::tests::derive_chains_compose
        PASS [   0.011s] (1593/5357) hornvale-kernel seed::tests::derive_differs_by_label
        PASS [   0.012s] (1594/5357) hornvale-kernel seed::tests::derive_differs_by_typed_label
        PASS [   0.010s] (1595/5357) hornvale-kernel seed::tests::derive_dynamic_and_static_agree_on_the_same_bytes
        PASS [   0.015s] (1596/5357) hornvale-kernel seed::tests::derive_differs_by_parent
        PASS [   0.014s] (1597/5357) hornvale-kernel seed::tests::derive_is_deterministic
        PASS [   0.011s] (1598/5357) hornvale-kernel seed::tests::next_f64_is_in_unit_interval
        PASS [   0.012s] (1599/5357) hornvale-kernel seed::tests::derive_is_deterministic_for_a_typed_label
        PASS [   0.011s] (1600/5357) hornvale-kernel seed::tests::pick_returns_an_element
        PASS [   0.011s] (1601/5357) hornvale-kernel seed::tests::range_u32_is_inclusive_and_bounded
        PASS [   0.011s] (1602/5357) hornvale-kernel seed::tests::pick_returns_none_on_empty
        PASS [   0.012s] (1603/5357) hornvale-kernel seed::tests::seed_serializes_roundtrip
        PASS [   0.011s] (1604/5357) hornvale-kernel seed::tests::stream_label_as_str_round_trips
        PASS [   0.012s] (1605/5357) hornvale-kernel seed::tests::stream_is_deterministic
        PASS [   0.010s] (1606/5357) hornvale-kernel seed::tests::weighted_index_respects_weights
        PASS [   0.012s] (1607/5357) hornvale-kernel seed::tests::weighted_index_empty_and_zero_are_none
        PASS [   0.012s] (1608/5357) hornvale-kernel seed::tests::weighted_index_is_deterministic
        PASS [   0.010s] (1609/5357) hornvale-kernel units::temperature_tests::anomalies_add
        PASS [   0.010s] (1610/5357) hornvale-kernel seed::tests::weighted_index_uniform_matches_pick_distribution
        PASS [   0.010s] (1611/5357) hornvale-kernel units::temperature_tests::difference_of_two_temperatures_is_an_anomaly
        PASS [   0.011s] (1612/5357) hornvale-kernel units::temperature_tests::get_is_raw_celsius_and_kelvin_offsets
        PASS [   0.010s] (1613/5357) hornvale-kernel units::temperature_tests::temperature_plus_anomaly_round_trips
        PASS [   0.011s] (1614/5357) hornvale-kernel units::tests::a_sea_floor_reading_yields_a_positive_depth
        PASS [   0.010s] (1615/5357) hornvale-kernel units::tests::a_sea_level_height_reports_its_metres
        PASS [   0.010s] (1616/5357) hornvale-kernel units::tests::a_tick_span_range_check_rejects_exactly_two_to_the_sixty_three
        PASS [   0.012s] (1617/5357) hornvale-kernel units::tests::depth_is_the_positive_downward_reading
        PASS [   0.009s] (1618/5357) hornvale-kernel units::tests::mass_rejects_negative_and_reports_ratio
        PASS [   0.011s] (1619/5357) hornvale-kernel units::tests::heights_order_deterministically
        PASS [   0.012s] (1620/5357) hornvale-kernel units::tests::min_max_match_total_cmp
        PASS [   0.010s] (1621/5357) hornvale-kernel units::tests::new_accepts_finite_either_sign
        PASS [   0.009s] (1622/5357) hornvale-kernel units::tests::precip_accepts_zero_and_positive
        PASS [   0.010s] (1623/5357) hornvale-kernel units::tests::partial_ord_matches_bare_f64
        PASS [   0.014s] (1624/5357) hornvale-kernel units::tests::new_rejects_non_finite
        PASS [   0.012s] (1625/5357) hornvale-kernel units::tests::precip_rejects_negative_and_non_finite
        PASS [   0.011s] (1626/5357) hornvale-kernel units::tests::subtraction_stays_a_bare_number_because_it_is_polymorphic
        PASS [   0.013s] (1627/5357) hornvale-kernel units::tests::sub_yields_signed_metre_delta
        PASS [   0.010s] (1628/5357) hornvale-kernel units::tests::years_construct_and_convert
        PASS [   0.011s] (1629/5357) hornvale-kernel units::tests::the_named_conversion_yields_a_height_not_a_number
        PASS [   0.009s] (1630/5357) hornvale-kernel world::tests::a_world_saved_before_stamps_existed_still_loads
        PASS [   0.014s] (1631/5357) hornvale-kernel world::tests::every_world_registers_is_a
        PASS [   0.010s] (1632/5357) hornvale-kernel world::tests::name_constant_is_the_registered_core_predicate
        PASS [   0.011s] (1633/5357) hornvale-kernel world::tests::next_entity_corruption_no_longer_invalidates_a_world
        PASS [   0.010s] (1634/5357) hornvale-kernel world::tests::the_stamp_round_trips_through_json
        PASS [   0.010s] (1635/5357) hornvale-kernel world::tests::the_pre_stamp_fixture_matches_the_real_shape_minus_the_stamp
        PASS [   0.020s] (1636/5357) hornvale-kernel world::tests::new_world_registers_core_concepts
        PASS [   0.010s] (1637/5357) hornvale-kernel world::tests::world_json_roundtrips
        PASS [   0.011s] (1638/5357) hornvale-kernel world::tests::world_json_is_deterministic
        PASS [   0.010s] (1639/5357) hornvale-kernel::suite cube_adjacency::a_base_face_has_exactly_its_four_side_neighbours
        PASS [   0.011s] (1640/5357) hornvale-kernel world::tests::world_saves_and_loads_from_disk
        PASS [   0.013s] (1641/5357) hornvale-kernel::suite cube_adjacency::every_neighbour_physically_touches_the_room_it_neighbours
        PASS [   0.012s] (1642/5357) hornvale-kernel::suite cube_adjacency::indexing_the_first_three_neighbours_never_panics_anywhere_on_the_mesh
        PASS [   0.016s] (1643/5357) hornvale-kernel::suite cube_adjacency::arity_is_eight_except_at_the_cubes_eight_corners
        PASS [   0.011s] (1644/5357) hornvale-kernel::suite cube_adjacency::seam_corners_are_bit_exact_across_adjoining_faces
        PASS [   0.015s] (1645/5357) hornvale-kernel::suite cube_adjacency::neighbours_are_distinct_same_depth_rooms_and_never_the_room_itself
        PASS [   0.031s] (1646/5357) hornvale-kernel::suite cube_adjacency::adjacency_is_symmetric_across_every_seam
        PASS [   0.013s] (1647/5357) hornvale-kernel::suite cube_adjacency::the_lattice_is_connected_across_all_six_faces
        PASS [   0.013s] (1648/5357) hornvale-kernel::suite cube_adjacency::the_first_four_neighbours_are_always_the_four_edge_neighbours
        PASS [   0.011s] (1649/5357) hornvale-kernel::suite derived::a_stale_ledger_entry_is_never_returned_as_a_hit
        PASS [   0.012s] (1650/5357) hornvale-kernel::suite derived::cache_equals_recompute_over_a_repeating_key_sequence
        PASS [   0.011s] (1651/5357) hornvale-kernel::suite derived::eviction_at_every_opportunity_changes_nothing_observable
        PASS [   0.009s] (1652/5357) hornvale-kernel::suite derived::pure_is_never_stale_and_ledger_is_stale_only_when_a_watched_dep_is_touched
        PASS [   0.011s] (1653/5357) hornvale-kernel::suite determinism::different_seeds_yield_different_worlds
        PASS [   0.011s] (1654/5357) hornvale-kernel::suite determinism::saved_world_reloads_identically
        PASS [   0.011s] (1655/5357) hornvale-kernel::suite determinism::same_seed_yields_byte_identical_worlds
        PASS [   0.010s] (1656/5357) hornvale-kernel::suite fold::absorbing_the_same_position_twice_panics
        PASS [   0.012s] (1657/5357) hornvale-kernel::suite determinism::entity_ids_are_never_reused_after_reload
        PASS [   0.011s] (1658/5357) hornvale-kernel::suite fold::advancing_in_two_bites_equals_advancing_in_one
        PASS [   0.010s] (1659/5357) hornvale-kernel::suite fold::discarding_the_state_at_every_position_is_unobservable
        PASS [   0.009s] (1660/5357) hornvale-kernel::suite fold::one_fact_at_a_time_equals_folding_from_scratch
        PASS [   0.009s] (1661/5357) hornvale-kernel::suite fold::rebuilding_upto_a_position_equals_the_prefix_it_names
        PASS [   0.010s] (1662/5357) hornvale-kernel::suite fold::discarding_the_state_at_every_third_position_is_unobservable
        PASS [   0.010s] (1663/5357) hornvale-kernel::suite fold::rebuilding_upto_beyond_the_ledger_stops_at_the_ledger
        PASS [   0.011s] (1664/5357) hornvale-kernel::suite fold::resuming_from_a_checkpoint_reaches_the_same_place_as_folding_throughout
        PASS [   0.010s] (1665/5357) hornvale-kernel::suite fold::the_probe_fold_is_order_sensitive
        PASS [   0.010s] (1666/5357) hornvale-kernel::suite golden_harness::a_long_shared_prefix_still_surfaces_the_real_divergence
        PASS [   0.011s] (1667/5357) hornvale-kernel::suite golden_harness::a_mismatch_reports_the_first_divergence_and_the_accept_instruction
        PASS [   0.012s] (1668/5357) hornvale-kernel::suite fold::skipping_a_position_panics
        PASS [   0.011s] (1669/5357) hornvale-kernel::suite golden_harness::a_missing_fixture_without_rebaseline_says_how_to_create_it
        PASS [   0.010s] (1670/5357) hornvale-kernel::suite golden_harness::a_trailing_length_difference_is_still_a_mismatch
        PASS [   0.010s] (1671/5357) hornvale-kernel::suite golden_harness::matching_bytes_pass
        PASS [   0.009s] (1672/5357) hornvale-kernel::suite golden_harness::rebaseline_rewrites_a_drifted_fixture
        PASS [   0.011s] (1673/5357) hornvale-kernel::suite golden_harness::rebaseline_creates_a_missing_fixture_and_its_parents
        PASS [   0.011s] (1674/5357) hornvale-kernel::suite golden_harness::rebaseline_on_matching_bytes_is_a_no_op_match
        PASS [   0.012s] (1675/5357) hornvale-lab authored::tests::a_changed_value_moves_the_authored_diff
        PASS [   0.015s] (1676/5357) hornvale-lab authored::tests::a_column_the_live_registry_no_longer_has_is_diverged
        PASS [   0.011s] (1677/5357) hornvale-lab authored::tests::a_current_fixture_announces_nothing
        PASS [   0.011s] (1678/5357) hornvale-lab authored::tests::a_fixture_matching_the_live_study_reads_current
        PASS [   0.012s] (1679/5357) hornvale-lab authored::tests::a_fixture_missing_a_live_column_reads_predates_without_shifting_its_values
        PASS [   0.015s] (1680/5357) hornvale-lab authored::tests::a_fixture_without_a_schema_is_refused
        PASS [   0.013s] (1681/5357) hornvale-lab authored::tests::a_rows_csv_that_is_not_seed_pin_set_metrics_refusal_is_refused
        PASS [   0.012s] (1682/5357) hornvale-lab authored::tests::a_schema_that_disagrees_with_its_rows_csv_is_refused
        PASS [   0.011s] (1683/5357) hornvale-lab authored::tests::diffing_two_differently_aged_fixtures_is_refused
        PASS [   0.012s] (1684/5357) hornvale-lab authored::tests::a_shared_column_whose_kind_changed_is_diverged
        PASS [   0.014s] (1685/5357) hornvale-lab authored::tests::predates_names_every_column_it_predates
        PASS [   0.010s] (1686/5357) hornvale-lab authored::tests::reordered_shared_columns_are_diverged
        PASS [   0.011s] (1687/5357) hornvale-lab authored::tests::the_narrowed_study_reselects_the_fixture_columns_in_the_fixtures_order
        PASS [   0.011s] (1688/5357) hornvale-lab authored::tests::the_trio_is_in_the_registry_order_these_tests_assume
        PASS [   0.010s] (1689/5357) hornvale-lab blackbox::tests::record_failure_reports_an_unknown_pin_set_without_panicking
        PASS [   0.012s] (1690/5357) hornvale-lab authored::tests::two_identical_fixtures_diff_to_no_movement
        PASS [   0.010s] (1691/5357) hornvale-lab census_claim::tests::a_cheap_run_never_claims_and_never_waits
        PASS [   0.013s] (1692/5357) hornvale-lab census_claim::tests::a_claim_held_by_our_own_ancestor_is_not_contention
        PASS [   0.010s] (1693/5357) hornvale-lab census_claim::tests::a_claim_naming_a_dead_pid_is_stale
        PASS [   0.011s] (1694/5357) hornvale-lab census_claim::tests::a_claim_round_trips_through_its_file_format
        PASS [   0.011s] (1695/5357) hornvale-lab census_claim::tests::a_live_ancestor_holding_the_lock_makes_a_claim_a_no_op
        PASS [   0.011s] (1696/5357) hornvale-lab census_claim::tests::a_live_claim_is_reported_with_its_context
        PASS [   0.012s] (1697/5357) hornvale-lab census_claim::tests::a_partial_or_corrupt_claim_parses_to_none_rather_than_panicking
        PASS [   0.010s] (1698/5357) hornvale-lab census_claim::tests::the_cost_threshold_draws_the_line_at_200_builds
        PASS [   0.011s] (1699/5357) hornvale-lab census_claim::tests::current_holder_is_none_when_no_claim_file_exists
        PASS [   0.011s] (1700/5357) hornvale-lab census_claim::tests::the_status_line_names_the_job_kind_from_the_label
        PASS [   0.023s] (1701/5357) hornvale-lab census_claim::tests::a_stale_claim_is_taken_over_rather_than_waited_on
        PASS [   0.010s] (1702/5357) hornvale-lab census_guard::tests::canonical_host_constant_matches_the_shared_file
        PASS [   0.010s] (1703/5357) hornvale-lab census_guard::tests::canonical_host_has_the_arch_dash_cores_shape
        PASS [   0.011s] (1704/5357) hornvale-lab census_guard::tests::permits_census_study_from_canonical_host_case_insensitively
        PASS [   0.011s] (1705/5357) hornvale-lab census_guard::tests::permits_census_study_from_the_canonical_host
        PASS [   0.010s] (1706/5357) hornvale-lab census_guard::tests::permits_non_census_study_from_any_host
        PASS [   0.012s] (1707/5357) hornvale-lab census_guard::tests::permits_census_study_outside_the_goldens_dir
        PASS [   0.010s] (1708/5357) hornvale-lab census_guard::tests::refuses_census_of_prefixed_study_from_a_non_canonical_host
        PASS [   0.009s] (1709/5357) hornvale-lab census_guard::tests::refuses_census_study_from_a_non_canonical_host
        PASS [   0.011s] (1710/5357) hornvale-lab chart::tests::bucket_labels_with_angle_brackets_are_xml_escaped
        PASS [   0.011s] (1711/5357) hornvale-lab chart::tests::charts_for_produces_expected_stems
        PASS [   0.010s] (1712/5357) hornvale-lab chart::tests::nice_ceiling_exact_nice_numbers_stay_put
        PASS [   0.010s] (1713/5357) hornvale-lab chart::tests::gridline_labels_use_fixed_one_decimal_precision
        PASS [   0.010s] (1714/5357) hornvale-lab chart::tests::no_rotation_when_all_labels_short
        PASS [   0.010s] (1715/5357) hornvale-lab chart::tests::nice_ceiling_rounds_up_to_1_2_5_pattern
        PASS [   0.010s] (1716/5357) hornvale-lab chart::tests::svg_contains_required_fragments
        PASS [   0.011s] (1717/5357) hornvale-lab chart::tests::rotation_present_when_a_label_exceeds_eight_chars
        PASS [   0.010s] (1718/5357) hornvale-lab chart::tests::svg_is_deterministic
        PASS [   0.009s] (1719/5357) hornvale-lab chart::tests::zero_counts_draw_no_rect
        PASS [   0.011s] (1720/5357) hornvale-lab diff::tests::a_mean_only_shift_renders_the_mean_line_without_a_table
        PASS [   0.012s] (1721/5357) hornvale-lab diff::tests::a_categorical_shift_shows_the_changed_labels_with_deltas
        PASS [   0.011s] (1722/5357) hornvale-lab diff::tests::csv_round_trip_diffs_through_render_diff
        PASS [   0.011s] (1723/5357) hornvale-lab diff::tests::a_numeric_shift_shows_the_mean_movement
        PASS [   0.010s] (1724/5357) hornvale-lab diff::tests::identical_results_report_no_movement
        PASS [   0.010s] (1725/5357) hornvale-lab diff::tests::header_reports_row_and_refusal_counts
        PASS [   0.366s] (1726/5357) hornvale-lab domesday::anomaly::tests::categorical_and_flag_columns_are_never_evaluable
        PASS [   0.370s] (1727/5357) hornvale-lab domesday::anomaly::tests::evaluable_columns_measured_surface_on_the_249_column_census
        PASS [   0.012s] (1728/5357) hornvale-lab domesday::anomaly::tests::exclusion_reasons_carry_the_exact_documented_wording
        PASS [   0.392s] (1729/5357) hornvale-lab domesday::anomaly::tests::a_frozen_column_is_excluded_with_a_reason
        PASS [  13.082s] (1730/5357) hornvale-book tests::seed_1_doctrine_sections_render
        PASS [   0.640s] (1731/5357) hornvale-lab domesday::anomaly::tests::a_world_with_no_flagged_columns_still_reports_up_to_report_size
        PASS [   0.463s] (1732/5357) hornvale-lab domesday::anomaly::tests::for_seed_returns_none_for_an_unknown_seed
        PASS [  13.379s] (1733/5357) hornvale-book tests::seed_1_voices_disagree_on_stance
        PASS [   0.016s] (1734/5357) hornvale-lab domesday::anomaly::tests::score_row_scores_against_an_uncontaminated_index
        PASS [  43.980s] (1735/5357) hornvale::suite repertory_corpus::the_orange_stands_declared_at_its_first_missing_beat
        PASS [   0.012s] (1736/5357) hornvale-lab domesday::anomaly::tests::tail_depth_averages_ranks_across_ties
        PASS [   0.012s] (1737/5357) hornvale-lab domesday::anomaly::tests::tail_depth_clamps_a_value_outside_the_census_range
        PASS [   0.012s] (1738/5357) hornvale-lab domesday::anomaly::tests::tail_depth_is_zero_at_the_extremes_and_half_at_the_median
        PASS [   0.867s] (1739/5357) hornvale-lab domesday::anomaly::tests::for_seed_matches_the_same_worlds_entry_in_rank
        PASS [   0.013s] (1740/5357) hornvale-lab domesday::anomaly::tests::too_few_present_values_is_excluded_with_its_reason
        PASS [   0.013s] (1741/5357) hornvale-lab domesday::census::tests::absent_count_panics_loudly_on_an_unknown_metric_rather_than_reporting_all_absent
        PASS [   0.444s] (1742/5357) hornvale-lab domesday::anomaly::tests::structural_columns_are_neither_evaluable_nor_excluded
        PASS [   0.715s] (1743/5357) hornvale-lab domesday::anomaly::tests::rank_orders_most_anomalous_first
        PASS [   0.014s] (1744/5357) hornvale-lab domesday::census::tests::an_unknown_metric_is_distinguishable_from_an_all_absent_one
        PASS [   0.014s] (1745/5357) hornvale-lab domesday::census::tests::load_accepts_a_schema_and_csv_that_agree_on_columns
        PASS [   0.015s] (1746/5357) hornvale-lab domesday::census::tests::load_refuses_a_schema_and_csv_that_disagree_on_columns
        PASS [   0.260s] (1747/5357) hornvale-lab domesday::census::tests::absent_values_are_counted_not_skipped
        PASS [   0.012s] (1748/5357) hornvale-lab domesday::census::tests::split_csv_line_handles_quoted_commas
        PASS [   0.012s] (1749/5357) hornvale-lab domesday::census::tests::split_csv_line_passes_unquoted_fields_through
        PASS [   0.012s] (1750/5357) hornvale-lab domesday::census::tests::values_panics_loudly_on_an_unknown_metric_rather_than_reporting_zero
        PASS [   0.014s] (1751/5357) hornvale-lab domesday::comparators::tests::a_comparator_naming_an_invented_kind_is_rejected
        PASS [   1.222s] (1752/5357) hornvale-lab domesday::anomaly::tests::partitioning_columns_are_all_covered_by_d2_or_d4
        PASS [   0.267s] (1753/5357) hornvale-lab domesday::census::tests::every_column_carries_a_domain_and_role
        PASS [   0.013s] (1754/5357) hornvale-lab domesday::comparators::tests::a_well_formed_signed_expectation_loads
        PASS [   0.013s] (1755/5357) hornvale-lab domesday::comparators::tests::an_expectation_with_an_unknown_declared_class_is_rejected
        PASS [   0.011s] (1756/5357) hornvale-lab domesday::comparators::tests::an_expectation_with_an_unknown_direction_is_rejected
        PASS [   0.011s] (1757/5357) hornvale-lab domesday::comparators::tests::comparators_load
        PASS [   0.011s] (1758/5357) hornvale-lab domesday::comparators::tests::declared_none_requires_direction_none
        PASS [   0.253s] (1759/5357) hornvale-lab domesday::census::tests::loads_the_committed_census
        PASS [   0.011s] (1760/5357) hornvale-lab domesday::detect::tests::band_of_pins_the_conventional_edges
        PASS [   0.015s] (1761/5357) hornvale-lab domesday::detect::tests::crate_names_under_lists_directories_and_excludes_files
        PASS [   0.011s] (1762/5357) hornvale-lab domesday::detect::tests::d1_fires_at_the_threshold_and_not_below_it
        PASS [   1.218s] (1763/5357) hornvale-lab domesday::anomaly::tests::rank_is_deterministic
        PASS [   0.012s] (1764/5357) hornvale-lab domesday::detect::tests::d1_ignores_numeric_columns
        PASS [   0.014s] (1765/5357) hornvale-lab domesday::detect::tests::d1_never_fires_on_an_invariant
        PASS [   0.014s] (1766/5357) hornvale-lab domesday::detect::tests::d2_fires_on_zero_variance_and_not_on_any_variance
        PASS [   0.012s] (1767/5357) hornvale-lab domesday::detect::tests::d2_never_fires_on_an_invariant
        PASS [   0.845s] (1768/5357) hornvale-lab domesday::anomaly::tests::score_row_agrees_with_for_seed_on_a_census_row
        PASS [   0.012s] (1769/5357) hornvale-lab domesday::detect::tests::d3_does_not_fire_when_min_equals_max
        PASS [   0.011s] (1770/5357) hornvale-lab domesday::detect::tests::d4_fires_at_a_rail_and_not_in_the_middle
        PASS [   0.012s] (1771/5357) hornvale-lab domesday::detect::tests::d3_fires_just_under_five_percent_and_not_at_it
        PASS [   0.015s] (1772/5357) hornvale-lab domesday::detect::tests::d5_does_not_report_unmeasurable_when_both_columns_vary
        PASS [   0.010s] (1773/5357) hornvale-lab domesday::detect::tests::d5_fires_when_declared_differs_from_observed_and_not_when_it_matches
        PASS [   0.015s] (1774/5357) hornvale-lab domesday::detect::tests::d5_fires_direction_when_the_sign_is_backwards
        PASS [   0.016s] (1775/5357) hornvale-lab domesday::detect::tests::d5_fires_strength_when_the_band_differs
        PASS [   0.012s] (1776/5357) hornvale-lab domesday::detect::tests::d5_is_silent_when_strength_and_sign_both_match
        PASS [   0.012s] (1777/5357) hornvale-lab domesday::detect::tests::d5_only_pairs_worlds_present_on_both_sides
        PASS [   0.012s] (1778/5357) hornvale-lab domesday::detect::tests::d5_reports_strength_not_sign_when_the_observed_band_is_none
        PASS [   0.015s] (1779/5357) hornvale-lab domesday::detect::tests::d5_reports_unmeasurable_when_the_metric_is_frozen
        PASS [   0.014s] (1780/5357) hornvale-lab domesday::detect::tests::d5_reports_unmeasurable_when_the_tracked_column_is_frozen
        PASS [   0.010s] (1781/5357) hornvale-lab domesday::detect::tests::d5_strength_names_the_observed_sign_when_it_contradicts_the_declaration
        PASS [   0.013s] (1782/5357) hornvale-lab domesday::detect::tests::d5_strength_omits_the_sign_when_the_observed_band_is_none
        PASS [   0.010s] (1783/5357) hornvale-lab domesday::detect::tests::d7_does_not_fire_on_a_true_invariant
        PASS [   0.010s] (1784/5357) hornvale-lab domesday::detect::tests::d6_fires_just_over_the_band_and_not_at_it
        PASS [   0.012s] (1785/5357) hornvale-lab domesday::detect::tests::d7_fires_on_an_invariant_that_varies
        PASS [   0.010s] (1786/5357) hornvale-lab domesday::detect::tests::d8_fires_on_an_unmeasured_crate_and_not_on_a_measured_one
        PASS [   0.010s] (1787/5357) hornvale-lab domesday::detect::tests::d8_fires_on_exactly_alchemy_paleoclimate_person_and_thing
        PASS [   0.018s] (1788/5357) hornvale-lab domesday::detect::tests::d7_ignores_descriptors_no_matter_how_skewed
        PASS [   0.023s] (1789/5357) hornvale-lab domesday::detect::tests::defensibility_capacity_rank_corr_still_exists_in_the_registry
        PASS [   0.018s] (1790/5357) hornvale-lab domesday::detect::tests::direct_references_match_measured_crates
        PASS [   0.019s] (1791/5357) hornvale-lab domesday::detect::tests::domain_crates_are_still_exactly_this_list
        PASS [   0.014s] (1792/5357) hornvale-lab domesday::detect::tests::pearson_reads_a_nontrivial_correlation_and_its_sign
        PASS [   0.015s] (1793/5357) hornvale-lab domesday::detect::tests::pearson_returns_none_for_a_constant_column
        PASS [   0.011s] (1794/5357) hornvale-lab domesday::guard::every_emitted_detector_name_is_declared
        PASS [   0.014s] (1795/5357) hornvale-lab domesday::guard::loading_never_builds_a_world
        PASS [   0.011s] (1796/5357) hornvale-lab domesday::render::tests::a_bare_citation_outside_any_paren_is_redacted_with_its_possessive
        PASS [   0.264s] (1797/5357) hornvale-lab domesday::comparators::tests::a_comparator_naming_an_unknown_metric_is_rejected
        PASS [   0.016s] (1798/5357) hornvale-lab domesday::render::tests::a_domain_with_no_metrics_renders_the_no_metrics_notice_verbatim
        PASS [  13.468s] (1799/5357) hornvale-book tests::the_additivity_law
        PASS [   0.252s] (1800/5357) hornvale-lab domesday::comparators::tests::expectations_name_known_metrics
        PASS [   0.252s] (1801/5357) hornvale-lab domesday::render::tests::a_domain_page_carries_the_generated_header_and_only_computed_numbers
        PASS [   0.265s] (1802/5357) hornvale-lab domesday::render::tests::a_detector_that_fired_nothing_still_gets_a_zero_row
        PASS [   0.011s] (1803/5357) hornvale-lab domesday::render::tests::a_removed_parenthetical_directly_before_a_period_does_not_leave_a_dangling_space
        PASS [   0.010s] (1804/5357) hornvale-lab domesday::render::tests::an_ellipsis_survives_the_space_dot_space_cleanup_untouched
        PASS [   0.012s] (1805/5357) hornvale-lab domesday::render::tests::an_integer_metric_reports_its_exact_mode
        PASS [   0.275s] (1806/5357) hornvale-lab domesday::render::tests::a_flag_metric_always_renders_both_true_and_false_rows
        PASS [   0.247s] (1807/5357) hornvale-lab domesday::render::tests::a_novel_detector_name_reaches_the_rendered_index
        PASS [   0.011s] (1808/5357) hornvale-lab domesday::render::tests::drops_a_short_citation_only_parenthetical_to_nothing
        PASS [   0.010s] (1809/5357) hornvale-lab domesday::render::tests::drops_a_trailing_parenthetical_citation_entirely
        PASS [   0.013s] (1810/5357) hornvale-lab domesday::render::tests::drops_two_citations_in_one_parenthetical
        PASS [   0.012s] (1811/5357) hornvale-lab domesday::render::tests::leaves_an_unrelated_paren_alone_while_dropping_the_citing_one
        PASS [  14.572s] (1812/5357) hornvale-book tests::seed_2_kobold_sees_moons_goblin_margins_them
        PASS [   0.227s] (1813/5357) hornvale-lab domesday::render::tests::an_empty_exclusion_roster_says_so_rather_than_rendering_an_empty_table
        PASS [   1.199s] (1814/5357) hornvale-lab domesday::anomaly::tests::the_log_guard_holds_for_a_real_extreme_holding_world
        PASS [   0.233s] (1815/5357) hornvale-lab domesday::render::tests::no_domain_is_currently_empty
        PASS [  13.442s] (1816/5357) hornvale-book tests::the_margin_still_carries_the_truth
        PASS [  14.498s] (1817/5357) hornvale-book tests::shallow_species_lines_are_byte_identical_to_c3
        PASS [   0.511s] (1818/5357) hornvale-lab domesday::render::tests::every_domain_renders_and_none_is_empty
        PASS [   0.454s] (1819/5357) hornvale-lab domesday::render::tests::the_anomalies_page_carries_the_full_exclusion_roster_with_reasons
        PASS [   0.012s] (1820/5357) hornvale-lab domesday::stats::tests::a_metric_with_no_present_values_yields_none
        PASS [   0.012s] (1821/5357) hornvale-lab domesday::stats::tests::absent_values_are_reported_not_dropped
        PASS [   0.012s] (1822/5357) hornvale-lab domesday::stats::tests::categorical_orders_by_count_then_lexicographically
        PASS [   1.163s] (1823/5357) hornvale-lab domesday::detect::tests::findings_are_sorted_by_detector_then_metric
        PASS [   0.271s] (1824/5357) hornvale-lab domesday::render::tests::the_index_carries_the_generated_header_and_every_domain_link
        PASS [   3.015s] (1825/5357) hornvale-lab census_claim::tests::a_timeout_names_the_holder_and_what_to_do
        PASS [   0.016s] (1826/5357) hornvale-lab domesday::stats::tests::median_and_percentile_diverge_on_an_even_length_sample
        PASS [   0.013s] (1827/5357) hornvale-lab domesday::stats::tests::numeric_quartiles_on_a_known_set
        PASS [   0.013s] (1828/5357) hornvale-lab metrics::tests::a_derived_goblinoid_daughter_list_would_not_be_equivalent_on_labs_twin_roster
        PASS [   0.014s] (1829/5357) hornvale-lab metrics::tests::a_gloss_parses_into_whole_concepts_not_hyphen_pieces
        PASS [   0.012s] (1830/5357) hornvale-lab metrics::tests::a_tone_mark_neither_breaks_nor_adds_a_syllable
        PASS [   0.015s] (1831/5357) hornvale-lab metrics::tests::a_three_concept_gloss_is_a_truthful_composition
        PASS [   1.212s] (1832/5357) hornvale-lab domesday::detect::tests::the_live_census_reproduces_the_preregistered_findings
        PASS [   1.112s] (1833/5357) hornvale-lab domesday::render::tests::a_metric_that_trips_two_detectors_is_grouped_under_one_heading_not_two
        PASS [   0.018s] (1834/5357) hornvale-lab metrics::tests::attested_roman_words_validate_where_canon_rejects_them
        PASS [   0.013s] (1835/5357) hornvale-lab metrics::tests::average_ranks_gives_ties_the_mean_of_the_ranks_they_span
        PASS [   0.019s] (1836/5357) hornvale-lab metrics::tests::authored_daughter_lists_match_the_default_rosters_family_membership
        PASS [   0.015s] (1837/5357) hornvale-lab metrics::tests::belief_kind_is_per_species_and_the_world_belief_is_gone
        PASS [   0.280s] (1838/5357) hornvale-lab domesday::stats::tests::matches_the_known_live_median
        PASS [   0.676s] (1839/5357) hornvale-lab domesday::render::tests::the_anomalies_page_lists_the_top_worlds_ranked_first
        PASS [   0.743s] (1840/5357) hornvale-lab domesday::render::tests::the_anomalies_page_only_publishes_up_to_top_worlds_worlds
        PASS [   0.013s] (1841/5357) hornvale-lab metrics::tests::chorus_metrics_are_registered
        PASS [   0.012s] (1842/5357) hornvale-lab metrics::tests::classify_homophony_counts_core_confusable_and_splits_draw_from_merger
        PASS [   0.665s] (1843/5357) hornvale-lab domesday::render::tests::the_anomalies_page_prints_the_true_uncapped_score_not_the_capped_flag_count
        PASS [   0.953s] (1844/5357) hornvale-lab domesday::render::tests::the_anomalies_page_carries_the_generated_header_and_frozen_constants
        PASS [   1.440s] (1845/5357) hornvale-lab domesday::render::tests::d8_findings_appear_on_the_index_and_not_on_any_domain_page
        PASS [   1.402s] (1846/5357) hornvale-lab domesday::render::tests::no_domain_page_or_the_index_cites_the_registry
        PASS [   0.013s] (1847/5357) hornvale-lab metrics::tests::confidant_metrics_are_not_registered_in_the_lab_registry
        PASS [  13.754s] (1848/5357) hornvale-book tests::the_null_volume_is_untouched
        PASS [   0.298s] (1849/5357) hornvale-lab metrics::tests::connectivity_is_a_reading_of_the_joins
        PASS [  10.051s] (1850/5357) hornvale-book tests::tongue_probes_derive_from_committed_is_a_facts
        PASS [  14.453s] (1851/5357) hornvale-book tests::the_planet_sentence_gaps_in_every_tongue
        PASS [  17.302s] (1852/5357) hornvale-book tests::the_esoteric_law_mutation_verified
        PASS [  19.864s] (1853/5357) hornvale-book tests::reckoning_at_matches_the_fixed_pair_and_renders_arbitrary_days
        PASS [   8.426s] (1854/5357) hornvale-kernel geosphere::tests::a1_grid_tie_break_matches_band_scan_at_edge_midpoints
        PASS [  10.442s] (1855/5357) hornvale-hearsay::suite hop_depth_seed42::transmission_depth_on_seed_42_has_a_population_and_a_median
        PASS [  13.472s] (1856/5357) hornvale-book tests::volume_states_the_planet_is_a_planet
        PASS [   6.578s] (1857/5357) hornvale-lab metrics::tests::build_with_components_resolves_a_renamed_solo_species
        PASS [  31.349s] (1858/5357) hornvale-book tests::comprehend_quantity_agrees_with_the_direct_render_at_every_rung
        PASS [   0.011s] (1859/5357) hornvale-lab metrics::tests::every_first_day_metric_is_registered
        PASS [   0.011s] (1860/5357) hornvale-lab metrics::tests::every_registered_first_day_metric_is_in_the_frozen_roster
        PASS [  11.568s] (1861/5357) hornvale-hearsay::suite retelling_readout_seed42::the_retelling_readout_on_seed_42
        PASS [  56.075s] (1862/5357) hornvale::suite id_stability_under_insertion::inserting_a_stage_moves_no_id_a_later_session_stage_derives
        PASS [  31.728s] (1863/5357) hornvale-book tests::fact_for_inverts_fragment_for_over_the_closed_space
        PASS [   9.374s] (1864/5357) hornvale-lab metrics::tests::at_least_one_first_day_metric_is_absent_on_seed_42
        PASS [  10.041s] (1865/5357) hornvale-lab metrics::tests::all_daughters_is_the_rosters_own_lexicon_population
        PASS [   9.949s] (1866/5357) hornvale-lab metrics::tests::census_of_peoples_metrics_extract_for_seed_42
        PASS [  10.053s] (1867/5357) hornvale-lab metrics::tests::chorus_metrics_are_absent_on_empty_and_singleton_voice_lists
        PASS [  10.258s] (1868/5357) hornvale-lab metrics::tests::capacity_metric_skips_fauna_kinds_at_seed_42
        PASS [  10.069s] (1869/5357) hornvale-lab metrics::tests::clean_outgroup_kobold_holds_at_seed_42
        PASS [  10.085s] (1870/5357) hornvale-lab metrics::tests::collapse_ratio_is_absent_for_the_wordless_and_full_for_the_single_worded
        PASS [   9.920s] (1871/5357) hornvale-lab metrics::tests::confusable_homophony_never_exceeds_core_homophony_for_every_daughter
        PASS [  10.548s] (1872/5357) hornvale-lab metrics::tests::collapse_ratio_varies_independently_of_reportable_fraction_at_seed_42
        PASS [  10.174s] (1873/5357) hornvale-lab metrics::tests::core_homophony_is_eliminated_at_seed_42_by_the_injective_assignment
        PASS [   1.754s] (1874/5357) hornvale-lab metrics::tests::hydro_variant_coverage_reads_a_real_world
        PASS [  10.311s] (1875/5357) hornvale-lab metrics::tests::crisis_fires_reads_a_real_world_as_a_flag
        PASS [   9.924s] (1876/5357) hornvale-lab metrics::tests::divergence_magnitude_and_inventory_closure_use_the_species_own_phonology_not_the_family_proto
        PASS [  10.985s] (1877/5357) hornvale-lab metrics::tests::demography_metrics_share_one_report_build_per_view
        SLOW [> 60.000s] (─────────) hornvale::suite repertory_corpus::every_founding_scene_passes_every_beat
        SLOW [> 60.000s] (─────────) hornvale::suite repertory_corpus::no_scene_has_fallen_below_its_recorded_floor
        PASS [  10.022s] (1878/5357) hornvale-lab metrics::tests::divergence_real_holds_at_seed_42
        PASS [   0.015s] (1879/5357) hornvale-lab metrics::tests::locked_world_has_no_day_length
        PASS [   0.015s] (1880/5357) hornvale-lab metrics::tests::locked_world_has_no_local_day_year
        PASS [   0.015s] (1881/5357) hornvale-lab metrics::tests::locked_world_is_tidally_locked
        PASS [  10.541s] (1882/5357) hornvale-lab metrics::tests::divergence_magnitude_is_a_nonnegative_number_for_every_goblinoid_daughter_at_seed_42
        PASS [   9.995s] (1883/5357) hornvale-lab metrics::tests::divergence_real_the_census_column_still_reads_the_goblinoid_family
        PASS [   9.438s] (1884/5357) hornvale-lab metrics::tests::each_peoples_belief_kind_is_its_own_not_the_first_minted
        PASS [  10.087s] (1885/5357) hornvale-lab metrics::tests::epithet_honorific_is_detected_from_committed_content_at_seed_42
        PASS [  18.057s] (1886/5357) hornvale-lab metrics::tests::a_tone_capable_species_realizes_more_than_one_tone_and_clears_the_capacity_floor
        PASS [  11.474s] (1887/5357) hornvale-lab metrics::tests::every_rostered_referent_is_nameable
        PASS [  26.758s] (1888/5357) hornvale-book tests::tongue_lines_are_deterministic
        PASS [   0.013s] (1889/5357) hornvale-lab metrics::tests::pearson_correlation_reads_perfect_and_inverse_and_undefined
        PASS [   0.523s] (1890/5357) hornvale-lab metrics::tests::most_band_transects_reach_dry_before_they_are_truncated
        PASS [   9.554s] (1891/5357) hornvale-lab metrics::tests::first_day_is_settlement_is_present_and_finite_on_seed_42
        PASS [   0.014s] (1892/5357) hornvale-lab metrics::tests::phonotactic_validator_rejects_garbage_and_empty_strings
        PASS [  10.041s] (1893/5357) hornvale-lab metrics::tests::felt_testimony_metrics_share_one_lexicon_build_per_species
        PASS [   0.019s] (1894/5357) hornvale-lab metrics::tests::prepended_material_detects_the_affix_and_reports_none_without_it
        PASS [   9.299s] (1895/5357) hornvale-lab metrics::tests::first_day_of_a_keyed_object_matches_an_independently_computed_minimum
        PASS [   0.011s] (1896/5357) hornvale-lab metrics::tests::raid_attribution_counts_a_well_formed_world
        PASS [  43.581s] (1897/5357) hornvale-book tests::every_people_states_the_world_in_its_tongue
        PASS [   0.012s] (1898/5357) hornvale-lab metrics::tests::raid_attribution_reads_zero_on_a_peaceful_world
        PASS [   0.011s] (1899/5357) hornvale-lab metrics::tests::raid_attribution_reports_a_dangling_reference
        PASS [   0.011s] (1900/5357) hornvale-lab metrics::tests::raid_attribution_reports_an_ambiguous_reference
        PASS [   0.012s] (1901/5357) hornvale-lab metrics::tests::registry_has_unique_names
        PASS [   0.015s] (1902/5357) hornvale-lab metrics::tests::registry_metric_count_is_pinned
        PASS [   9.400s] (1903/5357) hornvale-lab metrics::tests::first_day_is_settlement_matches_an_independently_computed_minimum
        PASS [   0.016s] (1904/5357) hornvale-lab metrics::tests::render_metric_list_contains_all_names
        PASS [   0.020s] (1905/5357) hornvale-lab metrics::tests::render_metric_list_contains_metric_docs
        PASS [  43.672s] (1906/5357) hornvale-book tests::every_placed_people_self_states_in_its_own_tongue
        PASS [   0.012s] (1907/5357) hornvale-lab metrics::tests::sculpting_metrics_are_registered
        PASS [   9.560s] (1908/5357) hornvale-lab metrics::tests::first_day_of_an_unmatched_object_is_absent
        PASS [  34.164s] (1909/5357) hornvale-book tests::the_margin_fires_exactly_when_knowledge_falls_short
        PASS [   0.015s] (1910/5357) hornvale-lab metrics::tests::seed_23_genesis_note_count_is_one
        PASS [   0.014s] (1911/5357) hornvale-lab metrics::tests::seed_23_refused_a_moon
        PASS [   9.859s] (1912/5357) hornvale-lab metrics::tests::ground_metrics_extract_for_seed_42
        PASS [  11.362s] (1913/5357) hornvale-lab metrics::tests::exposure_sound_reports_false_when_the_toponymic_gates_are_removed
        PASS [  10.128s] (1914/5357) hornvale-lab metrics::tests::homophony_count_is_a_nonnegative_number_for_every_daughter_at_seed_42
        PASS [   0.014s] (1915/5357) hornvale-lab metrics::tests::seed_42_default_builds_successfully
        PASS [   7.542s] (1916/5357) hornvale-lab metrics::tests::locked_world_band_count_metric_is_locked
        PASS [  10.377s] (1917/5357) hornvale-lab metrics::tests::first_day_of_a_keyed_object_with_a_higher_floor_matches_an_independently_computed_minimum
        PASS [   0.014s] (1918/5357) hornvale-lab metrics::tests::seed_42_moons_admitted_is_text
        PASS [  10.125s] (1919/5357) hornvale-lab metrics::tests::homophony_merger_share_is_a_unit_fraction_or_absent_for_every_daughter
        PASS [   0.018s] (1920/5357) hornvale-lab metrics::tests::seed_42_star_class_is_text
        PASS [   7.630s] (1921/5357) hornvale-lab metrics::tests::locked_world_goblin_belief_kind_is_eternal
        PASS [   1.279s] (1922/5357) hornvale-lab metrics::tests::seed_42_coast_roughness_slope_is_finite
        PASS [  10.028s] (1923/5357) hornvale-lab metrics::tests::inventory_closure_holds_for_every_daughter_at_seed_42
        PASS [   0.025s] (1924/5357) hornvale-lab metrics::tests::spearman_over_ranks_is_invariant_to_a_positive_rescaling
        PASS [   9.968s] (1925/5357) hornvale-lab metrics::tests::land_metrics_extract_for_seed_42
        PASS [   0.012s] (1926/5357) hornvale-lab metrics::tests::syllable_count_reads_maximal_vowel_runs
        PASS [  10.122s] (1927/5357) hornvale-lab metrics::tests::lexicon_regular_family_holds_at_seed_42
        PASS [   0.774s] (1928/5357) hornvale-lab metrics::tests::the_analytic_channel_area_matches_the_sampled_one
        PASS [  26.557s] (1929/5357) hornvale-lab blackbox::tests::record_failure_writes_a_world_that_round_trips_to_the_directly_built_one
        PASS [   0.012s] (1930/5357) hornvale-lab metrics::tests::the_contour_metrics_are_registered_and_full_rung
        PASS [  23.249s] (1931/5357) hornvale-lab metrics::tests::composition_varies_across_settlements_at_seed_42
        PASS [   0.012s] (1932/5357) hornvale-lab metrics::tests::the_deep_metrics_are_registered
        PASS [   0.022s] (1933/5357) hornvale-lab metrics::tests::the_eclipse_seasons_metrics_extract_on_seed_42
        PASS [   0.012s] (1934/5357) hornvale-lab metrics::tests::the_fold_reproduces_the_unmemoised_walk_on_hand_built_chains
        PASS [   1.432s] (1935/5357) hornvale-lab metrics::tests::the_band_transect_memo_is_one_sweep_of_this_world
        PASS [  10.310s] (1936/5357) hornvale-lab metrics::tests::misreport_distance_is_absent_for_goblin_and_varies_elsewhere_at_seed_42
        PASS [   0.012s] (1937/5357) hornvale-lab metrics::tests::the_lode_metrics_are_registered
        PASS [  10.083s] (1938/5357) hornvale-lab metrics::tests::monophyly_dwarf_holds_at_seed_42
        PASS [  49.469s] (1939/5357) hornvale-book tests::every_book_line_round_trips
        PASS [   0.303s] (1940/5357) hornvale-lab metrics::tests::the_memoised_fold_reproduces_the_unmemoised_walk
        PASS [  49.808s] (1941/5357) hornvale-book tests::emic_union_margin_covers_ground_truth
        PASS [  50.025s] (1942/5357) hornvale-book tests::every_chorus_line_round_trips
        PASS [   0.012s] (1943/5357) hornvale-lab metrics::tests::the_raid_columns_are_absent_without_occupation_records
        PASS [   0.019s] (1944/5357) hornvale-lab metrics::tests::the_two_census_falses_are_a_front_divergence_and_not_a_missing_affix
        PASS [   0.013s] (1945/5357) hornvale-lab metrics::tests::the_vestige_metrics_are_registered
        PASS [   9.948s] (1946/5357) hornvale-lab metrics::tests::monophyly_goblinoid_holds_at_seed_42
        PASS [   0.011s] (1947/5357) hornvale-lab metrics::tests::the_wearing_metrics_are_registered
        PASS [  10.252s] (1948/5357) hornvale-lab metrics::tests::monophyly_elf_holds_at_seed_42
        PASS [   0.393s] (1949/5357) hornvale-lab metrics::tests::untruncated_monotonicity_is_a_subset_of_truncated
        PASS [  49.096s] (1950/5357) hornvale-book tests::every_reckoning_line_round_trips
        PASS [  10.037s] (1951/5357) hornvale-lab metrics::tests::per_species_metrics_have_the_expected_kinds_for_seed_42
        PASS [   2.132s] (1952/5357) hornvale-lab metrics::tests::weft_grid_uses_prepared_prevalence_four_times_per_facet
        PASS [   8.627s] (1953/5357) hornvale-lab metrics::tests::seed_42_belief_kind_goblin_is_text_and_not_absent
        PASS [   0.014s] (1954/5357) hornvale-lab publish::tests::publish_does_not_collide_with_study_whose_name_is_a_prefix_extension
        PASS [   0.016s] (1955/5357) hornvale-lab publish::tests::publish_leaves_other_studies_artifacts_untouched
        PASS [   0.015s] (1956/5357) hornvale-lab publish::tests::publish_removes_stale_artifacts_from_previous_run
        PASS [   0.016s] (1957/5357) hornvale-lab publish::tests::publish_writes_summary_and_all_charts_sorted
        PASS [   0.011s] (1958/5357) hornvale-lab runner::tests::canonical_row_quantizes_numbers_and_preserves_everything_else
        PASS [   0.011s] (1959/5357) hornvale-lab runner::tests::csv_numbers_are_quantized_for_cross_platform_stability
        PASS [   0.013s] (1960/5357) hornvale-lab runner::tests::csv_round_trips_all_value_kinds
        PASS [   9.861s] (1961/5357) hornvale-lab metrics::tests::seed_1_distinctiveness_is_positive_from_stance_alone
        PASS [   0.012s] (1962/5357) hornvale-lab runner::tests::unknown_roster_is_a_loud_error
        PASS [   0.011s] (1963/5357) hornvale-lab schema::tests::fnv1a64_matches_the_published_vectors
        PASS [   0.012s] (1964/5357) hornvale-lab schema::tests::schema_carries_domain_and_role
        PASS [   0.012s] (1965/5357) hornvale-lab schema::tests::schema_columns_agree_with_the_csv_header_in_order
        PASS [   0.012s] (1966/5357) hornvale-lab schema::tests::schema_is_deterministic_and_backfill_flag_appears_when_set
        PASS [   0.012s] (1967/5357) hornvale-lab schema::tests::schema_types_documents_and_binds_the_csv
        PASS [   9.974s] (1968/5357) hornvale-lab metrics::tests::reportable_fraction_never_exceeds_the_construction_ceiling_at_seed_42
        PASS [  10.511s] (1969/5357) hornvale-lab metrics::tests::phonotactic_validity_holds_for_every_species_name_at_seed_0
        PASS [   0.014s] (1970/5357) hornvale-lab study::tests::at_least_one_pin_set_required
        PASS [   0.012s] (1971/5357) hornvale-lab study::tests::display_impl_formats_correctly
        PASS [   0.011s] (1972/5357) hornvale-lab study::tests::invalid_pin_rejected
        PASS [   0.013s] (1973/5357) hornvale-lab study::tests::duplicate_pin_set_labels_rejected
        PASS [   0.011s] (1974/5357) hornvale-lab study::tests::name_must_be_lowercase_kebab
        PASS [   0.016s] (1975/5357) hornvale-lab study::tests::metrics_all_must_be_literal_all
        PASS [   0.013s] (1976/5357) hornvale-lab study::tests::name_cannot_be_empty
        PASS [   0.011s] (1977/5357) hornvale-lab study::tests::name_with_special_chars_rejected
        PASS [   0.011s] (1978/5357) hornvale-lab study::tests::pin_set_label_valid_kebab_passes
        PASS [   0.010s] (1979/5357) hornvale-lab study::tests::pin_set_label_with_comma_rejected
        PASS [   0.010s] (1980/5357) hornvale-lab study::tests::pin_sets_parsed_returns_working_skypins
        PASS [   0.011s] (1981/5357) hornvale-lab study::tests::pin_set_label_with_path_traversal_rejected
        PASS [   0.010s] (1982/5357) hornvale-lab study::tests::pinset_roster_defaults_to_none_for_existing_studies
        PASS [   0.010s] (1983/5357) hornvale-lab study::tests::seeds_count_must_be_positive
        PASS [   0.011s] (1984/5357) hornvale-lab study::tests::seed_range_ending_exactly_at_u64_max_is_valid
        PASS [   0.011s] (1985/5357) hornvale-lab study::tests::seed_range_overflow_rejected
        PASS [   0.011s] (1986/5357) hornvale-lab study::tests::selected_metrics_named_respects_registry_order
        PASS [   0.012s] (1987/5357) hornvale-lab study::tests::selected_metrics_all_returns_full_registry
        PASS [   0.014s] (1988/5357) hornvale-lab study::tests::unknown_metric_rejected
        PASS [   0.012s] (1989/5357) hornvale-lab summary::tests::categorical_orders_lexicographically
        PASS [   0.016s] (1990/5357) hornvale-lab summary::tests::distribution_buckets_use_half_open_intervals
        PASS [   0.012s] (1991/5357) hornvale-lab summary::tests::flag_distribution_always_has_both_rows
        PASS [   0.011s] (1992/5357) hornvale-lab summary::tests::refusal_section_appears_when_present
        PASS [   0.041s] (1993/5357) hornvale-lab study::tests::valid_study_parses_and_validates
        PASS [   0.016s] (1994/5357) hornvale-lab summary::tests::summary_is_deterministic
        PASS [   0.019s] (1995/5357) hornvale-lab summary::tests::summary_renders_expected_fragments
        PASS [   0.012s] (1996/5357) hornvale-lab timings::tests::a_baseline_round_trips
        PASS [   0.011s] (1997/5357) hornvale-lab timings::tests::a_baseline_with_the_aggregate_row_round_trips
        PASS [   0.011s] (1998/5357) hornvale-lab timings::tests::a_correctly_sorted_multi_entry_baseline_still_alarms
        PASS [   0.012s] (1999/5357) hornvale-lab timings::tests::a_fast_test_doubling_is_below_the_floor_and_does_not_alarm
        PASS [   0.013s] (2000/5357) hornvale-lab timings::tests::a_slow_test_doubling_alarms
        PASS [   0.011s] (2001/5357) hornvale-lab timings::tests::a_slow_test_growing_under_the_multiple_does_not_alarm
        PASS [   0.011s] (2002/5357) hornvale-lab timings::tests::a_suite_within_tolerance_does_not_alarm
        PASS [   0.011s] (2003/5357) hornvale-lab timings::tests::a_test_with_no_baseline_never_alarms
        PASS [   0.014s] (2004/5357) hornvale-lab timings::tests::adding_new_tests_does_not_alarm_the_suite
        PASS [   0.029s] (2005/5357) hornvale-lab timings::tests::an_empty_baseline_never_alarms_the_suite
        PASS [   0.011s] (2006/5357) hornvale-lab timings::tests::apply_hysteresis_drops_a_test_absent_from_current
        PASS [   0.012s] (2007/5357) hornvale-lab timings::tests::apply_hysteresis_keeps_the_old_value_within_the_deadband
        PASS [   0.014s] (2008/5357) hornvale-lab timings::tests::apply_hysteresis_never_smooths_folded_count
        PASS [   0.011s] (2009/5357) hornvale-lab timings::tests::apply_hysteresis_takes_the_new_value_for_a_test_with_no_previous_entry
        PASS [   0.011s] (2010/5357) hornvale-lab timings::tests::apply_hysteresis_takes_the_new_value_outside_the_deadband
        PASS [   0.011s] (2011/5357) hornvale-lab timings::tests::apply_hysteresis_zero_previous_value_falls_back_to_current
        PASS [   0.011s] (2012/5357) hornvale-lab timings::tests::death_by_a_thousand_cuts_alarms_on_the_suite_total
        PASS [   0.013s] (2013/5357) hornvale-lab timings::tests::durations_are_rendered_at_millisecond_precision
        PASS [   0.011s] (2014/5357) hornvale-lab timings::tests::fold_below_floor_emits_no_aggregate_row_when_nothing_is_under_the_floor
        PASS [   0.032s] (2015/5357) hornvale-lab timings::tests::fold_below_floor_keeps_rows_at_or_above_the_floor_unchanged
        PASS [   0.018s] (2016/5357) hornvale-lab timings::tests::fold_below_floor_of_an_empty_slice_is_empty
        PASS [   1.410s] (2017/5357) hornvale-lab metrics::tests::weft_walk_uses_prepared_prevalence_for_every_kind
        PASS [   0.012s] (2018/5357) hornvale-lab timings::tests::fold_below_floor_sums_rows_under_the_floor_into_one_aggregate_row
        PASS [   0.014s] (2019/5357) hornvale-lab timings::tests::parse_baseline_rejects_a_negative_duration
        PASS [   0.016s] (2020/5357) hornvale-lab timings::tests::parse_baseline_rejects_a_non_numeric_duration
        PASS [   0.012s] (2021/5357) hornvale-lab timings::tests::parse_baseline_rejects_a_non_numeric_folded_count
        PASS [   0.012s] (2022/5357) hornvale-lab timings::tests::parse_baseline_rejects_a_row_missing_the_duration
        PASS [   0.012s] (2023/5357) hornvale-lab timings::tests::parse_baseline_rejects_a_row_with_an_extra_field
        PASS [   0.014s] (2024/5357) hornvale-lab timings::tests::parse_baseline_rejects_a_zero_folded_count
        PASS [   0.019s] (2025/5357) hornvale-lab timings::tests::parse_baseline_rejects_infinity
        PASS [   0.013s] (2026/5357) hornvale-lab timings::tests::parse_baseline_rejects_nan
        PASS [   0.013s] (2027/5357) hornvale-lab timings::tests::parse_baseline_rejects_three_fields_on_an_ordinary_id
        PASS [   0.017s] (2028/5357) hornvale-lab timings::tests::parse_run_errors_rather_than_reporting_an_empty_run
        PASS [   0.019s] (2029/5357) hornvale-lab timings::tests::parse_run_reads_every_test_record_and_ignores_the_rest
        PASS [   0.016s] (2030/5357) hornvale-lab timings::tests::parse_run_rejects_a_negative_exec_time
        PASS [   0.013s] (2031/5357) hornvale-lab timings::tests::parse_run_silently_drops_a_bare_nan_or_infinity_token
        PASS [   0.014s] (2032/5357) hornvale-lab timings::tests::parse_run_silently_drops_an_out_of_range_exec_time_rather_than_reporting_it
        PASS [   0.011s] (2033/5357) hornvale-lab timings::tests::per_test_shifts_never_alarms_on_the_below_floor_aggregate_row
        PASS [   0.012s] (2034/5357) hornvale-lab timings::tests::removing_tests_does_not_mask_a_regression_in_the_survivors
        PASS [   0.013s] (2035/5357) hornvale-lab timings::tests::render_baseline_emits_three_fields_for_the_aggregate_row_and_two_for_the_rest
        PASS [   0.011s] (2036/5357) hornvale-lab timings::tests::the_baseline_path_is_per_host
        PASS [   0.013s] (2037/5357) hornvale-lab timings::tests::the_roster_holds_exactly_the_tests_below_the_floor
        PASS [   0.011s] (2038/5357) hornvale-lab timings::tests::the_roster_is_sorted_so_its_diff_shows_membership_not_ordering
        PASS [   0.014s] (2039/5357) hornvale-lab timings::tests::the_roster_path_is_not_host_keyed
        PASS [   0.013s] (2040/5357) hornvale-lab timings::tests::the_sha_appears_once_in_the_header_not_per_row
        PASS [   0.011s] (2041/5357) hornvale-lab timings::tests::top_contributors_excludes_ids_absent_from_baseline
        PASS [   0.013s] (2042/5357) hornvale-lab timings::tests::top_contributors_includes_the_below_floor_aggregate_row
        PASS [   0.010s] (2043/5357) hornvale-lab timings::tests::top_contributors_ranks_by_absolute_seconds_gained_descending
        PASS [   0.013s] (2044/5357) hornvale-lab timings::tests::top_contributors_truncates_to_n
        PASS [   0.017s] (2045/5357) hornvale-lab timings::tests::total_seconds_of_an_empty_slice_is_zero
        PASS [   0.013s] (2046/5357) hornvale-lab timings::tests::total_seconds_sums_every_row
        PASS [   0.012s] (2047/5357) hornvale-lab tongue_distance::tests::an_all_gap_tongue_is_omitted
        PASS [   0.014s] (2048/5357) hornvale-lab tongue_distance::tests::disjoint_tongues_are_perfectly_assignable
        PASS [   0.012s] (2049/5357) hornvale-lab tongue_distance::tests::identical_tongues_score_at_the_chance_floor
        PASS [   0.011s] (2050/5357) hornvale-lab tongue_distance::tests::malformed_table_rows_are_a_distinct_error
        PASS [   0.011s] (2051/5357) hornvale-lab tongue_distance::tests::shared_word_accuracy_is_order_independent
        PASS [   0.011s] (2052/5357) hornvale-lab tongue_distance::tests::the_table_header_is_not_a_word
        PASS [   0.026s] (2053/5357) hornvale-lab::burr_calibration the_baseline_roster_is_eighteen_tongues
        PASS [  11.707s] (2054/5357) hornvale-lab metrics::tests::per_vertex_diversity_is_finite_and_bounded_by_species_count_at_seed_42
        PASS [  11.147s] (2055/5357) hornvale-lab metrics::tests::presiding_concepts_cover_seed_42s_rostered_concepts
        PASS [   2.078s] (2056/5357) hornvale-lab metrics::tests::weft_land_flag_agrees_with_worldgen_eligibility
        PASS [   0.012s] (2057/5357) hornvale-lab::suite anomaly_holdout::the_holdout_arm_never_writes_into_the_committed_goldens
        PASS [  10.012s] (2058/5357) hornvale-lab metrics::tests::seed_42_name_transparency_is_a_distribution_not_a_constant
        PASS [  10.051s] (2059/5357) hornvale-lab metrics::tests::seed_42_name_syllables_are_pinned
        PASS [   0.082s] (2060/5357) hornvale-lab::suite anomaly_injection::every_injection_moved_the_world_and_the_baselines_did_not
        PASS [   5.315s] (2061/5357) hornvale-lab metrics::tests::the_null_controls_twin_is_skipped_not_panicked_on
        PASS [   5.410s] (2062/5357) hornvale-lab metrics::tests::the_null_controls_goblin_solo_still_reads_a_number
        PASS [   0.122s] (2063/5357) hornvale-lab::suite branches_family_calibration::clean_outgroup_kobold_holds_on_every_swept_seed
        PASS [   0.123s] (2064/5357) hornvale-lab::suite branches_family_calibration::divergence_magnitude_loudness_ordering_holds_in_aggregate_not_per_seed
        PASS [   0.121s] (2065/5357) hornvale-lab::suite branches_family_calibration::divergence_real_holds_on_every_swept_seed
        PASS [   0.290s] (2066/5357) hornvale-lab::suite anomaly_injection::the_fixture_columns_match_the_census
        PASS [   0.122s] (2067/5357) hornvale-lab::suite branches_family_calibration::homophony_count_is_measured_and_pinned
        PASS [   0.124s] (2068/5357) hornvale-lab::suite branches_family_calibration::inventory_closure_holds_on_every_swept_seed_for_every_daughter
        PASS [   0.153s] (2069/5357) hornvale-lab::suite branches_family_calibration::lexicon_regular_family_holds_on_every_swept_seed
        PASS [   0.123s] (2070/5357) hornvale-lab::suite branches_family_calibration::monophyly_goblinoid_holds_on_every_swept_seed
        PASS [   0.120s] (2071/5357) hornvale-lab::suite calibration::a_frozen_sky_never_heads_a_cyclic_pantheon
        PASS [   0.131s] (2072/5357) hornvale-lab::suite calibration::a_prediction_crisis_occurs_and_the_census_reports_its_rate
        PASS [  11.300s] (2073/5357) hornvale-lab metrics::tests::seed_1_sky_calibration_is_negative_one_across_the_full_roster
        PASS [   9.808s] (2074/5357) hornvale-lab metrics::tests::shipped_daughters_are_atonal_with_tone_count_one
        PASS [   0.171s] (2075/5357) hornvale-lab::suite calibration::band_count_matches_the_known_function_of_rotation
        PASS [   0.148s] (2076/5357) hornvale-lab::suite calibration::blind_attribution_beats_chance_decisively
        PASS [   0.122s] (2077/5357) hornvale-lab::suite calibration::cold_built_room_share_dominated_rate_is_measured_and_pinned
        PASS [   0.128s] (2078/5357) hornvale-lab::suite calibration::climate_displacement_fires_across_the_census
        PASS [  11.226s] (2079/5357) hornvale-lab metrics::tests::seed_2_sky_calibration_is_exactly_negative_one
        PASS [   0.123s] (2080/5357) hornvale-lab::suite calibration::every_hydro_variant_is_reachable_somewhere_in_the_census
        PASS [   0.124s] (2081/5357) hornvale-lab::suite calibration::epithet_honorific_is_true_for_goblin_and_false_for_kobold
        PASS [   0.119s] (2082/5357) hornvale-lab::suite calibration::every_raid_on_every_census_world_names_exactly_one_raider
        PASS [   0.121s] (2083/5357) hornvale-lab::suite calibration::goblin_flagship_coastal_split_is_pinned
        PASS [   0.130s] (2084/5357) hornvale-lab::suite calibration::flagship_subsistence_matches_biome_and_coastal_columns
        PASS [   0.121s] (2085/5357) hornvale-lab::suite calibration::goblin_heads_are_always_solar_and_mooned_kobold_heads_always_lunar
        PASS [   0.119s] (2086/5357) hornvale-lab::suite calibration::goblin_hue_depth_exceeds_kobold_hue_depth
        PASS [   0.119s] (2087/5357) hornvale-lab::suite calibration::head_deity_is_eternal_exactly_when_tidally_locked
        PASS [   0.125s] (2088/5357) hornvale-lab::suite calibration::kobold_structures_never_enslave_and_top_out_with_elders
        PASS [   0.121s] (2089/5357) hornvale-lab::suite calibration::lexicon_is_exposure_sound_for_both_species
        PASS [   0.134s] (2090/5357) hornvale-lab::suite calibration::lexicon_is_regular_for_both_species
        PASS [   0.119s] (2091/5357) hornvale-lab::suite calibration::name_gloss_true_is_100_percent_row_by_row
        PASS [   0.136s] (2092/5357) hornvale-lab::suite calibration::name_length_distributions_are_measured_and_pinned
        PASS [   0.139s] (2093/5357) hornvale-lab::suite calibration::name_collision_rate_is_measured_and_pinned
        PASS [   0.119s] (2094/5357) hornvale-lab::suite calibration::name_syllable_distributions_are_measured_and_pinned
        PASS [   0.125s] (2095/5357) hornvale-lab::suite calibration::name_transparency_is_measured_and_pinned
        PASS [   0.109s] (2096/5357) hornvale-lab::suite calibration::null_control_blind_attribution_is_at_chance
        PASS [   0.110s] (2097/5357) hornvale-lab::suite calibration::null_control_distributions_are_within_the_sampling_bound
        PASS [   0.094s] (2098/5357) hornvale-lab::suite calibration::null_control_name_length_smd_is_pinned
        PASS [   0.126s] (2099/5357) hornvale-lab::suite calibration::obliquity_range_is_wider_on_moonless_worlds
        PASS [   0.124s] (2100/5357) hornvale-lab::suite calibration::pantheon_verticality_matches_stratification
        PASS [   0.015s] (2101/5357) hornvale-lab::suite cascade_firing::cascade_rules_fired_is_registered_for_both_probe_species
        PASS [  10.271s] (2102/5357) hornvale-lab metrics::tests::solo_goblin_and_twin_share_head_domain_at_seed_42
        PASS [   0.119s] (2103/5357) hornvale-lab::suite calibration::the_slave_rung_is_an_exact_function_of_rank_surplus_and_scale
        PASS [   0.146s] (2104/5357) hornvale-lab::suite calibration::phonotactic_validity_is_true_for_every_generated_name
        PASS [   0.145s] (2105/5357) hornvale-lab::suite calibration::raiding_occurs_across_the_census_and_both_sides_agree
        PASS [   0.152s] (2106/5357) hornvale-lab::suite calibration::some_census_world_steeps_every_toponymic_concept
        PASS [  42.907s] (2107/5357) hornvale-book tests::the_taught_contrast_is_visible_where_deep
        PASS [   0.012s] (2108/5357) hornvale-lab::suite depth_ladder::all_metric_studies_require_full_depth
        PASS [   0.134s] (2109/5357) hornvale-lab::suite calibration::the_tribute_stock_varies_across_the_census
        PASS [   0.015s] (2110/5357) hornvale-lab::suite depth_ladder::belief_kind_and_hue_depth_have_the_expected_rung
        PASS [   0.011s] (2111/5357) hornvale-lab::suite disposition_calibration::spearman_reads_known_orderings
        PASS [   0.013s] (2112/5357) hornvale-lab::suite fixture_staleness::a_full_precision_live_value_matches_its_quantized_fixture
        PASS [   0.012s] (2113/5357) hornvale-lab::suite fixture_staleness::a_missing_fixture_row_is_reported_as_truncated
        PASS [  10.062s] (2114/5357) hornvale-lab metrics::tests::spinning_world_goblin_belief_kind_is_cyclic
        PASS [   0.011s] (2115/5357) hornvale-lab::suite fixture_staleness::window_start_falls_back_to_none_below_span_seven
        PASS [   0.011s] (2116/5357) hornvale-lab::suite fixture_staleness::window_start_is_deterministic_for_fixed_bytes
        PASS [   0.085s] (2117/5357) hornvale-lab::suite earth_anchor::earth_mask_d_is_pinned
        PASS [   0.012s] (2118/5357) hornvale-lab::suite fixture_staleness::window_start_is_in_bounds_at_the_span_seven_boundary
        PASS [   0.024s] (2119/5357) hornvale-lab::suite fixture_staleness::window_start_is_in_bounds_for_a_representative_span
        PASS [   0.024s] (2120/5357) hornvale-lab::suite fixture_staleness::window_start_moves_when_the_bytes_change
        PASS [   0.033s] (2121/5357) hornvale-lab::suite fixture_staleness::window_start_offset_lands_within_the_studys_own_range_for_nonzero_from
        PASS [   0.148s] (2122/5357) hornvale-lab::suite gathering_calibration::capacity_by_abs_latitude_gradient_clears_the_preregistered_floor
        PASS [   0.239s] (2123/5357) hornvale-lab::suite gathering_calibration::pop_weighted_abs_latitude_reads_below_the_uniform_sphere_baseline
        PASS [   0.129s] (2124/5357) hornvale-lab::suite gathering_calibration::rank_size_slope_is_observed_not_tuned
        PASS [   0.135s] (2125/5357) hornvale-lab::suite health_calibration::a_creature_cornered_by_dread_fears_by_cause_danger_end_to_end
        PASS [   0.097s] (2126/5357) hornvale-lab::suite health_calibration::a_forager_in_a_food_desert_starves_by_cause_hunger_end_to_end
        PASS [   0.016s] (2127/5357) hornvale-lab::suite health_calibration::a_long_episode_that_recovers_is_a_hard_patch_not_a_bug
        PASS [   0.015s] (2128/5357) hornvale-lab::suite health_calibration::a_long_run_still_open_at_the_trace_end_is_the_alarm
        PASS [   0.076s] (2129/5357) hornvale-lab::suite health_calibration::a_passing_heat_wave_is_scored_a_recovered_spike_end_to_end
        PASS [   0.024s] (2130/5357) hornvale-lab::suite health_calibration::a_short_run_still_open_at_the_trace_end_does_not_alarm
        PASS [   9.724s] (2131/5357) hornvale-lab metrics::tests::the_independent_reading_steeps_island_and_hill_where_the_lexicon_roots_them
        PASS [   9.322s] (2132/5357) hornvale-lab metrics::tests::the_long_count_metrics_extract_on_seed_42
        PASS [   0.011s] (2133/5357) hornvale-lab::suite health_calibration::an_injected_spike_recovers
        PASS [   0.011s] (2134/5357) hornvale-lab::suite health_calibration::an_unsatisfiable_need_persists
        PASS [   0.092s] (2135/5357) hornvale-lab::suite health_calibration::boldness_dampens_the_dread_end_to_end
        PASS [   5.415s] (2136/5357) hornvale-lab runner::tests::goblin_twin_solo_components_build_and_populate_twin_metrics
        PASS [   0.011s] (2137/5357) hornvale-lab::suite health_calibration::by_species_separates_a_stricken_people_from_a_healthy_one
        PASS [   1.765s] (2138/5357) hornvale-lab::suite health_calibration::a_stranded_creature_is_scored_chronic_end_to_end
        PASS [   0.011s] (2139/5357) hornvale-lab::suite health_calibration::one_stuck_creature_among_nine_recovering_ones_still_alarms
        PASS [   0.011s] (2140/5357) hornvale-lab::suite health_calibration::searching_is_not_distress
        PASS [   0.010s] (2141/5357) hornvale-lab::suite health_calibration::the_chronic_threshold_is_exact_at_chronic_ticks
        PASS [  14.090s] (2142/5357) hornvale-lab metrics::tests::seed_42_name_gloss_is_true_under_the_three_concept_shape
        PASS [  10.230s] (2143/5357) hornvale-lab metrics::tests::the_lode_metrics_extract_for_seed_42
        PASS [  11.293s] (2144/5357) hornvale-lab metrics::tests::the_independent_reading_covers_every_staple_worldgen_can_steep
        PASS [  12.007s] (2145/5357) hornvale-lab metrics::tests::the_breached_delving_count_is_populated_where_a_delving_broke_through
        PASS [   0.275s] (2146/5357) hornvale-lab::suite hearth_population_calibration::the_harness_detects_a_hearth_when_the_gap_is_small_enough_to_close
        SLOW [> 60.000s] (─────────) hornvale-book tests::every_doctrine_line_round_trips
        PASS [   1.577s] (2147/5357) hornvale-lab::suite health_calibration::a_stranded_creature_learns_helplessness_end_to_end
        PASS [   0.023s] (2148/5357) hornvale-lab::suite individuation::awakening_is_a_fact_and_the_large_owlbear_stays_large
        PASS [   0.023s] (2149/5357) hornvale-lab::suite individuation::mighty_things_in_the_cold_north
        PASS [   0.024s] (2150/5357) hornvale-lab::suite individuation::the_roster_passes_integrity_and_stays_out_of_the_canon
        PASS [   1.529s] (2151/5357) hornvale-lab::suite health_calibration::by_species_separates_a_stricken_people_end_to_end
        PASS [  10.356s] (2152/5357) hornvale-lab metrics::tests::toponymic_roots_won_reads_a_real_world_and_is_bounded_by_the_core
        PASS [   0.021s] (2153/5357) hornvale-lab::suite namesake_metrics::the_six_namesake_metrics_are_registered
        PASS [   0.024s] (2154/5357) hornvale-lab::suite preregistration_guard::a_bare_ignore_is_rejected
        PASS [   0.047s] (2155/5357) hornvale-lab::suite preregistration_guard::a_decision_cite_is_sanctioned
        PASS [   0.022s] (2156/5357) hornvale-lab::suite preregistration_guard::a_result_quieting_reason_is_rejected
        PASS [   0.021s] (2157/5357) hornvale-lab::suite preregistration_guard::calibration_files_carry_no_unsanctioned_ignores
        PASS [   0.024s] (2158/5357) hornvale-lab::suite preregistration_guard::the_census_cost_ignore_is_sanctioned
        PASS [   0.887s] (2159/5357) hornvale-lab::suite hearth_population_calibration::the_hearth_never_worsens_a_planted_cold_built_population
        PASS [  10.760s] (2160/5357) hornvale-lab metrics::tests::the_vestige_metrics_extract_for_seed_42
        PASS [   2.631s] (2161/5357) hornvale-lab::suite health_calibration::heat_hastens_thirst_end_to_end
        PASS [  10.904s] (2162/5357) hornvale-lab metrics::tests::vowel_graphemes_come_from_the_inventory_not_a_hardcoded_alphabet
        PASS [   3.002s] (2163/5357) hornvale-lab::suite health_calibration::the_harness_scenarios_are_deterministic
        SLOW [> 60.000s] (─────────) hornvale-book tests::explanation_lines_render_for_the_measured_seeds
        PASS [  13.983s] (2164/5357) hornvale-lab metrics::tests::the_contour_metrics_extract_sane_values_for_seed_42
        PASS [   0.027s] (2165/5357) hornvale-lab::suite reticence_calibration::h4_positive_control_the_divergence_detector_can_fire
        PASS [   7.455s] (2166/5357) hornvale-lab::burr_calibration the_baseline_assignment_accuracy_is_pinned
        PASS [   7.774s] (2167/5357) hornvale-lab::burr_calibration the_baseline_sits_between_chance_and_certainty
        PASS [   1.420s] (2168/5357) hornvale-lab::suite rung_selection::a_climate_rung_metric_runs_when_selected_alone
        PASS [   0.060s] (2169/5357) hornvale-lab::suite rung_selection::insolation_is_determined_by_zone_position_alone
        PASS [   1.434s] (2170/5357) hornvale-lab::suite rung_selection::a_terrain_rung_metric_still_runs_when_selected_alone
        PASS [   0.017s] (2171/5357) hornvale-lab::suite rung_selection::the_astronomy_driver_metrics_are_registered_and_vary
        PASS [  20.131s] (2172/5357) hornvale-lab metrics::tests::render_confidant_report_carries_every_peoples_three_columns
        PASS [   0.024s] (2173/5357) hornvale-lab::suite site_density::every_site_kind_has_a_roster_in_this_measurement
        PASS [  19.160s] (2174/5357) hornvale-lab metrics::tests::seed_8_distinctiveness_exceeds_seed_1
        PASS [  21.868s] (2175/5357) hornvale-lab metrics::tests::narrowed_views_build_and_coerce
        PASS [   1.418s] (2176/5357) hornvale-lab::suite rung_selection::mean_land_elevation_is_registered_and_positive
        PASS [  21.084s] (2177/5357) hornvale-lab metrics::tests::render_confidant_report_is_deterministic
        PASS [  63.159s] (2178/5357) hornvale-book tests::explanation_lines_render_for_the_measured_seeds
        PASS [  10.588s] (2179/5357) hornvale-lab::suite anomaly_injection::two_independent_baseline_runs_rank_identically
        PASS [  12.607s] (2180/5357) hornvale-lab synthetic::tests::sharing_never_increases_band_distress
        PASS [   0.022s] (2181/5357) hornvale-lab::suite the_fare_calibration::transform::difficult_terrain_doubles_flat_ground
        PASS [   0.024s] (2182/5357) hornvale-lab::suite the_fare_calibration::transform::dry_ground_pays_nothing
        PASS [   0.023s] (2183/5357) hornvale-lab::suite the_fare_calibration::transform::no_factor_in_the_unit_interval_yields_an_impassable_cost
        PASS [  12.700s] (2184/5357) hornvale-lab synthetic::tests::a_colocated_band_is_healthier_than_the_same_band_apart
        PASS [   0.027s] (2185/5357) hornvale-lab::suite the_fare_calibration::transform::surcharge_is_monotone_non_increasing_in_the_factor
        PASS [   0.026s] (2186/5357) hornvale-lab::suite the_fare_calibration::transform::the_floor_binds_and_weather_is_never_impassable
        PASS [  11.684s] (2187/5357) hornvale-lab::suite gathering_calibration::world_level_population_conserves_against_total_capacity
        PASS [   0.011s] (2188/5357) hornvale-language accession::tests::a_listed_concept_reports_its_cohort_and_an_unlisted_one_reports_zero
        PASS [   0.012s] (2189/5357) hornvale-language accession::tests::cohort_zero_stays_the_frozen_landing_roster
        PASS [   0.012s] (2190/5357) hornvale-language accession::tests::later_cohorts_are_non_empty
        PASS [   0.012s] (2191/5357) hornvale-language accession::tests::no_concept_appears_in_two_cohorts
        PASS [   0.011s] (2192/5357) hornvale-language account::tests::distinctiveness_is_zero_for_clones_and_positive_for_divergents
        PASS [   0.012s] (2193/5357) hornvale-language account::tests::domain_distortion_measures_only_the_named_domain
        PASS [   0.012s] (2194/5357) hornvale-language account::tests::explained_is_dial_blind
        PASS [   0.012s] (2195/5357) hornvale-language account::tests::explained_survives_identity_never
        PASS [   0.012s] (2196/5357) hornvale-language account::tests::explained_wrapping_substituted_participates_in_collision_count
        PASS [   0.012s] (2197/5357) hornvale-language account::tests::explained_wrapping_substituted_preserves_recoverability
        PASS [   0.012s] (2198/5357) hornvale-language account::tests::instrumental_and_cross_referential_always_lose
        PASS [   0.012s] (2199/5357) hornvale-language account::tests::null_filter_keeps_everything_in_ground_order
        PASS [   0.011s] (2200/5357) hornvale-language account::tests::salience_order_partitions_sky_first_and_counts_inversions
        PASS [   0.011s] (2201/5357) hornvale-language account::tests::sky_graded_facts_split_on_capability
        PASS [   0.012s] (2202/5357) hornvale-language account::tests::stances_apply_only_to_object_kind_facts
        PASS [   0.012s] (2203/5357) hornvale-language account::tests::strangers_stance_is_reachable
        PASS [   0.012s] (2204/5357) hornvale-language account::tests::taxonomic_substitutes_the_carving_or_loses
        PASS [   0.011s] (2205/5357) hornvale-language account::tests::unknown_predicate_fails_closed
        PASS [   0.011s] (2206/5357) hornvale-language clause::tests::a_becomes_an_before_vowel
        PASS [   0.011s] (2207/5357) hornvale-language clause::tests::a_clause_nested_two_deep_is_refused
        PASS [   0.011s] (2208/5357) hornvale-language clause::tests::a_clause_object_realizes_with_no_determiner
        PASS [   0.012s] (2209/5357) hornvale-language clause::tests::a_clause_subject_nested_two_deep_is_refused
        PASS [   0.012s] (2210/5357) hornvale-language clause::tests::a_clause_subject_realizes_through_the_same_machinery
        PASS [   0.012s] (2211/5357) hornvale-language clause::tests::a_coordination_of_one_clause_panics
        PASS [   0.012s] (2212/5357) hornvale-language clause::tests::a_day_length_is_trailing_not_inline
        PASS [   0.012s] (2213/5357) hornvale-language clause::tests::a_definite_pivot_renders_rather_than_being_refused
        PASS [   0.012s] (2214/5357) hornvale-language clause::tests::a_different_referent_is_not_marked_definite_by_position_alone
        PASS [   0.012s] (2215/5357) hornvale-language clause::tests::a_discourse_of_zero_clauses_panics
        PASS [   0.012s] (2216/5357) hornvale-language clause::tests::a_hedge_clause_surfaces_think_as_a_verb
        PASS [   0.012s] (2217/5357) hornvale-language clause::tests::a_key_never_reaches_prose_as_a_key
        PASS [   0.011s] (2218/5357) hornvale-language clause::tests::a_locative_predication_is_not_recovered_by_parsing
        PASS [   0.011s] (2219/5357) hornvale-language clause::tests::a_locative_predication_places_its_subject
        PASS [   0.011s] (2220/5357) hornvale-language clause::tests::a_negated_clause_says_is_not
        PASS [   0.012s] (2221/5357) hornvale-language clause::tests::a_non_locative_clause_is_refused_by_the_existential_operator
        PASS [   0.011s] (2222/5357) hornvale-language clause::tests::a_past_clause_says_was
        PASS [   0.022s] (2223/5357) hornvale-language clause::tests::a_past_polar_question_inverts_the_past_copula
        PASS [   0.025s] (2224/5357) hornvale-language clause::tests::a_polar_question_inverts_the_copula_and_takes_a_question_mark
        PASS [   0.026s] (2225/5357) hornvale-language clause::tests::a_polar_question_on_a_lexical_verb_panics
        PASS [   0.026s] (2226/5357) hornvale-language clause::tests::a_polar_question_on_the_transitive_frame_panics
        PASS [   0.027s] (2227/5357) hornvale-language clause::tests::a_property_predication_is_not_recovered_by_parsing
        PASS [   0.024s] (2228/5357) hornvale-language clause::tests::a_property_predication_takes_no_determiner
        PASS [   0.022s] (2229/5357) hornvale-language clause::tests::a_referent_is_indefinite_on_first_mention_and_definite_on_second
        PASS [   0.024s] (2230/5357) hornvale-language clause::tests::a_second_person_embedding_refuses_rather_than_guessing_its_number
        PASS [   0.024s] (2231/5357) hornvale-language clause::tests::a_second_transitive_verb_is_one_row_and_no_new_construction
        PASS [   0.026s] (2232/5357) hornvale-language clause::tests::a_shared_object_is_not_raised
        PASS [   0.029s] (2233/5357) hornvale-language clause::tests::a_shared_object_is_not_raised_even_when_the_subject_also_elides
        PASS [   0.025s] (2234/5357) hornvale-language clause::tests::a_shared_subject_is_stated_once
        PASS [   0.021s] (2235/5357) hornvale-language clause::tests::a_spatial_adjunct_locates_an_event
        PASS [   0.026s] (2236/5357) hornvale-language clause::tests::a_temporal_adjunct_places_an_event_in_time
        PASS [   0.022s] (2237/5357) hornvale-language clause::tests::a_third_clause_matching_only_the_first_clause_states_its_own_subject
        PASS [   0.023s] (2238/5357) hornvale-language clause::tests::a_transitive_clause_surfaces_its_predicate_as_a_verb
        PASS [   0.024s] (2239/5357) hornvale-language clause::tests::a_transitive_verb_inflects_for_tense_number_and_polarity
        PASS [   0.021s] (2240/5357) hornvale-language clause::tests::a_verbless_clause_is_not_recovered_by_parsing
        PASS [   0.023s] (2241/5357) hornvale-language clause::tests::a_verbless_clause_on_a_lexical_verb_panics
        PASS [   0.022s] (2242/5357) hornvale-language clause::tests::a_verbless_clause_predicates_a_nominal_without_a_verb
        PASS [   0.024s] (2243/5357) hornvale-language clause::tests::a_verbless_clause_predicates_a_property_without_a_verb
        PASS [   0.023s] (2244/5357) hornvale-language clause::tests::a_verbless_clause_predicates_without_a_verb
        PASS [   0.024s] (2245/5357) hornvale-language clause::tests::adjuncts_reproduce_the_modifier_tail_byte_for_byte
        PASS [   0.024s] (2246/5357) hornvale-language clause::tests::an_adjunct_binds_a_registered_predicate_to_an_argument
        PASS [   0.024s] (2247/5357) hornvale-language clause::tests::an_adjunct_carrying_a_clause_is_refused
        PASS [   0.031s] (2248/5357) hornvale-language clause::tests::an_agreement_violating_sentence_does_not_parse
        PASS [   0.025s] (2249/5357) hornvale-language clause::tests::an_embedded_clause_reads_its_number_off_a_first_person_subject
        PASS [   0.022s] (2250/5357) hornvale-language clause::tests::an_embedded_sentence_round_trips
        PASS [   0.024s] (2251/5357) hornvale-language clause::tests::an_existential_fronts_a_locative_and_takes_an_indefinite_pivot
        PASS [   0.027s] (2252/5357) hornvale-language clause::tests::an_intransitive_clause_surfaces_its_predicate_as_a_verb_with_no_complement
        PASS [   0.027s] (2253/5357) hornvale-language clause::tests::an_occupations_ending_is_trailing_not_inline
        PASS [   0.023s] (2254/5357) hornvale-language clause::tests::an_unknown_role_surfaces_as_nothing_rather_than_as_a_key
        PASS [   0.014s] (2255/5357) hornvale-language clause::tests::cardinal_words
        PASS [   0.022s] (2256/5357) hornvale-language clause::tests::classify_generic_plural
        PASS [   0.021s] (2257/5357) hornvale-language clause::tests::classify_singular_indefinite
        PASS [   0.024s] (2258/5357) hornvale-language clause::tests::classify_with_modifier_tail
        PASS [   0.021s] (2259/5357) hornvale-language clause::tests::common_agrees_for_person_in_the_verb_and_the_copula
        PASS [   0.025s] (2260/5357) hornvale-language clause::tests::common_dates_a_founding_inline_through_the_cardinal
        PASS [   0.025s] (2261/5357) hornvale-language clause::tests::common_ignores_the_evidential
        PASS [   0.028s] (2262/5357) hornvale-language clause::tests::common_names_an_occupations_people_in_the_plural
        PASS [   0.024s] (2263/5357) hornvale-language clause::tests::common_parts_are_selected_by_the_predicates_valence
        PASS [   0.025s] (2264/5357) hornvale-language clause::tests::common_places_an_occupation_at_its_vertex_as_a_bare_identifier
        PASS [   0.025s] (2265/5357) hornvale-language clause::tests::common_realizes_a_pronoun_subject_and_a_pronoun_object
        PASS [   0.023s] (2266/5357) hornvale-language clause::tests::common_renders_a_moon_count_exactly_as_the_book_did
        PASS [   0.026s] (2267/5357) hornvale-language clause::tests::common_renders_a_star_class_through_the_vocabulary_with_its_article
        PASS [   0.024s] (2268/5357) hornvale-language clause::tests::common_resolves_its_complement_through_the_vocabulary
        PASS [   0.025s] (2269/5357) hornvale-language clause::tests::common_round_trips_a_transitive_clause
        SLOW [> 60.000s] (─────────) hornvale-book tests::the_disclosure_law_both_directions
        PASS [   0.024s] (2270/5357) hornvale-language clause::tests::common_round_trips_tense_and_polarity
        PASS [   0.023s] (2271/5357) hornvale-language clause::tests::commons_one_third_person_singular_is_the_animate_neutral_one
        PASS [   0.023s] (2272/5357) hornvale-language clause::tests::definiteness_gains_no_bare_variant
        PASS [   0.022s] (2273/5357) hornvale-language clause::tests::elide_coordinated_subjects_compares_to_the_last_stated_not_the_first
        PASS [   0.021s] (2274/5357) hornvale-language clause::tests::elide_coordinated_subjects_restates_after_an_intervening_different_subject
        PASS [   0.017s] (2275/5357) hornvale-language clause::tests::every_copular_valence_inverts_with_no_arm_of_its_own
        PASS [   0.024s] (2276/5357) hornvale-language clause::tests::every_valence_states_whether_it_binds_an_object
        PASS [   0.025s] (2277/5357) hornvale-language clause::tests::invert_for_question_panics_on_a_non_period_terminal
        PASS [   0.026s] (2278/5357) hornvale-language clause::tests::no_verb_group_form_spans_two_tenses_or_polarities
        PASS [   0.024s] (2279/5357) hornvale-language clause::tests::nominative_forms_determine_person
        PASS [   0.022s] (2280/5357) hornvale-language clause::tests::parse_inverts_the_c2_target_sentence
        PASS [   0.023s] (2281/5357) hornvale-language clause::tests::parse_inverts_the_plural_generic
        PASS [   0.021s] (2282/5357) hornvale-language clause::tests::parse_reports_a_recountable_failure
        PASS [   0.023s] (2283/5357) hornvale-language clause::tests::pronoun_paradigm_is_total
        PASS [   0.028s] (2284/5357) hornvale-language clause::tests::pronoun_subjects_are_lowercase_by_contract
        PASS [   0.025s] (2285/5357) hornvale-language clause::tests::quantity_rounds
        PASS [  13.986s] (2286/5357) hornvale-lab::suite fixture_staleness::a_stale_fixture_fails_with_the_regeneration_instruction
        PASS [   0.021s] (2287/5357) hornvale-language clause::tests::the_construction_table_is_keyed_by_predicate
        PASS [   0.025s] (2288/5357) hornvale-language clause::tests::the_copula_paradigm_is_total_forward_and_syncretic_backward
        PASS [   0.025s] (2289/5357) hornvale-language clause::tests::the_marker_discriminates_embedding_from_coordination
        PASS [   0.025s] (2290/5357) hornvale-language clause::tests::the_parser_stops_descending_at_the_cap
        PASS [   0.128s] (2291/5357) hornvale-language clause::tests::round_trip_over_the_closed_value_space
        PASS [   0.025s] (2292/5357) hornvale-language clause::tests::the_question_operator_does_not_change_the_declarative
        PASS [   0.019s] (2293/5357) hornvale-language clause::tests::the_valence_taxonomy_is_closed_at_five
        PASS [   0.025s] (2294/5357) hornvale-language clause::tests::two_clauses_coordinate_in_common
        PASS [   0.019s] (2295/5357) hornvale-language clause::tests::verb_paradigm_is_total_and_syncretic_beyond_the_third_singular
        PASS [   0.022s] (2296/5357) hornvale-language common_vocab::tests::a_declared_word_wins
        PASS [   0.020s] (2297/5357) hornvale-language common_vocab::tests::a_hyphen_becomes_a_space
        PASS [   0.021s] (2298/5357) hornvale-language common_vocab::tests::a_kind_suffix_is_stripped
        PASS [   0.015s] (2299/5357) hornvale-language common_vocab::tests::a_registry_of_well_formed_ids_resolves_completely
        PASS [   0.012s] (2300/5357) hornvale-language common_vocab::tests::a_single_word_id_is_its_own_word
        PASS [   0.023s] (2301/5357) hornvale-language common_vocab::tests::an_empty_registry_builds
        PASS [   0.017s] (2302/5357) hornvale-language common_vocab::tests::build_rejects_a_malformed_id
        PASS [   0.022s] (2303/5357) hornvale-language common_vocab::tests::build_reports_every_failure_not_just_the_first
        PASS [   0.018s] (2304/5357) hornvale-language common_vocab::tests::redeclaring_replaces
        PASS [   0.024s] (2305/5357) hornvale-language etymology::tests::a_dropped_nasal_coda_falls_in_the_voiced_low_bucket
        PASS [   0.024s] (2306/5357) hornvale-language etymology::tests::a_later_epoch_concept_is_insertion_stable_from_any_alphabetical_position
        PASS [   0.014s] (2307/5357) hornvale-language etymology::tests::a_two_consonant_phonology_lengthens_rather_than_spinning
        PASS [   0.027s] (2308/5357) hornvale-language etymology::tests::assign_proto_roots_holds_core_roots_apart_by_more_than_a_minimal_pair
        PASS [   0.019s] (2309/5357) hornvale-language etymology::tests::assign_proto_roots_is_deterministic
        PASS [   0.024s] (2310/5357) hornvale-language etymology::tests::assign_proto_roots_is_injective_where_independent_draws_would_collide
        PASS [   0.025s] (2311/5357) hornvale-language etymology::tests::assign_proto_roots_is_insertion_stable_for_earlier_sorting_concepts
        PASS [   0.026s] (2312/5357) hornvale-language etymology::tests::assign_proto_roots_lengthens_to_stay_injective_when_the_base_space_saturates
        PASS [   0.026s] (2313/5357) hornvale-language etymology::tests::assign_proto_roots_places_core_concepts_first_so_they_win_the_short_forms
        PASS [   0.026s] (2314/5357) hornvale-language etymology::tests::cluster_simplify_drops_the_first_of_a_word_initial_two_consonant_onset
        PASS [   0.024s] (2315/5357) hornvale-language etymology::tests::derivation_replays
        PASS [   0.026s] (2316/5357) hornvale-language etymology::tests::draw_cascade_default_equals_settled_regime
        PASS [   0.023s] (2317/5357) hornvale-language etymology::tests::evolve_is_regular
        PASS [   0.024s] (2318/5357) hornvale-language etymology::tests::evolve_output_is_subset_of_inventory_even_from_foreign_proto
        PASS [   0.025s] (2319/5357) hornvale-language etymology::tests::evolve_lands_in_inventory
        PASS [   0.026s] (2320/5357) hornvale-language etymology::tests::fortition_turns_fricatives_into_stops_at_same_place_and_voicing
        PASS [   0.027s] (2321/5357) hornvale-language etymology::tests::final_loss_drops_a_word_final_consonant_but_not_a_final_vowel
        PASS [   0.019s] (2322/5357) hornvale-language etymology::tests::nativization_is_load_bearing_not_codomain_identity
        PASS [   0.023s] (2323/5357) hornvale-language etymology::tests::is_minimal_pair_flags_exactly_one_substitution
        PASS [   0.021s] (2324/5357) hornvale-language etymology::tests::nativize_keeps_in_inventory_segments_untouched
        PASS [   0.023s] (2325/5357) hornvale-language etymology::tests::nativize_merges_off_inventory_to_nearest_same_class
        PASS [   0.026s] (2326/5357) hornvale-language etymology::tests::no_drawn_cascade_leads_with_a_tonogenesis
        PASS [   0.026s] (2327/5357) hornvale-language etymology::tests::one_skeleton_yields_distinct_forms_per_template
        PASS [   0.024s] (2328/5357) hornvale-language etymology::tests::only_the_templatic_family_uses_skeletons
        PASS [   0.032s] (2329/5357) hornvale-language etymology::tests::proto_root_is_pure
        PASS [   0.020s] (2330/5357) hornvale-language etymology::tests::templatic_skeletons_are_three_consonants_and_injective
        PASS [   0.012s] (2331/5357) hornvale-language etymology::tests::the_same_mid_sorting_insertion_at_epoch_zero_still_displaces
        PASS [   0.024s] (2332/5357) hornvale-language etymology::tests::tonogenesis_from_final_loss_tones_the_last_nucleus
        PASS [   0.025s] (2333/5357) hornvale-language etymology::tests::tonogenesis_is_inert_in_an_atonal_language
        PASS [   0.025s] (2334/5357) hornvale-language etymology::tests::tonogenesis_is_pure_and_replayable
        PASS [   0.027s] (2335/5357) hornvale-language etymology::tests::tonogenesis_preserves_a_contrast_two_roots_would_otherwise_lose_to_a_merger
        PASS [   0.023s] (2336/5357) hornvale-language etymology::tests::tonogenesis_without_a_prior_merger_is_identity
        PASS [   0.025s] (2337/5357) hornvale-language etymology::tests::tonogenesis_writes_high_for_a_dropped_voiceless_onset_low_for_a_voiced_one
        PASS [   0.026s] (2338/5357) hornvale-language etymology::tests::vowel_shift_param_0_raises_one_step_and_high_stays_high
        PASS [   0.025s] (2339/5357) hornvale-language etymology::tests::vowel_shift_param_1_lowers_one_step
        PASS [   0.026s] (2340/5357) hornvale-language exemplars::tests::brown_is_a_darker_red
        PASS [   0.025s] (2341/5357) hornvale-language exemplars::tests::dark_is_darker_than_light_in_every_band
        PASS [   0.026s] (2342/5357) hornvale-language exemplars::tests::every_hue_concept_has_an_exemplar
        PASS [   0.024s] (2343/5357) hornvale-language exemplars::tests::red_leans_long_and_blue_leans_short
        PASS [   0.025s] (2344/5357) hornvale-language exemplars::tests::the_hue_concepts_are_exactly_the_color_packs_hue_ladder
        PASS [   0.023s] (2345/5357) hornvale-language exemplars::tests::the_luminance_ladder_has_no_exemplars
        PASS [   0.027s] (2346/5357) hornvale-language grammar::tests::a_coordination_under_the_deep_realizer_elides_a_shared_subject
        PASS [   0.024s] (2347/5357) hornvale-language grammar::tests::a_coordination_under_the_deep_realizer_keeps_each_clauses_own_marking
        PASS [   0.021s] (2348/5357) hornvale-language grammar::tests::a_non_lexical_object_bears_no_morphology_and_does_not_panic
        PASS [   0.021s] (2349/5357) hornvale-language grammar::tests::a_non_lexical_object_takes_no_polarity_affix_under_a_zero_copula
        PASS [   0.023s] (2350/5357) hornvale-language grammar::tests::a_non_lexical_object_takes_no_tense_affix_under_a_zero_copula
        PASS [   0.023s] (2351/5357) hornvale-language grammar::tests::a_paratactic_tongue_embeds_with_no_marker
        PASS [   0.026s] (2352/5357) hornvale-language grammar::tests::a_tongue_adjunct_carrying_a_clause_is_refused
        PASS [   0.024s] (2353/5357) hornvale-language grammar::tests::a_tongue_coordination_does_not_raise_a_shared_object
        PASS [   0.023s] (2354/5357) hornvale-language grammar::tests::a_tongue_coordination_of_one_clause_panics
        PASS [   0.023s] (2355/5357) hornvale-language grammar::tests::a_tongue_elides_a_shared_subject
        PASS [   0.028s] (2356/5357) hornvale-language grammar::tests::a_tongue_gaps_a_property_predication
        PASS [   0.030s] (2357/5357) hornvale-language grammar::tests::a_tongue_gaps_a_locative_predication
        PASS [   0.026s] (2358/5357) hornvale-language grammar::tests::a_tongue_gaps_on_an_adjunct_concept_it_lacks_rather_than_emitting_common
        PASS [   0.025s] (2359/5357) hornvale-language grammar::tests::a_tongue_gaps_when_it_has_no_word_for_the_verb
        PASS [   0.027s] (2360/5357) hornvale-language grammar::tests::a_tongue_ignores_number_and_definiteness
        PASS [   0.028s] (2361/5357) hornvale-language grammar::tests::a_tongue_orders_an_intransitive_clause_with_no_object_slot
        PASS [   0.025s] (2362/5357) hornvale-language grammar::tests::a_tongue_predicates_a_bare_count_in_the_object_slot
        PASS [   0.026s] (2363/5357) hornvale-language grammar::tests::a_tongue_panics_on_an_uncovered_predicate_rather_than_gapping
        PASS [   0.027s] (2364/5357) hornvale-language grammar::tests::a_tongue_realizes_a_pronoun_subject_from_its_own_drawn_inventory
        PASS [   0.028s] (2365/5357) hornvale-language grammar::tests::a_tongue_realizes_a_pronoun_object
        PASS [   0.024s] (2366/5357) hornvale-language grammar::tests::a_tongue_realizes_a_temporal_adjuncts_concept_the_same_shape_as_any_other_role
        PASS [   0.030s] (2367/5357) hornvale-language grammar::tests::a_tongue_realizes_a_spatial_adjuncts_concept_the_same_shape_as_any_other_role
        PASS [   0.022s] (2368/5357) hornvale-language grammar::tests::a_tongue_realizes_an_adjunct_whose_concept_it_knows
        PASS [   0.023s] (2369/5357) hornvale-language grammar::tests::a_tongue_shared_object_is_not_raised_even_when_the_subject_also_elides
        PASS [   0.027s] (2370/5357) hornvale-language grammar::tests::a_tongue_third_clause_matching_only_the_first_clause_states_its_own_subject
        PASS [   0.025s] (2371/5357) hornvale-language grammar::tests::a_tongue_with_a_complementizer_marks_the_deep_realized_object_boundary
        PASS [  10.763s] (2372/5357) hornvale-lab::suite reticence::the_report_covers_every_people_and_names_no_doctrine_arm
        PASS [   0.025s] (2373/5357) hornvale-language grammar::tests::a_tongue_with_a_complementizer_marks_the_deep_realized_subject_boundary
        PASS [   0.022s] (2374/5357) hornvale-language grammar::tests::a_tongue_with_a_complementizer_marks_the_embedded_boundary
        PASS [   0.027s] (2375/5357) hornvale-language grammar::tests::a_tongue_with_a_conjunction_joins_two_clauses
        PASS [   0.026s] (2376/5357) hornvale-language grammar::tests::a_tongue_with_an_interrogative_particle_marks_a_polar_question
        PASS [   0.027s] (2377/5357) hornvale-language grammar::tests::a_tongue_with_no_conjunction_juxtaposes
        PASS [   0.020s] (2378/5357) hornvale-language grammar::tests::a_tongue_with_no_interrogative_particle_questions_by_transcription
        PASS [   0.023s] (2379/5357) hornvale-language grammar::tests::a_transitive_past_clause_marks_the_verb_not_the_object
        PASS [   0.024s] (2380/5357) hornvale-language grammar::tests::a_zero_copula_tongue_already_predicates_without_a_verb
        PASS [   0.021s] (2381/5357) hornvale-language grammar::tests::an_inner_clause_keeps_its_own_evidential
        PASS [   0.027s] (2382/5357) hornvale-language grammar::tests::an_empty_pronoun_inventory_still_refuses_and_names_the_row
        PASS [   0.023s] (2383/5357) hornvale-language grammar::tests::an_inner_clause_tense_is_not_backshifted
        PASS [   0.033s] (2384/5357) hornvale-language grammar::tests::articles_presence_rate_matches_authored_weight
        PASS [   0.030s] (2385/5357) hornvale-language grammar::tests::constituent_order_weights_favor_sov_and_svo
        PASS [   0.037s] (2386/5357) hornvale-language grammar::tests::copula_form_is_nonempty_and_deterministic
        PASS [   0.029s] (2387/5357) hornvale-language grammar::tests::copula_presence_rate_matches_authored_weight
        PASS [   0.028s] (2388/5357) hornvale-language grammar::tests::every_argument_shape_resolves_the_same_way_in_either_slot
        PASS [   0.030s] (2389/5357) hornvale-language grammar::tests::inferred_is_defined_and_loud
        PASS [   0.032s] (2390/5357) hornvale-language grammar::tests::layer_affix_panics_on_a_segmentless_word
        PASS [   0.036s] (2391/5357) hornvale-language grammar::tests::question_from_declarative_panics_on_a_non_period_terminal
        PASS [   0.029s] (2392/5357) hornvale-language grammar::tests::realize_tongue_exhaustive_orders_and_copula
        PASS [   0.024s] (2393/5357) hornvale-language grammar::tests::realize_tongue_exhaustive_orders_for_a_transitive_clause
        PASS [   0.018s] (2394/5357) hornvale-language grammar::tests::realize_tongue_gaps_with_the_lexicon_own_gap_reason
        PASS [   0.023s] (2395/5357) hornvale-language grammar::tests::realize_tongue_gaps_whole_sentence
        PASS [   0.022s] (2396/5357) hornvale-language grammar::tests::realize_tongue_orders_and_copula
        PASS [   0.025s] (2397/5357) hornvale-language grammar::tests::realize_tongue_marks_by_depth
        PASS [   0.026s] (2398/5357) hornvale-language grammar::tests::realize_tongue_reads_its_drawn_polarity_depth
        PASS [  11.419s] (2399/5357) hornvale-lab::suite namesake_metrics::the_namesake_metrics_report_in_range_on_a_real_world
        PASS [   0.022s] (2400/5357) hornvale-language grammar::tests::realize_tongue_reads_its_drawn_tense_depth
        PASS [   0.018s] (2401/5357) hornvale-language grammar::tests::shallow_identity_holds_with_nonempty_adjuncts
        PASS [   0.023s] (2402/5357) hornvale-language grammar::tests::shallow_identity_holds_for_a_transitive_clause
        PASS [   0.011s] (2403/5357) hornvale-language grammar::tests::the_deep_realizer_takes_its_pronouns_from_the_morphology_bundle
        PASS [   0.011s] (2404/5357) hornvale-language lexicon::tests::build_lexicon_default_regime_is_unchanged
        PASS [   0.025s] (2405/5357) hornvale-language lexicon::tests::an_unnameable_concept_gaps_without_disturbing_a_co_resident_root
        PASS [   0.024s] (2406/5357) hornvale-language lexicon::tests::an_unnameable_gap_renders_as_its_own_provenance
        PASS [   0.029s] (2407/5357) hornvale-language grammar::tests::tongue_grammar_is_deterministic_and_species_keyed
        PASS [   0.021s] (2408/5357) hornvale-language lexicon::tests::build_lexicon_is_pure
        PASS [   0.023s] (2409/5357) hornvale-language lexicon::tests::headedness_flips_compound_component_order
        PASS [   0.025s] (2410/5357) hornvale-language lexicon::tests::every_input_concept_yields_exactly_one_entry
        PASS [   0.024s] (2411/5357) hornvale-language lexicon::tests::knows_of_concept_compounds_from_steeped_components_in_headedness_order
        PASS [   0.020s] (2412/5357) hornvale-language lexicon::tests::knows_of_concept_with_an_unheld_component_falls_back_to_experiential_gap
        PASS [   0.021s] (2413/5357) hornvale-language lexicon::tests::kobold_singleton_consumes_the_assigned_stream_path
        PASS [   0.022s] (2414/5357) hornvale-language lexicon::tests::proto_root_is_keyed_by_family_not_species
        PASS [   0.024s] (2415/5357) hornvale-language lexicon::tests::proto_root_universe_excludes_extradiegetic_concepts
        PASS [   0.014s] (2416/5357) hornvale-language lexicon::tests::proto_root_universe_excludes_unnameable_concepts
        PASS [   0.014s] (2417/5357) hornvale-language morphology::tests::affix_is_segment_level_not_string_concat
        PASS [   0.020s] (2418/5357) hornvale-language lexicon::tests::two_daughters_share_a_proto_root
        PASS [   0.025s] (2419/5357) hornvale-language lexicon::tests::singleton_family_uses_the_assigned_proto_root
        PASS [   0.024s] (2420/5357) hornvale-language morphology::tests::depth_draws_are_deterministic_and_weighted
        PASS [   0.018s] (2421/5357) hornvale-language morphology::tests::morph_forms_are_family_cognate
        PASS [   0.024s] (2422/5357) hornvale-language morphology::tests::pronoun_forms_are_family_cognate
        PASS [   0.024s] (2423/5357) hornvale-language morphology::tests::pronoun_forms_cover_six_person_number_slots
        PASS [   0.021s] (2424/5357) hornvale-language morphology::tests::the_pronoun_paradigm_keys_are_exactly_person_crossed_with_number
        PASS [   0.025s] (2425/5357) hornvale-language naming::tests::a_compound_of_attested_words_and_canon_syllables_conforms
        PASS [   0.024s] (2426/5357) hornvale-language naming::tests::a_compounds_stressed_morpheme_keeps_its_nucleus
        PASS [   0.025s] (2427/5357) hornvale-language naming::tests::a_degenerate_shape_profile_falls_back_to_the_unclampable_shape
        PASS [   0.023s] (2428/5357) hornvale-language naming::tests::a_diphthong_admitting_language_still_speaks_simple_syllables
        PASS [   0.021s] (2429/5357) hornvale-language naming::tests::a_name_is_a_pure_function_of_seed_species_kind_and_salt
        PASS [   0.027s] (2430/5357) hornvale-language naming::tests::a_frequent_morpheme_standing_alone_keeps_its_stressed_nucleus
        PASS [   0.031s] (2431/5357) hornvale-language naming::tests::a_generated_name_carries_a_wrapped_stressed_espeak_formulation
        PASS [   0.043s] (2432/5357) hornvale-language naming::tests::a_drawn_stems_non_initial_nuclei_are_no_longer_than_its_first
        PASS [   0.024s] (2433/5357) hornvale-language naming::tests::an_attested_span_survives_verbatim_inside_a_sequence_needing_repair
        PASS [   0.026s] (2434/5357) hornvale-language naming::tests::a_words_first_nucleus_is_spared_and_the_rest_reduce
        PASS [   0.017s] (2435/5357) hornvale-language naming::tests::an_attested_word_conforms_verbatim_even_where_canon_rejects_it
        PASS [   0.011s] (2436/5357) hornvale-language naming::tests::apostrophe_orthography_separates_a_digraph_from_a_following_consonant
        PASS [   0.035s] (2437/5357) hornvale-language naming::tests::an_honorific_prefix_takes_the_stress_from_the_compound
        PASS [   0.024s] (2438/5357) hornvale-language naming::tests::attested_forms_are_roots_only_deduped_longest_first
        PASS [   0.028s] (2439/5357) hornvale-language naming::tests::attested_compounds_repair_to_identity_across_the_seed_sweep
        PASS [   0.018s] (2440/5357) hornvale-language naming::tests::foreign_material_still_repairs_exactly_as_before
        PASS [   0.024s] (2441/5357) hornvale-language naming::tests::frequent_morphemes_wear_and_rare_ones_do_not
        PASS [   0.023s] (2442/5357) hornvale-language naming::tests::generated_names_never_contain_the_unrepresentable_glyph
        PASS [   0.020s] (2443/5357) hornvale-language naming::tests::glossed_concepts_is_exactly_what_glossed_name_glosses_and_ignores_the_corpus
        PASS [   0.037s] (2444/5357) hornvale-language naming::tests::glossed_epithet_honorific_still_keys_to_status_basis
        PASS [   0.025s] (2445/5357) hornvale-language naming::tests::glossed_name_falls_back_to_a_bare_stem_when_no_site_concept_holds_a_word
        PASS [   0.021s] (2446/5357) hornvale-language naming::tests::glossed_name_is_a_pure_function_of_its_arguments
        PASS [   0.024s] (2447/5357) hornvale-language naming::tests::glossed_name_gloss_concepts_are_a_subset_of_site_concepts
        PASS [   0.024s] (2448/5357) hornvale-language naming::tests::glossed_names_surface_their_site_words_verbatim
        PASS [   0.022s] (2449/5357) hornvale-language naming::tests::landform_naming_does_not_disturb_the_other_kinds
        PASS [   0.026s] (2450/5357) hornvale-language naming::tests::honorific_morphology_appears_only_when_requested
        PASS [   0.019s] (2451/5357) hornvale-language naming::tests::names_are_deterministic_and_carry_all_three_views
        PASS [   0.022s] (2452/5357) hornvale-language naming::tests::render_views_marks_tone_on_the_vowel_and_leaves_neutral_bare
        PASS [   0.022s] (2453/5357) hornvale-language naming::tests::repair_breaks_an_illegal_seam_cluster_by_epenthesis
        PASS [   0.070s] (2454/5357) hornvale-language naming::tests::glossed_name_moved_the_epoch_off_v1
        PASS [   0.022s] (2455/5357) hornvale-language naming::tests::repair_of_a_valid_sequence_is_identity_and_repair_is_idempotent
        PASS [   0.027s] (2456/5357) hornvale-language naming::tests::repair_deletes_a_segment_no_template_can_host_as_second_resort
        PASS [   0.026s] (2457/5357) hornvale-language naming::tests::repair_makes_real_evolved_compounds_conform
        PASS [   0.019s] (2458/5357) hornvale-language naming::tests::the_drawn_settlement_stem_has_retired
        PASS [   0.022s] (2459/5357) hornvale-language naming::tests::wear_is_keyed_to_frequency_not_to_the_compound_slot
        PASS [   0.023s] (2460/5357) hornvale-language naming::tests::wear_reduces_a_frequent_morpheme_and_leaves_a_rare_one_whole
        PASS [   0.019s] (2461/5357) hornvale-language naming::tests::wear_that_repair_would_annihilate_is_given_up
        PASS [   0.025s] (2462/5357) hornvale-language numeracy::tests::a_one_to_one_ratio_is_expressible_even_at_subitizing
        PASS [   0.026s] (2463/5357) hornvale-language numeracy::tests::a_two_to_one_ratio_is_expressible_at_full_counting_but_not_subitizing
        PASS [   0.024s] (2464/5357) hornvale-language numeracy::tests::expressibility_is_monotonic_in_rung
        PASS [   0.062s] (2465/5357) hornvale-language naming::tests::the_shape_draw_follows_its_weights_and_beta_actually_sharpens_them
        PASS [   0.028s] (2466/5357) hornvale-language numeracy::tests::numeracy_rung_covers_all_three_buckets_across_many_seeds
        PASS [   0.025s] (2467/5357) hornvale-language numeracy::tests::numeracy_rung_is_pure
        PASS [   0.020s] (2468/5357) hornvale-language numeracy::tests::the_ladder_renders_genuinely_different_text
        PASS [   0.024s] (2469/5357) hornvale-language packs::tests::blue_is_gated_by_hue_depth
        PASS [   0.018s] (2470/5357) hornvale-language packs::tests::every_recipe_ingredient_is_a_registered_concept
        PASS [   0.020s] (2471/5357) hornvale-language packs::tests::every_bearing_is_a_registered_concept
        PASS [   0.029s] (2472/5357) hornvale-language packs::tests::cardinals_are_roots_and_intercardinals_are_compounds
        PASS [   0.022s] (2473/5357) hornvale-language packs::tests::no_bearing_is_defined_circularly
        PASS [   0.024s] (2474/5357) hornvale-language packs::tests::person_is_a_registered_universal_concept
        PASS [   0.018s] (2475/5357) hornvale-language packs::tests::water_is_registered_with_domain_language
        PASS [   0.025s] (2476/5357) hornvale-language packs::tests::registering_after_astronomy_does_not_conflict_on_sun
        PASS [   0.025s] (2477/5357) hornvale-language paradigm::tests::a_position_independent_rule_never_diverges
        PASS [   0.019s] (2478/5357) hornvale-language paradigm::tests::final_loss_makes_a_suffixed_root_irregular
        PASS [   0.019s] (2479/5357) hornvale-language paradigm::tests::leveling_keeps_the_shortest_quartile_irregular
        PASS [   0.025s] (2480/5357) hornvale-language paradigm::tests::adding_the_person_axis_moves_no_existing_paradigm_draw
        PASS [   0.022s] (2481/5357) hornvale-language paradigm::tests::paradigm_affix_proto_is_family_cognate
        PASS [   0.019s] (2482/5357) hornvale-language paradigm::tests::paradigm_depths_covers_all_three_buckets_across_many_seeds
        PASS [   0.020s] (2483/5357) hornvale-language paradigm::tests::paradigm_depths_is_pure
        PASS [   0.023s] (2484/5357) hornvale-language paradigm::tests::person_depth_is_drawn_and_every_bucket_is_reachable
        PASS [   0.026s] (2485/5357) hornvale-language paradigm::tests::realize_paradigm_vertex_is_pure
        PASS [   0.023s] (2486/5357) hornvale-language phoneme::tests::a_bundle_changes_the_spelling_not_the_phonology
        PASS [   0.015s] (2487/5357) hornvale-language phoneme::tests::espeak_is_a_third_distinct_view
        PASS [   0.023s] (2488/5357) hornvale-language phoneme::tests::a_trill_is_more_sonorous_than_a_sibilant
        PASS [   0.011s] (2489/5357) hornvale-language phoneme::tests::every_canonical_espeak_mnemonic_is_bare_ascii_alphanumeric
        PASS [   0.023s] (2490/5357) hornvale-language phoneme::tests::espeak_word_of_a_vowelless_or_empty_run_carries_no_stress_marker
        PASS [   0.020s] (2491/5357) hornvale-language phoneme::tests::espeak_word_stresses_the_first_vowel_and_wraps_for_phoneme_input
        PASS [   0.021s] (2492/5357) hornvale-language phoneme::tests::romanization_and_ipa_are_distinct_views_of_one_segment
        PASS [   0.025s] (2493/5357) hornvale-language phoneme::tests::sonority_orders_stop_below_vowel
        PASS [   0.019s] (2494/5357) hornvale-language phoneme::tests::tone_marks_render_for_toned_vowels_and_are_empty_for_neutral
        PASS [   0.027s] (2495/5357) hornvale-language phoneme::tests::tone_is_the_last_ord_key_of_a_vowel
        PASS [   0.031s] (2496/5357) hornvale-language phonology::tests::a_quiet_envelope_still_draws_a_sonorant
        PASS [   0.022s] (2497/5357) hornvale-language phonology::tests::a_quiet_species_admits_its_trill_rarely_or_not_at_all
        PASS [   0.023s] (2498/5357) hornvale-language phonology::tests::a_tone_capable_species_admits_toned_vowels
        PASS [   0.017s] (2499/5357) hornvale-language phonology::tests::a_trill_is_permitted_without_an_exotic_capability
        PASS [   0.025s] (2500/5357) hornvale-language phonology::tests::an_atonal_species_admits_only_neutral_vowels
        PASS [   0.023s] (2501/5357) hornvale-language phonology::tests::clicks_and_ejectives_are_still_gated
        PASS [   0.021s] (2502/5357) hornvale-language phonology::tests::distinguishable_capacity_multiplies_onset_nucleus_and_coda_fillings
        PASS [   0.021s] (2503/5357) hornvale-language phonology::tests::draw_is_deterministic
        PASS [   0.016s] (2504/5357) hornvale-language phonology::tests::no_language_requires_a_diphthong_in_every_syllable
        PASS [   0.025s] (2505/5357) hornvale-language phonology::tests::drawn_inventory_is_always_a_subset_of_canonical_segments
        PASS [   0.020s] (2506/5357) hornvale-language phonology::tests::inventory_respects_the_envelope
        PASS [   0.024s] (2507/5357) hornvale-language phonology::tests::envelope_forbids_labials_for_a_low_labiality_species
        PASS [  31.132s] (2508/5357) hornvale-lab metrics::tests::monophyly_goblinoid_holds_on_the_seeds_the_unfiltered_universe_broke
        PASS [   0.021s] (2509/5357) hornvale-language phonology::tests::only_the_sonorant_open_bundle_requires_a_liquid
        PASS [   0.022s] (2510/5357) hornvale-language phonology::tests::the_capacity_floor_never_widens_an_atonal_species
        PASS [   0.026s] (2511/5357) hornvale-language phonology::tests::the_capacity_floor_widens_a_tone_capable_species_by_pitch
        PASS [   0.022s] (2512/5357) hornvale-language phonology::tests::the_control_bundle_draws_what_it_always_drew
        PASS [   0.021s] (2513/5357) hornvale-language phonology::tests::the_obstruent_obligatory_law_never_draws_an_open_coda
        PASS [   0.048s] (2514/5357) hornvale-language phonology::tests::sonorant_open_proto_roots_actually_contain_a_liquid
        PASS [   0.024s] (2515/5357) hornvale-language phonology::tests::the_open_or_nasal_law_admits_an_open_coda
        PASS [   0.038s] (2516/5357) hornvale-language phonology::tests::the_forced_onset_template_carries_a_liquid_not_merely_a_sonorant
        PASS [   0.021s] (2517/5357) hornvale-language phonology::tests::the_single_onset_law_draws_no_clusters
        PASS [   0.012s] (2518/5357) hornvale-language phonology::tests::the_sonorant_second_law_puts_a_sonorant_in_every_onset_cluster
        PASS [   0.024s] (2519/5357) hornvale-language phonology::tests::the_sonorant_floor_holds_across_seeds
        PASS [   0.016s] (2520/5357) hornvale-language phonology::tests::the_tone_inventory_grows_monotonically_with_tonality
        PASS [   0.016s] (2521/5357) hornvale-language phonology::tests::the_tone_leg_is_isolated_the_consonant_draw_is_tonality_independent
        PASS [   0.016s] (2522/5357) hornvale-language register::tests::a_cyclic_line_names_the_deity_and_its_return
        PASS [   0.025s] (2523/5357) hornvale-language register::tests::higher_repetition_lengthens_the_line
        PASS [   0.023s] (2524/5357) hornvale-language register::tests::manikin_and_contrasting_voice_produce_different_strings
        PASS [   0.023s] (2525/5357) hornvale-language register::tests::render_is_pure_and_deterministic
        PASS [   0.023s] (2526/5357) hornvale-language schemas::tests::admissions_match_the_preregistered_gates
        PASS [   0.022s] (2527/5357) hornvale-language schemas::tests::beta_sharpening_is_monotone_and_deterministic
        PASS [   0.019s] (2528/5357) hornvale-language schemas::tests::conflict_states_cover_the_preregistered_grid
        PASS [   0.022s] (2529/5357) hornvale-language schemas::tests::explained_lost_doctrine_is_never_a_revealed_claim
        PASS [   0.024s] (2530/5357) hornvale-language schemas::tests::lexeme_tables_are_closed_and_subframe_gated
        PASS [   0.022s] (2531/5357) hornvale-language schemas::tests::mediation_values_match_the_preregistered_column
        PASS [   0.023s] (2532/5357) hornvale-language schemas::tests::link_sympathy_is_agent_bearing_in_the_table
        PASS [   0.023s] (2533/5357) hornvale-language schemas::tests::select_lexeme_is_deterministic_and_none_on_empty
        PASS [   0.021s] (2534/5357) hornvale-language schemas::tests::selection_is_none_on_all_nonpositive_weights
        PASS [   0.027s] (2535/5357) hornvale-language schemas::tests::the_schema_table_is_closed_and_complete
        PASS [   0.032s] (2536/5357) hornvale-language schemas::tests::selection_is_none_on_empty_admissions
        PASS [   0.023s] (2537/5357) hornvale-language tests::stream_labels_declare_the_pronoun_draw
        PASS [   0.030s] (2538/5357) hornvale-language tests::goblin_is_currently_authored_at_the_manikin
        PASS [   0.020s] (2539/5357) hornvale-language tests::the_draconic_family_draws_a_contrastive_tone
        PASS [   0.018s] (2540/5357) hornvale-language typology::tests::every_family_names_a_real_bundle
        PASS [   0.022s] (2541/5357) hornvale-language typology::tests::backness_harmony_makes_every_vowel_agree
        PASS [   0.022s] (2542/5357) hornvale-language typology::tests::every_bundle_is_used_by_some_family
        PASS [   0.024s] (2543/5357) hornvale-language typology::tests::a_coerced_vowel_is_always_a_canonical_segment
        PASS [   0.022s] (2544/5357) hornvale-language typology::tests::no_harmony_is_the_identity
        PASS [   0.022s] (2545/5357) hornvale-language typology::tests::the_concatenative_bundle_is_the_status_quo
        PASS [   0.019s] (2546/5357) hornvale-language::suite accession_append_only::existing_cohorts_are_never_edited
        PASS [   0.021s] (2547/5357) hornvale-language typology::tests::the_first_vowel_sets_the_harmony_class
        PASS [   0.020s] (2548/5357) hornvale-language::suite accession_append_only::the_live_table_has_grown_past_the_frozen_prefix
        PASS [   0.082s] (2549/5357) hornvale-language::suite accession_properties::appending_the_chattel_property_cohort_displaces_no_existing_proto_root
        PASS [   0.097s] (2550/5357) hornvale-language::suite accession_properties::appending_the_object_property_cohort_displaces_no_existing_proto_root
        PASS [   0.011s] (2551/5357) hornvale-language::suite accession_properties::later_epoch_roots_degrade_to_epoch_zero_when_no_closed_coda_exists
        PASS [   0.011s] (2552/5357) hornvale-language::suite accession_properties::later_epoch_roots_end_closed_when_the_phonology_admits_both
        PASS [   0.120s] (2553/5357) hornvale-language::suite accession_properties::appending_the_elf_cohort_displaces_no_existing_proto_root
        PASS [   0.018s] (2554/5357) hornvale-language::suite anthroponym::a_name_is_an_ordered_list_and_order_is_meaningful
        PASS [   0.022s] (2555/5357) hornvale-language::suite anthroponym::a_pattern_with_no_elements_is_a_mononym_not_an_error
        PASS [   0.012s] (2556/5357) hornvale-language::suite anthroponym::authorship_determines_revocability
        PASS [   0.156s] (2557/5357) hornvale-language::suite accession_properties::appending_the_felt_state_cohort_displaces_no_existing_proto_root
        PASS [   0.012s] (2558/5357) hornvale-language::suite anthroponym::person_is_a_distinct_name_kind_with_its_own_seed_label
        PASS [   0.166s] (2559/5357) hornvale-language::suite accession_properties::appending_the_kill_cohort_displaces_no_existing_proto_root
        PASS [   0.027s] (2560/5357) hornvale-language::suite anthroponym::every_element_source_and_author_is_representable
        PASS [   0.026s] (2561/5357) hornvale-language::suite anthroponym_render::a_collision_on_the_given_name_extends_by_exactly_one_element
        PASS [   0.017s] (2562/5357) hornvale-language::suite anthroponym_render::a_competitor_that_shares_no_prefix_forces_no_extension
        PASS [   0.028s] (2563/5357) hornvale-language::suite anthroponym_render::a_collision_two_deep_extends_twice
        PASS [   0.022s] (2564/5357) hornvale-language::suite anthroponym_render::alone_in_its_scope_a_name_renders_as_its_given_name
        PASS [   0.133s] (2565/5357) hornvale-language::suite accession_properties::appending_the_think_cohort_displaces_no_existing_proto_root
        PASS [   0.011s] (2566/5357) hornvale-language::suite paradigm_properties::every_candidate_form_carries_a_derivation
        PASS [   0.019s] (2567/5357) hornvale-language::suite anthroponym_render::two_identical_names_render_identically_rather_than_looping
        PASS [   0.025s] (2568/5357) hornvale-language::suite anthroponym_render::an_empty_name_renders_empty_rather_than_panicking
        PASS [   0.023s] (2569/5357) hornvale-language::suite paradigm_properties::leveling_suppresses_a_strict_subset
        PASS [   0.020s] (2570/5357) hornvale-language::suite paradigm_properties::non_degeneracy_some_diverge_some_dont
        PASS [   0.019s] (2571/5357) hornvale-language::suite paradigm_properties::the_frequency_prediction_shorter_roots_survive
        PASS [   0.025s] (2572/5357) hornvale-language::suite paradigm_properties::purity_same_inputs_same_output
        PASS [   0.021s] (2573/5357) hornvale-language::suite rule_witness::tonogenesis_and_vowel_shift_are_never_drawn_for_the_shipped_roster
        PASS [   0.037s] (2574/5357) hornvale-language::suite rule_witness::every_rule_kind_is_witnessed_changing_a_word
        PASS [   0.023s] (2575/5357) hornvale-language::suite speakable_properties::the_audibility_property_still_reds_under_erasure
        PASS [   0.016s] (2576/5357) hornvale-locale budget::tests::every_kingdom_is_reachable
        PASS [   0.053s] (2577/5357) hornvale-language::suite speakable_properties::glossed_names_audibly_contain_their_words_across_the_seed_sweep
        PASS [   0.022s] (2578/5357) hornvale-locale budget::tests::the_damp_term_saturates_and_is_zero_on_dry_ground
        PASS [   0.085s] (2579/5357) hornvale-language::suite speakable_properties::glossed_names_audibly_contain_their_words_under_a_saturated_corpus
        PASS [   0.024s] (2580/5357) hornvale-locale grammar::tests::adjacent_rooms_in_one_biome_differ
        PASS [   0.027s] (2581/5357) hornvale-locale grammar::tests::derived_is_deterministic
        PASS [   0.022s] (2582/5357) hornvale-locale grammar::tests::derived_tier_is_never_exotic
        PASS [   0.024s] (2583/5357) hornvale-locale grammar::tests::land_micro_clauses_are_unchanged
        PASS [   0.025s] (2584/5357) hornvale-locale grammar::tests::no_formation_falls_through_to_the_catch_all
        PASS [   0.026s] (2585/5357) hornvale-locale grammar::tests::nothing_underwater_is_dry_or_sun_warmed
        PASS [   0.018s] (2586/5357) hornvale-locale grammar::tests::only_the_sunlit_water_is_described_by_its_light
        PASS [   0.024s] (2587/5357) hornvale-locale grammar::tests::re_keying_the_pool_leaves_every_land_descriptor_untouched
        PASS [   0.029s] (2588/5357) hornvale-locale grammar::tests::open_water_reads_differently_at_different_depths
        PASS [   0.023s] (2589/5357) hornvale-locale grammar::tests::render_reports_the_noun_phrase_it_composed
        PASS [   0.024s] (2590/5357) hornvale-locale micro::tests::a_grounded_field_is_deterministic_and_in_range
        PASS [   0.023s] (2591/5357) hornvale-locale micro::tests::micro_field_is_deterministic_and_in_range
        PASS [   0.028s] (2592/5357) hornvale-locale micro::tests::grounding_wetness_moves_no_other_axis
        PASS [   0.023s] (2593/5357) hornvale-locale micro::tests::more_supply_is_never_less_wetness
        PASS [   0.027s] (2594/5357) hornvale-locale micro::tests::nearer_the_watercourse_is_never_drier
        PASS [   0.020s] (2595/5357) hornvale-locale micro::tests::sibling_rooms_differ
        PASS [   0.024s] (2596/5357) hornvale-locale micro::tests::the_channel_wets_ground_the_climate_does_not
        PASS [   0.032s] (2597/5357) hornvale-locale regime::tests::endemic_adds_a_capped_bonus
        PASS [   0.033s] (2598/5357) hornvale-locale regime::tests::energy_or_kingdom_negation_is_exotic_rung
        PASS [   0.017s] (2599/5357) hornvale-locale regime::tests::magnitude_is_the_max_departure_not_the_sum
        PASS [   0.026s] (2600/5357) hornvale-locale regime::tests::mundane_has_zero_strangeness
        PASS [   0.026s] (2601/5357) hornvale-locale regime::tests::substrate_negation_is_extreme_rung
        PASS [   0.026s] (2602/5357) hornvale-locale regime::tests::substrate_slot_serializes_by_variant_name
        PASS [  12.325s] (2603/5357) hornvale-lab::suite reticence_calibration::h1_the_improvising_arms_are_distributed_as_preregistered
        PASS [   0.026s] (2604/5357) hornvale-locale surface::tests::a_desert_vertex_leans_sand_or_silt_not_vegetation
        PASS [  11.191s] (2605/5357) hornvale-lab::suite roster_parity::the_lab_considers_every_concept_worldgen_can_steep
        SLOW [> 60.000s] (─────────) hornvale-book tests::the_reckoning_renders_the_epoch_pair
        PASS [   1.657s] (2606/5357) hornvale-locale surface::tests::a_frozen_vertex_carries_snow_and_reads_snow_dominant
        PASS [   1.716s] (2607/5357) hornvale-locale surface::tests::an_unfrozen_open_water_vertex_is_bare
        PASS [   0.029s] (2608/5357) hornvale-locale surface::tests::legend_index_and_name_agree_for_every_variant
        PASS [   2.619s] (2609/5357) hornvale-locale substrate::tests::substrate_is_deterministic_and_total
        PASS [   2.952s] (2610/5357) hornvale-locale substrate::tests::high_unrest_vertices_read_volcanic
        PASS [   1.405s] (2611/5357) hornvale-locale surface::tests::openness_moves_the_chlorophyll_litter_split_but_not_the_total
        PASS [   1.673s] (2612/5357) hornvale-locale surface::tests::covered_fraction_never_exceeds_the_bare_ground_budget
        PASS [  21.095s] (2613/5357) hornvale-lab::suite cascade_firing::the_two_probe_species_do_not_report_the_same_inertness_on_seed_42
        PASS [   1.761s] (2614/5357) hornvale-locale tests::a_locale_reports_height_above_sea_level_not_the_raw_reading
        PASS [   1.818s] (2615/5357) hornvale-locale tests::blend_and_inheritance_pin_exact_values
        PASS [  13.186s] (2616/5357) hornvale-lab::suite the_doctrine::the_soc1_gate_holds_at_seed_1
        PASS [   1.694s] (2617/5357) hornvale-locale tests::describe_above_the_grid_errors
        PASS [   2.355s] (2618/5357) hornvale-locale tests::cached_readers_assert_against_geo_level_aliasing_on_read
        PASS [   1.605s] (2619/5357) hornvale-locale tests::describe_over_deep_address_errors
        PASS [   2.255s] (2620/5357) hornvale-locale tests::describe_and_reflectance_agree_on_one_dominant_vertex
        PASS [   1.788s] (2621/5357) hornvale-locale tests::describe_reports_the_cave_at_its_dominant_corner_on_seed_42
        PASS [   1.867s] (2622/5357) hornvale-locale tests::every_cached_reader_bit_equals_its_recomputing_sibling_with_a_partial_prefill
        PASS [   3.387s] (2623/5357) hornvale-locale tests::describe_is_deterministic_across_two_contexts
        PASS [   2.242s] (2624/5357) hornvale-locale tests::every_room_labels_each_neighbour_with_its_own_compass_word
        PASS [  21.315s] (2625/5357) hornvale-lab::suite hearth_population_calibration::the_landing_anchors_warmth_is_small_next_to_real_cold_built_deviations
        PASS [   1.840s] (2626/5357) hornvale-locale tests::exits_are_eight_lateral_plus_vertical
        PASS [   1.730s] (2627/5357) hornvale-locale tests::fields_are_within_the_corner_range
        PASS [   1.728s] (2628/5357) hornvale-locale tests::locale_water_field_varies_and_includes_fresh_water_on_seed_42
        PASS [   0.021s] (2629/5357) hornvale-locale tests::the_eight_bearings_are_distinct_and_evenly_spaced
        PASS [  21.429s] (2630/5357) hornvale-lab::suite reticence::the_report_is_deterministic
        PASS [  26.474s] (2631/5357) hornvale-lab::suite depth_ladder::depth_scoped_metrics_match_full_build
        PASS [   1.963s] (2632/5357) hornvale-locale tests::regime_is_deterministic_and_siblings_differ
        PASS [   1.660s] (2633/5357) hornvale-locale tests::schema_is_v2_and_regime_present
        PASS [   1.599s] (2634/5357) hornvale-locale tests::strange_sites_are_exposed
        PASS [   1.703s] (2635/5357) hornvale-locale tests::strange_site_rows_carry_their_own_descriptor
        PASS [   2.135s] (2636/5357) hornvale-locale tests::room_water_is_conserved_when_aggregated_over_a_canonical_vertex
        PASS [   1.917s] (2637/5357) hornvale-locale tests::the_grounded_wetness_is_the_moisture_redistributed_by_the_watercourse
        PASS [   1.685s] (2638/5357) hornvale-locale tests::the_memoized_reflectance_is_the_uncached_one
        PASS [   1.615s] (2639/5357) hornvale-locale::suite column_delegation::the_sampled_column_is_byte_stable
        PASS [   1.589s] (2640/5357) hornvale-locale::suite column_delegation::water_column_at_agrees_with_climate_strata_at_on_every_water_vertex
        PASS [   1.669s] (2641/5357) hornvale-locale::suite column_delegation::expr_at_stratum_agrees_with_climate_in_column
        PASS [   1.634s] (2642/5357) hornvale-locale::suite site_address_agreement::the_placed_facet_is_not_the_vertex
        PASS [   1.628s] (2643/5357) hornvale-locale::suite site_address_agreement::the_strange_readout_reports_the_placed_facets_own_centroid
        PASS [   1.617s] (2644/5357) hornvale-locale::suite surface_mixture::integrating_the_kept_mixture_equals_integrating_immediately
        PASS [  13.004s] (2645/5357) hornvale-locale budget::tests::placed_sites_are_a_small_minority
        PASS [   6.072s] (2646/5357) hornvale-locale tests::mineral_weights_sum_to_one_across_a_buffer_spread
        PASS [   1.668s] (2647/5357) hornvale-locale::suite water_reading::the_band_recomputes_from_the_stored_distance_and_edges
        PASS [   1.687s] (2648/5357) hornvale-locale::suite water_reading::the_discharge_clause_makes_the_strongest_crossing_impassable
        PASS [   1.660s] (2649/5357) hornvale-locale::suite water_reading::the_distance_and_the_bands_are_one_reading
        PASS [   0.010s] (2650/5357) hornvale-locale::suite water_reading::the_schema_tag_is_still_v2
        PASS [   1.884s] (2651/5357) hornvale-locale::suite water_reading::a_dry_land_sign_change_exists_and_the_crossing_gate_excludes_it
        PASS [   2.496s] (2652/5357) hornvale-locale::suite water_reading::same_bank_neighbours_are_not_a_crossing
        PASS [   1.695s] (2653/5357) hornvale-locale::suite water_reading::the_document_appends_keys_and_removes_none
        PASS [   1.917s] (2654/5357) hornvale-locale::suite water_reading::the_fordable_fraction_of_the_network_is_within_its_interval
        PASS [   1.620s] (2655/5357) hornvale-locale::suite water_reading::the_loud_reach_population_is_pinned_as_a_witness
        PASS [   1.688s] (2656/5357) hornvale-locale::suite water_reading::the_ordinal_is_recoverable_as_a_function_over_a_room
        PASS [   1.595s] (2657/5357) hornvale-locale::suite water_reading::the_room_declares_which_fields_are_grid_and_channel_resolution
        PASS [   0.012s] (2658/5357) hornvale-paleoclimate facts::tests::genesis_commits_the_frost_retreat_and_maximum
        PASS [   0.011s] (2659/5357) hornvale-paleoclimate facts::tests::register_is_idempotent
        PASS [   0.011s] (2660/5357) hornvale-paleoclimate facts::tests::zero_ice_world_records_no_frost_retreat
        PASS [   0.011s] (2661/5357) hornvale-paleoclimate forcing_index::tests::higher_tilt_warms_summers
        PASS [   0.011s] (2662/5357) hornvale-paleoclimate forcing_index::tests::null_control_is_exactly_zero_at_any_reference_obliquity
        PASS [   0.011s] (2663/5357) hornvale-paleoclimate forcing_index::tests::precession_enters_scaled_by_eccentricity
        PASS [   0.011s] (2664/5357) hornvale-paleoclimate forcing_index::tests::reference_sky_is_near_zero
        PASS [   0.010s] (2665/5357) hornvale-paleoclimate ice::tests::cold_summers_grow_ice_warm_summers_melt_it
        PASS [   0.011s] (2666/5357) hornvale-paleoclimate ice::tests::couplings_are_signed_and_bounded
        PASS [   0.011s] (2667/5357) hornvale-paleoclimate ice::tests::dead_band_holds_volume_steady
        PASS [   0.011s] (2668/5357) hornvale-paleoclimate ice::tests::integration_is_deterministic
        PASS [   0.019s] (2669/5357) hornvale-paleoclimate render::tests::ascii_is_the_right_shape_and_deterministic
        PASS [   0.059s] (2670/5357) hornvale-paleoclimate render::tests::png_is_nonempty_and_deterministic
        PASS [   0.011s] (2671/5357) hornvale-paleoclimate strata::tests::envelope_unions_cold_eras
        PASS [   0.011s] (2672/5357) hornvale-paleoclimate strata::tests::glaciated_ices_land_under_a_cold_field
        PASS [  31.855s] (2673/5357) hornvale-lab::suite census_sentinel::the_first_three_census_worlds_match_the_committed_rows
        PASS [   0.011s] (2674/5357) hornvale-paleoclimate strata::tests::glaciated_leaves_land_bare_under_a_warm_field
        PASS [   0.015s] (2675/5357) hornvale-paleoclimate strata::tests::glaciated_moves_a_latitudinal_snowline
        PASS [   0.013s] (2676/5357) hornvale-paleoclimate strata::tests::glaciated_never_ices_ocean_regardless_of_temperature
        PASS [   0.012s] (2677/5357) hornvale-paleoclimate strata::tests::shoreline_is_the_swept_band
        PASS [   0.011s] (2678/5357) hornvale-paleoclimate units::tests::ice_volume_rejects_out_of_range_and_nonfinite
        PASS [   0.014s] (2679/5357) hornvale-paleoclimate units::tests::sea_level_change_allows_negative_but_not_nonfinite
        PASS [   0.039s] (2680/5357) hornvale-paleoclimate units::tests::addition_and_subtraction_round_trip
        PASS [   0.011s] (2681/5357) hornvale-paleoclimate units::tests::temp_anomaly_orders_by_magnitude
        PASS [   0.012s] (2682/5357) hornvale-paleoclimate units::tests::temperature_rejects_nonfinite
        PASS [   0.033s] (2683/5357) hornvale-paleoclimate units::tests::temp_anomaly_from_offset_c_matches_raw_value
        PASS [   0.011s] (2684/5357) hornvale-paleoclimate::paleo_properties flat_forcing_never_glaciates
        PASS [   0.013s] (2685/5357) hornvale-paleoclimate::paleo_properties ice_volume_stays_in_unit_range
        PASS [   0.011s] (2686/5357) hornvale-paleoclimate::paleo_properties integration_is_byte_identical_across_runs
        PASS [   0.015s] (2687/5357) hornvale-paleoclimate::paleo_properties sustained_cold_then_warm_makes_a_sawtooth
        PASS [   0.011s] (2688/5357) hornvale-person tests::a_founder_matures_before_founding_and_the_stamps_say_so
        PASS [   0.010s] (2689/5357) hornvale-person tests::a_living_founder_gets_no_death_fact
        PASS [   0.010s] (2690/5357) hornvale-person tests::concepts_registered
        PASS [   0.011s] (2691/5357) hornvale-religion tests::a_flat_society_has_no_high_god
        PASS [   0.011s] (2692/5357) hornvale-religion tests::a_ranked_society_crowns_the_most_salient_deity
        PASS [   0.012s] (2693/5357) hornvale-religion tests::ambient_venue_phenomena_yield_ambient_sentiment_regardless_of_period
        PASS [   0.011s] (2694/5357) hornvale-religion tests::beliefs_carry_deity_epithet_and_sentiment_no_tenet
        PASS [   0.010s] (2695/5357) hornvale-religion tests::concepts_registered
        PASS [   0.011s] (2696/5357) hornvale-religion tests::below_floor_only_still_yields_the_single_most_salient
        PASS [   0.011s] (2697/5357) hornvale-religion tests::each_deity_is_salted_by_its_own_belief_id
        PASS [   0.011s] (2698/5357) hornvale-religion tests::cult_form_is_read_per_community
        PASS [   0.011s] (2699/5357) hornvale-religion tests::genesis_is_deterministic
        PASS [   0.012s] (2700/5357) hornvale-religion tests::empty_phenomena_means_no_pantheon
        PASS [   0.011s] (2701/5357) hornvale-religion tests::pantheon_takes_every_phenomenon_above_the_floor
        PASS [   0.010s] (2702/5357) hornvale-religion tests::priesthood_sets_the_cult_form
        PASS [   2.007s] (2703/5357) hornvale-locale::suite water_reading::the_width_clause_binds_when_the_step_shrinks
        PASS [   0.016s] (2704/5357) hornvale-scene region::tests::interp_at_a_vertex_center_returns_that_vertexs_value
        PASS [   0.012s] (2705/5357) hornvale-scene region::tests::level_zero_center_node_points_along_face_normal
        PASS [  34.122s] (2706/5357) hornvale-lab::suite anomaly_injection::the_falsified_recall_is_pinned_as_a_witness
        PASS [   0.011s] (2707/5357) hornvale-scene region::tests::node_grid_is_sized_and_deterministic
        PASS [   2.185s] (2708/5357) hornvale-locale::suite wetness_reading::descending_walks_of_the_required_length_exist
        PASS [   1.979s] (2709/5357) hornvale-locale::suite wetness_reading::only_the_ground_is_grounded
        PASS [   3.386s] (2710/5357) hornvale-locale::suite wetness_reading::a_walk_gets_damper_as_it_descends
        PASS [   0.011s] (2711/5357) hornvale-scene region::tests::validation_is_loud
        PASS [   3.125s] (2712/5357) hornvale-locale::suite wetness_reading::damp_below_the_median_is_always_inside_a_valley
        PASS [   0.027s] (2713/5357) hornvale-scene region::tests::weights_are_a_partition_of_unity_off_center
        PASS [   0.030s] (2714/5357) hornvale-scene region::tests::weights_are_exact_at_a_vertex_center
        PASS [   2.705s] (2715/5357) hornvale-locale::suite wetness_reading::the_micro_draw_order_is_unchanged
        PASS [   2.885s] (2716/5357) hornvale-locale::suite wetness_reading::the_riparian_dry_overlap_is_pinned_as_a_witness
        SLOW [> 60.000s] (─────────) hornvale-lab metrics::tests::exposure_classification_agrees_with_the_independent_rederivation
        PASS [   1.895s] (2717/5357) hornvale-scene surrounds::tests::a_cave_bearing_cell_emits_exactly_one_cave_mark_and_elsewhere_emits_none
        PASS [  92.088s] (2718/5357) hornvale-book tests::every_doctrine_line_round_trips
        PASS [   3.341s] (2719/5357) hornvale-scene surrounds::tests::a_colored_document_does_emit_the_key
        PASS [   3.396s] (2720/5357) hornvale-scene surrounds::tests::a_dimmer_light_yields_dimmer_colour
        PASS [  12.149s] (2721/5357) hornvale-locale tests::the_worst_compass_word_is_within_the_measured_ceiling
        PASS [  11.394s] (2722/5357) hornvale-locale::suite surface_mixture::high_ground_is_brighter_in_the_cold_half_of_the_year
        PASS [   3.307s] (2723/5357) hornvale-scene surrounds::tests::a_non_standard_observer_is_left_uncolored
        PASS [  34.719s] (2724/5357) hornvale-lab::suite reticence_calibration::h2_the_fold_discriminates_per_drive
        PASS [   8.349s] (2725/5357) hornvale-scene region::tests::locked_world_zeroes_swing_and_omits_bands
        PASS [  30.151s] (2726/5357) hornvale-lab::suite tripwire::the_committed_census_agrees_with_a_live_rebuild_of_the_tripwire_seeds
        PASS [  35.946s] (2727/5357) hornvale-lab::suite reticence_calibration::h3_refusal_is_selective_not_global
        PASS [  24.971s] (2728/5357) hornvale-locale budget::tests::budget_is_deterministic
        PASS [   3.171s] (2729/5357) hornvale-scene surrounds::tests::an_observer_with_no_projection_declares_no_projection_slots
        PASS [  25.367s] (2730/5357) hornvale-locale budget::tests::placement_is_byte_identical_on_rebuild
        PASS [   3.211s] (2731/5357) hornvale-scene surrounds::tests::an_uncoloured_document_is_byte_identical_to_one_built_before_sight_existed
        SLOW [>120.000s] (─────────) hornvale::suite repertory_corpus::every_founding_scene_passes_every_beat
        PASS [   3.120s] (2732/5357) hornvale-scene surrounds::tests::cells_are_ordered_by_room_id
        SLOW [>120.000s] (─────────) hornvale::suite repertory_corpus::no_scene_has_fallen_below_its_recorded_floor
        PASS [   4.832s] (2733/5357) hornvale-scene surrounds::tests::a_seam_observer_carries_no_coordinate_on_seam_cells
        PASS [   0.011s] (2734/5357) hornvale-scene surrounds::tests::relief_band_is_monotone_in_height_above_sea
        PASS [   0.011s] (2735/5357) hornvale-scene surrounds::tests::relief_band_spans_its_whole_legend
        PASS [   4.773s] (2736/5357) hornvale-scene surrounds::tests::a_seam_observer_still_carries_bearing_and_distance_on_seam_cells
        PASS [   1.754s] (2737/5357) hornvale-scene surrounds::tests::every_covers_index_is_in_bounds_and_cover_varies_across_a_real_band
        PASS [   1.633s] (2738/5357) hornvale-scene surrounds::tests::no_land_vertex_bands_as_marine_relief
        PASS [   3.189s] (2739/5357) hornvale-scene surrounds::tests::every_cell_carries_its_own_micro_field
        PASS [  11.884s] (2740/5357) hornvale-scene region::tests::continuous_layers_are_interpolated_not_nearest_vertex
        PASS [  87.179s] (2741/5357) hornvale-book tests::the_reckoning_renders_the_epoch_pair
        PASS [  12.293s] (2742/5357) hornvale-scene region::tests::discrete_layers_match_nearest_vertex
        PASS [  40.639s] (2743/5357) hornvale-lab::suite metric_roster_safety::every_metric_survives_every_study_roster
        PASS [   3.265s] (2744/5357) hornvale-scene surrounds::tests::exactly_one_cell_is_here_and_it_sits_at_the_lattice_origin
        PASS [   1.856s] (2745/5357) hornvale-scene surrounds::tests::the_color_now_varies_within_one_grid_cell_via_the_micro_field
        PASS [   3.174s] (2746/5357) hornvale-scene surrounds::tests::micro_openness_spans_more_than_half_its_range_in_one_neighbourhood
        PASS [   3.142s] (2747/5357) hornvale-scene surrounds::tests::only_the_two_live_lattice_axes_track_the_seam
        PASS [   3.113s] (2748/5357) hornvale-scene surrounds::tests::projecting_a_cells_signal_reproduces_its_colour_exactly
        PASS [   0.031s] (2749/5357) hornvale-scene surrounds_ascii::tests::a_band_with_no_distance_collapses_to_the_origin
        PASS [   0.021s] (2750/5357) hornvale-scene surrounds_ascii::tests::a_marked_cell_outranks_an_unmarked_one_in_either_document_order
        PASS [   0.014s] (2751/5357) hornvale-scene surrounds_ascii::tests::a_remembered_cell_holding_a_mark_wins_its_box_and_still_draws_dim
        PASS [   0.010s] (2752/5357) hornvale-scene surrounds_ascii::tests::a_remembered_cell_keeps_its_glyph_and_changes_only_its_weight
        PASS [   0.017s] (2753/5357) hornvale-scene surrounds_ascii::tests::a_seam_cell_is_drawn_under_north_up
        PASS [   0.012s] (2754/5357) hornvale-scene surrounds_ascii::tests::an_eastward_degree_covers_twice_the_columns_a_northward_one_covers_rows
        PASS [   0.012s] (2755/5357) hornvale-scene surrounds_ascii::tests::an_unknown_lens_is_refused_loudly
        PASS [   0.010s] (2756/5357) hornvale-scene surrounds_ascii::tests::north_is_up_and_east_is_right
        PASS [   0.010s] (2757/5357) hornvale-scene surrounds_ascii::tests::the_caption_names_the_lens_and_declares_the_orientation
        PASS [   0.010s] (2758/5357) hornvale-scene surrounds_ascii::tests::the_caption_names_whichever_registered_lens_was_asked_for
        PASS [   0.010s] (2759/5357) hornvale-scene surrounds_ascii::tests::the_colour_captions_counts_account_for_every_placed_cell
        PASS [   3.146s] (2760/5357) hornvale-scene surrounds::tests::sight_carries_enough_to_interpret_a_signal
        PASS [   0.010s] (2761/5357) hornvale-scene surrounds_ascii::tests::the_colour_lens_declares_the_chromatic_axis_lost_when_no_cell_carries_any_colour
        PASS [   0.011s] (2762/5357) hornvale-scene surrounds_ascii::tests::the_colour_lens_degrades_to_plain_glyphs_when_no_cell_has_a_colour
        PASS [   0.014s] (2763/5357) hornvale-scene surrounds_ascii::tests::the_colour_lens_emits_escapes_and_resets_them
        PASS [   0.012s] (2764/5357) hornvale-scene surrounds_ascii::tests::the_colour_lens_is_registered
        PASS [   0.011s] (2765/5357) hornvale-scene surrounds_ascii::tests::the_colour_lens_withholds_the_surface_tint_from_water_a_mark_and_you
        PASS [   0.011s] (2766/5357) hornvale-scene surrounds_ascii::tests::the_impedance_ladder_is_monotone_in_cost
        PASS [   0.010s] (2767/5357) hornvale-scene surrounds_ascii::tests::the_more_salient_of_two_colliding_cells_keeps_the_box
        PASS [   0.010s] (2768/5357) hornvale-scene surrounds_ascii::tests::the_observer_never_loses_its_own_box
        PASS [   0.010s] (2769/5357) hornvale-scene surrounds_ascii::tests::the_render_is_deterministic
        PASS [   0.010s] (2770/5357) hornvale-scene surrounds_ascii::tests::the_terrain_lens_declares_it_carries_no_weight_channel
        PASS [   0.011s] (2771/5357) hornvale-scene surrounds_ascii::tests::the_terrain_lens_emits_no_escape_sequences
        PASS [   0.011s] (2772/5357) hornvale-scene surrounds_ascii::tests::the_two_lenses_draw_the_same_glyphs
        PASS [   0.010s] (2773/5357) hornvale-scene tests::a_malformed_layer_request_is_rejected
        PASS [   0.011s] (2774/5357) hornvale-scene tests::albedo_band_is_bright_for_icy_and_dark_for_rocky
        PASS [   0.012s] (2775/5357) hornvale-scene tests::an_unknown_layer_name_is_rejected_not_dropped
        PASS [   1.680s] (2776/5357) hornvale-scene surrounds::tests::the_emitted_band_is_the_height_band_at_a_discriminating_room
        PASS [   3.227s] (2777/5357) hornvale-scene surrounds::tests::the_chart_declares_which_fields_are_grid_resolution
        PASS [  92.218s] (2778/5357) hornvale-book tests::the_disclosure_law_both_directions
        PASS [   6.229s] (2779/5357) hornvale-scene surrounds::tests::coloring_changes_nothing_but_the_color
        PASS [   1.683s] (2780/5357) hornvale-scene surrounds::tests::the_radius_is_bounded_loudly
        PASS [  71.299s] (2781/5357) hornvale-lab metrics::tests::exposure_classification_agrees_with_the_independent_rederivation
        PASS [  13.309s] (2782/5357) hornvale-scene region::tests::temperature_grid_region_at_zero_phase_equals_t_mean_plus_diurnal
        PASS [  13.637s] (2783/5357) hornvale-scene region::tests::region_scene_is_sized_and_byte_deterministic
        PASS [   0.015s] (2784/5357) hornvale-scene tests::icy_albedo_can_exceed_the_old_zero_point_five_cap
        PASS [   0.010s] (2785/5357) hornvale-scene tests::icy_composition_damps_maria_fraction_but_never_zeroes_it
        PASS [  48.322s] (2786/5357) hornvale-lab::suite affect_trace_golden::seed_42_affect_trace_reproduces_the_pinned_bytes
        PASS [   3.321s] (2787/5357) hornvale-scene surrounds::tests::the_colored_builder_gives_placed_cells_a_color
        PASS [   0.012s] (2788/5357) hornvale-scene tests::mass_bias_actually_bites_across_seeds
        PASS [   6.369s] (2789/5357) hornvale-scene surrounds::tests::coloring_is_deterministic_across_repeated_builds
        PASS [   3.212s] (2790/5357) hornvale-scene surrounds::tests::the_document_carries_the_datum_its_bands_are_measured_from
        PASS [   3.229s] (2791/5357) hornvale-scene surrounds::tests::the_emitted_relief_band_matches_the_emitted_height
        PASS [  47.667s] (2792/5357) hornvale-lab::suite cave_rate_calibration::caves_are_actually_placed
        PASS [   3.203s] (2793/5357) hornvale-scene surrounds::tests::the_inner_function_is_bounded_loudly_too
        PASS [  12.211s] (2794/5357) hornvale-scene surrounds::tests::a_radius_four_neighbourhood_is_the_whole_square_ball
        PASS [   3.193s] (2795/5357) hornvale-scene surrounds::tests::the_uncolored_json_emits_no_color_key
        PASS [   3.365s] (2796/5357) hornvale-scene surrounds::tests::the_sight_block_reports_the_observer_actually_used_not_the_one_claimed
        PASS [   3.317s] (2797/5357) hornvale-scene surrounds::tests::the_uncolored_builder_leaves_every_cell_without_a_color
        PASS [  48.685s] (2798/5357) hornvale-lab::suite cave_rate_calibration::the_band_is_unreachable_at_any_threshold
        PASS [   0.011s] (2799/5357) hornvale-scene tests::surface_class_table_is_normative
        PASS [  49.101s] (2800/5357) hornvale-lab::suite cave_rate_calibration::the_cave_rate_is_measured_over_the_preregistered_population
        PASS [  15.778s] (2801/5357) hornvale-scene region::tests::temperature_grid_region_commutes_with_the_evaluator
        PASS [  16.039s] (2802/5357) hornvale-scene region::tests::water_fields_are_sized_legend_matches_and_ocean_has_no_drainage
        PASS [   6.365s] (2803/5357) hornvale-scene surrounds::tests::the_document_is_byte_identical_on_rebuild
        PASS [  42.649s] (2804/5357) hornvale-lab::suite wear_funnel::the_wear_funnel_is_reproducible
        PASS [   8.431s] (2805/5357) hornvale-scene tests::locked_world_omits_circulation_bands_and_zeroes_swing
        PASS [   9.786s] (2806/5357) hornvale-scene tests::an_eclipse_emits_only_exact_ticks
        PASS [   9.706s] (2807/5357) hornvale-scene tests::derived_params_equal_luna_at_one_lunar_mass_and_giant_impact_density
        PASS [   9.914s] (2808/5357) hornvale-scene tests::descriptors_are_in_range
        PASS [  10.102s] (2809/5357) hornvale-scene tests::derived_params_follow_real_density_physics
        PASS [   9.840s] (2810/5357) hornvale-scene tests::eclipses_scene_does_not_consume_draws_or_mutate_the_world
        PASS [   9.910s] (2811/5357) hornvale-scene tests::eclipses_scene_has_schema_window_and_is_deterministic
        PASS [  48.658s] (2812/5357) hornvale-lab::suite site_density::placement_cannot_reach_a_site_every_square_mile
        PASS [  10.932s] (2813/5357) hornvale-scene tests::climate_layers_are_sized_and_present
        PASS [  48.399s] (2814/5357) hornvale-lab::suite site_density::the_site_density_is_measured_over_the_preregistered_population
        PASS [  10.165s] (2815/5357) hornvale-scene tests::moons_scene_does_not_consume_draws_or_mutate_the_world
        PASS [  10.082s] (2816/5357) hornvale-scene tests::moons_scene_surfaces_density_and_formation
        PASS [  49.752s] (2817/5357) hornvale-lab::suite site_density::every_kind_of_site_is_actually_placed
        PASS [   0.010s] (2818/5357) hornvale-scene::suite illumination_hypotheses::h3_control_fixture_pins_the_exact_degradation_mechanism
        PASS [  10.818s] (2819/5357) hornvale-scene tests::layers_are_sized_and_legend_is_the_catalog
        PASS [   0.011s] (2820/5357) hornvale-scene::suite one_projection::region_and_room_project_through_the_same_function
        PASS [   0.011s] (2821/5357) hornvale-scene::suite wind_contract::documented_band_matches_circulation
        PASS [   0.011s] (2822/5357) hornvale-sentiment axes::smoke_tests::every_axis_self_distance_is_zero
        PASS [   0.011s] (2823/5357) hornvale-sentiment axes::smoke_tests::habitat_distance_is_categorical
        PASS [   0.011s] (2824/5357) hornvale-sentiment tests::catalog_holds_exactly_the_fifteen_peoples
        PASS [   0.012s] (2825/5357) hornvale-sentiment tests::catalog_is_deterministic
        PASS [   0.011s] (2826/5357) hornvale-sentiment tests::only_drow_is_subterranean_among_the_fifteen
        PASS [   0.011s] (2827/5357) hornvale-sentiment::suite axes::activity_cycle_distance_grows_with_night_vision_gap
        PASS [   0.011s] (2828/5357) hornvale-sentiment::suite axes::condition_niche_distance_grows_with_optimum_gap
        PASS [  11.334s] (2829/5357) hornvale-scene tests::each_field_serializes_independently_of_the_others
        PASS [   0.011s] (2830/5357) hornvale-sentiment::suite axes::diet_predation_direction_differs_across_a_real_predation_edge
        PASS [   0.011s] (2831/5357) hornvale-sentiment::suite axes::diet_predation_distance_grows_with_niche_divergence
        PASS [   0.012s] (2832/5357) hornvale-sentiment::suite axes::every_axis_distance_is_in_unit_range_over_the_real_roster
        PASS [   0.013s] (2833/5357) hornvale-sentiment::suite axes::every_axis_self_distance_is_zero_over_the_real_roster
        PASS [   0.010s] (2834/5357) hornvale-sentiment::suite axes::habitat_distance_is_categorical_and_symmetric
        PASS [   0.011s] (2835/5357) hornvale-sentiment::suite axes::language_distance_grows_with_labiality_gap
        PASS [   0.010s] (2836/5357) hornvale-sentiment::suite axes::language_distance_reacts_to_exotic_manner_mismatch
        PASS [   0.010s] (2837/5357) hornvale-sentiment::suite axes::reproductive_distance_grows_with_mass_gap
        PASS [   0.011s] (2838/5357) hornvale-sentiment::suite axes::size_threat_distance_grows_with_how_much_bigger_b_is_and_is_directional
        PASS [   0.011s] (2839/5357) hornvale-sentiment::suite axes::sociality_distance_grows_with_in_group_radius_gap
        PASS [   0.012s] (2840/5357) hornvale-sentiment::suite axes::symmetric_axes_agree_both_directions_over_the_real_roster
        PASS [   0.013s] (2841/5357) hornvale-sentiment::suite axis_spread_probe::axis_spread_probe
        PASS [   0.015s] (2842/5357) hornvale-sentiment::suite believability::believability_readout
        PASS [   0.012s] (2843/5357) hornvale-sentiment::suite judgment::emotion_always_matches_the_warmth_competence_quadrant
        PASS [   0.011s] (2844/5357) hornvale-sentiment::suite judgment::higher_threat_response_up_weights_the_threat_axes
        PASS [   0.011s] (2845/5357) hornvale-sentiment::suite judgment::identical_traits_target_lands_at_max_warmth_and_admiration
        PASS [   0.011s] (2846/5357) hornvale-sentiment::suite judgment::insular_judger_weights_every_axis_at_least_as_much_as_cosmopolitan
        PASS [   0.011s] (2847/5357) hornvale-sentiment::suite judgment::self_judgment_lands_at_max_warmth_and_admiration
        PASS [   0.011s] (2848/5357) hornvale-sentiment::suite judgment::snap_judgment_is_relationally_asymmetric_across_a_predation_edge
        PASS [   0.011s] (2849/5357) hornvale-sentiment::suite judgment::weight_vector_is_non_negative
        PASS [   0.010s] (2850/5357) hornvale-settlement genesis::tests::empty_placement_commits_nothing
        PASS [  11.221s] (2851/5357) hornvale-scene tests::flagship_appears_exactly_once
        PASS [   0.011s] (2852/5357) hornvale-settlement genesis::tests::genesis_commits_each_as_a_place_and_settlement_flagship_first
        PASS [   0.014s] (2853/5357) hornvale-settlement render::tests::ascii_has_right_shape_and_marks
        PASS [   0.011s] (2854/5357) hornvale-settlement render::tests::ascii_without_flagship_has_no_at_sign
        PASS [   0.013s] (2855/5357) hornvale-settlement render::tests::ascii_is_deterministic
        PASS [   0.010s] (2856/5357) hornvale-settlement render::tests::flagship_wins_overlap
        PASS [   0.009s] (2857/5357) hornvale-settlement tests::all_settlements_lists_every_settlement_flagship_first
        PASS [   0.012s] (2858/5357) hornvale-settlement render::tests::overlay_stamps_sites_red_and_flagship_yellow
        PASS [   0.015s] (2859/5357) hornvale-settlement render::tests::overlay_png_is_well_formed_and_deterministic
        PASS [   0.010s] (2860/5357) hornvale-settlement tests::concepts_registered
        PASS [   0.011s] (2861/5357) hornvale-settlement tests::genesis_is_deterministic
        PASS [   0.011s] (2862/5357) hornvale-settlement tests::genesis_produces_a_named_populated_village
        PASS [   0.010s] (2863/5357) hornvale-settlement tests::no_village_means_none
        PASS [   0.011s] (2864/5357) hornvale-settlement tests::stream_labels_declare_the_kobold_streams
        PASS [   0.014s] (2865/5357) hornvale-settlement tests::stream_labels_declare_every_derivation
        PASS [   0.012s] (2866/5357) hornvale-species allometry::tests::a_nonpositive_or_nonfinite_factor_is_refused
        PASS [   0.010s] (2867/5357) hornvale-species allometry::tests::a_paced_schedule_never_moves_the_metabolic_rate
        PASS [   0.015s] (2868/5357) hornvale-species allometry::tests::a_paced_schedule_lengthens_life_and_maturity_together
        PASS [  10.095s] (2869/5357) hornvale-scene tests::neighbors_scene_does_not_consume_draws_or_mutate_the_world
        PASS [   0.010s] (2870/5357) hornvale-species allometry::tests::ametabolic_nulls_the_biological_traits
        PASS [   0.010s] (2871/5357) hornvale-species allometry::tests::ametabolic_still_nulls_the_biological_traits_under_any_schedule
        PASS [   0.011s] (2872/5357) hornvale-species allometry::tests::ectotherms_outlive_endotherms_at_equal_mass
        PASS [   0.014s] (2873/5357) hornvale-species allometry::tests::anchor_hits_documented_targets
        PASS [   0.014s] (2874/5357) hornvale-species allometry::tests::lifespan_and_maturity_increase_with_mass
        PASS [   0.010s] (2875/5357) hornvale-species allometry::tests::living_classes_fill_every_trait
        PASS [  10.039s] (2876/5357) hornvale-scene tests::neighbors_scene_fields_are_in_range
        PASS [   0.011s] (2877/5357) hornvale-species allometry::tests::metabolic_rate_rises_with_mass_and_is_lower_for_ectotherms
        PASS [   0.010s] (2878/5357) hornvale-species allometry::tests::pace_of_life_is_roster_independent
        PASS [   0.010s] (2879/5357) hornvale-species allometry::tests::pace_of_life_saturates_rather_than_rescaling_the_class_ceiling
        PASS [   0.010s] (2880/5357) hornvale-species allometry::tests::the_default_schedule_reproduces_the_bare_allometry_bit_for_bit
        PASS [   0.010s] (2881/5357) hornvale-species allometry::tests::tempo_slows_with_mass
        PASS [   0.011s] (2882/5357) hornvale-species tests::bio2_adds_no_stream_label
        PASS [   0.010s] (2883/5357) hornvale-species tests::component_registries_are_consistent
        PASS [   0.009s] (2884/5357) hornvale-species tests::draconic_perception_is_one_clade_eye_and_three_schedules
        PASS [   0.010s] (2885/5357) hornvale-species tests::concepts_registered
        PASS [   0.010s] (2886/5357) hornvale-species tests::environment_niche::a_full_range_tolerance_reproduces_gowers_similarity
        PASS [   0.011s] (2887/5357) hornvale-species tests::environment_niche::a_niche_matching_a_place_exactly_scores_one
        PASS [   0.011s] (2888/5357) hornvale-species tests::environment_niche::a_niche_rejects_a_preference_the_axis_cannot_carry
        PASS [   0.011s] (2889/5357) hornvale-species tests::environment_niche::a_nominal_axis_is_scored_as_a_class_never_as_a_magnitude
        PASS [   0.010s] (2890/5357) hornvale-species tests::environment_niche::an_appended_basis_axis_cannot_perturb_an_existing_fit
        PASS [   0.011s] (2891/5357) hornvale-species tests::environment_niche::a_repeated_axis_id_overwrites_rather_than_combining
        PASS [   0.009s] (2892/5357) hornvale-species tests::every_species_has_a_metabolic_class
        PASS [   0.011s] (2893/5357) hornvale-species tests::environment_niche::an_unassigned_place_vector_scores_a_defined_value_not_a_panic
        PASS [   0.011s] (2894/5357) hornvale-species tests::environment_niche::fit_is_bounded_in_zero_one_over_the_whole_basis
        PASS [   0.011s] (2895/5357) hornvale-species tests::every_species_has_a_finite_condition_niche
        PASS [   0.013s] (2896/5357) hornvale-species tests::environment_niche::an_axis_the_niche_declines_does_not_constrain_the_fit
        PASS [   0.009s] (2897/5357) hornvale-species tests::goblin_is_currently_authored_at_the_manikin
        PASS [   0.010s] (2898/5357) hornvale-species tests::goblin_perception_is_authored_at_the_manikin_and_kobold_contrasts
        PASS [   0.010s] (2899/5357) hornvale-species tests::is_ametabolic_is_true_only_for_the_absent_thermal_strategy
        PASS [   0.011s] (2900/5357) hornvale-species tests::menagerie_families_and_climate_tiles_distinct
        PASS [   0.011s] (2901/5357) hornvale-species tests::goblinoids_carry_mass_and_a_nonzero_omnivore_niche
        PASS [   0.009s] (2902/5357) hornvale-species tests::menagerie_is_biosphere_only_and_spans_axes
        PASS [   0.010s] (2903/5357) hornvale-species tests::people_links_a_settlement_to_its_species
        PASS [   0.010s] (2904/5357) hornvale-species tests::registry_has_the_goblinoid_triad_and_kobold
        PASS [   0.009s] (2905/5357) hornvale-species tests::registry_is_ordered_alphabetically_and_kobold_contrasts
        PASS [   0.011s] (2906/5357) hornvale-species tests::society_registry_holds_exactly_the_settled_peoples
        PASS [   0.010s] (2907/5357) hornvale-species tests::the_five_peoples_have_distinct_temperature_optima
        PASS [   0.012s] (2908/5357) hornvale-species tests::split_preserves_biosphere_and_peopled_presence
        PASS [   0.010s] (2909/5357) hornvale-species tests::the_locomotion_store_is_sparse_and_non_empty_in_both_modes
        PASS [   0.009s] (2910/5357) hornvale-species tests::the_manikin_is_neutral_on_scalars_and_default_on_enums
        PASS [   0.012s] (2911/5357) hornvale-species tests::the_society_fallback_is_the_manikin
        PASS [   0.011s] (2912/5357) hornvale-species::suite biome_affinity::a_uniform_affinity_is_flat_across_every_biome
        PASS [   0.009s] (2913/5357) hornvale-species::suite biome_affinity::an_unlisted_biome_takes_the_default
        PASS [   0.011s] (2914/5357) hornvale-species tests::the_walker_default_neither_swims_nor_flies
        PASS [   0.010s] (2915/5357) hornvale-species::suite biome_affinity::the_registry_ships_exactly_the_declared_occupants
        PASS [   0.011s] (2916/5357) hornvale-species::suite coverage::activity_cycle_coverage_matches_the_table
        PASS [   0.009s] (2917/5357) hornvale-species::suite coverage::dispersion_is_a_ratio_on_every_axis
        PASS [   0.010s] (2918/5357) hornvale-species::suite coverage::autotroph_is_computed_as_an_endotherm_today
        PASS [   0.010s] (2919/5357) hornvale-species::suite coverage::drow_and_human_resolve_to_different_realms
        PASS [   0.010s] (2920/5357) hornvale-species::suite coverage::every_biosphere_kind_carries_a_fatigue_rise_row
        PASS [   0.010s] (2921/5357) hornvale-species::suite coverage::every_biosphere_kind_carries_a_sleep_grade_row
        PASS [   0.010s] (2922/5357) hornvale-species::suite coverage::every_kind_in_the_realm_store_has_a_biosphere_row
        PASS [   0.011s] (2923/5357) hornvale-species::suite coverage::every_kind_with_a_mind_carries_a_dispersion
        PASS [   0.010s] (2924/5357) hornvale-species::suite coverage::every_sleep_grade_is_a_bonus_bounded_by_the_authored_ceiling
        PASS [   0.012s] (2925/5357) hornvale-species::suite coverage::life_schedule_coverage_matches_the_table
        PASS [   0.009s] (2926/5357) hornvale-species::suite coverage::metabolic_class_coverage_matches_the_table
        PASS [   0.010s] (2927/5357) hornvale-species::suite coverage::social_form_coverage_matches_the_table
        PASS [   0.010s] (2928/5357) hornvale-species::suite coverage::status_basis_coverage_matches_the_table
        PASS [   0.011s] (2929/5357) hornvale-species::suite coverage::only_the_dwarf_and_elf_families_depart_from_pure_allometry
        PASS [   0.010s] (2930/5357) hornvale-species::suite coverage::the_dark_trait_combinations_are_named
        PASS [   0.010s] (2931/5357) hornvale-species::suite coverage::the_sleep_grade_table_carries_a_real_ladder_not_one_repeated_number
        PASS [   0.009s] (2932/5357) hornvale-species::suite coverage::the_subterranean_roster_is_the_two_rehomed_kinds_and_the_drow
        PASS [   0.010s] (2933/5357) hornvale-species::suite coverage::the_two_realms_order_hardness_oppositely
        PASS [   0.011s] (2934/5357) hornvale-species::suite instance_lens::lens_demo_world_fact_count_is_pinned
        PASS [   0.012s] (2935/5357) hornvale-species::suite instance_lens::lens_is_total_never_panicking
        PASS [   0.012s] (2936/5357) hornvale-species::suite instance_lens::lens_returns_kind_defaults_when_no_overrides
        PASS [   0.012s] (2937/5357) hornvale-species::suite instance_lens::override_beats_default_and_latest_override_wins
        PASS [   0.013s] (2938/5357) hornvale-species::suite instance_lens::overrides_survive_kind_change
        PASS [   0.010s] (2939/5357) hornvale-species::suite life_history_golden::every_kinds_life_history_is_frozen
        PASS [   0.013s] (2940/5357) hornvale-species::suite life_history_golden::the_life_history_table_is_not_vacuous
        PASS [   0.011s] (2941/5357) hornvale-species::suite metabolic_pairs::chemotrophic_is_declared_and_unwitnessed
        PASS [   0.011s] (2942/5357) hornvale-species::suite metabolic_pairs::every_kind_carries_a_sanctioned_pair
        PASS [   0.011s] (2943/5357) hornvale-species::suite metabolic_pairs::sanctioned_thermal_keys_are_pairwise_distinct
        PASS [   0.043s] (2944/5357) hornvale-species::suite instance_lens::join_equals_scan_over_random_ledgers
        PASS [   0.013s] (2945/5357) hornvale-species::suite potency_assay::mundane_kinds_carry_no_potency
        PASS [   0.010s] (2946/5357) hornvale-species::suite potency_assay::the_might_order_is_red_black_white_treant_xorn
        PASS [   0.011s] (2947/5357) hornvale-species::suite social_form::every_kind_has_the_authored_social_form
        PASS [   0.015s] (2948/5357) hornvale-species::suite potency_assay::potency_is_challenge_rating_over_thirty
        PASS [   0.011s] (2949/5357) hornvale-species::suite social_form::settled_kinds_are_exactly_the_settling_peoples
        PASS [   0.011s] (2950/5357) hornvale-species::suite social_form::the_dragons_have_a_solitary_mind
        PASS [   0.010s] (2951/5357) hornvale-terrain boundaries::tests::distances_start_at_zero_attribute_a_source_and_grow_by_at_most_one
        PASS [   0.010s] (2952/5357) hornvale-terrain boundaries::tests::classification_uses_vertex_crust_not_plate_identity
        PASS [   0.011s] (2953/5357) hornvale-terrain boundaries::tests::classification_agrees_from_both_sides
        PASS [   0.011s] (2954/5357) hornvale-terrain boundaries::tests::hemisphere_plates_produce_an_equatorial_boundary_of_every_regime
        PASS [   0.011s] (2955/5357) hornvale-terrain branch::tests::an_exact_tie_between_candidate_vertices_is_kept_by_the_first_offered
        PASS [   0.014s] (2956/5357) hornvale-terrain carve::tests::barrier_candidate_gains_exactly_its_ring_of_new_perimeter_edges
        PASS [   0.012s] (2957/5357) hornvale-terrain carve::tests::barrier_candidates_require_a_passive_margin_coast
        PASS [   0.012s] (2958/5357) hornvale-terrain carve::tests::barrier_supply_gate_blocks_with_no_passive_mouth_volume
        PASS [   0.012s] (2959/5357) hornvale-terrain carve::tests::cap_atolls_caps_a_deep_submerged_trail_seamount_within_range
        PASS [   0.013s] (2960/5357) hornvale-terrain carve::tests::find_waterfalls_flags_a_high_drainage_hard_over_soft_step
        PASS [   0.093s] (2961/5357) hornvale-terrain branch::tests::one_vertices_leaves_hold_the_whole_exactly
        PASS [   0.065s] (2962/5357) hornvale-terrain carve::tests::carve_delta_assembles_from_incision_and_repose_only
        PASS [   0.103s] (2963/5357) hornvale-terrain branch::tests::one_vertices_partition_is_bounded_in_nodes
        PASS [   0.017s] (2964/5357) hornvale-terrain carve::tests::island_arc_trench_takes_only_the_subducting_side
        PASS [   0.087s] (2965/5357) hornvale-terrain carve::tests::incision_is_monotone_in_erodibility_and_capped
        PASS [   0.037s] (2966/5357) hornvale-terrain carve::tests::reroute_fraction_detects_a_synthetic_reroute
        PASS [   0.068s] (2967/5357) hornvale-terrain carve::tests::repose_conserves_mass_and_respects_the_critical_drop
        PASS [   0.040s] (2968/5357) hornvale-terrain carve::tests::reroute_fraction_is_zero_on_an_unchanged_surface
        PASS [   0.037s] (2969/5357) hornvale-terrain carve::tests::reroute_fraction_is_zero_when_n_rivers_is_zero
        PASS [   0.013s] (2970/5357) hornvale-terrain carve::tests::trench_vertices_get_zero_reach_and_their_share_is_lost
        PASS [   0.010s] (2971/5357) hornvale-terrain carve::tests::trim_recaps_marine_fill_to_the_resolved_sea_level
        PASS [   0.011s] (2972/5357) hornvale-terrain carve::tests::wave_cut_is_differential_floored_and_exports_its_volume
        PASS [   0.011s] (2973/5357) hornvale-terrain carve::tests::wave_micro_mouths_never_grow_deltas
        PASS [   0.010s] (2974/5357) hornvale-terrain cave_depth::tests::a_lava_tube_is_shallower_than_a_karst_system
        PASS [   0.155s] (2975/5357) hornvale-terrain carve::tests::playa_deposit_never_overtops_the_rim_cap
        PASS [   0.011s] (2976/5357) hornvale-terrain cave_depth::tests::every_reach_is_finite_non_negative_and_under_the_ceiling
        PASS [   0.088s] (2977/5357) hornvale-terrain carve::tests::sediment_books_balance_and_mouths_collect_the_rest
        PASS [   0.011s] (2978/5357) hornvale-terrain cave_depth::tests::the_derived_band_agrees_with_the_columns_own_boundaries
        PASS [   0.011s] (2979/5357) hornvale-terrain cave_depth::tests::karst_reach_grows_with_carbonate
        PASS [   0.011s] (2980/5357) hornvale-terrain channel::tests::a_gorge_has_no_floodplain_and_a_flat_reach_has_a_broad_one
        PASS [   0.012s] (2981/5357) hornvale-terrain channel::tests::a_non_empty_network_always_has_a_nearest_line
        PASS [   0.011s] (2982/5357) hornvale-terrain channel::tests::a_sub_threshold_trickle_is_a_narrow_channel_not_an_absent_one
        PASS [   0.012s] (2983/5357) hornvale-terrain channel::tests::an_empty_network_has_no_bank
        PASS [   0.011s] (2984/5357) hornvale-terrain channel::tests::an_exact_tie_between_two_lines_is_won_by_the_lower_index
        PASS [   0.144s] (2985/5357) hornvale-terrain carve::tests::the_wedge_builds_a_shelf_mode_wide_on_passive_margins
        PASS [   0.012s] (2986/5357) hornvale-terrain channel::tests::band_edges_are_non_decreasing_at_every_gradient
        PASS [   0.010s] (2987/5357) hornvale-terrain channel::tests::band_geometry_varies_along_one_river
        PASS [   0.011s] (2988/5357) hornvale-terrain channel::tests::bands_are_monotone_outward
        PASS [   0.011s] (2989/5357) hornvale-terrain channel::tests::meander_displacement_is_continuous_in_position
        PASS [   0.011s] (2990/5357) hornvale-terrain channel::tests::the_bank_distance_agrees_with_the_nearest_line
        PASS [   0.010s] (2991/5357) hornvale-terrain channel::tests::the_exact_tie_is_decided_by_the_indexed_gather_not_the_fallback
        PASS [   0.013s] (2992/5357) hornvale-terrain channel::tests::the_meander_field_is_smooth_along_an_arc_and_not_constant
        PASS [   0.284s] (2993/5357) hornvale-terrain channel::tests::a_built_network_is_well_formed_and_deterministic
        PASS [   0.016s] (2994/5357) hornvale-terrain channel::tests::the_widest_channel_is_far_narrower_than_a_vertex
        PASS [   0.010s] (2995/5357) hornvale-terrain channel::tests::transverse_at_reports_a_signed_distance
        PASS [   0.012s] (2996/5357) hornvale-terrain channel::tests::transverse_index_name_and_legend_are_stable
        PASS [   0.011s] (2997/5357) hornvale-terrain channel::tests::width_increases_with_discharge
        PASS [   0.274s] (2998/5357) hornvale-terrain channel::tests::the_stored_max_segment_is_the_longest_segment_there_is
        PASS [   0.015s] (2999/5357) hornvale-terrain crust::tests::assembly_is_identity_for_single_craton_and_sutures_multis
        PASS [   0.061s] (3000/5357) hornvale-terrain crust::tests::assembly_is_draw_free
        PASS [   0.012s] (3001/5357) hornvale-terrain crust::tests::clip_flips_continental_at_across_a_synthetic_seam
        PASS [   0.022s] (3002/5357) hornvale-terrain crust::tests::continental_supply_is_the_area_the_rescale_budgets
        PASS [   0.012s] (3003/5357) hornvale-terrain crust::tests::continents_pin_overrides_without_perturbing_shared_cratons
        PASS [   0.022s] (3004/5357) hornvale-terrain crust::tests::craton_draws_are_sequential_and_in_range
        PASS [   0.011s] (3005/5357) hornvale-terrain crust::tests::crust_field_is_pure_and_bounded
        PASS [   0.011s] (3006/5357) hornvale-terrain crust::tests::crust_km_validates
        PASS [   0.047s] (3007/5357) hornvale-terrain crust::tests::crust_field_agrees_at_vertices_shared_across_levels
        PASS [   0.011s] (3008/5357) hornvale-terrain crust::tests::envelope_is_one_at_center_zero_far_and_monotone_on_average
        PASS [   0.014s] (3009/5357) hornvale-terrain crust::tests::empty_rift_is_byte_identical_to_v3_field
        PASS [   0.011s] (3010/5357) hornvale-terrain crust::tests::kernel_field_sampling_matches_direct_evaluation
        PASS [   0.013s] (3011/5357) hornvale-terrain crust::tests::envelope_rims_are_lobed_not_circular
        PASS [   0.015s] (3012/5357) hornvale-terrain crust::tests::microcontinents_are_small_oceanic_and_deterministic
        PASS [   0.022s] (3013/5357) hornvale-terrain crust::tests::repulsion_reduces_crowding_without_new_draws
        PASS [   0.014s] (3014/5357) hornvale-terrain crust::tests::stacked_terranes_saturate_at_the_crust_ceiling
        SLOW [> 60.000s] (─────────) hornvale-lab::suite affect_trace_golden::the_affect_trace_digest_is_itself_deterministic
        PASS [   0.013s] (3015/5357) hornvale-terrain crust::tests::supercontinent_no_longer_transforms_the_drawn_craton_set
        PASS [   0.016s] (3016/5357) hornvale-terrain crust::tests::terranes_are_drawn_on_continental_margins_and_thicken_crust
        PASS [   0.011s] (3017/5357) hornvale-terrain delve::tests::a_bounded_rung_is_evaluated_at_its_delta_t_midpoint
        PASS [   0.011s] (3018/5357) hornvale-terrain delve::tests::a_negative_or_nonfinite_delta_t_resolves_to_the_top_rung
        PASS [   0.010s] (3019/5357) hornvale-terrain delve::tests::a_rungs_depth_in_metres_varies_by_vertex
        PASS [   0.011s] (3020/5357) hornvale-terrain delve::tests::at_one_depth_a_hotter_gradient_sits_further_down_the_ladder
        PASS [   0.011s] (3021/5357) hornvale-terrain delve::tests::evaluation_depth_is_monotone_in_the_rung
        PASS [   0.016s] (3022/5357) hornvale-terrain delve::tests::evaluation_depth_never_exceeds_the_caves_reach
        PASS [   0.013s] (3023/5357) hornvale-terrain delve::tests::nadir_is_evaluated_at_the_caves_own_reach
        PASS [   0.017s] (3024/5357) hornvale-terrain delve::tests::rung_at_delta_t_agrees_with_the_declared_ranges
        PASS [   0.026s] (3025/5357) hornvale-terrain delve::tests::surface_owns_no_temperature
        PASS [   0.014s] (3026/5357) hornvale-terrain delve::tests::the_derived_order_runs_shallow_to_deep
        PASS [   0.163s] (3027/5357) hornvale-terrain crust::tests::the_rescale_delivers_its_own_budget
        PASS [   0.011s] (3028/5357) hornvale-terrain delve::tests::the_habitable_ceiling_is_the_authored_value
        PASS [   0.012s] (3029/5357) hornvale-terrain delve::tests::the_rungs_tile_the_line_with_no_gap_and_no_overlap
        PASS [   0.014s] (3030/5357) hornvale-terrain delve::tests::the_ladder_is_within_the_specs_bound
        PASS [   0.016s] (3031/5357) hornvale-terrain delve::tests::the_surface_rung_has_no_evaluation_depth
        PASS [  50.498s] (3032/5357) hornvale-lab::suite the_dial::the_dial_separates_the_poles
        PASS [   0.088s] (3033/5357) hornvale-terrain drainage::tests::accumulation_conserves_land_area_and_is_deterministic
        PASS [  10.879s] (3034/5357) hornvale-scene tests::rains_layers_are_sized_finite_and_in_range
        PASS [   0.010s] (3035/5357) hornvale-terrain elevation::tests::boundary_profiles_have_anatomy
        PASS [   0.012s] (3036/5357) hornvale-terrain elevation::tests::collision_uplift_towers_over_the_interior_and_decays_inland
        PASS [   0.093s] (3037/5357) hornvale-terrain elevation::tests::a_single_craton_world_has_a_shelf_and_a_bimodal_hypsometry
        PASS [   0.017s] (3038/5357) hornvale-terrain elevation::tests::dome_m_matches_the_original_hotspot_formula_for_age_zero
        PASS [   0.015s] (3039/5357) hornvale-terrain elevation::tests::effective_ocean_target_falls_back_to_the_shelf_break_and_meters_it
        PASS [   0.014s] (3040/5357) hornvale-terrain elevation::tests::effective_ocean_target_passes_ample_supply_through_silently
        PASS [   0.012s] (3041/5357) hornvale-terrain elevation::tests::isostasy_is_monotone_and_earthlike_at_the_anchors
        PASS [   0.153s] (3042/5357) hornvale-terrain drainage::tests::drainage_flows_downhill_to_a_wetter_outlet
        PASS [   0.012s] (3043/5357) hornvale-terrain elevation::tests::old_plates_are_quieter_than_young_ones
        PASS [   0.037s] (3044/5357) hornvale-terrain elevation::tests::trails_are_age_ordered_chains_upstream_of_plate_motion
        PASS [   0.054s] (3045/5357) hornvale-terrain elevation::tests::sea_level_hits_a_pinned_ocean_fraction
        PASS [   0.012s] (3046/5357) hornvale-terrain elevation::tests::unrest_is_high_on_young_convergent_boundaries_and_dies_inland
        PASS [   0.087s] (3047/5357) hornvale-terrain elevation::tests::relief_is_zero_mean_and_induration_scaled
        PASS [   0.032s] (3048/5357) hornvale-terrain facts::tests::genesis_commits_the_summary_facts
        PASS [   0.033s] (3049/5357) hornvale-terrain facts::tests::genesis_commits_rift_facts_on_a_default_world
        PASS [   0.010s] (3050/5357) hornvale-terrain features::tests::a_lava_tube_never_leaves_the_cover_where_there_is_cover
        PASS [   0.011s] (3051/5357) hornvale-terrain facts::tests::register_concepts_is_idempotent
        PASS [   0.010s] (3052/5357) hornvale-terrain features::tests::a_plate_contact_can_host_a_fault_void_and_a_deep_one
        PASS [   0.010s] (3053/5357) hornvale-terrain features::tests::a_more_competent_rock_holds_a_deeper_void
        PASS [   0.030s] (3054/5357) hornvale-terrain facts::tests::genesis_commits_zero_rift_facts_on_a_single_craton_world
        PASS [   0.010s] (3055/5357) hornvale-terrain features::tests::a_vertex_supporting_no_process_hosts_no_cave
        PASS [   0.010s] (3056/5357) hornvale-terrain features::tests::ancient_cratons_carry_land_reachable_iron
        PASS [   0.011s] (3057/5357) hornvale-terrain features::tests::areal_rock_classes_project_to_their_ore
        PASS [   0.011s] (3058/5357) hornvale-terrain features::tests::belt_weight_is_higher_near_lineaments
        PASS [   0.011s] (3059/5357) hornvale-terrain features::tests::carbonate_hosts_lead_zinc_and_alluvium_hosts_placer
        PASS [   0.011s] (3060/5357) hornvale-terrain features::tests::cave_depth_differs_by_kind
        PASS [   0.010s] (3061/5357) hornvale-terrain features::tests::cave_kind_legend_and_name_agree_for_all_three_variants
        PASS [   0.010s] (3062/5357) hornvale-terrain features::tests::each_kind_is_selectable_by_its_own_field
        PASS [   0.012s] (3063/5357) hornvale-terrain features::tests::fault_stress_has_no_interior_floor_unlike_a_feature_belt
        PASS [   0.010s] (3064/5357) hornvale-terrain features::tests::karst_on_thin_cover_reaches_the_basement_contact
        PASS [   0.009s] (3065/5357) hornvale-terrain features::tests::placer_is_shallower_than_a_hydrothermal_vein
        PASS [   0.010s] (3066/5357) hornvale-terrain features::tests::uniformize_is_monotone_and_bounded
        PASS [   0.012s] (3067/5357) hornvale-terrain features::tests::selection_takes_the_strongest_process_not_a_fixed_order
        PASS [   0.258s] (3068/5357) hornvale-terrain elevation::tests::arcs_are_chains_not_walls_on_a_real_globe
        PASS [   0.065s] (3069/5357) hornvale-terrain globe::tests::different_seeds_produce_different_globes
        PASS [   0.055s] (3070/5357) hornvale-terrain globe::tests::genesis_is_deterministic
        PASS [   0.078s] (3071/5357) hornvale-terrain globe::tests::a_supply_limited_world_meters_the_shelf_break_fallback
        PASS [   0.010s] (3072/5357) hornvale-terrain globe::tests::invalid_pins_fail_loudly_and_never_retry
        PASS [  11.007s] (3073/5357) hornvale-scene tests::scene_carries_weather_fields_additively
        PASS [  10.947s] (3074/5357) hornvale-scene tests::serialized_tiles_carry_no_more_than_eight_significant_digits
        PASS [   0.030s] (3075/5357) hornvale-terrain globe::tests::summary_reports_the_globe
        PASS [   0.043s] (3076/5357) hornvale-terrain globe::tests::pinned_values_are_metered_in_the_notes
        PASS [   0.077s] (3077/5357) hornvale-terrain globe::tests::induration_field_matches_the_assembled_buffer
        PASS [   0.020s] (3078/5357) hornvale-terrain landscape::tests::a_features_identity_is_the_lowest_vertex_of_its_extent
        PASS [   0.012s] (3079/5357) hornvale-terrain landscape::tests::a_rivers_identity_is_a_terminal_of_the_flow_forest
        PASS [   0.075s] (3080/5357) hornvale-terrain globe::tests::the_globe_retains_the_post_carve_downhill_graph
        PASS [   0.011s] (3081/5357) hornvale-terrain landscape::tests::a_vertex_with_no_feature_resolves_to_none
        PASS [   0.076s] (3082/5357) hornvale-terrain globe::tests::the_retained_downhill_matches_a_fresh_derivation
        PASS [   0.010s] (3083/5357) hornvale-terrain landscape::tests::an_all_false_predicate_yields_no_components
        PASS [   0.011s] (3084/5357) hornvale-terrain landscape::tests::all_yields_every_feature_across_classes
        PASS [   0.012s] (3085/5357) hornvale-terrain landscape::tests::an_all_true_predicate_yields_one_component_of_every_vertex
        PASS [   0.011s] (3086/5357) hornvale-terrain landscape::tests::components_are_ordered_by_their_lowest_vertex_id
        PASS [   0.012s] (3087/5357) hornvale-terrain landscape::tests::at_orders_most_specific_first
        PASS [   0.010s] (3088/5357) hornvale-terrain landscape::tests::components_partition_their_members
        PASS [   0.011s] (3089/5357) hornvale-terrain landscape::tests::magnitude_is_the_extent_size
        PASS [   0.014s] (3090/5357) hornvale-terrain landscape::tests::features_order_by_magnitude_then_identity
        PASS [   0.018s] (3091/5357) hornvale-terrain landscape::tests::every_land_vertex_belongs_to_exactly_one_catchment
        PASS [   0.013s] (3092/5357) hornvale-terrain landscape::tests::salience_is_declared_most_specific_first
        PASS [   0.021s] (3093/5357) hornvale-terrain landscape::tests::of_an_absent_class_is_an_empty_slice
        PASS [   0.019s] (3094/5357) hornvale-terrain landscape::tests::ordering_is_independent_of_input_order
        PASS [   0.013s] (3095/5357) hornvale-terrain landscape::tests::the_floor_cuts_on_catchment_size
        PASS [   0.011s] (3096/5357) hornvale-terrain landscape::tests::the_index_agrees_with_the_extents_it_was_built_from
        PASS [   0.015s] (3097/5357) hornvale-terrain landscape::tests::the_floor_excludes_components_below_it
        PASS [   0.010s] (3098/5357) hornvale-terrain lithology::tests::a_felsic_rock_is_brighter_than_a_mafic_one
        PASS [   0.264s] (3099/5357) hornvale-terrain globe::tests::the_carved_globe_has_a_shelf_mode_and_consistent_drainage
        PASS [   0.389s] (3100/5357) hornvale-terrain lithology::tests::active_and_passive_margins_both_appear_across_seeds
        PASS [   0.011s] (3101/5357) hornvale-terrain lithology::tests::appearance_tracks_the_material_and_prospectivity_favors_arcs
        PASS [   0.077s] (3102/5357) hornvale-terrain lithology::tests::buffer_axes_are_bounded_and_thaumic_is_zero
        PASS [   0.010s] (3103/5357) hornvale-terrain lithology::tests::carbonate_brightens_the_whole_curve
        PASS [   0.011s] (3104/5357) hornvale-terrain lithology::tests::classify_covers_the_setting_diagnostics
        PASS [   0.401s] (3105/5357) hornvale-terrain lithology::tests::andesite_is_reachable_across_seeds
        PASS [   0.012s] (3106/5357) hornvale-terrain lithology::tests::every_reflectance_is_physically_valid_across_the_buffer_space
        PASS [   0.014s] (3107/5357) hornvale-terrain lithology::tests::heavy_carve_sediment_reads_as_alluvium_even_below_the_drainage_gate
        PASS [   0.015s] (3108/5357) hornvale-terrain lithology::tests::hydro_names_are_distinct_and_nonempty
        PASS [   2.114s] (3109/5357) hornvale-terrain branch::tests::the_descent_finds_what_an_exhaustive_walk_finds
        PASS [   0.021s] (3110/5357) hornvale-terrain lithology::tests::hydrogeology_reads_porosity_and_carbonate
        PASS [   0.010s] (3111/5357) hornvale-terrain lithology::tests::ironstone_leans_long_wavelength
        PASS [   0.011s] (3112/5357) hornvale-terrain lithology::tests::silica_alone_brightens_the_rock
        PASS [   0.019s] (3113/5357) hornvale-terrain lithology::tests::soil_orders_key_off_climate_then_parent
        PASS [   0.010s] (3114/5357) hornvale-terrain lithology::tests::the_mixture_keeps_its_components_for_the_texture_layer
        PASS [   0.011s] (3115/5357) hornvale-terrain pins::tests::continents_pin_validates_its_range
        PASS [   0.011s] (3116/5357) hornvale-terrain pins::tests::default_pins_pin_nothing
        PASS [   0.078s] (3117/5357) hornvale-terrain lithology::tests::oceanic_vertices_are_mafic_active_margins_are_labeled
        PASS [   0.011s] (3118/5357) hornvale-terrain pins::tests::globe_level_pin_parses
        PASS [   0.015s] (3119/5357) hornvale-terrain pins::tests::globe_level_pin_validates_its_range
        PASS [   0.014s] (3120/5357) hornvale-terrain pins::tests::pin_strings_round_trip_through_parse_pin
        PASS [   0.158s] (3121/5357) hornvale-terrain lithology::tests::every_seed_produces_at_least_three_rock_classes
        PASS [   0.011s] (3122/5357) hornvale-terrain plates::tests::every_vertex_joins_exactly_one_plate
        PASS [   0.012s] (3123/5357) hornvale-terrain pins::tests::validate_rejects_out_of_range_pins_with_the_physical_reason
        PASS [   0.019s] (3124/5357) hornvale-terrain pins::tests::unknown_keys_and_bad_values_are_user_facing_errors
        PASS [   0.016s] (3125/5357) hornvale-terrain plates::tests::plate_count_stays_in_the_drawn_range_and_pins_override
        PASS [   0.016s] (3126/5357) hornvale-terrain plates::tests::plate_edges_wander_off_the_great_circle
        PASS [   0.014s] (3127/5357) hornvale-terrain plates::tests::velocities_are_tangent_to_the_sphere
        PASS [   0.033s] (3128/5357) hornvale-terrain provider::tests::cave_at_agrees_with_the_kind_first_gate
        PASS [   0.293s] (3129/5357) hornvale-terrain provider::tests::every_generated_cave_agrees_with_its_own_depth_budget
        PASS [   0.032s] (3130/5357) hornvale-terrain provider::tests::mismatched_geosphere_fails_fast
        PASS [   0.031s] (3131/5357) hornvale-terrain provider::tests::nearest_vertex_round_trips_vertex_coordinates
        PASS [   0.345s] (3132/5357) hornvale-terrain provider::tests::has_edifice_names_the_vertices_the_shipped_elevation_raised
        PASS [   0.035s] (3133/5357) hornvale-terrain provider::tests::prehuman_scar_at_matches_the_ancient_crust_and_noise_gate
        PASS [   0.033s] (3134/5357) hornvale-terrain provider::tests::prehuman_scar_never_fires_on_ocean
        PASS [   0.433s] (3135/5357) hornvale-terrain plates::tests::plate_weights_are_heavy_tailed_and_regions_concentrate
        PASS [   0.014s] (3136/5357) hornvale-terrain provider::tests::promote_to_spring_only_touches_aquifer_with_a_lower_non_aquifer_neighbor
        PASS [   0.030s] (3137/5357) hornvale-terrain provider::tests::provider_answers_every_query_consistently
        PASS [   0.033s] (3138/5357) hornvale-terrain provider::tests::provider_exposes_boundary_classification
        PASS [   0.032s] (3139/5357) hornvale-terrain provider::tests::provider_exposes_crust_and_boundary_distance
        PASS [   0.031s] (3140/5357) hornvale-terrain provider::tests::provider_exposes_drainage_and_endorheic
        PASS [   0.032s] (3141/5357) hornvale-terrain provider::tests::provider_exposes_point_observations_and_their_provenance
        PASS [   0.011s] (3142/5357) hornvale-terrain render::tests::every_cave_kind_has_a_distinct_palette_color
        PASS [   0.011s] (3143/5357) hornvale-terrain render::tests::every_commodity_has_a_distinct_palette_color
        PASS [   0.011s] (3144/5357) hornvale-terrain render::tests::every_rock_class_has_a_distinct_palette_color
        PASS [   0.088s] (3145/5357) hornvale-terrain render::tests::ascii_map_shows_both_ocean_and_land
        PASS [  11.238s] (3146/5357) hornvale-scene tests::the_full_projection_equals_the_derive
        PASS [   0.153s] (3147/5357) hornvale-terrain render::tests::interpolation_stays_within_the_candidate_envelope
        PASS [   1.697s] (3148/5357) hornvale-terrain lithology::tests::a_real_world_produces_a_porous_non_carbonate_vertex_in_bounded_shares
        PASS [   0.587s] (3149/5357) hornvale-terrain render::tests::column_png_is_well_formed_and_byte_deterministic
        PASS [   0.011s] (3150/5357) hornvale-terrain render::tests::sediment_color_diverges_red_white_blue
        PASS [   3.102s] (3151/5357) hornvale-terrain channel::tests::a_tributary_mouth_sits_exactly_on_the_trunk_vertex_it_joins
        PASS [   0.013s] (3152/5357) hornvale-terrain rift::tests::clip_is_one_far_from_seams_and_single_craton_is_uncut
        PASS [   0.017s] (3153/5357) hornvale-terrain rift::tests::conjugate_margins_fit_by_construction
        PASS [   0.015s] (3154/5357) hornvale-terrain rift::tests::rift_draws_one_scalar_and_derives_seams_per_pair
        PASS [   0.011s] (3155/5357) hornvale-terrain rift::tests::rotation_for_near_parallel_is_identity
        PASS [   0.014s] (3156/5357) hornvale-terrain rift::tests::rotation_round_trips_via_inverse_angle
        PASS [   0.069s] (3157/5357) hornvale-terrain rift::tests::seam_count_and_spreading_rate_are_stable_across_seeds
        PASS [   0.027s] (3158/5357) hornvale-terrain rift::tests::seam_side_is_shared_and_signed
        PASS [   0.023s] (3159/5357) hornvale-terrain rift::tests::seam_sign_flips_and_zero_set_moves_with_noise_seed
        PASS [   0.019s] (3160/5357) hornvale-terrain shape::tests::a_compact_cap_scores_near_one_and_stripes_score_higher
        PASS [   0.012s] (3161/5357) hornvale-terrain shape::tests::antipodal_caps_are_two_components_sorted_descending
        PASS [   0.011s] (3162/5357) hornvale-terrain shape::tests::gini_is_zero_for_equal_counts_and_high_for_concentration
        PASS [   0.726s] (3163/5357) hornvale-terrain render::tests::lithology_png_is_well_formed_and_byte_deterministic
        PASS [   0.012s] (3164/5357) hornvale-terrain shape::tests::mask_estimator_matches_elevation_estimator
        PASS [   0.012s] (3165/5357) hornvale-terrain shape::tests::separated_modes_score_higher_than_a_split_unimodal_field
        PASS [   0.012s] (3166/5357) hornvale-terrain shape::tests::shelf_fraction_counts_the_band_around_sea_level
        PASS [   0.014s] (3167/5357) hornvale-terrain shape::tests::shelf_land_ratio_normalizes_by_land_not_the_sphere
        PASS [   0.011s] (3168/5357) hornvale-terrain shape::tests::worlds_without_a_shoreline_are_absent
        PASS [   0.403s] (3169/5357) hornvale-terrain render::tests::refinement_respects_the_prior
        PASS [   0.013s] (3170/5357) hornvale-terrain strata::tests::band_eras_are_monotone_non_decreasing_with_depth
        PASS [   0.010s] (3171/5357) hornvale-terrain strata::tests::depth_to_basement_sums_the_cover
        PASS [   0.012s] (3172/5357) hornvale-terrain strata::tests::basement_band_rock_follows_the_basement_variant
        PASS [   0.010s] (3173/5357) hornvale-terrain strata::tests::gradient_is_hotter_under_young_thin_crust
        PASS [   0.010s] (3174/5357) hornvale-terrain strata::tests::temperature_rises_with_depth
        PASS [   0.011s] (3175/5357) hornvale-terrain strata::tests::the_rock_ladder_and_the_delve_ladder_are_different_types
        PASS [   0.011s] (3176/5357) hornvale-terrain strata::tests::thin_cover_on_ancient_basement_is_an_unconformity
        PASS [   0.011s] (3177/5357) hornvale-terrain tests::concepts_register_idempotently
        PASS [   0.011s] (3178/5357) hornvale-terrain tests::concepts_registered
        PASS [   0.011s] (3179/5357) hornvale-terrain tests::stream_labels_are_fully_qualified_and_documented
        PASS [   0.010s] (3180/5357) hornvale-terrain water::tests::a_high_drainage_exorheic_vertex_is_a_fresh_river
        PASS [   0.010s] (3181/5357) hornvale-terrain water::tests::an_endorheic_feeder_river_is_still_fresh
        PASS [   0.011s] (3182/5357) hornvale-terrain water::tests::classify_orders_ocean_before_salt_basin_before_river
        PASS [   0.009s] (3183/5357) hornvale-terrain water::tests::low_drainage_exorheic_land_is_dry
        PASS [   0.011s] (3184/5357) hornvale-terrain water::tests::ocean_below_sea_level_is_salt
        PASS [   0.010s] (3185/5357) hornvale-terrain water::tests::river_proximity_is_one_on_a_river_vertex_and_decays_with_hops
        PASS [   0.011s] (3186/5357) hornvale-terrain water::tests::river_proximity_is_deterministic_and_reload_stable
        PASS [   0.012s] (3187/5357) hornvale-terrain water::tests::river_proximity_is_zero_with_no_rivers
        PASS [   0.011s] (3188/5357) hornvale-terrain water::tests::the_terminal_endorheic_sink_is_a_salt_basin
        PASS [   0.014s] (3189/5357) hornvale-terrain water::tests::river_proximity_seeds_every_river_not_just_the_first
        PASS [   0.011s] (3190/5357) hornvale-terrain water::tests::water_field_classifies_a_synthetic_globe_deterministically
        PASS [   0.010s] (3191/5357) hornvale-terrain water::tests::water_kind_index_name_and_legend_are_stable
        PASS [   0.009s] (3192/5357) hornvale-terrain water_table::tests::a_dry_porous_upland_keeps_a_deep_walkable_window
        PASS [   0.012s] (3193/5357) hornvale-terrain water_table::tests::a_river_vertex_at_sea_level_is_drowned_from_the_surface
        PASS [   0.010s] (3194/5357) hornvale-terrain water_table::tests::each_argument_is_monotone_across_its_whole_range
        PASS [   0.011s] (3195/5357) hornvale-terrain water_table::tests::more_drainage_raises_the_table
        PASS [   0.012s] (3196/5357) hornvale-terrain water_table::tests::more_porous_rock_drains_deeper
        PASS [   0.011s] (3197/5357) hornvale-terrain water_table::tests::phreatic_is_below_the_table_and_vadose_above
        PASS [   0.009s] (3198/5357) hornvale-terrain water_table::tests::the_dryness_gain_cannot_move_who_drowns
        PASS [   0.009s] (3199/5357) hornvale-terrain water_table::tests::the_extremes_of_the_domain_stay_finite_and_non_negative
        PASS [   0.010s] (3200/5357) hornvale-terrain water_table::tests::the_par_ratio_and_not_the_magnitudes_decides_who_drowns
        PASS [   0.015s] (3201/5357) hornvale-terrain water_table::tests::the_reference_river_column_sits_exactly_at_the_ground
        PASS [   0.011s] (3202/5357) hornvale-terrain water_table::tests::the_relief_term_stays_proportional_across_the_karst_range
        PASS [   0.011s] (3203/5357) hornvale-terrain water_table::tests::the_table_is_never_above_the_surface_and_always_finite
        PASS [   0.012s] (3204/5357) hornvale-terrain water_table::tests::the_vadose_datum_is_reproduced
        PASS [   1.052s] (3205/5357) hornvale-terrain render::tests::features_png_is_well_formed_and_byte_deterministic
        PASS [   0.089s] (3206/5357) hornvale-terrain::suite carve_properties::harder_rock_cuts_less
        PASS [   0.731s] (3207/5357) hornvale-terrain render::tests::sediment_png_is_well_formed_and_byte_deterministic
        PASS [   0.424s] (3208/5357) hornvale-terrain::suite carve_properties::atolls_only_on_warm_submerged_seamounts
        PASS [   0.011s] (3209/5357) hornvale-terrain::suite cave_construction_proof::the_cave_compile_fail_doctest_is_a_true_differential_pair
        PASS [   0.442s] (3210/5357) hornvale-terrain::suite carve_properties::generate_level_books_account_for_every_eroded_unit
        PASS [   0.432s] (3211/5357) hornvale-terrain::suite carve_properties::mass_balance_holds
        PASS [   0.378s] (3212/5357) hornvale-terrain::suite carve_properties::trails_exist_age_ordered
        PASS [   0.383s] (3213/5357) hornvale-terrain::suite carve_properties::trim_recaps_hold_after_the_final_solve
        PASS [   0.299s] (3214/5357) hornvale-terrain::suite channel_golden::the_channel_network_is_pinned
        PASS [   0.298s] (3215/5357) hornvale-terrain::suite channel_golden::the_pinned_displacements_are_not_all_zero
        PASS [   0.274s] (3216/5357) hornvale-terrain::suite channel_properties::provider_transverse_at_agrees_with_the_network
        PASS [   0.271s] (3217/5357) hornvale-terrain::suite channel_properties::seed_42_has_channels_and_they_are_narrower_than_a_vertex
        PASS [   0.328s] (3218/5357) hornvale-terrain::suite channel_properties::the_bank_sign_is_left_of_downstream_and_mirrors_exactly
        SLOW [> 60.000s] (─────────) hornvale-lab::suite health_calibration::the_null_control_reads_no_chronic_distress
        PASS [   0.531s] (3219/5357) hornvale-terrain::suite channel_properties::the_bank_sign_is_identical_across_two_builds
        PASS [   2.048s] (3220/5357) hornvale-terrain render::tests::png_is_well_formed_and_byte_deterministic
        SLOW [> 60.000s] (─────────) hornvale-lab::suite hearth_population_calibration::cold_built_settlements_are_common_not_rare
        PASS [  14.428s] (3221/5357) hornvale-scene tests::temperature_grid_matches_direct_sampling_and_zero_phase_mean
        PASS [   0.011s] (3222/5357) hornvale-terrain::suite rill_properties::no_level_6_band_edge_has_moved
        PASS [   4.734s] (3223/5357) hornvale-terrain features::tests::uniformize_turns_the_cave_gate_noise_into_a_uniform_variate
        PASS [   0.264s] (3224/5357) hornvale-terrain::suite rill_properties::the_meander_field_is_pinned
        PASS [   1.943s] (3225/5357) hornvale-terrain::suite channel_properties::the_polyline_vertex_order_is_downstream_order
        PASS [   1.072s] (3226/5357) hornvale-terrain::suite rill_properties::the_branching_follows_the_partition_and_not_a_fixed_rule
        PASS [   2.568s] (3227/5357) hornvale-terrain::suite rill_properties::a_branchs_width_is_anchored_to_its_drained_area_not_to_a_level
        PASS [   0.021s] (3228/5357) hornvale-terrain::suite rill_properties::the_width_law_is_scale_free_across_six_doublings
        PASS [   0.013s] (3229/5357) hornvale-terrain::suite rill_properties::the_width_law_is_scale_free_below_the_river_threshold_too
        PASS [   0.193s] (3230/5357) hornvale-terrain::suite tectonic_properties::boundary_classification_agrees_from_both_sides_across_seeds
        PASS [   5.889s] (3231/5357) hornvale-terrain lithology::tests::alluvium_and_coal_are_reachable_across_seeds
        PASS [   0.141s] (3232/5357) hornvale-terrain::suite tectonic_properties::channel_seed_is_the_derived_leaf_and_matches_the_old_internal_derivation
        PASS [   0.098s] (3233/5357) hornvale-terrain::suite tectonic_properties::default_world_carries_a_rift_history
        SLOW [> 60.000s] (─────────) hornvale-lab::suite reticence_calibration::h4_does_the_prior_move_observable_testimony_at_all
        PASS [  10.897s] (3234/5357) hornvale-scene tests::width_violations_are_loud
        PASS [   0.748s] (3235/5357) hornvale-terrain::suite tectonic_properties::default_worlds_never_trip_the_supply_fallback
        PASS [  10.854s] (3236/5357) hornvale-scene::suite golden::projected_v1_bytes_are_pinned
        PASS [   0.147s] (3237/5357) hornvale-terrain::suite tectonic_properties::features_are_a_pure_pin_invariant_projection
        PASS [   0.136s] (3238/5357) hornvale-terrain::suite tectonic_properties::features_seed_is_derived_and_perturbs_no_existing_draw
        PASS [   0.225s] (3239/5357) hornvale-terrain::suite tectonic_properties::ocean_fraction_pin_conditions_cratons_but_not_the_plate_skeleton
        PASS [   0.010s] (3240/5357) hornvale-terrain::suite tectonic_properties::out_of_range_pins_fail_loudly_with_the_reason
        PASS [  11.123s] (3241/5357) hornvale-scene::suite golden::region_v1_bytes_are_pinned
        PASS [   1.668s] (3242/5357) hornvale-terrain::suite tectonic_properties::convergent_boundaries_stand_above_continental_interiors_on_average
        PASS [  58.367s] (3243/5357) hornvale-lab::suite the_doctrine::the_dial_roster_law_folk_params_are_stable
        PASS [   0.328s] (3244/5357) hornvale-terrain::suite tectonic_properties::pin_isolation_extends_to_new_streams
        PASS [   0.790s] (3245/5357) hornvale-terrain::suite tectonic_properties::genesis_is_deterministic_across_the_sweep
        PASS [   0.197s] (3246/5357) hornvale-terrain::suite tectonic_properties::rift_pin_isolation_supercontinent_consumes_identical_draws
        PASS [   0.385s] (3247/5357) hornvale-terrain::suite tectonic_properties::pin_isolation_holds_at_the_globe_level
        PASS [  58.529s] (3248/5357) hornvale-lab::suite the_explanations::day_schema_competition_clears_the_floor
        PASS [   9.161s] (3249/5357) hornvale-terrain channel::tests::the_gather_covers_every_line_with_a_vertex_in_the_cap
        PASS [   0.011s] (3250/5357) hornvale-thing tests::declared_owner_mismatch_panics_with_its_own_message
        PASS [   0.010s] (3251/5357) hornvale-thing tests::every_named_handle_is_a_roster_row
        PASS [   0.010s] (3252/5357) hornvale-thing tests::every_roster_kind_carries_a_gloss
        PASS [   0.010s] (3253/5357) hornvale-thing tests::every_roster_kind_registers_as_a_concept
        PASS [   0.010s] (3254/5357) hornvale-thing tests::hearth_maps_to_an_existing_owner_instead_of_conflicting
        PASS [   0.010s] (3255/5357) hornvale-thing tests::registering_twice_is_idempotent
        PASS [   0.010s] (3256/5357) hornvale-thing tests::roster_and_registry_agree_in_both_directions
        PASS [   0.010s] (3257/5357) hornvale-thing tests::stale_declaration_panics_if_nothing_collides
        PASS [   0.010s] (3258/5357) hornvale-thing tests::the_roster_is_frozen_as_an_ordered_set
        PASS [  58.096s] (3259/5357) hornvale-lab::suite the_explanations::differing_subframes_do_not_share_one_verb
        PASS [   0.011s] (3260/5357) hornvale-thing tests::thing_kind_labels_are_unique
        PASS [   0.143s] (3261/5357) hornvale-terrain::suite tectonic_properties::the_column_is_a_pure_projection_unperturbed_by_pins
        PASS [   0.010s] (3262/5357) hornvale-thing tests::undeclared_collision_panics_instead_of_silently_ceding
        PASS [   0.145s] (3263/5357) hornvale-terrain::suite tectonic_properties::the_column_is_deterministic
        PASS [   0.009s] (3264/5357) hornvale-topology route::tests::a_source_reaches_itself_at_zero_cost
        PASS [   0.010s] (3265/5357) hornvale-topology route::tests::a_tie_is_broken_by_the_lower_vertex_id_predecessor_not_expansion_order
        PASS [   0.010s] (3266/5357) hornvale-topology route::tests::a_vertex_with_no_impassable_neighbors_lists_every_neighbor
        PASS [   0.009s] (3267/5357) hornvale-topology route::tests::impassable_vertices_are_unreachable_and_do_not_overflow
        PASS [   0.011s] (3268/5357) hornvale-topology route::tests::an_impassable_neighbor_is_skipped_not_included_at_high_cost
        PASS [   0.010s] (3269/5357) hornvale-topology route::tests::heuristic_is_always_zero
        PASS [   0.012s] (3270/5357) hornvale-topology route::tests::the_sweep_agrees_with_the_shipped_single_target_search
        PASS [   0.010s] (3271/5357) hornvale-topology::suite graph::add_edge_is_undirected
        PASS [   0.010s] (3272/5357) hornvale-topology::suite graph::a_high_conductance_threshold_isolates_the_water_route
        PASS [   0.012s] (3273/5357) hornvale-topology::suite graph::edges_on_an_out_of_range_node_is_empty_not_a_panic
        PASS [   4.659s] (3274/5357) hornvale-terrain::suite rill_properties::every_run_reaches_its_outlet
        PASS [   0.009s] (3275/5357) hornvale-topology::suite graph::edges_reports_both_kinds_at_the_shared_node
        PASS [   0.010s] (3276/5357) hornvale-topology::suite graph::nodes_are_yielded_in_ascending_vertex_order_without_sorting
        PASS [   0.010s] (3277/5357) hornvale-topology::suite graph::nodes_iterates_every_node_added_at_construction
        PASS [   0.010s] (3278/5357) hornvale-topology::suite graph::reachable_regions_orders_components_by_min_vertex_id
        PASS [   0.010s] (3279/5357) hornvale-topology::suite graph::reachable_regions_splits_by_conductance_threshold
        PASS [   0.011s] (3280/5357) hornvale-topology::suite route::least_cost_is_deterministic_across_repeated_calls
        PASS [   0.009s] (3281/5357) hornvale-topology::suite route::least_cost_picks_the_cheap_corridor_over_the_expensive_wall
        PASS [   0.010s] (3282/5357) hornvale-topology::suite route::least_cost_of_a_vertex_to_itself_is_the_trivial_zero_cost_path
        PASS [   0.316s] (3283/5357) hornvale-terrain::suite tectonic_properties::the_clip_reshapes_real_coastlines_on_seed_42
        PASS [   0.009s] (3284/5357) hornvale-topology::suite route::least_cost_returns_none_when_the_budget_is_too_small
        PASS [   0.011s] (3285/5357) hornvale-topology::suite route::least_cost_reports_the_correct_total_cost_along_the_returned_path
        PASS [   0.010s] (3286/5357) hornvale-topology::suite route::least_cost_skips_impassable_vertices_marked_with_u64_max
        PASS [   0.011s] (3287/5357) hornvale-vessel act::tests::a_combinatorial_sweep_has_no_collisions
        PASS [   0.012s] (3288/5357) hornvale-vessel act::tests::act_degenerate_all_zero_shaped_case_still_distinguishes_a_neighbour
        PASS [   0.011s] (3289/5357) hornvale-vessel act::tests::act_occurred_on_reads_the_day
        PASS [   0.010s] (3290/5357) hornvale-vessel act::tests::anyone_present_reads_agent_marks_only
        PASS [   0.011s] (3291/5357) hornvale-vessel act::tests::act_precedes_orders_by_day_only
        PASS [   0.011s] (3292/5357) hornvale-vessel act::tests::deed_of_reads_the_actor
        PASS [   0.011s] (3293/5357) hornvale-vessel act::tests::no_patient_never_collides_with_a_real_one
        PASS [   0.011s] (3294/5357) hornvale-vessel act::tests::present_at_is_plain_pool_membership
        PASS [   0.012s] (3295/5357) hornvale-vessel act::tests::same_constituents_yield_the_same_handle
        PASS [   0.010s] (3296/5357) hornvale-vessel act::tests::varying_actor_alone_changes_the_handle
        PASS [   0.010s] (3297/5357) hornvale-vessel act::tests::varying_day_alone_changes_the_handle_including_across_zero
        PASS [   0.010s] (3298/5357) hornvale-vessel act::tests::varying_deed_alone_changes_the_handle
        PASS [   0.010s] (3299/5357) hornvale-vessel act::tests::varying_patient_alone_changes_the_handle
        PASS [   0.010s] (3300/5357) hornvale-vessel act::tests::witnessed_requires_presence_and_excludes_the_actor
        PASS [   0.010s] (3301/5357) hornvale-vessel action::tests::move_cost_is_octile_and_the_penalty_rides_on_top
        PASS [   0.011s] (3302/5357) hornvale-vessel action::tests::the_edge_prefix_is_the_kernels_pinned_prefix
        PASS [   0.011s] (3303/5357) hornvale-vessel action::tests::the_planner_and_the_clock_price_a_diagonal_alike
        PASS [   0.013s] (3304/5357) hornvale-vessel action::tests::nav_space_costs_the_whole_unfiltered_neighbour_list_in_order
        PASS [   0.011s] (3305/5357) hornvale-vessel action::tests::the_remembered_penalty_still_buys_five_steps_along_an_axis
        PASS [   0.011s] (3306/5357) hornvale-vessel affordance::tests::both_strongbox_and_alcove_carry_encloses
        PASS [   0.011s] (3307/5357) hornvale-vessel affordance::tests::lockable_kinds_are_also_openable
        PASS [   0.012s] (3308/5357) hornvale-vessel affordance::tests::each_property_is_carried_by_at_least_one_thing_kind
        PASS [   0.010s] (3309/5357) hornvale-vessel affordance::tests::only_supports_rest_is_body_relative_in_iv_a
        PASS [   0.013s] (3310/5357) hornvale-vessel affordance::tests::the_certain_carriers_named_by_the_spec_carry_their_property
        PASS [   0.012s] (3311/5357) hornvale-vessel brief::tests::a_built_brief_carries_a_settlement_site_and_an_unbuilt_one_carries_none
        PASS [   0.012s] (3312/5357) hornvale-vessel brief::tests::a_living_occupation_with_no_society_row_refuses_with_its_people_id
        PASS [   0.013s] (3313/5357) hornvale-vessel brief::tests::a_living_occupation_carries_the_housemark_of_its_authored_society_row
        PASS [   0.014s] (3314/5357) hornvale-vessel brief::tests::an_empty_production_occupation_register_carries_no_people_or_housemark
        PASS [   0.011s] (3315/5357) hornvale-vessel brief::tests::an_unclassifiable_society_row_refuses_with_its_people_id
        PASS [   0.011s] (3316/5357) hornvale-vessel brief::tests::from_parts_assigns_the_occupation_axes_and_flags
        PASS [   0.012s] (3317/5357) hornvale-vessel brief::tests::from_parts_with_no_occupation_axes_still_carries_climate
        PASS [   0.012s] (3318/5357) hornvale-vessel brief::tests::two_briefs_differing_only_in_tech_are_not_equal
        PASS [   0.012s] (3319/5357) hornvale-vessel chamber_prose::tests::a_chamber_names_what_it_holds
        PASS [   0.011s] (3320/5357) hornvale-vessel chamber_prose::tests::a_chamber_never_speaks_of_terrain
        PASS [   0.012s] (3321/5357) hornvale-vessel chamber_prose::tests::a_named_site_is_named_in_its_chambers_prose
        PASS [   0.011s] (3322/5357) hornvale-vessel chamber_prose::tests::a_non_enclosing_anchor_never_reports_contents_even_if_something_sits_within_it
        PASS [  11.328s] (3323/5357) hornvale-scene::suite golden::surrounds_v1_bytes_are_pinned
        PASS [   0.010s] (3324/5357) hornvale-vessel chamber_prose::tests::an_empty_strongbox_reports_no_contents
        PASS [   0.012s] (3325/5357) hornvale-vessel chamber_prose::tests::an_empty_chamber_still_reads_as_a_place
        PASS [   0.012s] (3326/5357) hornvale-vessel chamber_prose::tests::an_open_container_reveals_its_contents_and_a_shut_one_does_not
        PASS [   0.010s] (3327/5357) hornvale-vessel chamber_prose::tests::every_anchor_count_names_the_site
        PASS [   0.014s] (3328/5357) hornvale-vessel chamber_prose::tests::every_branch_ends_in_a_period_with_no_empty_clause
        PASS [   0.010s] (3329/5357) hornvale-vessel chamber_prose::tests::every_kind_has_a_detail
        PASS [   0.014s] (3330/5357) hornvale-vessel chamber_prose::tests::every_kind_the_grammar_places_has_a_detail
        PASS [   0.012s] (3331/5357) hornvale-vessel chamber_prose::tests::every_noun_the_plans_legend_names_has_a_detail
        PASS [   0.011s] (3332/5357) hornvale-vessel chamber_prose::tests::examining_an_alcove_names_the_hearth_within_it
        PASS [   0.011s] (3333/5357) hornvale-vessel chamber_prose::tests::no_detail_speaks_of_terrain
        PASS [   0.013s] (3334/5357) hornvale-vessel chamber_prose::tests::prose_is_a_pure_function_of_the_interior_and_brief
        PASS [   0.013s] (3335/5357) hornvale-vessel chamber_prose::tests::the_articles_this_module_authors_are_the_two_it_strips
        PASS [   0.011s] (3336/5357) hornvale-vessel chamber_prose::tests::the_enclosed_anchor_does_not_report_its_own_container
        PASS [   0.011s] (3337/5357) hornvale-vessel chamber_prose::tests::the_brief_changes_the_word_for_the_place
        PASS [   0.011s] (3338/5357) hornvale-vessel chamber_prose::tests::the_real_locale_grammar_composes_a_hearth_within_an_alcove_and_examine_names_it
        PASS [   0.013s] (3339/5357) hornvale-vessel clock::tests::a_move_costs_exactly_todays_duration_on_an_earthlike_world
        PASS [   0.011s] (3340/5357) hornvale-vessel clock::tests::a_nonsense_mass_falls_back_to_reference_rather_than_exploding
        PASS [   0.010s] (3341/5357) hornvale-vessel clock::tests::a_tidally_locked_world_falls_back_to_the_base_rate
        PASS [   0.010s] (3342/5357) hornvale-vessel clock::tests::climbing_costs_more_and_descending_costs_the_same
        PASS [   0.011s] (3343/5357) hornvale-vessel clock::tests::no_action_is_free
        PASS [   0.010s] (3344/5357) hornvale-vessel clock::tests::tempo_is_monotone_in_mass_and_unity_at_reference
        PASS [   0.011s] (3345/5357) hornvale-vessel clock::tests::tempo_is_quantized_so_the_rounding_boundary_is_reproducible
        PASS [   0.011s] (3346/5357) hornvale-vessel clock::tests::the_local_day_is_an_exact_integer_number_of_ticks
        PASS [   0.011s] (3347/5357) hornvale-vessel clock::tests::the_tick_stays_approximately_absolute_across_worlds
        PASS [   0.011s] (3348/5357) hornvale-vessel depth::tests::an_address_shallower_than_the_walk_band_truncates_to_itself
        PASS [   0.016s] (3349/5357) hornvale-vessel depth::tests::a_chamber_and_its_ancestor_pack_to_different_ids
        PASS [   0.011s] (3350/5357) hornvale-vessel depth::tests::the_chamber_depth_fits_the_packing_cap
        PASS [   0.010s] (3351/5357) hornvale-vessel depth::tests::truncation_is_the_identity_at_the_walk_band
        PASS [   0.011s] (3352/5357) hornvale-vessel depth::tests::truncation_yields_the_walk_band_ancestor_of_a_chamber
        PASS [   0.011s] (3353/5357) hornvale-vessel descent_thing::tests::a_key_a_door_and_a_room_thing_never_share_an_identity
        PASS [   0.010s] (3354/5357) hornvale-vessel descent_thing::tests::roles_are_pure_functions_of_the_plan_position_and_order_the_door_cells
        PASS [   0.011s] (3355/5357) hornvale-vessel fabric::tests::a_threshold_has_no_fabric
        PASS [   0.017s] (3356/5357) hornvale-vessel fabric::tests::an_authored_curve_is_a_valid_reflectance
        PASS [   0.010s] (3357/5357) hornvale-vessel fabric::tests::an_authored_fabric_ignores_the_ground
        PASS [   0.020s] (3358/5357) hornvale-vessel descent_thing::tests::the_door_kind_carries_passage_lid_and_lock
        PASS [   0.011s] (3359/5357) hornvale-vessel fabric::tests::each_fabric_has_a_ground_that_selects_it
        PASS [   0.010s] (3360/5357) hornvale-vessel fabric::tests::stone_reads_the_buffer_it_is_given
        PASS [   0.010s] (3361/5357) hornvale-vessel focalize::tests::a_noun_defaults_to_unknown_and_with_kind_sets_it
        PASS [   0.011s] (3362/5357) hornvale-vessel focalize::tests::a_height_that_rounds_to_zero_is_not_reported_as_zero_metres_below
        PASS [   0.012s] (3363/5357) hornvale-vessel focalize::tests::a_noun_resolves_by_its_whole_name_and_by_each_significant_word
        PASS [   0.011s] (3364/5357) hornvale-vessel focalize::tests::significant_words_skip_stopwords_and_short_words
        PASS [  11.289s] (3365/5357) hornvale-scene::suite golden::v1_bytes_are_pinned
        PASS [  19.285s] (3366/5357) hornvale-scene tests::system_scene_has_the_schema_moons_and_is_deterministic
        PASS [   0.015s] (3367/5357) hornvale-vessel focalize::tests::the_nameable_part_can_differ_from_the_display_name
        PASS [   0.011s] (3368/5357) hornvale-vessel ground::tests::a_miss_computes_and_a_hit_does_not
        PASS [   0.015s] (3369/5357) hornvale-vessel ground::tests::evicting_everything_recomputes_the_same_value
        PASS [   0.014s] (3370/5357) hornvale-vessel housemark::tests::classifies_authority_and_every_admitted_radius_boundary
        PASS [   0.013s] (3371/5357) hornvale-vessel housemark::tests::live_society_registry_populates_the_six_housemark_classes
        PASS [   0.010s] (3372/5357) hornvale-vessel housemark::tests::refuses_open_gaps_and_out_of_range_radii_with_their_admitted_bands
        PASS [   0.009s] (3373/5357) hornvale-vessel interior::anchor::tests::adjacency_reads_ec_and_non_adjacency_reads_dc
        PASS [   0.009s] (3374/5357) hornvale-vessel interior::anchor::tests::connectivity_is_detected_in_both_directions
        PASS [   0.010s] (3375/5357) hornvale-vessel interior::anchor::tests::containment_reads_ntpp_and_its_converse
        PASS [   0.009s] (3376/5357) hornvale-vessel interior::anchor::tests::exactly_one_relation_holds_for_every_ordered_pair
        PASS [   0.010s] (3377/5357) hornvale-vessel interior::derive::tests::a_built_cold_room_draws_a_hearth
        PASS [   0.010s] (3378/5357) hornvale-vessel interior::derive::tests::a_chamber_in_a_built_locale_draws_built_patterns
        PASS [   0.010s] (3379/5357) hornvale-vessel interior::derive::tests::a_chamber_in_an_unbuilt_locale_draws_wild_patterns
        PASS [   0.017s] (3380/5357) hornvale-vessel interior::derive::tests::a_chamber_no_longer_composes_exactly_as_its_locale_does
        PASS [   0.011s] (3381/5357) hornvale-vessel interior::derive::tests::a_wilderness_room_draws_no_built_anchors
        PASS [   0.010s] (3382/5357) hornvale-vessel interior::derive::tests::chamber_zero_reads_both_axes_of_all_six_housemarks
        PASS [   0.010s] (3383/5357) hornvale-vessel interior::derive::tests::derivation_is_a_pure_function_of_the_room
        PASS [   0.015s] (3384/5357) hornvale-vessel interior::derive::tests::every_derived_interior_has_a_landing
        PASS [   0.010s] (3385/5357) hornvale-vessel interior::derive::tests::every_derived_interior_is_well_formed
        PASS [   0.010s] (3386/5357) hornvale-vessel interior::derive::tests::every_role_at_every_chamber_index_is_well_formed_and_landable
        PASS [   0.010s] (3387/5357) hornvale-vessel interior::field::tests::a_room_with_no_fire_is_cold_everywhere
        PASS [   0.010s] (3388/5357) hornvale-vessel interior::field::tests::warmth_falls_off_with_graph_distance_from_the_fire
        PASS [   0.010s] (3389/5357) hornvale-vessel interior::field::tests::warmth_sums_over_multiple_fires
        PASS [   0.014s] (3390/5357) hornvale-vessel interior::pattern::tests::a_composition_is_connected_and_the_validator_says_so
        PASS [   0.016s] (3391/5357) hornvale-vessel interior::pattern::tests::a_fort_and_a_farm_draw_different_things_not_more_things
        PASS [   0.013s] (3392/5357) hornvale-vessel interior::pattern::tests::a_hamlet_composes_a_strongbox_with_a_key_inside_it
        PASS [   0.010s] (3393/5357) hornvale-vessel interior::pattern::tests::a_key_is_drawn_where_no_strongbox_is
        PASS [   0.010s] (3394/5357) hornvale-vessel interior::pattern::tests::a_pattern_whose_requirement_is_absent_is_not_admissible
        PASS [   0.011s] (3395/5357) hornvale-vessel interior::pattern::tests::a_permitted_interior_is_routable_between_every_pair
        PASS [   0.011s] (3396/5357) hornvale-vessel interior::pattern::tests::composition_is_not_degenerate
        PASS [   0.013s] (3397/5357) hornvale-vessel interior::pattern::tests::every_role_composes_something_the_validator_accepts
        PASS [   0.011s] (3398/5357) hornvale-vessel interior::pattern::tests::is_populous_reads_the_shared_hamlet_ceiling
        PASS [   0.015s] (3399/5357) hornvale-vessel interior::pattern::tests::no_pattern_the_locale_band_declines_can_reach_it_by_any_route
        PASS [   0.014s] (3400/5357) hornvale-vessel interior::pattern::tests::no_production_room_composes_two_anchors_of_one_kind
        PASS [   0.015s] (3401/5357) hornvale-vessel interior::pattern::tests::only_the_hearthroom_can_hold_a_fire_and_no_rule_says_so
        PASS [   0.010s] (3402/5357) hornvale-vessel interior::pattern::tests::selection_is_derived_from_conditions_not_authored_per_culture
        PASS [   0.011s] (3403/5357) hornvale-vessel interior::pattern::tests::the_grammar_puts_exactly_these_things_inside_other_things
        PASS [   0.011s] (3404/5357) hornvale-vessel interior::pattern::tests::the_intended_chain_is_the_deep_one
        PASS [   0.011s] (3405/5357) hornvale-vessel interior::pattern::tests::the_locale_band_draws_exactly_what_it_drew
        PASS [   0.011s] (3406/5357) hornvale-vessel interior::pattern::tests::the_populous_gate_still_works_though_no_authored_pattern_uses_it
        PASS [   0.010s] (3407/5357) hornvale-vessel interior::pattern::tests::the_role_is_derived_from_depth_and_then_from_the_brief
        PASS [   0.018s] (3408/5357) hornvale-vessel interior::pattern::tests::the_validator_rejects_a_disconnected_composition
        PASS [   0.011s] (3409/5357) hornvale-vessel interior::pattern::tests::wilderness_draws_natural_patterns_and_no_built_ones
        PASS [   0.012s] (3410/5357) hornvale-vessel interior::relation::tests::containment_composes_transitively
        PASS [   0.011s] (3411/5357) hornvale-vessel interior::relation::tests::converse_is_an_involution_and_pairs_the_inverses
        PASS [  11.209s] (3412/5357) hornvale-scene::suite illumination_hypotheses::the_h1_band_is_the_whole_eight_connected_purview_both_arms_are_counted_over
        PASS [   0.010s] (3413/5357) hornvale-vessel interior::relation::tests::symmetry_declarations_agree_with_converse
        PASS [   0.010s] (3414/5357) hornvale-vessel interior::relation::tests::unimplemented_compositions_return_the_universal_set_not_a_guess
        PASS [   0.010s] (3415/5357) hornvale-vessel interior::route::tests::a_creature_routes_across_the_room_to_the_hearth
        PASS [   0.011s] (3416/5357) hornvale-vessel interior::route::tests::an_unreachable_anchor_yields_no_route
        PASS [   0.010s] (3417/5357) hornvale-vessel interior::route::tests::standing_at_the_goal_is_an_empty_route
        PASS [   0.010s] (3418/5357) hornvale-vessel interior::seam::tests::a_broad_seam_lands_at_the_ground_hub
        PASS [  12.600s] (3419/5357) hornvale-scene::suite golden::surrounds_ascii_coastline_bytes_are_pinned
        PASS [   0.010s] (3420/5357) hornvale-vessel interior::seam::tests::a_narrow_seam_into_an_interior_with_no_threshold_falls_back_to_the_hub
        PASS [   0.009s] (3421/5357) hornvale-vessel interior::seam::tests::an_empty_interior_has_no_landing
        PASS [   0.012s] (3422/5357) hornvale-vessel interior::seam::tests::a_narrow_seam_lands_at_the_threshold
        PASS [   0.010s] (3423/5357) hornvale-vessel interior::seam::tests::an_interior_with_no_ground_falls_back_to_the_first_anchor
        PASS [   0.010s] (3424/5357) hornvale-vessel interior::seam::tests::built_rooms_are_narrow_and_wilderness_is_broad
        PASS [   0.011s] (3425/5357) hornvale-vessel interior::seam::tests::the_hub_is_found_by_kind_not_by_index
        PASS [   0.012s] (3426/5357) hornvale-vessel interior::seam::tests::wilderness_has_no_threshold_and_that_is_fine
        PASS [   4.629s] (3427/5357) hornvale-terrain::suite rill_properties::the_network_renders_every_river_vertices_downhill_edge
        PASS [  12.460s] (3428/5357) hornvale-scene::suite golden::surrounds_v1_land_and_mark_bytes_are_pinned
        PASS [  12.838s] (3429/5357) hornvale-scene::suite golden::surrounds_ascii_seam_bytes_are_pinned
        PASS [   4.732s] (3430/5357) hornvale-terrain::suite rill_properties::the_network_renders_the_whole_flow_tree
        PASS [   0.012s] (3431/5357) hornvale-vessel knowledge::tests::the_locale_key_prefix_is_frozen
        PASS [   0.012s] (3432/5357) hornvale-vessel lattice::anchor_cells::tests::every_anchor_is_placed_exactly_once
        PASS [   0.014s] (3433/5357) hornvale-vessel lattice::anchor_cells::tests::every_placed_cell_serves_this_chamber
        PASS [   0.011s] (3434/5357) hornvale-vessel lattice::anchor_cells::tests::is_faithful_rejects_a_scattered_placement
        PASS [   0.057s] (3435/5357) hornvale-vessel lattice::anchor_cells::tests::the_embedder_invents_no_more_than_the_graph_leaves_free
        PASS [   1.600s] (3436/5357) hornvale-vessel agent::tests::a_settlement_without_facts_has_no_lat_lon
        PASS [   4.567s] (3437/5357) hornvale-terrain::suite rill_properties::the_rendered_network_composes_to_the_coarse_graphs_terminus
        PASS [   0.013s] (3438/5357) hornvale-vessel lattice::anchor_cells::tests::the_placement_is_deterministic
        PASS [   0.027s] (3439/5357) hornvale-vessel lattice::anchor_cells::tests::the_seed_is_read_at_all
        PASS [   2.239s] (3440/5357) hornvale-terrain::suite tectonic_properties::single_craton_genesis_survives_maximal_terrane_stacking
        PASS [   0.088s] (3441/5357) hornvale-vessel lattice::classify::tests::a_chambers_bounds_are_its_floor_and_nothing_else
        PASS [   0.077s] (3442/5357) hornvale-vessel lattice::classify::tests::a_step_through_a_doorway_lands_beside_it_in_the_chamber_entered
        PASS [   6.607s] (3443/5357) hornvale-terrain::suite rill_properties::a_vertices_branches_partition_its_own_unit_of_catchment
        PASS [   2.214s] (3444/5357) hornvale-terrain::suite tectonic_properties::single_craton_worlds_have_shelves_and_bimodal_hypsometry_across_the_sweep
        PASS [   0.262s] (3445/5357) hornvale-vessel lattice::anchor_cells::tests::every_placement_is_faithful
        PASS [   0.014s] (3446/5357) hornvale-vessel lattice::classify::tests::rule_6_the_solve_carries_no_state
        PASS [   0.077s] (3447/5357) hornvale-vessel lattice::classify::tests::rule_3_actually_fails_on_an_unenclosed_lattice
        PASS [   0.117s] (3448/5357) hornvale-vessel lattice::classify::tests::rule_1_the_realized_graph_is_exactly_the_specified_one
        PASS [   0.110s] (3449/5357) hornvale-vessel lattice::classify::tests::rule_2_two_chambers_floors_are_never_adjacent
        PASS [   0.084s] (3450/5357) hornvale-vessel lattice::classify::tests::rule_3_the_plan_is_enclosed_and_every_threshold_is_declared
        PASS [   0.082s] (3451/5357) hornvale-vessel lattice::classify::tests::rule_4_two_chambers_cannot_disagree_about_a_doorway
        PASS [   0.012s] (3452/5357) hornvale-vessel lattice::occupancy::tests::rule_5_a_cell_holds_at_most_one_creature
        PASS [   0.079s] (3453/5357) hornvale-vessel lattice::classify::tests::rule_7_the_embedder_spends_only_the_freedom_the_graph_leaves
        PASS [   0.012s] (3454/5357) hornvale-vessel lattice::occupancy::tests::rule_5_a_creature_cannot_be_placed_in_the_fabric
        PASS [   0.078s] (3455/5357) hornvale-vessel lattice::classify::tests::rule_8_actually_fails_on_a_sealed_pocket
        PASS [   0.012s] (3456/5357) hornvale-vessel lattice::occupancy::tests::rule_5_a_creature_cannot_be_placed_outside_the_plan
        PASS [   0.011s] (3457/5357) hornvale-vessel lattice::occupancy::tests::rule_5_a_threshold_is_somewhere_a_creature_may_stand
        PASS [   0.010s] (3458/5357) hornvale-vessel lattice::render::tests::a_single_chamber_plan_is_one_room_with_no_doorway
        PASS [   0.085s] (3459/5357) hornvale-vessel lattice::classify::tests::the_middle_of_a_grown_chamber_is_not_always_its_floor
        PASS [   0.028s] (3460/5357) hornvale-vessel lattice::render::tests::a_mark_on_a_doorway_would_hide_it
        PASS [   0.031s] (3461/5357) hornvale-vessel lattice::render::tests::a_doorway_is_drawn_once_per_declared_link
        PASS [   0.032s] (3462/5357) hornvale-vessel lattice::render::tests::the_legend_names_only_glyphs_the_picture_draws
        PASS [   0.094s] (3463/5357) hornvale-vessel lattice::classify::tests::the_standing_cell_is_always_the_chambers_own_floor
        PASS [   0.011s] (3464/5357) hornvale-vessel lattice::render::tests::the_plans_word_for_a_doorway_is_the_chambers_word
        PASS [   0.033s] (3465/5357) hornvale-vessel lattice::render::tests::the_picture_encodes_the_kind_map_exactly
        PASS [   0.011s] (3466/5357) hornvale-vessel lattice::render::tests::the_widest_plan_fits_a_terminal
        PASS [   0.039s] (3467/5357) hornvale-vessel lattice::render::tests::the_picture_has_an_unbroken_border_of_wall
        PASS [   0.132s] (3468/5357) hornvale-vessel lattice::classify::tests::rule_8_every_floor_cell_is_reachable_from_the_threshold
        PASS [   0.046s] (3469/5357) hornvale-vessel lattice::render::tests::the_mark_draws_once_at_the_standing_cell_and_the_legend_names_it
        PASS [   0.011s] (3470/5357) hornvale-vessel lattice::sight::tests::radius_bounds_the_result
        PASS [   0.018s] (3471/5357) hornvale-vessel lattice::sight::tests::a_wall_blocks_what_lies_behind_it
        PASS [   0.012s] (3472/5357) hornvale-vessel lattice::sight::tests::shadowcast_characterization
        PASS [   0.011s] (3473/5357) hornvale-vessel lattice::sight::tests::sight_is_deterministic
        PASS [   0.035s] (3474/5357) hornvale-vessel lattice::render::tests::the_render_is_pure
        PASS [   0.012s] (3475/5357) hornvale-vessel lattice::sight::tests::the_radius_is_reached_as_well_as_respected
        PASS [   0.011s] (3476/5357) hornvale-vessel lattice::sight::tests::you_always_see_your_own_cell
        PASS [   0.011s] (3477/5357) hornvale-vessel lattice::tests::a_grown_lattice_still_covers_its_chambers_and_links
        PASS [   0.011s] (3478/5357) hornvale-vessel lattice::tests::a_doorway_cell_is_a_threshold_between_the_two_chambers_it_names
        PASS [   0.011s] (3479/5357) hornvale-vessel lattice::tests::a_wild_place_grows_instead_of_splitting
        PASS [   0.010s] (3480/5357) hornvale-vessel lattice::tests::every_chamber_has_bounds_and_they_lie_inside_the_shell
        PASS [   0.011s] (3481/5357) hornvale-vessel lattice::tests::no_chamber_is_degenerate
        PASS [   0.012s] (3482/5357) hornvale-vessel lattice::tests::every_link_gets_exactly_one_doorway
        PASS [   0.010s] (3483/5357) hornvale-vessel lattice::tests::the_chamber_floors_are_disjoint_and_leave_room_for_fabric
        PASS [   0.015s] (3484/5357) hornvale-vessel lattice::tests::growing_is_pure_and_reads_the_seed
        PASS [   0.010s] (3485/5357) hornvale-vessel lattice::tests::the_extent_holds_the_fabric_as_well_as_the_rooms
        PASS [   0.011s] (3486/5357) hornvale-vessel lattice::tests::the_exterior_shell_costs_a_fifth_to_two_fifths_of_the_plan
        PASS [   0.014s] (3487/5357) hornvale-vessel lattice::tests::the_embedding_is_pure
        PASS [   0.012s] (3488/5357) hornvale-vessel lattice::tests::the_extent_reads_only_the_count
        PASS [   0.010s] (3489/5357) hornvale-vessel lattice::tests::the_largest_extent_leaves_the_render_room_to_draw
        PASS [   0.010s] (3490/5357) hornvale-vessel lattice::tests::the_plan_grows_with_the_rooms_it_must_hold
        PASS [   0.010s] (3491/5357) hornvale-vessel lens::tests::an_unknown_lens_name_is_refused
        PASS [   0.011s] (3492/5357) hornvale-vessel lattice::tests::the_seed_is_read_at_all
        PASS [   0.012s] (3493/5357) hornvale-vessel lens::tests::the_lens_leaves_black_black
        PASS [   0.009s] (3494/5357) hornvale-vessel lens::tests::the_segments_agree_at_the_knee
        PASS [   0.010s] (3495/5357) hornvale-vessel level_doc::tests::a_mark_outside_the_extent_trips_the_debug_assertion
        PASS [   0.012s] (3496/5357) hornvale-vessel lens::tests::the_lens_never_darkens_a_cell
        PASS [   0.009s] (3497/5357) hornvale-vessel level_doc::tests::an_empty_marks_list_serializes_as_an_empty_array_not_an_omitted_key
        PASS [   0.011s] (3498/5357) hornvale-vessel level_doc::tests::a_never_seen_cell_is_omitted_from_the_document
        PASS [   0.012s] (3499/5357) hornvale-vessel level_doc::tests::a_wall_and_a_stairs_down_get_their_own_kind_strings
        PASS [   0.012s] (3500/5357) hornvale-vessel level_doc::tests::depth_m_is_quantized_at_the_emit_boundary
        PASS [   0.010s] (3501/5357) hornvale-vessel level_doc::tests::every_index_names_a_real_palette_entry
        PASS [   0.010s] (3502/5357) hornvale-vessel level_doc::tests::marks_round_trip_and_sort_by_salience_then_noun
        PASS [  20.465s] (3503/5357) hornvale-scene tests::the_context_path_is_byte_identical_to_the_world_path
        PASS [   0.011s] (3504/5357) hornvale-vessel level_doc::tests::the_possessions_own_cell_reads_here_not_generic_lit
        PASS [   0.015s] (3505/5357) hornvale-vessel level_doc::tests::stairs_up_gets_its_own_kind_string
        PASS [   0.010s] (3506/5357) hornvale-vessel level_doc::tests::the_projection_is_deterministic
        PASS [   0.011s] (3507/5357) hornvale-vessel level_doc::tests::the_rung_name_is_hand_mapped_never_debug_text
        PASS [   0.009s] (3508/5357) hornvale-vessel level_doc::tests::the_standing_cell_is_carried_verbatim
        PASS [   0.012s] (3509/5357) hornvale-vessel level_doc::tests::the_schema_tag_is_carried
        PASS [   0.013s] (3510/5357) hornvale-vessel level_doc::tests::the_three_brattice_kinds_get_their_own_wire_strings
        PASS [   0.011s] (3511/5357) hornvale-vessel level_doc::tests::the_three_visibility_states_are_distinguishable_without_colour
        PASS [   0.010s] (3512/5357) hornvale-vessel light::tests::a_hearth_sits_at_a_wall_of_its_own_chamber
        PASS [   0.084s] (3513/5357) hornvale-vessel lattice::tests::the_embedding_is_cheap_enough_to_re_derive
        PASS [   0.013s] (3514/5357) hornvale-vessel light::tests::a_chamber_with_no_wall_of_its_own_has_no_hearth_cell
        PASS [   0.013s] (3515/5357) hornvale-vessel light::tests::a_wall_casts_a_light_shadow
        PASS [   0.013s] (3516/5357) hornvale-vessel light::tests::an_unreached_cell_is_absent_not_zero
        PASS [   0.011s] (3517/5357) hornvale-vessel light::tests::light_falls_off_with_distance
        PASS [   0.010s] (3518/5357) hornvale-vessel light::tests::the_falloff_is_one_over_one_plus_distance_squared
        PASS [   0.010s] (3519/5357) hornvale-vessel light::tests::the_hearth_cell_is_a_pure_function_of_the_lattice
        PASS [   0.011s] (3520/5357) hornvale-vessel light::tests::the_hearth_cell_is_pinned_for_the_two_chamber_house
        PASS [   0.124s] (3521/5357) hornvale-vessel lattice::sight::tests::sight_is_symmetric
        PASS [   0.012s] (3522/5357) hornvale-vessel light::tests::the_light_field_is_a_pure_function
        PASS [   0.011s] (3523/5357) hornvale-vessel light::tests::two_sources_are_strictly_brighter_than_either_alone
        PASS [   0.011s] (3524/5357) hornvale-vessel liveness::emitter_scan_tests::the_emitter_scan_fixture_separates_emitters_from_non_emitters
        PASS [   0.014s] (3525/5357) hornvale-vessel liveness::emitter_scan_tests::a_verdict_index_belongs_to_one_terrain_and_a_second_field_reads_the_first_ones_verdict
        PASS [   0.012s] (3526/5357) hornvale-vessel liveness::emitter_scan_tests::the_emitter_scan_read_off_the_store_equals_the_old_ledger_scan
        PASS [   0.011s] (3527/5357) hornvale-vessel liveness::emitter_scan_tests::the_scan_predicate_and_the_read_predicate_agree_over_the_whole_range
        PASS [   0.010s] (3528/5357) hornvale-vessel liveness::tests::a_bouts_length_is_a_property_of_the_act_not_of_the_next_scan_step
        PASS [   0.011s] (3529/5357) hornvale-vessel liveness::tests::a_carnivore_forages_toward_prey_a_herbivore_does_not
        PASS [   0.011s] (3530/5357) hornvale-vessel liveness::tests::a_cold_creature_crosses_the_room_to_the_fire
        PASS [   0.012s] (3531/5357) hornvale-vessel liveness::tests::a_colocated_lost_creature_feels_relief
        PASS [   0.013s] (3532/5357) hornvale-vessel liveness::tests::a_cold_creature_reads_less_arousal_beside_a_real_hearth_than_in_a_hearthless_room
        PASS [   0.012s] (3533/5357) hornvale-vessel liveness::tests::a_cowards_dread_depends_on_which_reset_the_emitters_past_day_thirst_resumes_from
        PASS [   0.013s] (3534/5357) hornvale-vessel liveness::tests::a_creature_arrives_at_the_seam_landing
        PASS [   0.014s] (3535/5357) hornvale-vessel liveness::tests::a_creature_crosses_a_hearth_bearing_room_but_not_a_hearthless_one
        PASS [   0.012s] (3536/5357) hornvale-vessel liveness::tests::a_crepuscular_wake_band_is_bracketed_by_the_retired_steps_grid
        PASS [   0.018s] (3537/5357) hornvale-vessel liveness::tests::a_default_controller_passes_through_and_a_player_controller_holds
        PASS [   0.030s] (3538/5357) hornvale-vessel liveness::tests::a_colocated_lost_creature_moves_toward_shared_water
        PASS [   0.011s] (3539/5357) hornvale-vessel liveness::tests::a_fast_rotating_world_gives_up_a_search_the_retired_bound_would_have_finished
        PASS [   0.017s] (3540/5357) hornvale-vessel liveness::tests::a_dread_afraid_creature_raises_no_alarm
        PASS [   0.010s] (3541/5357) hornvale-vessel liveness::tests::a_flow_drive_grants_no_anticipation_lead_but_a_stock_drive_does
        PASS [   0.012s] (3542/5357) hornvale-vessel liveness::tests::a_fatigue_read_matches_the_walks_own_fatigue_arithmetic
        PASS [   0.011s] (3543/5357) hornvale-vessel liveness::tests::a_helpless_creature_gives_up_even_with_a_reachable_proposal
        PASS [   0.010s] (3544/5357) hornvale-vessel liveness::tests::a_lonely_creature_yields_to_thirst_but_homes_when_sated
        PASS [   0.011s] (3545/5357) hornvale-vessel liveness::tests::a_negative_rest_span_is_refused
        PASS [   0.010s] (3546/5357) hornvale-vessel liveness::tests::a_rest_is_shorter_than_a_sleep_through_the_give_up_fallback_at_the_100_hour_legal_extreme
        PASS [   0.013s] (3547/5357) hornvale-vessel liveness::tests::a_rest_is_shorter_than_a_sleep_at_the_100_hour_legal_extreme
        PASS [   0.014s] (3548/5357) hornvale-vessel liveness::tests::a_rest_bout_repays_more_than_the_hysteresis_band_it_must_clear
        PASS [   0.010s] (3549/5357) hornvale-vessel liveness::tests::a_saturated_body_recovers_over_three_or_four_ordinary_nights
        PASS [   0.011s] (3550/5357) hornvale-vessel liveness::tests::a_rest_taken_on_a_100_hour_world_repays_more_than_the_hysteresis_band_it_must_clear
        PASS [   0.012s] (3551/5357) hornvale-vessel liveness::tests::a_rest_span_past_the_exact_range_is_refused
        PASS [   0.012s] (3552/5357) hornvale-vessel liveness::tests::a_sleeps_length_is_the_cycles_in_phase_and_the_floors_out_of_phase
        PASS [   0.011s] (3553/5357) hornvale-vessel liveness::tests::a_vulnerable_creature_dreads_predator_ground_an_apex_does_not
        PASS [   0.015s] (3554/5357) hornvale-vessel liveness::tests::a_thirsty_agent_plans_to_water_and_the_tick_walks_it
        PASS [   0.012s] (3555/5357) hornvale-vessel liveness::tests::affect_of_feels_the_phantom_on_now_safe_ground
        PASS [   0.012s] (3556/5357) hornvale-vessel liveness::tests::affect_reads_each_circumplex_region
        PASS [   0.015s] (3557/5357) hornvale-vessel liveness::tests::alarm_field_does_not_re_emit
        PASS [   0.011s] (3558/5357) hornvale-vessel liveness::tests::alarm_field_is_empty_with_no_primary_fear
        PASS [   0.012s] (3559/5357) hornvale-vessel liveness::tests::alarm_field_haloes_a_primary_afraid_creature
        PASS [   0.011s] (3560/5357) hornvale-vessel liveness::tests::alarm_is_additive_over_terrain_hazard
        PASS [   0.012s] (3561/5357) hornvale-vessel liveness::tests::alarm_raises_a_calm_creatures_danger
        PASS [   0.012s] (3562/5357) hornvale-vessel liveness::tests::an_ametabolic_creature_does_not_flinch_at_a_hazard
        PASS [   0.012s] (3563/5357) hornvale-vessel liveness::tests::an_ametabolic_creature_has_no_drives_and_never_distresses
        PASS [   0.011s] (3564/5357) hornvale-vessel liveness::tests::an_autotroph_is_fed_by_light_not_forage
        PASS [   0.024s] (3565/5357) hornvale-vessel liveness::tests::an_ametabolic_creature_is_never_lonely
        PASS [   0.013s] (3566/5357) hornvale-vessel liveness::tests::arbitrate_chooses_the_within_room_step_when_thermal_proposes_one
        PASS [   0.022s] (3567/5357) hornvale-vessel liveness::tests::an_ignorant_agent_discovers_water_then_later_beelines
        PASS [   0.011s] (3568/5357) hornvale-vessel liveness::tests::arbitrate_in_a_comfortable_cell_is_byte_identical_to_thirst_only_decide
        PASS [   0.011s] (3569/5357) hornvale-vessel liveness::tests::arbitrate_prefers_the_move_that_serves_both_drives
        PASS [   0.012s] (3570/5357) hornvale-vessel liveness::tests::arbitrates_proposal_cache_matches_a_fresh_recompute
        PASS [   0.015s] (3571/5357) hornvale-vessel liveness::tests::arbitration_is_deterministic_reload_stable_and_breaks_ties_by_ascending_room_addr
        PASS [   0.015s] (3572/5357) hornvale-vessel liveness::tests::arbitration_reports_only_the_dominant_drive_and_keeps_the_suppressed_one_retrievable
        PASS [   0.013s] (3573/5357) hornvale-vessel liveness::tests::arriving_into_an_empty_interior_is_a_no_op_not_a_panic
        PASS [   0.011s] (3574/5357) hornvale-vessel liveness::tests::believed_hazard_clears_a_disproven_phantom
        PASS [   0.012s] (3575/5357) hornvale-vessel liveness::tests::asleep_a_creature_sleeps_and_wakes_only_for_survival
        PASS [   0.011s] (3576/5357) hornvale-vessel liveness::tests::believed_hazard_holds_the_visited_dangerous_cells
        PASS [   0.011s] (3577/5357) hornvale-vessel liveness::tests::believed_hazard_is_hazard_memory_shunned
        PASS [   0.012s] (3578/5357) hornvale-vessel liveness::tests::believed_hazard_is_empty_when_never_frightened
        PASS [   0.011s] (3579/5357) hornvale-vessel liveness::tests::believed_hazard_is_terrain_only_with_empty_roster
        PASS [   0.012s] (3580/5357) hornvale-vessel liveness::tests::believed_water_breaks_equal_hop_ties_by_ascending_room_addr
        PASS [   0.011s] (3581/5357) hornvale-vessel liveness::tests::believed_water_is_deterministic_reload_stable_and_per_agent
        PASS [   0.013s] (3582/5357) hornvale-vessel liveness::tests::believed_water_ignores_dry_rooms_the_agent_stood_in
        PASS [   0.012s] (3583/5357) hornvale-vessel liveness::tests::believed_water_is_none_until_the_agent_has_stood_in_water
        PASS [   0.012s] (3584/5357) hornvale-vessel liveness::tests::believed_water_keeps_the_nearest_to_home_of_several_known_sources
        PASS [   0.011s] (3585/5357) hornvale-vessel liveness::tests::believed_water_only_counts_sightings_at_or_before_t
        PASS [   0.010s] (3586/5357) hornvale-vessel liveness::tests::borrowed_alarm_is_scaled_by_boldness
        PASS [   0.012s] (3587/5357) hornvale-vessel liveness::tests::boldness_scales_the_felt_threat_across_the_mettle_axis
        PASS [   0.012s] (3588/5357) hornvale-vessel liveness::tests::catch_up_commits_nothing
        PASS [   0.011s] (3589/5357) hornvale-vessel liveness::tests::catch_up_does_not_consume_the_controllers_pending_action
        PASS [   0.016s] (3590/5357) hornvale-vessel liveness::tests::catch_up_is_exact_under_the_cap_and_approximate_over_it
        PASS [   0.017s] (3591/5357) hornvale-vessel liveness::tests::catch_up_is_order_independent_across_creatures
        PASS [   0.013s] (3592/5357) hornvale-vessel liveness::tests::catch_up_reconstructs_the_within_room_position_across_an_unobserved_gap
        PASS [   0.011s] (3593/5357) hornvale-vessel liveness::tests::catch_up_replay_sees_thirst_before_a_drank_fact_inside_the_window
        PASS [   0.012s] (3594/5357) hornvale-vessel liveness::tests::commitment_hysteresis_prevents_flip_flop_between_near_equal_drives
        PASS [   0.013s] (3595/5357) hornvale-vessel liveness::tests::danger_discharges_dread_by_stepping_off_the_haunted_cell
        PASS [   0.011s] (3596/5357) hornvale-vessel liveness::tests::danger_routes_a_thirsty_creature_around_a_hazard_to_water
        PASS [   0.012s] (3597/5357) hornvale-vessel liveness::tests::danger_serviceability_is_signed_penalising_a_step_into_worse_danger
        PASS [   0.012s] (3598/5357) hornvale-vessel liveness::tests::danger_urgency_is_clamped_and_a_flow_drive_carries_no_state
        PASS [   0.014s] (3599/5357) hornvale-vessel liveness::tests::danger_urgency_reads_remembered_dread_on_now_safe_ground
        PASS [   0.014s] (3600/5357) hornvale-vessel liveness::tests::danger_urgency_reads_the_cell_threat_and_defaults_safe
        PASS [   0.013s] (3601/5357) hornvale-vessel liveness::tests::danger_without_dread_is_unchanged_on_flat_ground
        PASS [   0.011s] (3602/5357) hornvale-vessel liveness::tests::decide_holds_when_the_plan_is_unreachable_within_budget
        PASS [   0.011s] (3603/5357) hornvale-vessel liveness::tests::decide_plans_to_water_when_thirsty_and_home_when_not
        PASS [   0.015s] (3604/5357) hornvale-vessel liveness::tests::decide_plans_to_believed_water_or_explores_when_ignorant
        PASS [   0.011s] (3605/5357) hornvale-vessel liveness::tests::departing_a_creature_that_never_arrived_is_a_no_op
        PASS [  13.052s] (3606/5357) hornvale-scene::suite illumination_hypotheses::h1_the_surface_mixture_increases_distinguishable_colours
        PASS [   0.356s] (3607/5357) hornvale-vessel liveness::tests::a_degenerate_zero_rise_drive_terminates_via_the_max_steps_cap_not_a_hang
        PASS [   0.015s] (3608/5357) hornvale-vessel liveness::tests::downhill_step_picks_the_lowest_neighbor_deterministically
        PASS [   7.232s] (3609/5357) hornvale-terrain::suite rill_properties::every_branch_is_attached_to_the_line_above_it
        PASS [   0.026s] (3610/5357) hornvale-vessel liveness::tests::drinking_and_eating_now_cost_time
        PASS [   0.011s] (3611/5357) hornvale-vessel liveness::tests::drive_at_clamps_at_one_and_ignores_other_entities_drank_events
        PASS [   0.011s] (3612/5357) hornvale-vessel liveness::tests::drive_at_is_deterministic_and_reload_stable
        PASS [   0.011s] (3613/5357) hornvale-vessel liveness::tests::drive_folds_drank_events_rising_since_the_last_drink
        PASS [   0.011s] (3614/5357) hornvale-vessel liveness::tests::every_action_in_a_plan_has_its_precondition_satisfied_in_sequence
        PASS [   0.010s] (3615/5357) hornvale-vessel liveness::tests::everything_replayable_is_a_movement
        PASS [   0.012s] (3616/5357) hornvale-vessel liveness::tests::exactly_the_non_committing_actions_are_replayable
        PASS [   0.012s] (3617/5357) hornvale-vessel liveness::tests::facts_are_chronological_across_consecutive_ticks
        PASS [   0.011s] (3618/5357) hornvale-vessel liveness::tests::fatigue_folds_rested_events
        PASS [   0.011s] (3619/5357) hornvale-vessel liveness::tests::flee_step_picks_the_safest_neighbour_or_none_when_cornered
        PASS [   0.011s] (3620/5357) hornvale-vessel liveness::tests::food_value_is_the_niche_dotted_with_availability
        PASS [   0.011s] (3621/5357) hornvale-vessel liveness::tests::foresight_engages_a_stock_drive_before_it_crosses_act
        PASS [   0.011s] (3622/5357) hornvale-vessel liveness::tests::frightened_at_fires_on_re_derived_past_alarm
        PASS [   0.011s] (3623/5357) hornvale-vessel liveness::tests::frightened_at_is_false_after_the_alarm_passes
        PASS [   0.011s] (3624/5357) hornvale-vessel liveness::tests::frightened_at_is_terrain_only_with_empty_roster
        PASS [   0.011s] (3625/5357) hornvale-vessel liveness::tests::frightened_at_matches_the_danger_drive
        PASS [   0.011s] (3626/5357) hornvale-vessel liveness::tests::grab_and_weigh_resolve_the_same_conflict_differently
        PASS [   1.088s] (3627/5357) hornvale-vessel lattice::anchor_cells::tests::the_grown_corpus_is_where_the_filter_binds
        PASS [   0.031s] (3628/5357) hornvale-vessel liveness::tests::h3_the_act_trail_under_an_imposed_controller_is_byte_identical_to_the_default_controller
        PASS [   0.012s] (3629/5357) hornvale-vessel liveness::tests::hazard_memory_dread_is_empty_with_an_empty_roster
        PASS [   0.035s] (3630/5357) hornvale-vessel liveness::tests::h4_the_distinct_fact_shapes_imposed_and_free_can_reach_are_identical
        PASS [   0.011s] (3631/5357) hornvale-vessel liveness::tests::hazard_memory_splits_static_from_transient
        PASS [   0.011s] (3632/5357) hornvale-vessel liveness::tests::home_nav_a_belief_change_triggers_exactly_one_new_search
        PASS [   0.012s] (3633/5357) hornvale-vessel liveness::tests::home_nav_cache_changes_the_plan_when_the_avoid_set_changes
        PASS [   0.012s] (3634/5357) hornvale-vessel liveness::tests::home_nav_cache_is_keyed_by_home_and_budget_not_only_pos_and_avoid
        PASS [   0.013s] (3635/5357) hornvale-vessel liveness::tests::home_nav_cache_is_per_entity_never_global
        PASS [   0.013s] (3636/5357) hornvale-vessel liveness::tests::home_nav_moving_triggers_exactly_one_new_search
        PASS [   0.012s] (3637/5357) hornvale-vessel liveness::tests::home_nav_pays_zero_searches_for_a_stationary_unchanged_belief_entity_after_warmup
        PASS [   0.012s] (3638/5357) hornvale-vessel liveness::tests::hunger_folds_eaten_and_resets_on_a_meal
        PASS [   0.011s] (3639/5357) hornvale-vessel liveness::tests::hunger_integrates_faster_over_a_hot_occupancy
        PASS [   0.011s] (3640/5357) hornvale-vessel liveness::tests::hunger_proposal_eats_at_a_rich_cell_and_forages_from_a_barren_one
        PASS [   0.011s] (3641/5357) hornvale-vessel liveness::tests::is_awake_follows_the_sun_and_the_activity_cycle
        PASS [   0.012s] (3642/5357) hornvale-vessel liveness::tests::is_water_delegates_to_terrain_is_fresh_water
        PASS [   0.013s] (3643/5357) hornvale-vessel liveness::tests::learned_helplessness_onsets_after_prolonged_thirst_and_probes_periodically
        PASS [   0.011s] (3644/5357) hornvale-vessel liveness::tests::loneliness_is_zero_at_home_rises_with_distance_and_lapses_when_unreachable
        PASS [   0.155s] (3645/5357) hornvale-vessel liveness::tests::moves_carry_drive_naming_provenance
        PASS [   0.028s] (3646/5357) hornvale-vessel liveness::tests::nearest_water_finds_the_closest_water_room_by_hops
        PASS [   0.012s] (3647/5357) hornvale-vessel liveness::tests::nearest_water_gives_up_within_budget_when_no_water
        PASS [   0.012s] (3648/5357) hornvale-vessel liveness::tests::nearest_water_returns_from_itself_when_already_on_water
        PASS [   0.012s] (3649/5357) hornvale-vessel liveness::tests::no_movement_precondition_depends_on_a_committing_effect
        PASS [   0.012s] (3650/5357) hornvale-vessel liveness::tests::occupancy_is_empty_until_arrival_and_forgotten_on_departure
        PASS [   0.012s] (3651/5357) hornvale-vessel liveness::tests::ordered_for_derivation_prioritizes_home_over_population_rank
        PASS [   0.012s] (3652/5357) hornvale-vessel liveness::tests::plan_to_room_is_pure_navigation_no_drink
        PASS [   0.012s] (3653/5357) hornvale-vessel liveness::tests::plan_to_water_is_a_precondition_chain_move_then_drink
        PASS [   0.012s] (3654/5357) hornvale-vessel liveness::tests::plan_to_water_when_already_there_is_just_drink
        PASS [   0.013s] (3655/5357) hornvale-vessel liveness::tests::planner_braves_it_when_the_detour_exceeds_the_penalty
        PASS [   0.012s] (3656/5357) hornvale-vessel liveness::tests::planner_routes_around_a_remembered_cell
        PASS [   0.012s] (3657/5357) hornvale-vessel liveness::tests::preferred_anchor_declines_a_target_that_route_within_cannot_reach
        PASS [   0.012s] (3658/5357) hornvale-vessel liveness::tests::prey_ground_feeds_a_carnivore_and_leaves_a_herbivore_flat
        PASS [   0.013s] (3659/5357) hornvale-vessel liveness::tests::production_reaches_fatigue_through_exactly_one_door
        PASS [   0.012s] (3660/5357) hornvale-vessel liveness::tests::rise_at_couples_heat_to_thirst_per_metabolic_class
        PASS [   0.012s] (3661/5357) hornvale-vessel liveness::tests::room_text_round_trips
        PASS [  22.464s] (3662/5357) hornvale-scene tests::scene_is_byte_deterministic
        PASS [   0.012s] (3663/5357) hornvale-vessel liveness::tests::shared_belief_fills_an_ignorant_colocated_creature
        PASS [   0.013s] (3664/5357) hornvale-vessel liveness::tests::shared_belief_ignores_a_knower_in_a_different_room
        PASS [   0.012s] (3665/5357) hornvale-vessel liveness::tests::shared_belief_is_a_noop_when_alone_or_band_empty
        PASS [   0.014s] (3666/5357) hornvale-vessel liveness::tests::shared_belief_is_order_independent
        PASS [   0.012s] (3667/5357) hornvale-vessel liveness::tests::slept_on_fact_records_the_kind_and_carries_no_place
        PASS [   0.012s] (3668/5357) hornvale-vessel liveness::tests::social_proposal_and_serviceability_are_the_home_step
        PASS [   0.013s] (3669/5357) hornvale-vessel liveness::tests::soft_maslow_severe_cold_beats_mild_thirst_but_dying_of_thirst_beats_any_cold
        PASS [   0.012s] (3670/5357) hornvale-vessel liveness::tests::the_agent_at_predicate_spelling_is_a_permanent_on_disk_key
        PASS [   0.012s] (3671/5357) hornvale-vessel liveness::tests::the_bed_column_reproduces_the_shipped_sleep_grade_for_every_species
        PASS [  20.678s] (3672/5357) hornvale-scene tests::tiles_scene_marks_locked_worlds
        PASS [   0.019s] (3673/5357) hornvale-vessel liveness::tests::the_fatigue_drive_beds_down_in_place_wherever_the_creature_is
        PASS [   0.014s] (3674/5357) hornvale-vessel liveness::tests::the_herd_bolts_borrowed_alarm_makes_a_calm_creature_flee_then_settle
        PASS [   4.063s] (3675/5357) hornvale-terrain::suite tectonic_properties::pinned_supercontinent_is_sutured
        PASS [   0.031s] (3676/5357) hornvale-vessel liveness::tests::the_hoisted_walk_emits_exactly_what_the_loop_emitted
        PASS [   0.014s] (3677/5357) hornvale-vessel liveness::tests::the_predator_weight_derives_from_carnivory
        PASS [   0.011s] (3678/5357) hornvale-vessel liveness::tests::the_quantizer_moves_a_span_past_the_bound_and_leaves_every_real_one_alone
        PASS [  14.067s] (3679/5357) hornvale-scene::suite illumination_hypotheses::h3_a_monochrome_observer_loses_the_nominal_axis_and_says_so
        PASS [   0.015s] (3680/5357) hornvale-vessel liveness::tests::the_recount_surfaces_the_drives_own_provenance_for_the_full_round_trip
        PASS [   0.044s] (3681/5357) hornvale-vessel liveness::tests::the_shudder_is_felt_on_the_phantom_then_discharged_then_disproven
        PASS [   0.061s] (3682/5357) hornvale-vessel liveness::tests::the_shun_a_frightened_creature_detours_around_remembered_ground_a_control_goes_through
        PASS [   0.012s] (3683/5357) hornvale-vessel liveness::tests::the_sleep_grade_resolves_per_species_and_misses_to_the_neutral_row
        PASS [   0.012s] (3684/5357) hornvale-vessel liveness::tests::the_thermal_drive_folds_the_hearths_warmth_additively
        PASS [   0.013s] (3685/5357) hornvale-vessel liveness::tests::the_threat_niche_is_derived_from_nature
        PASS [   0.012s] (3686/5357) hornvale-vessel liveness::tests::the_walk_records_how_long_a_creature_actually_slept
        PASS [   0.012s] (3687/5357) hornvale-vessel liveness::tests::the_walk_records_no_site_on_bare_ground
        PASS [   0.020s] (3688/5357) hornvale-vessel liveness::tests::the_walk_records_the_site_the_body_slept_on
        PASS [   0.011s] (3689/5357) hornvale-vessel liveness::tests::thermal_comfort_step_breaks_ties_by_ascending_room_addr
        PASS [   0.011s] (3690/5357) hornvale-vessel liveness::tests::thermal_proposal_crosses_the_room_toward_the_hearth
        PASS [   0.011s] (3691/5357) hornvale-vessel liveness::tests::thermal_proposal_falls_back_to_the_room_scale_gradient_when_the_hearth_is_unroutable
        PASS [   0.011s] (3692/5357) hornvale-vessel liveness::tests::thermal_proposal_steps_toward_the_comfortable_neighbor_both_directions
        PASS [   0.011s] (3693/5357) hornvale-vessel liveness::tests::thermal_respects_the_niche_cold_tolerates_what_warm_flees
        PASS [   0.011s] (3694/5357) hornvale-vessel liveness::tests::thermal_serviceability_scores_the_within_room_step_by_warmth_gained
        PASS [   0.011s] (3695/5357) hornvale-vessel liveness::tests::thermal_urgency_and_proposal_are_deterministic_and_recompute_identically
        PASS [   0.011s] (3696/5357) hornvale-vessel liveness::tests::thermal_within_tolerance_is_satisfied_no_urgency_no_step
        PASS [   0.011s] (3697/5357) hornvale-vessel liveness::tests::thirst_integrates_faster_over_a_hot_occupancy
        PASS [   1.869s] (3698/5357) hornvale-vessel liveness::tests::every_emitted_fact_is_dated_inside_the_tick_that_emitted_it
        PASS [   0.022s] (3699/5357) hornvale-vessel liveness::tests::two_agents_believe_different_sources_from_their_histories_and_beeline_differently
        PASS [   0.522s] (3700/5357) hornvale-vessel liveness::tests::thirsty_but_unreachable_water_gives_up_quickly_not_at_max_steps
        PASS [   0.012s] (3701/5357) hornvale-vessel liveness::tests::two_species_order_two_found_surfaces_oppositely_through_the_grade
        PASS [   0.016s] (3702/5357) hornvale-vessel liveness::tests::two_species_read_the_same_hot_cell_differently
        PASS [   0.012s] (3703/5357) hornvale-vessel liveness::tests::walking_before_arriving_is_refused
        PASS [   0.011s] (3704/5357) hornvale-vessel liveness::tests::walking_requires_adjacency
        PASS [   0.011s] (3705/5357) hornvale-vessel liveness::tests::walking_into_a_contained_anchor_succeeds_not_only_across_adjacency
        PASS [   0.010s] (3706/5357) hornvale-vessel plan::tests::a_mark_outside_the_extent_trips_the_debug_assertion
        PASS [   0.011s] (3707/5357) hornvale-vessel plan::tests::a_cell_with_no_fabric_still_claims_nothing_under_the_ambient
        PASS [   0.011s] (3708/5357) hornvale-vessel plan::tests::a_threshold_keeps_both_of_its_chambers
        PASS [   0.012s] (3709/5357) hornvale-vessel plan::tests::a_wall_owns_no_chamber_and_a_floor_owns_exactly_one
        PASS [   0.010s] (3710/5357) hornvale-vessel plan::tests::an_empty_marks_list_serializes_as_an_empty_array_not_an_omitted_key
        PASS [   0.014s] (3711/5357) hornvale-vessel plan::tests::an_unlit_wall_claims_a_visible_ambient_triple_rather_than_black_or_absence
        PASS [   0.011s] (3712/5357) hornvale-vessel plan::tests::an_unlit_wall_claims_the_skyglow_ambient
        PASS [   0.013s] (3713/5357) hornvale-vessel plan::tests::an_unshaded_plan_claims_no_colour_at_all
        PASS [   0.012s] (3714/5357) hornvale-vessel plan::tests::every_index_names_a_real_palette_entry
        PASS [   2.385s] (3715/5357) hornvale-vessel liveness::tests::a_heavier_creature_covers_less_ground_in_the_same_interval
        PASS [   0.011s] (3716/5357) hornvale-vessel plan::tests::identical_cell_kinds_share_one_palette_entry
        PASS [   0.011s] (3717/5357) hornvale-vessel plan::tests::marks_round_trip_into_the_plan
        PASS [   0.011s] (3718/5357) hornvale-vessel plan::tests::marks_serialize_in_ascending_salience_then_noun_order
        PASS [   0.013s] (3719/5357) hornvale-vessel plan::tests::the_ambient_is_dimmer_than_torch_light_at_the_same_distance
        PASS [   0.012s] (3720/5357) hornvale-vessel plan::tests::the_index_grid_is_total_over_the_extent
        PASS [   0.012s] (3721/5357) hornvale-vessel plan::tests::the_palette_holds_no_entry_the_building_does_not_use
        PASS [   0.013s] (3722/5357) hornvale-vessel plan::tests::the_projection_is_deterministic
        PASS [   0.011s] (3723/5357) hornvale-vessel plan::tests::the_standing_cell_is_carried_verbatim
        PASS [   0.011s] (3724/5357) hornvale-vessel plan::tests::two_walls_at_different_light_levels_get_different_palette_entries
        PASS [   0.011s] (3725/5357) hornvale-vessel plat_prose::tests::the_table_has_eight_distinct_sentences_and_the_past_tense_is_past
        PASS [   1.179s] (3726/5357) hornvale-vessel liveness::tests::the_phantom_detours_around_a_passed_alarm_then_relearns_the_ground_safe
        PASS [   6.249s] (3727/5357) hornvale-terrain::suite tectonic_properties::every_default_globe_satisfies_every_invariant
        PASS [   0.011s] (3728/5357) hornvale-vessel purview::tests::agent_salience_outranks_every_settlement_salience
        PASS [   3.329s] (3729/5357) hornvale-vessel liveness::tests::a_faster_creature_acts_more_often_between_a_slower_ones_actions
        PASS [   1.115s] (3730/5357) hornvale-vessel plat_prose::tests::a_made_rung_names_the_entry_in_the_tenancys_tense
        PASS [   1.127s] (3731/5357) hornvale-vessel plat_prose::tests::a_wild_rung_has_no_place_sentence_and_no_place_nouns
        PASS [   3.482s] (3732/5357) hornvale-vessel liveness::tests::the_queues_tie_break_decides_nothing_but_order
        PASS [   3.893s] (3733/5357) hornvale-vessel liveness::tests::the_emission_order_is_independent_of_the_input_order
        PASS [  28.502s] (3734/5357) hornvale-scene tests::moons_scene_has_schema_indices_and_is_deterministic
        PASS [  28.224s] (3735/5357) hornvale-scene tests::neighbors_scene_has_schema_populations_and_is_deterministic
        PASS [   0.011s] (3736/5357) hornvale-vessel resident::tests::a_later_advance_over_a_longer_trail_only_judges_the_new_rooms
        PASS [   0.011s] (3737/5357) hornvale-vessel resident::tests::advance_judges_each_room_once_and_holds_the_verdict
        PASS [   0.012s] (3738/5357) hornvale-vessel resident::tests::discarding_the_index_and_rebuilding_gives_the_same_prefixes
        PASS [   0.012s] (3739/5357) hornvale-vessel resident::tests::the_frightening_day_held_is_the_rooms_first_visit_not_a_later_one
        PASS [   0.012s] (3740/5357) hornvale-vessel resident::tests::the_trail_and_the_visit_lists_hold_the_same_sighting_count
        PASS [   0.012s] (3741/5357) hornvale-vessel resident::tests::the_two_indexes_hold_the_hand_counted_entries_and_bytes
        PASS [   0.012s] (3742/5357) hornvale-vessel roster::tests::a_short_mask_is_refused
        PASS [   0.012s] (3743/5357) hornvale-vessel roster::tests::a_slot_never_moves
        PASS [   0.012s] (3744/5357) hornvale-vessel roster::tests::a_write_moves_one_slot_only
        PASS [   0.011s] (3745/5357) hornvale-vessel roster::tests::every_column_shares_one_length
        PASS [   0.011s] (3746/5357) hornvale-vessel roster::tests::the_driven_slot_is_the_one_dropped
        PASS [   0.011s] (3747/5357) hornvale-vessel ruin_prose::tests::every_cause_renders_nonempty_prose
        PASS [  23.205s] (3748/5357) hornvale-scene tests::water_fields_are_sized_legend_matches_and_ocean_has_no_drainage
        PASS [   9.977s] (3749/5357) hornvale-vessel agent::tests::a_known_species_settlement_passes_the_check
        PASS [  21.880s] (3750/5357) hornvale-scene::suite golden::the_projection_omits_unselected_layers
        PASS [  23.353s] (3751/5357) hornvale-scene::suite golden::every_cell_of_the_seam_band_is_drawn_including_the_seam_cells
        PASS [  11.213s] (3752/5357) hornvale-vessel focalize::tests::the_biome_datum_reports_height_above_sea_level
        PASS [  11.247s] (3753/5357) hornvale-vessel focalize::tests::rendered_noun_kinds_match_each_entrys_role
        PASS [  19.741s] (3754/5357) hornvale-terrain land_elevation_attribution::the_land_elevation_terms_attribute_their_variance
        PASS [  11.317s] (3755/5357) hornvale-vessel focalize::tests::every_noun_appears_in_the_prose
        PASS [  11.397s] (3756/5357) hornvale-vessel focalize::tests::the_day_threads_through_to_the_sky
        PASS [  11.434s] (3757/5357) hornvale-vessel focalize::tests::each_body_the_sky_names_is_examinable_and_moon_is_not_ambiguous_at_runtime
        PASS [   0.012s] (3758/5357) hornvale-vessel session::tests::a_costly_truth_names_its_residue_and_an_empty_one_reads_as_ordinary
        PASS [  11.243s] (3759/5357) hornvale-vessel knowledge::tests::a_corrupted_entry_fails_the_subset_check
        PASS [  11.360s] (3760/5357) hornvale-vessel knowledge::tests::the_identity_projection_is_a_subset_of_truth
        PASS [  11.742s] (3761/5357) hornvale-vessel knowledge::tests::knowledge_accumulates_across_rooms_and_stays_a_subset
        PASS [   4.340s] (3762/5357) hornvale-vessel session::tests::a_bare_noun_refuses_while_two_apertures_are_open
        PASS [   1.621s] (3763/5357) hornvale-vessel session::tests::a_compass_word_does_not_determine_whether_the_step_is_a_diagonal
        PASS [   4.572s] (3764/5357) hornvale-vessel session::tests::a_blank_line_clobbers_neither_turn_nor_narration
        PASS [   0.011s] (3765/5357) hornvale-vessel session::tests::a_deliberate_lie_carries_the_claim_and_never_the_truth
        PASS [  18.986s] (3766/5357) hornvale-terrain::suite channel_properties::the_indexed_nearest_line_equals_the_linear_scan
        PASS [  11.428s] (3767/5357) hornvale-vessel liveness::tests::derive_npcs_are_distinct_and_placed
        PASS [  11.775s] (3768/5357) hornvale-vessel liveness::tests::derive_npcs_actually_includes_the_home_settlement
        PASS [   4.294s] (3769/5357) hornvale-vessel session::tests::a_body_with_no_facts_has_no_possessor
        PASS [  11.923s] (3770/5357) hornvale-vessel liveness::tests::locale_terrain_is_built_reads_real_settlement_territory
        PASS [   4.403s] (3771/5357) hornvale-vessel session::tests::a_compass_step_indoors_never_touches_the_walk_band
        PASS [  14.852s] (3772/5357) hornvale-vessel knowledge::tests::a_spoken_fact_survives_transit_into_knowledge
        PASS [   0.012s] (3773/5357) hornvale-vessel session::tests::a_later_wake_already_set_is_kept
        PASS [   4.419s] (3774/5357) hornvale-vessel session::tests::a_creature_beyond_sight_appears_neither_in_sensed_nor_in_marks
        PASS [   4.609s] (3775/5357) hornvale-vessel session::tests::a_container_opens_closes_and_re_opens
        PASS [   4.741s] (3776/5357) hornvale-vessel session::tests::a_compass_step_underground_moves_one_cell
        PASS [  14.910s] (3777/5357) hornvale-vessel knowledge::tests::reader_set_splits_every_key
        PASS [   4.577s] (3778/5357) hornvale-vessel session::tests::a_corner_touch_between_two_chambers_is_not_a_way_between_them
        PASS [   5.315s] (3779/5357) hornvale-vessel session::tests::a_cleared_passage_stays_open_for_the_rest_of_the_session
        PASS [  85.347s] (3780/5357) hornvale-lab::suite affect_trace_golden::the_affect_trace_digest_is_itself_deterministic
        PASS [  14.497s] (3781/5357) hornvale-vessel liveness::tests::derived_npcs_carry_their_species_body_mass
        PASS [   4.787s] (3782/5357) hornvale-vessel session::tests::a_creature_underground_is_drawn_only_while_lit
        PASS [   0.013s] (3783/5357) hornvale-vessel session::tests::a_rest_is_not_a_sleep_for_the_wake
        PASS [   4.925s] (3784/5357) hornvale-vessel session::tests::a_creature_underground_is_examinable_exactly_when_the_pane_draws_it
        PASS [   4.873s] (3785/5357) hornvale-vessel session::tests::a_cross_floor_cycle_is_walked_down_along_and_back_up_another_stair
        PASS [  13.188s] (3786/5357) hornvale-vessel purview::tests::an_agent_mark_stands_on_a_cell
        PASS [  13.396s] (3787/5357) hornvale-vessel purview::tests::a_room_walked_and_left_becomes_remembered
        PASS [   5.145s] (3788/5357) hornvale-vessel session::tests::a_descent_door_without_its_key_refuses_in_its_own_words_and_writes_nothing
        PASS [  13.269s] (3789/5357) hornvale-vessel purview::tests::the_purview_is_idempotent
        PASS [  13.381s] (3790/5357) hornvale-vessel purview::tests::the_starting_room_is_here_and_nothing_is_remembered_yet
        PASS [  17.822s] (3791/5357) hornvale-vessel liveness::tests::derive_wild_npcs_mint_beast_agents_with_defaulted_psyche
        PASS [   4.386s] (3792/5357) hornvale-vessel session::tests::a_legend_mark_resolves_by_word_and_not_only_by_its_whole_name
        PASS [   4.240s] (3793/5357) hornvale-vessel session::tests::a_lockable_thing_opens_only_with_the_key_in_custody
        PASS [   0.011s] (3794/5357) hornvale-vessel session::tests::a_walk_sleep_already_over_sets_no_wake
        PASS [   0.014s] (3795/5357) hornvale-vessel session::tests::a_walk_sleep_that_outlasts_the_tick_sets_the_wake
        PASS [   0.015s] (3796/5357) hornvale-vessel session::tests::a_walks_wake_is_taken_when_none_is_set
        PASS [   0.015s] (3797/5357) hornvale-vessel session::tests::advanced_by_checks_the_increment_and_the_sum_separately
        PASS [   4.267s] (3798/5357) hornvale-vessel session::tests::a_possessed_and_asleep_body_is_refused_for_possession_not_sleep
        PASS [   0.020s] (3799/5357) hornvale-vessel session::tests::an_earlier_wake_gives_way_to_the_walks_own
        PASS [   0.013s] (3800/5357) hornvale-vessel session::tests::an_equal_wake_agrees_with_the_walks_own
        PASS [  13.272s] (3801/5357) hornvale-vessel purview::tests::zooming_out_coarsens_the_depth_and_keeps_the_observer_centred
        PASS [   4.657s] (3802/5357) hornvale-vessel session::tests::a_never_seen_cell_is_absent_from_the_document
        PASS [   4.556s] (3803/5357) hornvale-vessel session::tests::a_qualifier_the_prose_entry_declined_is_not_readmitted_by_the_legend
        PASS [   4.211s] (3804/5357) hornvale-vessel session::tests::a_refusal_in_a_middle_chamber_names_the_tokens_that_work
        PASS [   5.304s] (3805/5357) hornvale-vessel session::tests::a_lit_door_reaches_the_level_document_as_a_door_mark
        PASS [  16.832s] (3806/5357) hornvale-vessel purview::tests::a_low_sun_reddens_the_chart_relative_to_a_high_one
        PASS [  13.722s] (3807/5357) hornvale-vessel purview::tests::zooming_out_does_not_move_the_agents_declared_sun_altitude
        PASS [  16.868s] (3808/5357) hornvale-vessel purview::tests::eyes_off_restores_a_byte_identical_uncoloured_chart
        PASS [   4.274s] (3809/5357) hornvale-vessel session::tests::a_step_north_moves_the_mark_up_the_picture
        PASS [   9.529s] (3810/5357) hornvale-vessel session::tests::a_cut_place_is_walked_and_its_doors_are_real
        PASS [   4.658s] (3811/5357) hornvale-vessel session::tests::a_snapshot_is_pure_taken_twice
        PASS [  22.433s] (3812/5357) hornvale-vessel focalize::tests::the_focalization_is_deterministic
        PASS [   5.829s] (3813/5357) hornvale-vessel session::tests::a_shut_door_is_named_by_look_absent_from_the_ways_on_list_and_refused_by_go
        PASS [   5.019s] (3814/5357) hornvale-vessel session::tests::a_thing_dropped_underground_lies_in_the_region_and_is_taken_again
        PASS [  16.969s] (3815/5357) hornvale-vessel purview::tests::two_eyes_on_one_world_disagree_about_colour
        PASS [   4.188s] (3816/5357) hornvale-vessel session::tests::an_imposed_possession_refuses_in_character_and_permits_out_of_character
        PASS [   4.228s] (3817/5357) hornvale-vessel session::tests::an_invalid_destination_brief_refuses_before_go_changes_any_state
        PASS [   4.198s] (3818/5357) hornvale-vessel session::tests::an_unmatched_name_refuses_rather_than_choosing_a_destination
        PASS [   4.668s] (3819/5357) hornvale-vessel session::tests::an_underground_step_advances_the_clock
        PASS [   4.201s] (3820/5357) hornvale-vessel session::tests::an_unprovoked_npcs_grievance_is_not_negative_zero
        PASS [   4.740s] (3821/5357) hornvale-vessel session::tests::an_unlit_resident_stays_unexaminable
        PASS [   4.831s] (3822/5357) hornvale-vessel session::tests::back_is_still_refused_underground
        PASS [   4.933s] (3823/5357) hornvale-vessel session::tests::bang_map_and_bare_map_agree_underground
        PASS [   4.276s] (3824/5357) hornvale-vessel session::tests::carrying_is_refused_while_asleep
        PASS [   4.293s] (3825/5357) hornvale-vessel session::tests::clearing_a_warded_passage_names_the_ward_not_the_rubble
        PASS [   4.672s] (3826/5357) hornvale-vessel session::tests::clear_is_refused_while_asleep
        PASS [   0.012s] (3827/5357) hornvale-vessel session::tests::every_bare_verb_help_lists_is_classified
        PASS [   0.011s] (3828/5357) hornvale-vessel session::tests::every_bearing_has_a_delta_that_agrees_with_its_bearing
        PASS [   4.758s] (3829/5357) hornvale-vessel session::tests::clearing_a_sealed_passage_does_not_open_it
        PASS [   0.013s] (3830/5357) hornvale-vessel session::tests::every_passage_outcome_reads_distinctly
        PASS [   4.200s] (3831/5357) hornvale-vessel session::tests::close_is_refused_while_asleep
        PASS [  12.443s] (3832/5357) hornvale-vessel session::tests::a_kind_with_no_lid_is_refused_by_the_offer_not_by_a_kind_literal
        PASS [   4.947s] (3833/5357) hornvale-vessel session::tests::delve_has_three_distinguishable_outcomes
        PASS [   4.713s] (3834/5357) hornvale-vessel session::tests::delve_places_the_possession_on_a_real_cell_of_a_generated_level
        PASS [   4.643s] (3835/5357) hornvale-vessel session::tests::delve_refuses_while_inside_a_structure
        PASS [   4.258s] (3836/5357) hornvale-vessel session::tests::down_is_refused_while_asleep
        PASS [   4.748s] (3837/5357) hornvale-vessel session::tests::delve_success_narration_matches_the_clients_own_literal
        PASS [   4.840s] (3838/5357) hornvale-vessel session::tests::delving_marks_the_arrival_cell_without_a_step
        PASS [   4.855s] (3839/5357) hornvale-vessel session::tests::down_refuses_on_an_up_stairs_cell_and_vice_versa
        PASS [   4.292s] (3840/5357) hornvale-vessel session::tests::drop_is_refused_while_asleep
        PASS [   0.027s] (3841/5357) hornvale-vessel session::tests::further_in_is_the_deeper_aperture_and_stops_at_the_last_chamber
        PASS [  95.639s] (3842/5357) hornvale-lab::suite health_calibration::the_null_control_reads_no_chronic_distress
        PASS [   0.023s] (3843/5357) hornvale-vessel session::tests::help_names_warm_with_the_offer_modules_own_word_and_carrier
        PASS [   4.688s] (3844/5357) hornvale-vessel session::tests::each_live_footing_kind_reads_as_its_own_sentence
        PASS [   8.754s] (3845/5357) hornvale-vessel session::tests::clear_refuses_from_inside_a_structure_and_from_underground
        PASS [   4.295s] (3846/5357) hornvale-vessel session::tests::every_chamber_is_reachable_from_the_threshold_by_input
        PASS [   0.015s] (3847/5357) hornvale-vessel session::tests::minutes_are_one_per_kind_in_first_appearance_order_with_the_move_first
        PASS [   4.287s] (3848/5357) hornvale-vessel session::tests::examine_chamber_anchor_is_refused_when_the_observer_has_no_recorded_knowledge
        PASS [   0.012s] (3849/5357) hornvale-vessel session::tests::neighbours_reads_the_link_graph_in_both_directions
        PASS [   5.017s] (3850/5357) hornvale-vessel session::tests::every_walked_slots_felt_is_the_walks_own
        PASS [  21.129s] (3851/5357) hornvale-vessel session::tests::a_container_nobody_unlocked_is_still_locked_after_a_close
        PASS [   5.285s] (3852/5357) hornvale-vessel session::tests::examine_answers_the_key_and_the_door_underground
        PASS [   4.474s] (3853/5357) hornvale-vessel session::tests::examine_chamber_anchor_reply_is_pinned_before_the_offer_gate
        PASS [  13.314s] (3854/5357) hornvale-vessel session::tests::all_twenty_four_cube_corner_rooms_refuse_exactly_one_bearing_each
        PASS [   4.369s] (3855/5357) hornvale-vessel session::tests::examine_indoors_answers_what_the_chamber_names_and_refuses_the_rest_in_one_voice
        PASS [   4.204s] (3856/5357) hornvale-vessel session::tests::examine_reports_a_genuine_lens_failure_loudly_not_as_an_absence
        PASS [   4.264s] (3857/5357) hornvale-vessel session::tests::examine_still_refuses_plainly_when_nothing_is_wrong
        SLOW [>180.000s] (─────────) hornvale::suite repertory_corpus::every_founding_scene_passes_every_beat
        SLOW [>180.000s] (─────────) hornvale::suite repertory_corpus::no_scene_has_fallen_below_its_recorded_floor
        PASS [  21.148s] (3858/5357) hornvale-vessel session::tests::a_dropped_thing_joins_the_room_it_was_dropped_in
        PASS [   0.083s] (3859/5357) hornvale-vessel session::tests::render_testimony_direct_reports_the_word_and_its_own_concept
        PASS [   0.022s] (3860/5357) hornvale-vessel session::tests::render_testimony_none_says_nothing_and_lands_nothing
        PASS [   0.024s] (3861/5357) hornvale-vessel session::tests::render_testimony_withheld_lands_nothing_and_names_no_state
        PASS [   9.113s] (3862/5357) hornvale-vessel session::tests::driven_felt_state_can_move_under_an_imposed_controller_during_wait
        PASS [   0.015s] (3863/5357) hornvale-vessel session::tests::session_control_is_never_an_in_character_verb
        PASS [   4.475s] (3864/5357) hornvale-vessel session::tests::map_indoors_draws_the_plan_and_map_out_indoors_refuses
        PASS [   4.191s] (3865/5357) hornvale-vessel session::tests::named_neighbour_walks_further_in_from_a_middle_chamber
        PASS [   5.259s] (3866/5357) hornvale-vessel session::tests::fog_survives_moving_between_rungs_and_dies_on_climbing_out
        PASS [  21.556s] (3867/5357) hornvale-vessel session::tests::a_held_body_indoors_holds_and_keeps_its_frame
        PASS [   0.011s] (3868/5357) hornvale-vessel session::tests::the_arbitration_never_reaches_a_divergent_utterance
        PASS [  21.463s] (3869/5357) hornvale-vessel session::tests::a_key_in_custody_opens_the_strongbox_a_player_walked_to
        PASS [   4.679s] (3870/5357) hornvale-vessel session::tests::map_out_is_refused_underground
        PASS [  21.260s] (3871/5357) hornvale-vessel session::tests::a_key_set_down_where_another_is_composed_is_still_taken
        PASS [   4.924s] (3872/5357) hornvale-vessel session::tests::narration_follows_the_verb_not_the_room
        PASS [   4.146s] (3873/5357) hornvale-vessel session::tests::open_and_close_hint_when_bare_and_refuse_out_of_doors
        PASS [   0.011s] (3874/5357) hornvale-vessel session::tests::the_compass_rose_is_locales_own_order
        PASS [  16.586s] (3875/5357) hornvale-vessel session::tests::a_two_walled_corner_refuses_the_diagonal_step_indoors
        PASS [   4.270s] (3876/5357) hornvale-vessel session::tests::open_is_refused_while_asleep
        PASS [  21.187s] (3877/5357) hornvale-vessel session::tests::a_played_session_promotes_only_what_was_already_latent
        PASS [   4.351s] (3878/5357) hornvale-vessel session::tests::peek_stairs_refuses_off_any_stairs_cell
        PASS [   4.294s] (3879/5357) hornvale-vessel session::tests::possession_opens_closes_and_reopens
        PASS [   0.011s] (3880/5357) hornvale-vessel session::tests::the_latest_outlasting_sleep_wins
        PASS [   0.010s] (3881/5357) hornvale-vessel session::tests::the_lock_wants_a_property_and_exactly_one_kind_supplies_it
        PASS [  36.130s] (3882/5357) hornvale-vessel liveness::emitter_scan_tests::the_indexed_scan_and_read_equal_the_pre_index_oracles
        PASS [   4.539s] (3883/5357) hornvale-vessel session::tests::perturbing_the_embedding_moves_what_is_drawn_and_not_what_is_known
        PASS [   4.586s] (3884/5357) hornvale-vessel session::tests::provoking_shows_up_in_the_social_channel
        PASS [   4.311s] (3885/5357) hornvale-vessel session::tests::put_is_refused_while_asleep
        PASS [  21.452s] (3886/5357) hornvale-vessel session::tests::a_shut_lid_refuses_take_and_an_open_one_does_not
        PASS [   4.181s] (3887/5357) hornvale-vessel session::tests::rock_refuses_a_step_with_a_physical_reason
        PASS [   4.432s] (3888/5357) hornvale-vessel session::tests::take_is_refused_while_asleep
        PASS [  20.877s] (3889/5357) hornvale-vessel session::tests::a_thing_put_into_an_open_chest_can_be_taken_back_out
        PASS [   4.829s] (3890/5357) hornvale-vessel session::tests::stairs_connect_adjacent_rungs_in_both_directions
        PASS [   4.706s] (3891/5357) hornvale-vessel session::tests::taking_stairs_marks_the_landing_without_a_step
        PASS [   4.256s] (3892/5357) hornvale-vessel session::tests::the_carried_lattice_is_the_one_the_place_derives
        PASS [  21.339s] (3893/5357) hornvale-vessel session::tests::a_thing_put_into_a_container_the_grammar_never_composes_comes_back_out
        PASS [   4.740s] (3894/5357) hornvale-vessel session::tests::the_brattice_walk_three_a_shark_crosses_the_sump_and_a_dragon_climbs_the_chute
        PASS [   4.782s] (3895/5357) hornvale-vessel session::tests::the_brattice_walk_two_a_chute_is_taken_down_and_the_loop_closed_by_the_far_stairway
        PASS [   5.228s] (3896/5357) hornvale-vessel session::tests::the_brattice_walk_one_a_locked_door_sends_the_walk_the_long_way_round_to_its_key
        PASS [   5.494s] (3897/5357) hornvale-vessel session::tests::taking_the_stairs_advances_the_clock
        PASS [   4.844s] (3898/5357) hornvale-vessel session::tests::the_chute_and_the_sump_read_the_body_that_walks_them
        PASS [   4.654s] (3899/5357) hornvale-vessel session::tests::the_deepest_rungs_stairs_down_refuses_without_moving
        PASS [  21.406s] (3900/5357) hornvale-vessel session::tests::a_thing_taken_is_carried_between_rooms
        PASS [  12.288s] (3901/5357) hornvale-vessel session::tests::examine_chamber_names_the_hearth_within_the_real_hearthroom_alcove
        PASS [   4.306s] (3902/5357) hornvale-vessel session::tests::the_marks_answer_is_the_sessions_own_self_description
        PASS [   0.012s] (3903/5357) hornvale-vessel site::tests::a_placed_site_is_a_point
        PASS [   0.010s] (3904/5357) hornvale-vessel site::tests::derived_sets_tier_derived
        PASS [   0.011s] (3905/5357) hornvale-vessel site::tests::placed_round_trips_kind_and_name
        PASS [   0.011s] (3906/5357) hornvale-vessel site::tests::placed_sets_tier_placed
        PASS [   0.012s] (3907/5357) hornvale-vessel site::tests::salience_ignores_tier
        PASS [   4.688s] (3908/5357) hornvale-vessel session::tests::the_lateral_refusal_is_gone
        PASS [   0.011s] (3909/5357) hornvale-vessel site::tests::salience_ranks_settlement_over_exotic_over_cave
        PASS [   0.011s] (3910/5357) hornvale-vessel sleep_site::tests::room_with_no_offering_anchor_returns_none
        PASS [   0.012s] (3911/5357) hornvale-vessel sleep_site::tests::single_bed_anchor_is_selected
        PASS [   0.010s] (3912/5357) hornvale-vessel sleep_site::tests::the_higher_graded_kind_wins_over_the_lower_anchor_id
        PASS [   0.013s] (3913/5357) hornvale-vessel sleep_site::tests::two_offering_anchors_the_ascending_one_wins
        PASS [   5.199s] (3914/5357) hornvale-vessel session::tests::the_key_at_its_node_opens_the_door_it_fits_and_closing_does_not_relock_it
        PASS [   0.012s] (3915/5357) hornvale-vessel structure::tests::a_built_locale_has_a_bounded_chamber_set
        PASS [   0.012s] (3916/5357) hornvale-vessel structure::tests::a_different_locale_gives_a_different_structure
        PASS [   0.012s] (3917/5357) hornvale-vessel structure::tests::chambers_are_distinct
        PASS [   0.012s] (3918/5357) hornvale-vessel structure::tests::derivation_is_pure
        PASS [   0.012s] (3919/5357) hornvale-vessel structure::tests::every_chamber_sits_at_the_chamber_depth_under_this_locale
        PASS [   0.011s] (3920/5357) hornvale-vessel structure::tests::the_draw_is_keyed_to_the_world_seed
        PASS [   0.012s] (3921/5357) hornvale-vessel structure::tests::the_site_gates_the_structure_and_built_does_not
        PASS [   0.012s] (3922/5357) hornvale-vessel structure::tests::the_structure_drawn_is_the_same_whatever_kind_of_site_gates_it
        PASS [   0.012s] (3923/5357) hornvale-vessel structure::tests::the_threshold_is_a_chamber_and_the_graph_is_connected
        PASS [   0.011s] (3924/5357) hornvale-vessel testimony::tests::circumplex_positions_match_the_authored_docs
        PASS [   0.011s] (3925/5357) hornvale-vessel testimony::tests::frustrated_and_helpless_coincide_on_the_circumplex
        PASS [   0.012s] (3926/5357) hornvale-vessel thing::tests::a_containment_cycle_terminates
        PASS [   4.460s] (3927/5357) hornvale-vessel session::tests::the_opening_snapshot_carries_every_channel
        PASS [   0.011s] (3928/5357) hornvale-vessel thing::tests::a_malformed_location_is_not_a_room
        PASS [   0.011s] (3929/5357) hornvale-vessel thing::tests::a_malformed_location_still_ends_latency
        PASS [   0.012s] (3930/5357) hornvale-vessel thing::tests::a_promoted_thing_that_never_moved_is_still_here
        PASS [   0.012s] (3931/5357) hornvale-vessel thing::tests::a_room_that_does_not_pack_cannot_carry_a_thing_either
        PASS [   0.015s] (3932/5357) hornvale-vessel thing::tests::a_promotion_into_a_room_that_does_not_pack_is_refused
        PASS [   0.010s] (3933/5357) hornvale-vessel thing::tests::a_room_that_does_not_pack_is_refused
        PASS [   0.012s] (3934/5357) hornvale-vessel thing::tests::a_rooms_key_is_the_permanent_on_disk_spelling
        PASS [   0.010s] (3935/5357) hornvale-vessel thing::tests::a_thing_carried_away_is_not_re_offered_where_it_came_from
        PASS [   0.011s] (3936/5357) hornvale-vessel thing::tests::a_thing_held_by_a_body_has_no_room_today
        PASS [   0.011s] (3937/5357) hornvale-vessel thing::tests::a_thing_inside_a_container_here_is_not_loose_here
        PASS [   0.011s] (3938/5357) hornvale-vessel thing::tests::a_thing_put_back_is_still_here
        PASS [   0.011s] (3939/5357) hornvale-vessel thing::tests::a_thing_resting_in_a_room_is_in_that_room
        PASS [   0.010s] (3940/5357) hornvale-vessel thing::tests::a_things_id_is_a_pure_function_of_room_kind_and_ordinal
        PASS [   0.012s] (3941/5357) hornvale-vessel thing::tests::containment_resolves_transitively_to_a_room
        PASS [   0.010s] (3942/5357) hornvale-vessel thing::tests::distinct_addresses_never_share_an_id
        PASS [   0.011s] (3943/5357) hornvale-vessel thing::tests::latency_in_a_room_that_does_not_pack_is_refused
        PASS [   0.010s] (3944/5357) hornvale-vessel thing::tests::latency_is_keyed_on_the_whole_lineage
        PASS [   0.011s] (3945/5357) hornvale-vessel thing::tests::latency_is_time_correct
        PASS [   0.013s] (3946/5357) hornvale-vessel thing::tests::location_is_read_as_of_the_day_asked_about
        PASS [   0.011s] (3947/5357) hornvale-vessel thing::tests::openness_is_absent_until_a_fact_says_otherwise
        PASS [   0.011s] (3948/5357) hornvale-vessel thing::tests::promotes_ordinal_reaches_the_id_it_returns
        PASS [   0.010s] (3949/5357) hornvale-vessel thing::tests::the_committed_instance_of_fact_carries_the_kind_and_the_day
        PASS [   0.017s] (3950/5357) hornvale-vessel thing::tests::promoting_twice_yields_one_entity
        PASS [   0.011s] (3951/5357) hornvale-vessel thing::tests::the_last_posting_at_one_instant_wins
        PASS [   0.011s] (3952/5357) hornvale-vessel thing::tests::the_location_and_openness_facts_carry_their_whole_envelope
        PASS [   0.010s] (3953/5357) hornvale-vessel thing::tests::the_location_predicate_spellings_are_permanent_on_disk_keys
        PASS [   0.012s] (3954/5357) hornvale-vessel thing::tests::the_thing_role_spelling_is_the_permanent_lineage_key
        PASS [   0.010s] (3955/5357) hornvale-vessel underground::tests::a_cell_outside_the_extent_is_never_seen
        PASS [   0.011s] (3956/5357) hornvale-vessel underground::tests::a_chute_over_deep_water_refuses_a_non_swimmer_and_admits_a_swimmer
        PASS [   0.011s] (3957/5357) hornvale-vessel underground::tests::a_drop_goes_down_and_only_a_flier_comes_back_up
        PASS [   0.011s] (3958/5357) hornvale-vessel underground::tests::a_threshold_with_a_shut_door_refuses_and_an_open_one_admits
        PASS [   0.011s] (3959/5357) hornvale-vessel underground::tests::a_wider_reach_does_not_change_what_was_already_seen
        PASS [   0.012s] (3960/5357) hornvale-vessel underground::tests::deep_water_refuses_a_walker_and_admits_a_swimmer
        PASS [   0.012s] (3961/5357) hornvale-vessel underground::tests::habitation_rungs_excludes_surface
        PASS [   0.023s] (3962/5357) hornvale-vessel underground::tests::inhabitant_datum_names_the_species_the_source_the_hoard_and_the_keeping
        PASS [   0.019s] (3963/5357) hornvale-vessel underground::tests::rung_band_names_the_top_of_the_ladder
        PASS [   0.019s] (3964/5357) hornvale-vessel underground::tests::saw_reports_exactly_what_was_marked
        PASS [   0.014s] (3965/5357) hornvale-vessel underground::tests::the_reach_seam_is_the_only_source_of_the_radius
        PASS [   0.012s] (3966/5357) hornvale-vessel underground::tests::who_is_underground_derives_from_the_chambers_own_conditions
        PASS [   4.260s] (3967/5357) hornvale-vessel session::tests::the_plan_is_keyed_to_the_locale_not_the_world
        PASS [   0.015s] (3968/5357) hornvale-vessel underworld_level::carve::tests::carving_is_deterministic
        PASS [   0.012s] (3969/5357) hornvale-vessel underworld_level::carve::tests::carving_never_touches_outside_the_rect
        PASS [   0.012s] (3970/5357) hornvale-vessel underworld_level::carve::tests::every_algorithm_produces_at_least_one_floor_cell
        PASS [   0.029s] (3971/5357) hornvale-vessel underworld_level::carve::tests::cellular_cave_output_is_internally_connected
        PASS [   0.018s] (3972/5357) hornvale-vessel underworld_level::carve::tests::partitioned_rooms_output_is_internally_connected
        PASS [   0.016s] (3973/5357) hornvale-vessel underworld_level::carve::tests::tunneler_output_is_internally_connected
        PASS [   0.015s] (3974/5357) hornvale-vessel underworld_level::carve::tests::two_leaves_sharing_an_algorithm_and_a_stream_differ
        PASS [   4.452s] (3975/5357) hornvale-vessel session::tests::the_plan_does_not_change_as_the_possession_walks_deeper
        PASS [   0.020s] (3976/5357) hornvale-vessel underworld_level::dense::tests::a_dense_grid_agrees_with_a_btreemap_on_every_cell_and_on_order
        PASS [   0.015s] (3977/5357) hornvale-vessel underworld_level::tests::a_phreatic_level_floods_its_natural_leaves_and_drains_its_worked_ones
        PASS [   0.025s] (3978/5357) hornvale-vessel underworld_level::tests::chamber_origin_is_never_mutated_by_geometry
        PASS [   0.011s] (3979/5357) hornvale-vessel underworld_level::tests::every_cell_of_the_extent_has_a_kind
        PASS [   4.932s] (3980/5357) hornvale-vessel session::tests::the_pane_and_the_verb_agree_underground
        PASS [   0.080s] (3981/5357) hornvale-vessel underworld_level::tests::every_walkable_cell_is_reachable_from_every_other
        PASS [   0.013s] (3982/5357) hornvale-vessel underworld_level::tests::generate_descent_produces_one_level_per_rung
        PASS [   0.014s] (3983/5357) hornvale-vessel underworld_level::tests::generation_is_deterministic
        PASS [   0.331s] (3984/5357) hornvale-vessel underworld_level::tests::a_drow_tier_descent_comes_out_substantially_drier_than_a_wild_cave_one
        PASS [   0.013s] (3985/5357) hornvale-vessel underworld_level::tests::movement_mode_answers_one_mode_per_passable_kind
        PASS [   0.352s] (3986/5357) hornvale-vessel underworld_level::tests::every_character_engine_keeps_every_level_connected
        PASS [   0.418s] (3987/5357) hornvale-vessel underworld_level::tests::different_characters_produce_structurally_different_descents
        PASS [   0.019s] (3988/5357) hornvale-vessel underworld_level::tests::two_rungs_with_the_same_origin_and_kind_still_differ
        PASS [   0.295s] (3989/5357) hornvale-vessel underworld_level::tests::made_chambers_lean_worked_found_chambers_lean_natural
        PASS [   0.181s] (3990/5357) hornvale-vessel underworld_level::tests::unlinked_neighbours_keep_their_wall
        PASS [   0.014s] (3991/5357) hornvale-vessel weft_prose::tests::every_kind_renders_nonempty_prose
        PASS [   0.012s] (3992/5357) hornvale-vessel weft_prose::tests::no_features_is_silent
        PASS [   0.012s] (3993/5357) hornvale-vessel weft_prose::tests::two_features_both_render
        PASS [   0.447s] (3994/5357) hornvale-vessel underworld_level::tests::stairs_pair_by_coordinate_across_adjacent_rungs
        PASS [   0.252s] (3995/5357) hornvale-vessel underworld_level::tests::worked_fraction_has_inertia_across_rungs
        PASS [   1.156s] (3996/5357) hornvale-vessel underground::tests::resident_cell_is_the_first_standable_cell_of_the_sanctums_region
        PASS [   4.797s] (3997/5357) hornvale-vessel session::tests::the_three_visibility_states_are_distinguishable_without_colour
        PASS [   0.015s] (3998/5357) hornvale-vessel::suite action_module::every_action_variant_still_carries_a_concept_name
        PASS [   0.018s] (3999/5357) hornvale-vessel::suite action_module::resting_leaves_the_body_conscious_and_restores_some_fatigue
        PASS [   0.012s] (4000/5357) hornvale-vessel::suite action_module::sleeping_renders_the_body_unconscious_and_restores_strictly_more_than_resting
        PASS [   0.014s] (4001/5357) hornvale-vessel::suite action_module::the_action_layer_has_its_own_module
        PASS [  13.814s] (4002/5357) hornvale-vessel session::tests::four_norths_and_four_souths_return_you_to_where_you_started
        PASS [   0.011s] (4003/5357) hornvale-vessel::suite action_mood::every_creature_action_is_in_character
        PASS [   0.011s] (4004/5357) hornvale-vessel::suite action_mood::every_group_a_instrument_is_out_of_character
        PASS [   0.011s] (4005/5357) hornvale-vessel::suite action_mood::every_group_b_objective_half_is_out_of_character
        PASS [   0.011s] (4006/5357) hornvale-vessel::suite action_mood::every_rostered_action_is_classified
        PASS [   0.011s] (4007/5357) hornvale-vessel::suite affordance::a_brazier_offers_warm_with_no_dispatcher_edit
        PASS [   0.016s] (4008/5357) hornvale-vessel::suite affordance::a_kind_gains_every_verb_its_properties_satisfy_with_no_dispatcher_edit
        PASS [   0.023s] (4009/5357) hornvale-vessel::suite affordance::a_registered_multi_property_kind_discriminates_subset_from_equality
        PASS [   0.018s] (4010/5357) hornvale-vessel::suite affordance::an_encountered_object_offers_its_verbs
        PASS [   0.011s] (4011/5357) hornvale-vessel::suite affordance::an_encountered_passage_offers_its_verbs
        PASS [   0.010s] (4012/5357) hornvale-vessel::suite affordance::an_unencountered_object_offers_nothing
        PASS [   0.014s] (4013/5357) hornvale-vessel::suite affordance::an_unencountered_passage_offers_nothing
        PASS [   0.014s] (4014/5357) hornvale-vessel::suite affordance::blanking_survives_comments_and_format_strings
        PASS [   4.745s] (4015/5357) hornvale-vessel session::tests::the_turn_counter_advances_with_committed_turns
        PASS [   0.015s] (4016/5357) hornvale-vessel::suite affordance::block_body_after_isolates_exactly_the_matched_block
        PASS [   0.011s] (4017/5357) hornvale-vessel::suite affordance::body_relativity_never_withdraws_an_existing_capability
        PASS [   0.013s] (4018/5357) hornvale-vessel::suite affordance::examine_is_universal_even_for_a_kind_with_no_registered_properties
        PASS [   0.018s] (4019/5357) hornvale-vessel::suite affordance::every_kind_carrying_a_shared_property_is_offered_the_verb_it_gates
        PASS [   0.011s] (4020/5357) hornvale-vessel::suite affordance::extra_properties_expand_the_offer_never_withdraw_it
        PASS [   0.019s] (4021/5357) hornvale-vessel::suite affordance::no_hardcoded_anchor_kind_gates_warm
        PASS [   0.018s] (4022/5357) hornvale-vessel::suite affordance::no_kind_keyed_dispatch_names_a_verb
        PASS [   0.012s] (4023/5357) hornvale-vessel::suite affordance::no_thing_kind_keyed_verb_table_exists
        PASS [   0.018s] (4024/5357) hornvale-vessel::suite affordance::no_verb_by_object_table_exists
        PASS [   4.722s] (4025/5357) hornvale-vessel session::tests::the_underground_pane_reads_band_underground
        PASS [   0.011s] (4026/5357) hornvale-vessel::suite affordance::subset_and_equality_genuinely_disagree_on_the_constructed_traits
        PASS [   0.013s] (4027/5357) hornvale-vessel::suite affordance::supports_rest_and_a_rest_surface_imply_each_other
        PASS [   0.012s] (4028/5357) hornvale-vessel::suite affordance::the_dispatch_scan_catches_a_thing_kind_keyed_table
        PASS [   0.013s] (4029/5357) hornvale-vessel::suite affordance::the_dispatch_scan_catches_an_inner_str_keyed_table
        PASS [   0.012s] (4030/5357) hornvale-vessel::suite affordance::the_dispatch_scan_does_not_fire_on_the_registry_indirection
        PASS [   0.014s] (4031/5357) hornvale-vessel::suite affordance::the_dispatch_scan_does_not_fire_on_the_verb_roster_call
        PASS [   0.013s] (4032/5357) hornvale-vessel::suite affordance::the_dispatch_scan_does_not_select_a_property_keyed_query
        PASS [   0.013s] (4033/5357) hornvale-vessel::suite affordance::the_dispatch_scan_reports_the_functions_it_found
        PASS [   0.012s] (4034/5357) hornvale-vessel::suite affordance::the_dispatch_scan_walks_a_multi_line_signature
        PASS [   0.014s] (4035/5357) hornvale-vessel::suite affordance::the_re_key_preserves_every_anchor_kinds_offer
        PASS [   0.016s] (4036/5357) hornvale-vessel::suite affordance::the_same_object_offers_differently_to_different_bodies
        PASS [   0.013s] (4037/5357) hornvale-vessel::suite affordance::the_table_scanner_catches_a_block_arm
        PASS [   0.012s] (4038/5357) hornvale-vessel::suite affordance::the_table_scanner_catches_a_set_builder_arm
        PASS [   0.012s] (4039/5357) hornvale-vessel::suite affordance::the_table_scanner_catches_a_thing_kind_keyed_arm
        PASS [   0.013s] (4040/5357) hornvale-vessel::suite affordance::the_table_scanner_does_not_false_positive_on_property_indirection
        PASS [   0.012s] (4041/5357) hornvale-vessel::suite affordance::the_table_scanner_does_not_false_positive_on_thing_kind_property_rows
        PASS [   4.269s] (4042/5357) hornvale-vessel session::tests::up_is_refused_while_asleep
        PASS [   0.014s] (4043/5357) hornvale-vessel::suite affordance::three_natural_surfaces_offer_sleep_with_their_authored_substrates
        PASS [   0.011s] (4044/5357) hornvale-vessel::suite affordance::warm_is_offered_to_any_object_carrying_radiates_heat_not_only_hearth
        PASS [   0.012s] (4045/5357) hornvale-vessel::suite affordance::warm_appears_on_hearth_with_no_object_table_edit
        PASS [   4.589s] (4046/5357) hornvale-vessel session::tests::underground_ways_on_agrees_with_the_levels_real_neighbours
        PASS [   4.682s] (4047/5357) hornvale-vessel session::tests::the_ways_on_inside_name_out_and_the_deeper_aperture
        PASS [   4.662s] (4048/5357) hornvale-vessel session::tests::two_creatures_cannot_be_drawn_in_one_cell
        PASS [   4.828s] (4049/5357) hornvale-vessel session::tests::underground_examine_answers_for_the_rock_it_names
        PASS [   0.012s] (4050/5357) hornvale-vessel::suite body_mass::an_absent_biosphere_falls_back_to_the_reference_mass
        PASS [   0.018s] (4051/5357) hornvale-vessel::suite body_mass::an_unknown_species_falls_back_to_the_reference_mass
        PASS [   0.011s] (4052/5357) hornvale-vessel::suite body_mass::the_inline_creature_derivation_and_mass_for_species_agree
        PASS [   0.011s] (4053/5357) hornvale-vessel::suite body_mass::the_two_fallback_arms_are_the_same_value
        PASS [   0.012s] (4054/5357) hornvale-vessel::suite clock_lattice::a_local_day_is_a_whole_number_of_kernel_ticks
        PASS [   0.017s] (4055/5357) hornvale-vessel::suite clock_lattice::a_move_costs_the_same_span_on_every_world
        PASS [  21.629s] (4056/5357) hornvale-vessel session::tests::closing_a_container_does_not_lock_it
        PASS [   0.014s] (4057/5357) hornvale-vessel::suite clock_lattice::the_mirrored_climb_ceiling_still_matches
        PASS [   0.011s] (4058/5357) hornvale-vessel::suite clock_lattice::the_vessel_base_rate_is_the_kernel_tick_rate
        PASS [   0.033s] (4059/5357) hornvale-vessel::suite clock_lattice::no_reachable_cost_differs_by_a_tick_on_any_admitted_world
        PASS [   0.012s] (4060/5357) hornvale-vessel::suite coercion_calibration::h1_the_new_row_refuses_in_character_and_permits_out_of_character
        PASS [   4.379s] (4061/5357) hornvale-vessel session::tests::wait_routes_a_construction_failure_instead_of_panicking
        PASS [   4.378s] (4062/5357) hornvale-vessel session::tests::wait_routes_a_tick_overflow_in_the_accumulation
        PASS [   4.960s] (4063/5357) hornvale-vessel session::tests::wait_populates_occupancy_for_every_derived_npc
        PASS [   4.337s] (4064/5357) hornvale-vessel session::tests::warm_is_refused_while_asleep
        PASS [ 191.291s] (4065/5357) hornvale::suite repertory_corpus::every_founding_scene_passes_every_beat
        PASS [   4.171s] (4066/5357) hornvale-vessel session::tests::warm_refuses_with_no_hearth_in_reach
        PASS [  13.540s] (4067/5357) hornvale-vessel session::tests::only_a_cube_corner_refuses_a_bearing_and_it_refuses_exactly_one
        PASS [   0.016s] (4068/5357) hornvale-vessel::suite corner_rule::a_diagonal_is_refused_only_when_both_flanks_are_walls
        PASS [   0.015s] (4069/5357) hornvale-vessel::suite corner_rule::a_flank_outside_the_extent_counts_as_impassable
        PASS [   0.027s] (4070/5357) hornvale-vessel::suite corner_rule::a_threshold_flank_does_not_block_a_diagonal
        PASS [   0.032s] (4071/5357) hornvale-vessel::suite corner_rule::an_orthogonal_delta_is_never_blocked
        PASS [   0.019s] (4072/5357) hornvale-vessel::suite corner_rule::the_closure_form_is_exercised_against_the_underground_bands_own_grid
        PASS [   0.015s] (4073/5357) hornvale-vessel::suite corner_rule::the_first_four_headings_are_the_orthogonals_in_order
        PASS [   0.015s] (4074/5357) hornvale-vessel::suite corner_rule::the_rule_holds_for_every_diagonal_direction
        PASS [   9.354s] (4075/5357) hornvale-vessel session::tests::the_hoarder_sits_in_the_sanctum_on_what_lies_there
        PASS [   5.151s] (4076/5357) hornvale-vessel session::tests::walking_only_ever_adds_to_what_is_remembered
        PASS [  33.580s] (4077/5357) hornvale-vessel session::tests::a_possessed_walk_ends_where_the_ledger_recorded
        PASS [  40.814s] (4078/5357) hornvale-vessel session::tests::a_cube_corners_absent_bearing_is_refused_with_the_geometry_as_the_reason
        PASS [   0.025s] (4079/5357) hornvale-vessel::suite doctrine::the_least_equipped_people_is_the_most_open
        PASS [   0.029s] (4080/5357) hornvale-vessel::suite fatigue_stock::a_full_cycle_lands_at_the_same_debt_regardless_of_the_local_day_length
        PASS [   0.028s] (4081/5357) hornvale-vessel::suite fatigue_stock::a_rest_in_progress_credits_only_the_sleep_already_had
        PASS [  11.392s] (4082/5357) hornvale-vessel snapshot::tests::floats_are_quantized_at_the_emit_boundary
        PASS [   0.023s] (4083/5357) hornvale-vessel::suite fatigue_stock::p1_fatigue_is_a_pure_fold_over_committed_facts
        PASS [   0.022s] (4084/5357) hornvale-vessel::suite fatigue_stock::p2_fatigue_stays_in_range_and_rises_while_awake
        PASS [   0.021s] (4085/5357) hornvale-vessel::suite fatigue_stock::p3_a_short_rest_does_not_zero_the_debt
        PASS [   0.019s] (4086/5357) hornvale-vessel::suite fatigue_stock::p4_a_longer_rest_restores_strictly_more
        PASS [   0.024s] (4087/5357) hornvale-vessel::suite fatigue_stock::p4b_two_rests_restore_more_than_either_alone
        PASS [   0.018s] (4088/5357) hornvale-vessel::suite fatigue_stock::p6_fatigue_never_goes_negative
        PASS [   0.023s] (4089/5357) hornvale-vessel::suite fatigue_stock::p7_a_bout_in_a_room_that_affords_rest_restores_strictly_more
        PASS [   0.017s] (4090/5357) hornvale-vessel::suite fatigue_stock::p8_how_much_the_bed_helps_depends_on_the_species_sleeping_in_it
        PASS [   0.021s] (4091/5357) hornvale-vessel::suite fatigue_stock::p9_a_bout_grades_on_the_kind_the_ledger_says_it_slept_on
        PASS [   0.023s] (4092/5357) hornvale-vessel::suite fatigue_stock::p9b_a_bout_with_no_slept_on_fact_still_grades_through_the_room
        PASS [  12.321s] (4093/5357) hornvale-vessel session::tests::warm_succeeds_at_a_real_hearth_through_a_real_session
        PASS [   0.013s] (4094/5357) hornvale-vessel::suite fatigue_stock::the_debt_scales_with_the_worlds_own_local_day_not_the_standard_one
        PASS [   0.014s] (4095/5357) hornvale-vessel::suite felt_state_concepts::every_affect_label_has_exactly_one_registered_felt_state_concept
        PASS [   0.011s] (4096/5357) hornvale-vessel::suite gate_table::in_character_is_refused_while_asleep_and_permitted_awake
        PASS [   0.022s] (4097/5357) hornvale-vessel::suite gate_table::in_character_is_refused_while_possessed_by_another
        PASS [   0.025s] (4098/5357) hornvale-vessel::suite gate_table::out_of_character_is_permitted_in_every_body_state
        PASS [   0.022s] (4099/5357) hornvale-vessel::suite gate_table::the_refusal_does_not_name_the_possessor
        PASS [  11.795s] (4100/5357) hornvale-vessel snapshot::tests::the_envelope_carries_the_schema_tag_and_channel_keys
        PASS [  22.290s] (4101/5357) hornvale-vessel session::tests::open_and_close_each_take_an_instant
        PASS [   0.013s] (4102/5357) hornvale-vessel::suite housemark_readout::recovery_metadata_does_not_consult_the_claimed_housemark_label
        PASS [   0.013s] (4103/5357) hornvale-vessel::suite kind_totality::every_chamber_prose_row_is_a_roster_kind
        PASS [   0.012s] (4104/5357) hornvale-vessel::suite kind_totality::every_kind_the_grammar_names_is_a_roster_row
        PASS [   0.012s] (4105/5357) hornvale-vessel::suite kind_totality::every_propertied_kind_is_a_roster_row
        PASS [   0.015s] (4106/5357) hornvale-vessel::suite kind_totality::every_roster_kind_has_chamber_prose
        SLOW [>120.000s] (─────────) hornvale-lab::suite hearth_population_calibration::cold_built_settlements_are_common_not_rare
        PASS [  11.483s] (4107/5357) hornvale-vessel::suite body_fields::a_derived_creature_carries_its_species_perception_and_its_village
        PASS [  11.922s] (4108/5357) hornvale-vessel::suite body_fields::the_flagship_body_and_the_first_derived_creature_are_the_same_body
        PASS [  13.422s] (4109/5357) hornvale-vessel::suite act::an_acts_handle_off_real_session_data_is_a_pure_function_of_its_constituents
        PASS [  13.601s] (4110/5357) hornvale-vessel::suite action_module::waiting_changes_nothing_about_the_body_that_time_alone_would_not
        PASS [   0.011s] (4111/5357) hornvale-vessel::suite lantern_lens::the_lens_can_be_declined
        PASS [   0.011s] (4112/5357) hornvale-vessel::suite lantern_lens::the_lens_gives_a_dichromat_no_hue_it_did_not_have
        PASS [   0.011s] (4113/5357) hornvale-vessel::suite lantern_lens::the_lens_is_a_deliberate_change_not_rounding_noise
        PASS [  14.083s] (4114/5357) hornvale-vessel::suite act::act_occurred_on_matches_the_sessions_own_clock
        PASS [   0.012s] (4115/5357) hornvale-vessel::suite lantern_lens::the_lens_separates_every_pair_the_model_can_still_tell_apart
        PASS [   0.012s] (4116/5357) hornvale-vessel::suite lantern_lens::the_two_segments_of_the_curve_meet_with_matching_slope
        SLOW [>120.000s] (─────────) hornvale-lab::suite reticence_calibration::h4_does_the_prior_move_observable_testimony_at_all
        PASS [  13.424s] (4117/5357) hornvale-vessel::suite affordance::sleeping_needs_no_bed
        PASS [   0.013s] (4118/5357) hornvale-vessel::suite lantern_light::a_real_chamber_is_not_uniformly_lit
        PASS [  14.568s] (4119/5357) hornvale-vessel::suite act::anyone_present_reads_directly_off_a_live_sessions_purview
        PASS [   0.316s] (4120/5357) hornvale-vessel::suite lantern_light::light_reaches_exactly_what_sight_reaches
        PASS [   0.013s] (4121/5357) hornvale-vessel::suite lantern_light::the_falloff_ratio_between_two_cells_is_inverse_square
        PASS [  13.815s] (4122/5357) hornvale-vessel::suite display_handle::a_short_handle_addresses_the_same_npc_the_label_does
        PASS [  13.550s] (4123/5357) hornvale-vessel::suite doctrine::a_settled_peoples_improvised_name_follows_its_cult_form
        PASS [  15.202s] (4124/5357) hornvale-vessel::suite ask_verb::asking_before_any_wait_refuses_cleanly
        PASS [  15.238s] (4125/5357) hornvale-vessel::suite ask_verb::asking_a_sleeping_body_is_refused
        PASS [  13.943s] (4126/5357) hornvale-vessel::suite display_handle::the_npc_listing_prints_a_short_handle_not_a_raw_entity_id
        PASS [  11.285s] (4127/5357) hornvale-vessel::suite doctrine::cult_form_is_uniform_within_every_people
        PASS [   0.012s] (4128/5357) hornvale-vessel::suite ledger_query_equivalence::facts_of_selects_what_find_and_filter_selected
        PASS [  18.449s] (4129/5357) hornvale-vessel underworld_level::tests::the_realization_witnesses_exactly_what_the_plan_stamped
        PASS [  17.411s] (4130/5357) hornvale-vessel::suite controller_swap::a_driven_body_still_arbitrates_its_own_drives
        PASS [   0.014s] (4131/5357) hornvale-vessel::suite noun_entity::a_typed_word_resolves_to_a_things_entity
        PASS [   0.012s] (4132/5357) hornvale-vessel::suite object_property_concepts::every_object_property_has_exactly_one_registered_concept
        PASS [  17.938s] (4133/5357) hornvale-vessel::suite ask_verb::asking_produces_an_utterance_that_lands_as_heard
        SLOW [> 60.000s] (─────────) hornvale-vessel liveness::tests::seed_42_home_settlements_real_walk_reachability_is_a_measured_t5_finding
        PASS [  18.405s] (4134/5357) hornvale-vessel::suite controller_swap::a_creature_on_player_input_and_a_body_on_goap_both_act
        PASS [  18.140s] (4135/5357) hornvale-vessel::suite controller_swap::a_driven_bodys_felt_state_is_a_specific_circumplex_region
        PASS [   1.719s] (4136/5357) hornvale-vessel::suite octile_cost::a_constructed_room_lands_where_it_was_asked_for
        PASS [   1.594s] (4137/5357) hornvale-vessel::suite octile_cost::a_cube_corner_room_still_prices_its_four_edges_as_edges
        PASS [  20.539s] (4138/5357) hornvale-vessel::suite act::generating_many_acts_commits_nothing_and_the_ledger_comparison_can_detect_a_real_commit
        PASS [   1.575s] (4139/5357) hornvale-vessel::suite octile_cost::a_diagonal_journey_costs_root_two_the_same_journey_walked_orthogonally
        PASS [   1.643s] (4140/5357) hornvale-vessel::suite octile_cost::a_diagonal_step_costs_root_two_orthogonal_steps
        PASS [  26.461s] (4141/5357) hornvale-vessel session::tests::the_same_seed_and_pins_produce_a_byte_identical_descent_and_pane
        PASS [  11.908s] (4142/5357) hornvale-vessel::suite furnishing_marks::a_chamber_with_a_hearth_emits_a_furnishing_mark
        PASS [  11.951s] (4143/5357) hornvale-vessel::suite furnishing_marks::an_unlit_hearth_is_not_emitted
        PASS [   1.573s] (4144/5357) hornvale-vessel::suite octile_cost::pricing_a_step_between_rooms_that_do_not_touch_fails_loudly
        PASS [   1.644s] (4145/5357) hornvale-vessel::suite octile_cost::no_step_geometry_makes_an_action_free_or_explodes_it
        PASS [  38.983s] (4146/5357) hornvale-vessel session::tests::every_compass_point_moves_the_possession
        PASS [   1.598s] (4147/5357) hornvale-vessel::suite octile_cost::removing_the_multiplier_brings_the_forty_one_percent_gap_back
        PASS [   1.598s] (4148/5357) hornvale-vessel::suite octile_cost::step_factor_prices_a_real_diagonal_and_only_a_real_diagonal
        PASS [   1.689s] (4149/5357) hornvale-vessel::suite octile_cost::the_diagonal_is_root_two_edges_on_the_lattice_we_actually_walk
        PASS [  13.598s] (4150/5357) hornvale-vessel::suite housemark_readout::a_shared_settlement_room_uses_the_same_first_settlement_for_name_and_people
        PASS [  14.397s] (4151/5357) hornvale-vessel::suite housemark_readout::a_neighbour_reversing_settlement_room_keeps_its_own_living_occupation
        PASS [  23.405s] (4152/5357) hornvale-vessel::suite controller_swap::a_driven_bodys_mode_tracks_its_own_state_as_time_passes
        PASS [   9.663s] (4153/5357) hornvale-vessel::suite liveness_genesis::a_genesis_world_has_no_agent_at_facts
        PASS [  13.646s] (4154/5357) hornvale-vessel::suite lantern_light::a_floor_cell_four_cells_out_renders_brighter_under_the_wick_torch
        PASS [  13.285s] (4155/5357) hornvale-vessel::suite lantern_seam::a_threshold_carries_no_colour
        PASS [   9.904s] (4156/5357) hornvale-vessel::suite liveness_genesis::a_genesis_world_has_no_drank_facts
        PASS [  13.295s] (4157/5357) hornvale-vessel::suite lantern_seam::the_chamber_palette_carries_a_colour_derived_through_the_whole_seam
        SLOW [> 60.000s] (─────────) hornvale-vessel session::tests::a_free_walk_emits_nothing_and_ends_in_the_column
        PASS [  36.726s] (4158/5357) hornvale-vessel session::tests::the_hoisted_brief_is_the_fresh_brief_at_every_visited_locale
        PASS [  14.139s] (4159/5357) hornvale-vessel::suite lantern_seam::the_palette_stays_bounded_after_interning_on_colour
        PASS [  16.673s] (4160/5357) hornvale-vessel::suite lantern_lens::the_lens_never_touches_the_illuminant_or_the_reflectance
        PASS [  30.593s] (4161/5357) hornvale-vessel::suite controller_swap::the_driven_walks_own_facts_never_reach_the_ledger_while_the_player_says_nothing
        PASS [   0.011s] (4162/5357) hornvale-vessel::suite passage::a_cave_mouth_closed_after_it_was_opened_bars_again
        PASS [   0.011s] (4163/5357) hornvale-vessel::suite passage::a_closed_cave_mouth_falls_back_to_the_barrier_the_seed_drew
        PASS [   0.011s] (4164/5357) hornvale-vessel::suite passage::addr_key_distinguishes_every_field
        PASS [   0.012s] (4165/5357) hornvale-vessel::suite passage::an_opening_fact_does_not_open_the_passage_before_it_happened
        PASS [   0.012s] (4166/5357) hornvale-vessel::suite passage::cave_mouth_id_derives_the_entity_promotion_mints
        PASS [   0.011s] (4167/5357) hornvale-vessel::suite passage::promoting_a_cave_mouth_on_a_second_day_repeats_its_instance_of
        SLOW [> 60.000s] (─────────) hornvale-vessel session::tests::a_ruin_is_walked_in_the_past_tense
        PASS [  34.512s] (4168/5357) hornvale-vessel::suite ask_verb::a_reticent_host_still_answers_about_a_drive_it_was_never_overridden_on
        PASS [   0.029s] (4169/5357) hornvale-vessel::suite passage::the_cave_mouth_role_spelling_is_the_permanent_lineage_key
        PASS [  13.241s] (4170/5357) hornvale-vessel::suite ooc_namespace::a_bare_group_a_verb_is_no_longer_a_command
        PASS [  14.513s] (4171/5357) hornvale-vessel::suite one_roster::possessing_an_entity_absent_from_the_roster_fails_loudly
        PASS [  14.862s] (4172/5357) hornvale-vessel::suite one_roster::the_driven_body_is_a_member_of_the_roster_not_a_twin_of_one
        PASS [  15.331s] (4173/5357) hornvale-vessel::suite one_roster::the_driven_bodys_identity_is_its_creature_entity
        PASS [  13.418s] (4174/5357) hornvale-vessel::suite ooc_objective::a_bare_plan_drawn_with_the_eyes_off_is_not_captioned_either
        PASS [  25.678s] (4175/5357) hornvale-vessel::suite lantern_lens::a_committed_snapshot_carries_unlensed_colour
        PASS [  17.989s] (4176/5357) hornvale-vessel::suite one_roster::any_creature_in_the_roster_can_be_driven
        PASS [  18.312s] (4177/5357) hornvale-vessel::suite one_roster::possessing_a_creature_does_not_renumber_other_bodies_handles
        PASS [  18.329s] (4178/5357) hornvale-vessel::suite one_roster::who_else_is_here_does_not_include_you
        PASS [  13.677s] (4179/5357) hornvale-vessel::suite ooc_objective::the_objective_examine_answers_for_a_creature_the_body_cannot_sense
        PASS [  39.032s] (4180/5357) hornvale-vessel::suite controller_swap::a_driven_bodys_early_mode_depends_on_which_seeds_population_not_merely_elapsed_time
        PASS [  39.157s] (4181/5357) hornvale-vessel::suite controller_swap::a_driven_bodys_early_affect_depends_on_which_seeds_population_not_merely_elapsed_time
        PASS [   0.011s] (4182/5357) hornvale-vessel::suite possess_target::the_default_target_is_the_flagship
        PASS [  16.754s] (4183/5357) hornvale-vessel::suite ooc_namespace::the_sigil_eyes_still_has_both_its_report_and_set_arms
        PASS [  13.392s] (4184/5357) hornvale-vessel::suite ooc_objective::the_objective_needs_reads_a_creature_the_body_cannot_sense
        PASS [  13.398s] (4185/5357) hornvale-vessel::suite ooc_objective::the_objective_plan_is_not_captioned_with_a_lens_it_never_applied
        PASS [   9.176s] (4186/5357) hornvale-vessel::suite passage::seed_42_places_at_least_one_barred_cave_mouth
        PASS [  17.083s] (4187/5357) hornvale-vessel::suite ooc_objective::look_and_knows_answer_out_of_character_while_the_body_is_asleep
        PASS [  16.724s] (4188/5357) hornvale-vessel::suite ooc_objective::the_objective_map_draws_the_uncoloured_chart
        PASS [  14.414s] (4189/5357) hornvale-vessel::suite overrides::a_fresh_session_has_overridden_nothing
        SLOW [> 60.000s] (─────────) hornvale-vessel session::tests::h2_no_shipped_verb_can_end_a_possession_by_death
        PASS [  24.023s] (4190/5357) hornvale-vessel::suite ooc_namespace::an_unclassified_sigil_verb_refuses_rather_than_aliasing_to_the_bare_form
        PASS [  18.000s] (4191/5357) hornvale-vessel::suite ooc_objective::the_objective_wait_moves_the_clock_exactly_as_the_bare_form_does
        PASS [  13.233s] (4192/5357) hornvale-vessel::suite player_acts_commit::a_band_change_charges_time_and_commits_nothing
        PASS [  13.849s] (4193/5357) hornvale-vessel::suite player_acts_commit::a_nonsense_token_is_an_unknown_verb_even_while_asleep
        PASS [  13.420s] (4194/5357) hornvale-vessel::suite player_acts_commit::a_players_facts_survive_into_the_saved_world
        SLOW [>240.000s] (─────────) hornvale::suite repertory_corpus::no_scene_has_fallen_below_its_recorded_floor
        PASS [  13.545s] (4195/5357) hornvale-vessel::suite player_acts_commit::a_players_walk_leaves_an_agent_at_trail_and_charges_time
        PASS [  13.707s] (4196/5357) hornvale-vessel::suite player_acts_commit::a_sleeping_body_charges_and_commits_nothing_for_a_refusal
        PASS [  21.260s] (4197/5357) hornvale-vessel::suite overrides::overrides_accumulate_across_ticks_rather_than_being_overwritten
        PASS [  36.853s] (4198/5357) hornvale-vessel::suite lantern_seam::h2_hearth_light_and_doorway_light_differ_on_derived_fabric
        PASS [  13.258s] (4199/5357) hornvale-vessel::suite player_acts_commit::sleep_refuses_an_argument_rather_than_swallowing_it
        PASS [   0.012s] (4200/5357) hornvale-vessel::suite resident_folds::a_past_instant_read_between_two_resets_equals_the_scan_at_that_instant
        PASS [   0.012s] (4201/5357) hornvale-vessel::suite resident_folds::a_room_visited_twice_keeps_its_first_instant
        PASS [   0.012s] (4202/5357) hornvale-vessel::suite resident_folds::a_room_visited_twice_reports_its_latest_visit_not_its_first
        PASS [   0.011s] (4203/5357) hornvale-vessel::suite resident_folds::a_same_day_pair_committed_in_descending_room_order_is_where_the_two_orders_part
        PASS [   0.012s] (4204/5357) hornvale-vessel::suite resident_folds::an_entity_that_never_moved_has_an_empty_trail
        PASS [   0.011s] (4205/5357) hornvale-vessel::suite resident_folds::an_entity_that_never_moved_has_no_visits
        PASS [   0.012s] (4206/5357) hornvale-vessel::suite resident_folds::an_entity_that_never_moved_knows_no_water
        PASS [   0.011s] (4207/5357) hornvale-vessel::suite resident_folds::discarding_latest_visit_at_every_position_is_unobservable
        PASS [   0.011s] (4208/5357) hornvale-vessel::suite resident_folds::discarding_latest_visit_at_every_third_position_is_unobservable
        PASS [   0.011s] (4209/5357) hornvale-vessel::suite resident_folds::discarding_latest_visit_water_at_every_position_is_unobservable
        PASS [   0.016s] (4210/5357) hornvale-vessel::suite resident_folds::discarding_latest_visit_water_at_every_third_position_is_unobservable
        PASS [   0.011s] (4211/5357) hornvale-vessel::suite resident_folds::discarding_the_store_at_every_position_is_unobservable
        PASS [   0.011s] (4212/5357) hornvale-vessel::suite resident_folds::discarding_the_store_at_every_third_position_is_unobservable
        PASS [   0.012s] (4213/5357) hornvale-vessel::suite resident_folds::discarding_the_sustenance_tenants_at_every_position_is_unobservable
        PASS [   0.012s] (4214/5357) hornvale-vessel::suite resident_folds::discarding_the_sustenance_tenants_at_every_third_position_is_unobservable
        PASS [   0.011s] (4215/5357) hornvale-vessel::suite resident_folds::discarding_the_trail_at_every_position_is_unobservable
        PASS [   0.011s] (4216/5357) hornvale-vessel::suite resident_folds::discarding_the_trail_at_every_third_position_is_unobservable
        PASS [   0.012s] (4217/5357) hornvale-vessel::suite resident_folds::every_prefix_length_equals_the_oracle_truncated_at_that_day
        PASS [   0.013s] (4218/5357) hornvale-vessel::suite resident_folds::evicting_a_memoised_reset_partition_is_unobservable
        PASS [   0.012s] (4219/5357) hornvale-vessel::suite resident_folds::folding_one_fact_at_a_time_equals_the_scan_oracle
        PASS [   0.013s] (4220/5357) hornvale-vessel::suite resident_folds::holding_facts_back_as_an_overlay_equals_the_scan_over_the_full_ledger
        PASS [   0.012s] (4221/5357) hornvale-vessel::suite resident_folds::latest_visit_at_every_past_instant_equals_the_oracle_at_that_instant
        PASS [   0.012s] (4222/5357) hornvale-vessel::suite resident_folds::latest_visit_folded_one_fact_at_a_time_equals_the_scan_oracle
        PASS [   0.012s] (4223/5357) hornvale-vessel::suite resident_folds::latest_visit_water_at_every_past_instant_equals_the_oracle_at_that_instant
        PASS [   0.011s] (4224/5357) hornvale-vessel::suite resident_folds::latest_visit_water_folded_one_fact_at_a_time_equals_the_scan_oracle
        PASS [  14.226s] (4225/5357) hornvale-vessel::suite player_acts_commit::a_sleeping_body_refuses_in_character_and_permits_out_of_character
        PASS [  13.468s] (4226/5357) hornvale-vessel::suite player_acts_commit::the_body_wakes_when_its_own_cycle_says_so
        PASS [  14.691s] (4227/5357) hornvale-vessel::suite possession_facts::a_fresh_session_has_no_possessor
        PASS [  15.008s] (4228/5357) hornvale-vessel::suite possession_facts::releasing_a_free_body_commits_nothing
        PASS [  13.488s] (4229/5357) hornvale-vessel::suite possession_moves::a_repeat_same_day_provoke_is_a_ledger_no_op_and_the_narration_says_so
        PASS [   0.024s] (4230/5357) hornvale-vessel::suite resident_folds::sustenance_at_equals_the_integrate_thirst_oracle_at_every_instant
        PASS [  14.923s] (4231/5357) hornvale-vessel::suite possession_facts::the_ooc_seam_opens_and_closes_a_possession
        PASS [   0.022s] (4232/5357) hornvale-vessel::suite resident_folds::the_fixture_visits_at_least_one_room_twice
        PASS [   0.024s] (4233/5357) hornvale-vessel::suite resident_folds::the_fixture_visits_both_wet_and_dry_rooms
        PASS [   0.024s] (4234/5357) hornvale-vessel::suite resident_folds::the_hand_built_ledger_is_not_already_in_sorted_order
        PASS [  14.803s] (4235/5357) hornvale-vessel::suite possession_moves::a_colocated_npcs_drinking_in_place_is_not_narrated_as_a_false_departure
        PASS [   0.049s] (4236/5357) hornvale-vessel::suite resident_folds::the_kerf_a_room_committed_backwards_is_known_from_its_earliest_instant
        PASS [   0.031s] (4237/5357) hornvale-vessel::suite resident_folds::the_kerf_descending_fixture_commits_each_room_backwards
        PASS [  16.254s] (4238/5357) hornvale-vessel::suite possession_facts::reopening_a_possession_on_the_same_day_is_not_a_silent_no_op
        PASS [  14.335s] (4239/5357) hornvale-vessel::suite possession_moves::day_zero_session_is_unchanged_until_you_wait
        PASS [  23.738s] (4240/5357) hornvale-vessel::suite player_acts_commit::a_players_trail_is_shaped_exactly_like_a_creatures
        PASS [  14.412s] (4241/5357) hornvale-vessel::suite possession_moves::needs_reports_a_colocated_npcs_felt_state_and_it_differs_across_the_drive_cycle
        PASS [   0.013s] (4242/5357) hornvale-vessel::suite resident_folds::the_reset_lookups_equal_a_direct_scan_of_the_ledger
        SLOW [> 60.000s] (─────────) hornvale-vessel::suite controller_swap::the_driven_bodys_suppressed_drive_is_retrievable_but_absent_from_what_it_says
        PASS [  21.444s] (4243/5357) hornvale-vessel::suite possess_target::both_targets_select_the_rosters_own_settlement_entry
        PASS [   0.012s] (4244/5357) hornvale-vessel::suite resident_folds::the_store_advances_on_read_and_a_second_read_absorbs_nothing
        PASS [  21.871s] (4245/5357) hornvale-vessel::suite possess_target::each_target_is_honoured_independently
        PASS [   0.012s] (4246/5357) hornvale-vessel::suite resident_folds::the_sustenance_fixture_actually_contains_its_traps
        PASS [  13.442s] (4247/5357) hornvale-vessel::suite possession_moves::provoke_commits_one_player_authored_disposition_fact
        PASS [  13.672s] (4248/5357) hornvale-vessel::suite possession_moves::unprovoked_npcs_have_zero_grievance
        PASS [  16.722s] (4249/5357) hornvale-vessel::suite possession_moves::possession_with_no_act_leaves_session_ledger_unchanged
        PASS [  96.305s] (4250/5357) hornvale-vessel session::tests::a_free_walk_emits_nothing_and_ends_in_the_column
        PASS [  14.576s] (4251/5357) hornvale-vessel::suite possession_moves::why_recounts_an_npcs_dated_history_after_it_drinks
        PASS [  22.671s] (4252/5357) hornvale-vessel::suite possession_moves::a_wild_beast_walks_away_from_water_and_is_observed
        PASS [  14.259s] (4253/5357) hornvale-vessel::suite possession_moves::why_resolves_by_numeric_id_and_reports_an_unknown_target
        PASS [  18.132s] (4254/5357) hornvale-vessel::suite possession_moves::the_same_script_is_byte_deterministic
        PASS [  53.680s] (4255/5357) hornvale-vessel::suite lantern_night::report_h4a_how_dark_a_chamber_gets
        PASS [   4.232s] (4256/5357) hornvale-vessel::suite session::a_bare_direction_indoors_is_refused_exactly_as_go_is
        PASS [   4.260s] (4257/5357) hornvale-vessel::suite session::a_genuine_non_verb_still_reports_itself
        PASS [  29.376s] (4258/5357) hornvale-vessel::suite possess_target::a_target_is_seed_stable
        PASS [  40.013s] (4259/5357) hornvale-vessel::suite ooc_objective::the_objective_wait_narrates_a_departure_the_body_could_not_see
        PASS [   4.194s] (4260/5357) hornvale-vessel::suite session::a_sited_locale_names_it_and_an_empty_one_stays_silent
        PASS [   4.464s] (4261/5357) hornvale-vessel::suite session::a_sessions_registry_carries_the_shared_predicate_docs
        SLOW [> 60.000s] (─────────) hornvale-vessel::suite lantern_fabric::h1_reports_the_whole_distribution_not_just_the_extremes
        SLOW [>180.000s] (─────────) hornvale-lab::suite hearth_population_calibration::cold_built_settlements_are_common_not_rare
        PASS [   4.333s] (4262/5357) hornvale-vessel::suite session::entering_leaves_the_walk_band_position_alone
        SLOW [> 60.000s] (─────────) hornvale-vessel::suite lantern_fabric::h1_stone_fabrics_differ_across_settlements
        PASS [   4.344s] (4263/5357) hornvale-vessel::suite session::every_printed_way_out_is_a_command_you_can_type
        SLOW [> 60.000s] (─────────) hornvale-vessel::suite lantern_fabric::the_lens_preserves_every_pair_h1_can_barely_tell_apart
        PASS [   4.481s] (4264/5357) hornvale-vessel::suite session::examine_honors_the_contract_and_release_ends
        PASS [ 182.098s] (4265/5357) hornvale-lab::suite hearth_population_calibration::cold_built_settlements_are_common_not_rare
        SLOW [>180.000s] (─────────) hornvale-lab::suite reticence_calibration::h4_does_the_prior_move_observable_testimony_at_all
        PASS [   4.235s] (4266/5357) hornvale-vessel::suite session::knows_grows_as_you_walk
        PASS [   4.644s] (4267/5357) hornvale-vessel::suite session::eyes_switches_the_chart_and_an_unknown_name_lists_the_roster
        PASS [   4.467s] (4268/5357) hornvale-vessel::suite session::go_moves_and_back_retraces
        PASS [   4.231s] (4269/5357) hornvale-vessel::suite session::long_direction_names_work_as_bare_commands
        PASS [  73.345s] (4270/5357) hornvale-vessel::suite controller_swap::the_driven_bodys_suppressed_drive_is_retrievable_but_absent_from_what_it_says
        PASS [   4.677s] (4271/5357) hornvale-vessel::suite session::map_renders_the_colour_lens_unless_the_eyes_are_off
        SLOW [> 60.000s] (─────────) hornvale-vessel::suite ledger_hash_witness::the_emitter_bearing_walk_commits_the_same_ledger_and_hazard_bytes
        SLOW [> 60.000s] (─────────) hornvale-vessel::suite ledger_hash_witness::the_seed_42_walk_commits_the_same_ledger_bytes
        PASS [  14.772s] (4272/5357) hornvale-vessel::suite resident_folds::the_sessions_own_store_stands_exactly_at_the_ledger_each_turns_readers_were_given
        PASS [   4.322s] (4273/5357) hornvale-vessel::suite session::possession_opens_with_a_focalized_description
        PASS [  15.031s] (4274/5357) hornvale-vessel::suite resident_folds::the_store_is_current_with_a_real_sessions_ledger
        PASS [  14.547s] (4275/5357) hornvale-vessel::suite resident_folds::the_tick_to_standard_day_round_trip_is_exact_at_every_instant_the_hazard_fold_reads
        PASS [  30.306s] (4276/5357) hornvale-vessel::suite possession_moves::grievance_accumulates_across_waits_and_crosses_the_hostility_threshold
        PASS [ 104.089s] (4277/5357) hornvale-vessel session::tests::a_ruin_is_walked_in_the_past_tense
        PASS [   4.421s] (4278/5357) hornvale-vessel::suite session::the_coarse_ward_exit_refuses_diegetically
        PASS [   4.362s] (4279/5357) hornvale-vessel::suite session::the_flagships_own_starting_vertex_refuses_a_delve_and_names_why
        PASS [   4.471s] (4280/5357) hornvale-vessel::suite session::the_eyes_verb_reports_whose_eyes_and_what_the_projection_drops
        SLOW [>120.000s] (─────────) hornvale-vessel liveness::tests::seed_42_home_settlements_real_walk_reachability_is_a_measured_t5_finding
        PASS [   4.287s] (4281/5357) hornvale-vessel::suite session::there_is_nothing_to_dive_into_on_dry_land
        PASS [   8.968s] (4282/5357) hornvale-vessel::suite session::run_drives_a_script_deterministically
        PASS [   4.821s] (4283/5357) hornvale-vessel::suite session_snapshot::a_co_located_creature_reports_what_it_carries_and_reports_an_empty_hand_as_empty
        PASS [   4.646s] (4284/5357) hornvale-vessel::suite session_snapshot::a_settlement_free_world_refuses_possession_rather_than_panicking
        PASS [   4.854s] (4285/5357) hornvale-vessel::suite session_snapshot::a_creature_standing_in_the_chamber_reaches_the_plan
        PASS [  24.680s] (4286/5357) hornvale-vessel::suite resident_folds::the_kerf_lab_shape_fold_equals_scan_discarding_at_every_third_position
        PASS [  58.871s] (4287/5357) hornvale-vessel::suite ooc_namespace::every_group_a_verb_retired_its_bare_form
        PASS [   0.012s] (4288/5357) hornvale-vessel::suite session_snapshot::the_fixture_is_taken_at_the_transcript_s_own_day
        PASS [  25.609s] (4289/5357) hornvale-vessel::suite resident_folds::the_kerf_lab_shape_fold_equals_scan_discarding_at_every_position
        PASS [   4.511s] (4290/5357) hornvale-vessel::suite session_snapshot::entity_ids_are_emitted_as_decimal_strings
        PASS [   4.524s] (4291/5357) hornvale-vessel::suite session_snapshot::inside_a_building_the_spatial_channel_is_the_chamber_plan
        PASS [   9.057s] (4292/5357) hornvale-vessel::suite session::the_sky_follows_the_walker
        PASS [   5.166s] (4293/5357) hornvale-vessel::suite session_snapshot::narration_is_byte_identical_to_the_published_transcript
        PASS [   0.013s] (4294/5357) hornvale-vessel::suite stance::an_unoffended_host_is_forthcoming_whatever_its_prior
        PASS [   0.012s] (4295/5357) hornvale-vessel::suite stance::stances_worsen_monotonically_with_conduct
        PASS [   0.019s] (4296/5357) hornvale-vessel::suite stance::the_prior_decides_how_fast_conduct_costs_you
        PASS [  31.179s] (4297/5357) hornvale-vessel::suite resident_folds::rule_one_witness_no_read_runs_before_a_reset_of_the_same_entity
        PASS [  74.305s] (4298/5357) hornvale-vessel::suite lantern_fabric::h1_reports_the_whole_distribution_not_just_the_extremes
        PASS [  18.204s] (4299/5357) hornvale-vessel::suite session::custody_survives_a_save_and_a_re_possession
        PASS [   0.011s] (4300/5357) hornvale-vessel::suite submerged::a_water_stratum_is_submerged
        PASS [   0.021s] (4301/5357) hornvale-vessel::suite submerged::a_rock_stratum_is_not_submerged
        PASS [   0.017s] (4302/5357) hornvale-vessel::suite submerged::the_surface_and_the_absent_case_are_unchanged
        PASS [  10.626s] (4303/5357) hornvale-vessel::suite session::the_water_column_is_a_place_you_can_be
        PASS [   4.498s] (4304/5357) hornvale-vessel::suite session_snapshot::out_of_doors_the_spatial_channel_is_the_walk_band_chart
        PASS [  73.404s] (4305/5357) hornvale-vessel::suite lantern_fabric::the_lens_preserves_every_pair_h1_can_barely_tell_apart
        PASS [  74.059s] (4306/5357) hornvale-vessel::suite lantern_fabric::h1_stone_fabrics_differ_across_settlements
        PASS [   0.012s] (4307/5357) hornvale-vessel::suite tableau::a_tableau_read_from_json_equals_the_one_the_builder_makes
        PASS [   0.012s] (4308/5357) hornvale-vessel::suite tableau::a_tableau_read_from_json_round_trips_relations
        PASS [   0.012s] (4309/5357) hornvale-vessel::suite tableau::a_tableau_with_an_unknown_field_is_refused
        PASS [   5.105s] (4310/5357) hornvale-vessel::suite session_snapshot::noun_kind_rides_the_wire_additively
        PASS [   4.533s] (4311/5357) hornvale-vessel::suite session_snapshot::the_embedded_room_carries_its_own_pinned_schema_tag
        PASS [   4.796s] (4312/5357) hornvale-vessel::suite session_snapshot::the_band_tag_is_what_the_client_switches_on
        PASS [   0.012s] (4313/5357) hornvale-vessel::suite testimony::a_culture_with_no_felt_state_words_reports_none
        PASS [   0.012s] (4314/5357) hornvale-vessel::suite testimony::reticence::a_costly_truth_reveals_the_residue_a_forthcoming_host_withholds
        PASS [   0.012s] (4315/5357) hornvale-vessel::suite testimony::reticence::a_culture_with_no_word_for_the_claim_withholds_rather_than_lying
        PASS [   0.011s] (4316/5357) hornvale-vessel::suite testimony::reticence::a_dissembling_host_claims_content_and_never_leaks_the_truth
        PASS [   0.012s] (4317/5357) hornvale-vessel::suite testimony::reticence::a_dissembling_hosts_lexicon_that_also_knows_the_truth_still_withholds_confirmation
        PASS [   0.012s] (4318/5357) hornvale-vessel::suite testimony::reticence::a_withholding_host_names_no_state_at_all
        PASS [   0.012s] (4319/5357) hornvale-vessel::suite testimony::the_fallback_fires_only_when_the_culture_lacks_the_word
        PASS [   0.011s] (4320/5357) hornvale-vessel::suite testimony::two_cultures_report_different_words_for_the_same_true_state
        PASS [   4.555s] (4321/5357) hornvale-vessel::suite session_snapshot::the_schema_tag_is_the_one_every_client_pins
        PASS [   0.017s] (4322/5357) hornvale-vessel::suite the_blocking::a_locale_composition_is_untouched_by_the_role_layer
        PASS [   0.026s] (4323/5357) hornvale-vessel::suite the_blocking::a_role_admits_a_different_composition_not_a_bigger_one
        PASS [   4.697s] (4324/5357) hornvale-vessel::suite session_snapshot::the_precision_scan_would_catch_a_regression
        PASS [   4.730s] (4325/5357) hornvale-vessel::suite session_snapshot::the_snapshot_stays_a_pure_read
        PASS [  11.276s] (4326/5357) hornvale-vessel::suite session::wait_advances_the_day_and_moves_the_npc_layer_without_moving_you
        PASS [   5.052s] (4327/5357) hornvale-vessel::suite session_snapshot::v2_bytes_are_pinned
        PASS [  73.345s] (4328/5357) hornvale-vessel::suite ledger_hash_witness::the_seed_42_walk_commits_the_same_ledger_bytes
        PASS [  38.092s] (4329/5357) hornvale-vessel::suite possession_moves::waiting_moves_an_npc_and_it_is_observed
        PASS [   9.289s] (4330/5357) hornvale-vessel::suite session_snapshot::no_emitted_number_can_lose_precision_in_a_javascript_client
        PASS [   4.337s] (4331/5357) hornvale-vessel::suite the_blocking::back_stays_refused_indoors
        PASS [   4.424s] (4332/5357) hornvale-vessel::suite the_blocking::a_wall_refuses_with_a_physical_reason
        PASS [   9.387s] (4333/5357) hornvale-vessel::suite session_snapshot::the_snapshot_sequence_is_deterministic
        PASS [   5.020s] (4334/5357) hornvale-vessel::suite the_blocking::a_creatures_noun_answers_the_same_line_on_both_sides_of_a_doorway
        PASS [   4.268s] (4335/5357) hornvale-vessel::suite the_blocking::drawing_the_plan_never_moves_the_world
        PASS [   0.013s] (4336/5357) hornvale-vessel::suite the_blocking::the_role_table_reads_a_different_room_for_every_role
        PASS [   0.012s] (4337/5357) hornvale-vessel::suite the_blocking::threshold_patterns_admit_each_housemark_relation_once
        PASS [   4.530s] (4338/5357) hornvale-vessel::suite the_blocking::every_destination_the_plan_depicts_is_command_reachable
        PASS [   4.511s] (4339/5357) hornvale-vessel::suite the_blocking::every_noun_the_chamber_speaks_of_is_examinable_too
        PASS [   4.556s] (4340/5357) hornvale-vessel::suite the_blocking::every_noun_the_plan_depicts_is_examinable
        PASS [   4.432s] (4341/5357) hornvale-vessel::suite the_blocking::go_indoors_moves_one_cell_and_says_where_you_are
        PASS [   4.518s] (4342/5357) hornvale-vessel::suite the_blocking::map_indoors_draws_a_floor_plan
        PASS [   4.288s] (4343/5357) hornvale-vessel::suite the_blocking::map_out_indoors_refuses_and_names_the_verb_that_fixes_it
        PASS [  21.751s] (4344/5357) hornvale-vessel::suite session::the_purity_law
        PASS [   4.387s] (4345/5357) hornvale-vessel::suite the_blocking::the_plan_is_one_glyph_per_cell_and_walled_all_round
        PASS [   5.008s] (4346/5357) hornvale-vessel::suite the_blocking::map_outdoors_still_draws_the_chart
        PASS [   4.576s] (4347/5357) hornvale-vessel::suite the_blocking::the_plan_marks_where_you_stand_and_the_mark_moves_with_you
        PASS [   4.562s] (4348/5357) hornvale-vessel::suite the_blocking::two_chambers_of_one_structure_do_not_read_alike
        PASS [   4.465s] (4349/5357) hornvale-vessel::suite the_blocking::walking_a_chamber_commits_nothing
        PASS [  36.313s] (4350/5357) hornvale-vessel::suite resident_folds::the_walk_never_commits_two_sightings_of_one_entity_at_one_instant
        PASS [  13.308s] (4351/5357) hornvale-vessel::suite tableau::a_staged_cast_stands_in_one_room
        PASS [  14.506s] (4352/5357) hornvale-vessel::suite tableau::a_drow_can_see_what_the_goblin_is_holding
        PASS [  13.845s] (4353/5357) hornvale-vessel::suite tableau::a_staged_cast_is_the_cast_the_session_has
        PASS [  32.902s] (4354/5357) hornvale-vessel::suite session::clouding_over_does_not_unlearn_what_was_seen
        PASS [   0.015s] (4355/5357) hornvale-vessel::suite the_first_mark::the_two_grievance_npc_copies_agree
        PASS [  13.439s] (4356/5357) hornvale-vessel::suite tableau::a_tableau_with_no_relations_stages_none
        PASS [  14.800s] (4357/5357) hornvale-vessel::suite tableau::a_relation_naming_a_cast_index_that_does_not_exist_is_refused
        PASS [  13.575s] (4358/5357) hornvale-vessel::suite tableau::a_tableau_with_no_cast_stages_nobody
        PASS [  13.681s] (4359/5357) hornvale-vessel::suite tableau::a_thing_held_by_a_cast_member_that_does_not_exist_is_refused
        PASS [  25.293s] (4360/5357) hornvale-vessel::suite session::the_stitch_law_end_to_end
        PASS [  15.810s] (4361/5357) hornvale-vessel::suite tableau::a_staged_relation_is_readable_from_the_session
        PASS [ 292.341s] (4362/5357) hornvale::suite repertory_corpus::no_scene_has_fallen_below_its_recorded_floor
        PASS [  22.137s] (4363/5357) hornvale-vessel::suite session_snapshot::the_client_fixtures_are_current
        PASS [  20.971s] (4364/5357) hornvale-vessel::suite strongbox_reachability::the_snapshot_carries_what_the_body_holds
        PASS [  22.760s] (4365/5357) hornvale-vessel::suite strongbox_reachability::a_possession_walks_to_a_strongbox_and_finds_it_locked
        SLOW [>120.000s] (─────────) hornvale-vessel session::tests::h2_no_shipped_verb_can_end_a_possession_by_death
        PASS [  15.575s] (4366/5357) hornvale-vessel::suite the_detent::a_room_memo_belongs_to_one_predator_field_and_a_second_field_gets_its_own
        PASS [  14.892s] (4367/5357) hornvale-vessel::suite the_detent::rule_five_witness_past_instant_reads_on_the_lab_shape
        PASS [  16.093s] (4368/5357) hornvale-vessel::suite the_detent::ground_memo_survives_chaos_eviction
        PASS [   1.713s] (4369/5357) hornvale-vessel::suite the_prospect::a_cave_site_carries_no_name
        PASS [  14.958s] (4370/5357) hornvale-vessel::suite the_first_mark::a_second_wait_past_the_threshold_does_not_double_fire
        PASS [   0.074s] (4371/5357) hornvale-vessel::suite the_prospect::a_sites_facet_is_stable_and_vertex_distinct
        PASS [   1.684s] (4372/5357) hornvale-vessel::suite the_prospect::a_placed_cave_is_a_site_and_is_enterable
        PASS [  15.623s] (4373/5357) hornvale-vessel::suite the_first_mark::into_played_world_never_mutates_the_input_world
        SLOW [> 60.000s] (─────────) hornvale-vessel::suite resident_folds::rule_six_witness_belief_reads_run_at_past_instants
        PASS [   1.639s] (4374/5357) hornvale-vessel::suite the_prospect::an_exotic_site_stands_at_one_facet_and_not_at_its_neighbour
        SLOW [> 60.000s] (─────────) hornvale-vessel::suite resident_folds::rule_six_witness_hazard_memory_reads_run_at_past_instants
        PASS [  14.041s] (4375/5357) hornvale-vessel::suite the_first_mark::why_traces_the_fired_consequence_back_to_the_players_hand
        PASS [   1.657s] (4376/5357) hornvale-vessel::suite the_prospect::salience_decides_the_winner_at_an_exotic_cave_collision
        PASS [  13.796s] (4377/5357) hornvale-vessel::suite the_lintel::enter_reaches_a_chamber_and_out_returns
        PASS [   8.940s] (4378/5357) hornvale-vessel::suite the_minute::p1_a_held_bodys_drinks_reach_the_ledger_and_its_felt_state_stands
        PASS [  14.851s] (4379/5357) hornvale-vessel::suite the_first_mark::why_over_an_unprovoked_npc_names_no_player_hand
        PASS [  15.197s] (4380/5357) hornvale-vessel::suite the_first_mark::played_world_persists_the_mark_across_reload
        PASS [   1.572s] (4381/5357) hornvale-vessel::suite the_prospect::salience_decides_the_winner_when_a_facet_holds_two_sites
        SLOW [> 60.000s] (─────────) hornvale-vessel::suite resident_folds::rule_two_witness_agent_at_commit_order_versus_day_order
        SLOW [> 60.000s] (─────────) hornvale-vessel::suite resident_folds::segments_integrated_per_turn_does_not_grow_with_the_tick_index_for_a_creature_that_drinks
        SLOW [> 60.000s] (─────────) hornvale-vessel::suite resident_folds::the_cost_of_a_read_does_not_grow_with_the_tick_index_for_a_creature_that_never_resets
        PASS [  13.933s] (4382/5357) hornvale-vessel::suite the_lintel::entering_and_leaving_commits_nothing
        SLOW [> 60.000s] (─────────) hornvale-vessel::suite resident_folds::the_hazard_folds_integration_does_not_grow_with_the_tick_index
        PASS [  13.274s] (4383/5357) hornvale-vessel::suite the_lintel::entering_where_nothing_is_built_gives_a_physical_reason
        PASS [  17.195s] (4384/5357) hornvale-vessel::suite the_handle::every_significant_word_of_every_catalog_entry_resolves
        PASS [  13.295s] (4385/5357) hornvale-vessel::suite the_lintel::exit_is_still_refused_coarse_ward
        PASS [  21.391s] (4386/5357) hornvale-vessel::suite the_first_mark::a_reloaded_played_world_does_not_re_fire_the_consequence_on_a_fresh_wait
        PASS [  18.993s] (4387/5357) hornvale-vessel::suite the_first_mark::played_world_is_deterministic_for_the_same_action_script
        PASS [   4.485s] (4388/5357) hornvale-vessel::suite the_prospect::the_flagship_is_still_enterable_after_the_gate_swap
        PASS [  18.836s] (4389/5357) hornvale-vessel::suite the_first_mark::same_action_trace_is_byte_identical
        SLOW [> 60.000s] (─────────) hornvale-vessel::suite resident_folds::the_kerf_possession_shape_fold_equals_scan_discarding_at_every_position
        SLOW [> 60.000s] (─────────) hornvale-vessel::suite resident_folds::the_kerf_possession_shape_fold_equals_scan_discarding_at_every_third_position
        PASS [   4.229s] (4390/5357) hornvale-vessel::suite the_rack::a_live_sessions_columns_are_aligned
        PASS [   4.609s] (4391/5357) hornvale-vessel::suite the_rack::a_non_zero_driven_slot_names_its_own_body
        PASS [  26.128s] (4392/5357) hornvale-vessel::suite the_detent::the_detent_emitter_walk_is_deterministic
        PASS [  12.069s] (4393/5357) hornvale-vessel::suite the_prospect::a_settlement_sites_name_is_keyed_to_the_room
        PASS [   5.212s] (4394/5357) hornvale-vessel::suite the_rack::at_turn_zero_every_slot_stands_at_home
        PASS [  24.400s] (4395/5357) hornvale-vessel::suite the_first_mark::provoked_npc_turns_hostile_on_the_next_wait_but_an_unprovoked_one_does_not
        PASS [  30.630s] (4396/5357) hornvale-vessel::suite the_detent::rule_two_witness_the_affect_replay_share_of_the_hazard_read
        PASS [  14.860s] (4397/5357) hornvale-vessel::suite the_prospect::entering_a_named_site_names_the_place_and_not_the_possession
        PASS [  13.101s] (4398/5357) hornvale-vessel::suite the_purview::drawing_the_map_never_moves_the_world
        PASS [  67.817s] (4399/5357) hornvale-vessel::suite resident_folds::the_kerf_possession_shape_fold_equals_scan_discarding_at_every_third_position
        PASS [  13.720s] (4400/5357) hornvale-vessel::suite the_purview::map_out_negative_names_the_real_problem_not_a_parse_failure
        PASS [  14.415s] (4401/5357) hornvale-vessel::suite the_purview::a_noun_at_both_grains_resolves_to_one_datum
        PASS [  14.004s] (4402/5357) hornvale-vessel::suite the_purview::map_out_names_the_drawn_rooms_own_exits_not_the_walk_depths
        PASS [  14.826s] (4403/5357) hornvale-vessel::suite the_purview::map_out_past_u32_names_the_real_problem_not_a_parse_failure
        PASS [  14.461s] (4404/5357) hornvale-vessel::suite the_purview::map_out_seven_is_just_past_the_real_bound_and_refuses_cleanly
        PASS [  14.953s] (4405/5357) hornvale-vessel::suite the_purview::map_out_reaches_a_coarser_rung_and_stops_at_the_bottom
        PASS [  73.967s] (4406/5357) hornvale-vessel::suite resident_folds::the_kerf_possession_shape_fold_equals_scan_discarding_at_every_position
        PASS [  19.023s] (4407/5357) hornvale-vessel::suite the_purview::examine_accepts_exactly_the_union_of_both_grains
        SLOW [> 60.000s] (─────────) hornvale-vessel::suite session::the_day_law
        SLOW [>240.000s] (─────────) hornvale-lab::suite reticence_calibration::h4_does_the_prior_move_observable_testimony_at_all
        PASS [  12.585s] (4408/5357) hornvale-vessel::suite the_roll::a_committed_name_wins_over_the_draw
        SLOW [>120.000s] (─────────) hornvale-vessel::suite ledger_hash_witness::the_emitter_bearing_walk_commits_the_same_ledger_and_hazard_bytes
        SLOW [> 60.000s] (─────────) hornvale-vessel::suite session::write_is_the_verb_and_the_margin_answers
        PASS [  15.719s] (4409/5357) hornvale-vessel::suite the_rack::the_driven_slot_carries_what_the_side_fields_did
        PASS [  14.488s] (4410/5357) hornvale-vessel::suite the_roll::a_herd_is_its_headcount
        PASS [  15.095s] (4411/5357) hornvale-vessel::suite the_roll::a_herds_identity_is_its_attractor_and_species
        PASS [  14.367s] (4412/5357) hornvale-vessel::suite the_roll::a_prefix_name_does_not_shadow_a_longer_one
        PASS [  12.234s] (4413/5357) hornvale-vessel::suite the_roll::a_residents_birth_is_fixed_at_first_derivation
        SLOW [>180.000s] (─────────) hornvale-vessel liveness::tests::seed_42_home_settlements_real_walk_reachability_is_a_measured_t5_finding
        PASS [  12.743s] (4414/5357) hornvale-vessel::suite the_roll::a_resident_is_a_person
        PASS [  11.918s] (4415/5357) hornvale-vessel::suite the_roll::deriving_twice_is_idempotent
        PASS [  13.445s] (4416/5357) hornvale-vessel::suite the_roll::an_empty_room_says_nothing_about_company
        PASS [   0.045s] (4417/5357) hornvale-vessel::suite the_terrier::no_session_path_re_surveys_the_occupation_register
        PASS [  11.097s] (4418/5357) hornvale-vessel::suite the_roll::ordinal_zero_is_the_body_derive_npcs_mints
        PASS [   0.012s] (4419/5357) hornvale-vessel::suite the_terrier::the_block_extractor_matches_nested_braces
        PASS [   0.012s] (4420/5357) hornvale-vessel::suite the_terrier::the_production_span_reaches_the_test_module_not_the_first_attribute
        PASS [   0.015s] (4421/5357) hornvale-vessel::suite the_terrier::the_register_scanner_catches_a_per_call_read
        PASS [  11.701s] (4422/5357) hornvale-vessel::suite the_roll::residents_of_one_settlement_are_not_copies
        PASS [  36.113s] (4423/5357) hornvale-vessel::suite the_minute::p2_a_held_bodys_walk_accumulates_across_ticks
        PASS [   0.024s] (4424/5357) hornvale-vessel::suite the_weft::no_weft_kind_label_appears_in_thing_kinds
        PASS [  14.300s] (4425/5357) hornvale-vessel::suite the_roll::examine_resolves_a_resident_by_name_on_both_bands
        PASS [   0.028s] (4426/5357) hornvale-vessel::suite the_weft::the_ruin_line_names_a_cause_only_when_the_record_has_one
        PASS [  13.639s] (4427/5357) hornvale-vessel::suite the_roll::look_names_a_few_and_counts_the_rest
        PASS [   2.186s] (4428/5357) hornvale-vessel::suite the_weft::a_dead_occupation_reports_a_ruin_signature
        PASS [   0.025s] (4429/5357) hornvale-vessel::suite thing::a_holder_holds_what_was_last_put_in_it_and_nothing_it_has_given_up
        PASS [   0.011s] (4430/5357) hornvale-vessel::suite thing::a_room_offers_again_what_was_brought_back
        PASS [   0.051s] (4431/5357) hornvale-vessel::suite thing::a_room_stops_offering_what_was_carried_out_of_it
        PASS [   1.795s] (4432/5357) hornvale-vessel::suite the_weft::the_overhang_affords_shelter_and_warmth
        PASS [  71.557s] (4433/5357) hornvale-vessel::suite session::the_day_law
        PASS [  17.027s] (4434/5357) hornvale-vessel::suite the_roll::a_wild_group_collapses_and_follows_the_residents
        PASS [   3.808s] (4435/5357) hornvale-vessel::suite the_weft::afloat_facets_never_render_a_weft_clause
        PASS [  24.462s] (4436/5357) hornvale-vessel::suite the_roll::a_body_off_the_roll_is_frozen
        PASS [  13.411s] (4437/5357) hornvale-vessel::suite the_roll::the_count_is_the_sensed_roster
        PASS [  14.589s] (4438/5357) hornvale-vessel::suite the_roll::seed_42_starts_in_company
        PASS [   0.021s] (4439/5357) hornvale-vessel::suite underworld_level_generation::a_real_descent_is_deterministic_connected_and_renders
        PASS [   0.026s] (4440/5357) hornvale-vessel::suite underworld_level_generation::a_second_seed_produces_a_different_shape
        PASS [   5.950s] (4441/5357) hornvale-vessel::suite the_weft::a_facet_with_nothing_derived_stays_silent
        PASS [   5.903s] (4442/5357) hornvale-vessel::suite the_weft::the_walk_reports_a_derived_feature_when_it_finds_one
        PASS [   6.366s] (4443/5357) hornvale-vessel::suite the_weft::walking_through_dense_weft_facets_commits_only_agent_at_facts
        PASS [  11.508s] (4444/5357) hornvale-vessel::suite the_roll::the_roll_orders_home_first
        PASS [  12.287s] (4445/5357) hornvale-vessel::suite the_roll::the_roll_is_the_population
        PASS [   0.019s] (4446/5357) hornvale-worldgen alchemy::tests::coal_burns_and_granite_does_not
        PASS [   0.011s] (4447/5357) hornvale-worldgen alchemy::tests::different_material_endowments_reach_different_productions
        PASS [   0.011s] (4448/5357) hornvale-worldgen alchemy::tests::ore_grade_moves_causticity
        PASS [   0.011s] (4449/5357) hornvale-worldgen alchemy::tests::reachable_productions_is_sorted_and_deduplicated
        PASS [   0.010s] (4450/5357) hornvale-worldgen alchemy::tests::salt_dissolves_and_gold_does_not
        PASS [  23.247s] (4451/5357) hornvale-vessel::suite the_roll::a_settlement_coming_within_call_is_derived_once_and_only_appended
        PASS [  12.033s] (4452/5357) hornvale-vessel::suite the_roll::two_herds_at_one_vertex_do_not_depend_on_derivation_order
        PASS [   0.022s] (4453/5357) hornvale-worldgen alchemy::tests::substrate_of_commodity_matches_the_authored_table
        PASS [   0.011s] (4454/5357) hornvale-worldgen alchemy::tests::substrate_of_rock_matches_the_authored_table
        PASS [   0.010s] (4455/5357) hornvale-worldgen alchemy::tests::substrate_of_soil_matches_the_authored_table
        PASS [   0.010s] (4456/5357) hornvale-worldgen alchemy::tests::the_carry_is_pure
        PASS [  14.342s] (4457/5357) hornvale-vessel::suite the_roll::the_roll_is_bounded
        PASS [   0.082s] (4458/5357) hornvale-worldgen brattice::tests::a_chute_is_free_down_and_needs_flight_up_and_sits_on_a_stair
        PASS [   0.071s] (4459/5357) hornvale-worldgen brattice::tests::a_lava_tube_never_carries_a_sump_and_some_descent_carries_a_chute
        PASS [   0.016s] (4460/5357) hornvale-worldgen brattice::tests::a_plan_with_no_gates_has_unit_detour_and_no_return_difference
        PASS [  42.770s] (4461/5357) hornvale-vessel::suite the_minute::p7_the_wait_line_minutes_the_held_bodys_acts
        PASS [  34.019s] (4462/5357) hornvale-vessel::suite the_rack::a_possessed_sessions_columns_are_the_ledgers_too
        PASS [   0.111s] (4463/5357) hornvale-worldgen brattice::tests::an_all_found_wild_descent_hangs_no_door
        PASS [   0.011s] (4464/5357) hornvale-worldgen brattice::tests::every_key_row_places_a_key_and_no_natural_row_does
        PASS [   2.245s] (4465/5357) hornvale-worldgen alchemy::tests::a_real_world_reaches_a_nonempty_sensible_production_set
        PASS [   0.016s] (4466/5357) hornvale-worldgen brattice::tests::gate_yield_is_a_ratio_and_none_without_an_admissible_realm
        PASS [  52.037s] (4467/5357) hornvale-vessel::suite the_kerf::the_kerf_seed_11_walk_is_deterministic_with_its_floors
        PASS [   0.012s] (4468/5357) hornvale-worldgen brattice::tests::length_class_gives_each_path_a_side
        PASS [ 165.485s] (4469/5357) hornvale-vessel session::tests::h2_no_shipped_verb_can_end_a_possession_by_death
        PASS [  17.780s] (4470/5357) hornvale-vessel::suite the_roll::the_roll_agrees_across_two_independent_sessions
        PASS [   0.010s] (4471/5357) hornvale-worldgen brattice::tests::return_differs_is_none_on_the_chute_plan_with_its_gate_removed
        PASS [   0.011s] (4472/5357) hornvale-worldgen brattice::tests::return_differs_when_the_only_way_down_is_a_chute
        PASS [   0.014s] (4473/5357) hornvale-worldgen brattice::tests::the_inventory_is_frozen_at_nine_rows
        PASS [   0.027s] (4474/5357) hornvale-worldgen brattice::tests::the_plan_and_its_gates_are_deterministic_and_read_the_vertex
        PASS [   0.036s] (4475/5357) hornvale-worldgen chamber::tests::a_branch_its_band_does_not_realize_descends_nowhere
        PASS [   0.014s] (4476/5357) hornvale-worldgen chamber::tests::a_drawn_mouth_names_a_branch_its_landing_band_realizes
        PASS [   0.014s] (4477/5357) hornvale-worldgen chamber::tests::a_made_chamber_is_dry_however_deep_the_water_table_is_above_it
        PASS [   0.028s] (4478/5357) hornvale-worldgen chamber::tests::a_runs_level_count_falls_in_its_bands_frozen_range
        PASS [   0.021s] (4479/5357) hornvale-worldgen chamber::tests::a_runs_level_count_is_deterministic_for_one_address
        PASS [   0.018s] (4480/5357) hornvale-worldgen chamber::tests::a_runs_levels_are_contiguous
        PASS [   0.011s] (4481/5357) hornvale-worldgen chamber::tests::an_out_of_range_floor_does_not_exist
        PASS [   1.208s] (4482/5357) hornvale-worldgen brattice::tests::a_made_rung_under_a_wild_character_hangs_a_door_there_and_nowhere_else
        PASS [   0.024s] (4483/5357) hornvale-worldgen chamber::tests::chamber_exists_refuses_a_level_past_its_runs_drawn_count
        PASS [   0.040s] (4484/5357) hornvale-worldgen chamber::tests::descents_from_answers_inside_the_lower_bands_drawn_width
        PASS [   0.013s] (4485/5357) hornvale-worldgen chamber::tests::each_entrance_draw_travels_its_own_leg_and_not_a_siblings
        PASS [   0.058s] (4486/5357) hornvale-worldgen chamber::tests::descent_leaves_from_the_bottom_level_and_arrives_at_the_top
        PASS [   0.011s] (4487/5357) hornvale-worldgen chamber::tests::entrance_zero_is_the_main_line_head_everywhere
        PASS [   0.011s] (4488/5357) hornvale-worldgen chamber::tests::every_branch_has_at_least_one_parent
        PASS [   0.029s] (4489/5357) hornvale-worldgen chamber::tests::every_branch_has_at_least_one_descent
        PASS [   0.013s] (4490/5357) hornvale-worldgen chamber::tests::every_component_of_the_band_descent_key_is_load_bearing
        PASS [   0.012s] (4491/5357) hornvale-worldgen chamber::tests::every_component_of_the_run_key_is_load_bearing
        PASS [   0.011s] (4492/5357) hornvale-worldgen chamber::tests::every_top_band_branch_is_named_by_an_entrance
        PASS [   0.031s] (4493/5357) hornvale-worldgen chamber::tests::every_rung_has_a_distinct_spelling
        PASS [   0.015s] (4494/5357) hornvale-worldgen chamber::tests::made_is_absorbing_over_every_default_and_override_combination
        PASS [   2.276s] (4495/5357) hornvale-worldgen alchemy::tests::substances_of_world_is_sorted_and_deduplicated
        PASS [   0.018s] (4496/5357) hornvale-worldgen chamber::tests::nothing_descends_from_the_bottom_or_the_top_of_the_ladder
        PASS [   0.011s] (4497/5357) hornvale-worldgen chamber::tests::rung_rank_and_rung_of_rank_round_trip
        PASS [   0.011s] (4498/5357) hornvale-worldgen chamber::tests::the_band_descent_key_spelling_is_pinned
        PASS [   0.015s] (4499/5357) hornvale-worldgen chamber::tests::some_system_draws_more_than_one_entrance
        PASS [   0.013s] (4500/5357) hornvale-worldgen chamber::tests::the_band_descent_label_is_v1
        PASS [   0.012s] (4501/5357) hornvale-worldgen chamber::tests::the_chamber_key_drops_the_entrance_and_names_the_band
        PASS [   0.011s] (4502/5357) hornvale-worldgen chamber::tests::the_chamber_key_spelling_is_pinned
        PASS [   0.068s] (4503/5357) hornvale-worldgen chamber::tests::no_passage_is_a_sideways_step_between_branches
        PASS [   0.024s] (4504/5357) hornvale-worldgen chamber::tests::the_descent_draw_travels_the_band_descent_leg_and_not_a_siblings
        PASS [   0.032s] (4505/5357) hornvale-worldgen chamber::tests::the_descent_edges_are_byte_pinned_for_known_calls
        PASS [   0.041s] (4506/5357) hornvale-worldgen chamber::tests::the_descent_edges_are_the_same_however_the_lattice_is_queried
        PASS [   0.040s] (4507/5357) hornvale-worldgen chamber::tests::the_drainage_exemption_is_unconditional_in_depth
        PASS [   0.009s] (4508/5357) hornvale-worldgen chamber::tests::the_entrance_draws_are_byte_pinned_for_known_keys
        PASS [   0.014s] (4509/5357) hornvale-worldgen chamber::tests::the_edge_count_sits_between_its_construction_bounds
        PASS [   0.010s] (4510/5357) hornvale-worldgen chamber::tests::the_epoch_label_is_v3_and_v2_is_not_reused
        PASS [   0.011s] (4511/5357) hornvale-worldgen chamber::tests::the_entrance_mapping_is_deterministic_and_varies_by_system
        PASS [   0.047s] (4512/5357) hornvale-worldgen chamber::tests::the_edge_count_distribution_over_a_panel_is_reported
        PASS [   0.013s] (4513/5357) hornvale-worldgen chamber::tests::the_key_is_injective_over_the_lattice
        PASS [   0.011s] (4514/5357) hornvale-worldgen chamber::tests::the_key_names_its_rung_rather_than_numbering_it
        PASS [   0.019s] (4515/5357) hornvale-worldgen chamber::tests::the_existence_verdict_is_byte_pinned_over_a_known_lattice_slice
        PASS [   0.013s] (4516/5357) hornvale-worldgen chamber::tests::the_key_names_the_delve_ladder_not_the_stratigraphic_one
        PASS [   0.013s] (4517/5357) hornvale-worldgen chamber::tests::the_lattice_ceiling_covers_every_bands_frozen_maximum
        PASS [   0.016s] (4518/5357) hornvale-worldgen chamber::tests::the_key_spells_the_level
        PASS [   0.012s] (4519/5357) hornvale-worldgen chamber::tests::the_levels_per_band_table_is_spec_3_1s
        PASS [   0.013s] (4520/5357) hornvale-worldgen chamber::tests::the_run_draw_is_byte_pinned_for_known_keys
        PASS [   0.011s] (4521/5357) hornvale-worldgen chamber::tests::the_run_floors_label_is_v2
        PASS [   0.013s] (4522/5357) hornvale-worldgen chamber::tests::the_run_key_is_injective_over_the_lattice
        PASS [   0.011s] (4523/5357) hornvale-worldgen chamber::tests::the_run_key_spelling_is_pinned
        PASS [ 136.995s] (4524/5357) hornvale-vessel::suite ledger_hash_witness::the_emitter_bearing_walk_commits_the_same_ledger_and_hazard_bytes
        PASS [   0.034s] (4525/5357) hornvale-worldgen chamber::tests::the_run_draw_travels_the_run_floors_leg_and_not_the_chamber_leg
        PASS [   0.010s] (4526/5357) hornvale-worldgen chamber::tests::the_rung_to_stratum_map_is_many_to_one_and_gradient_dependent
        PASS [   0.015s] (4527/5357) hornvale-worldgen chamber::tests::the_run_leg_and_the_chamber_leg_cannot_collide
        PASS [   0.009s] (4528/5357) hornvale-worldgen chamber::tests::two_entrances_of_one_system_may_open_on_different_branches
        PASS [   0.012s] (4529/5357) hornvale-worldgen character::tests::branch_count_varies_by_band_somewhere_on_the_panel
        PASS [   0.028s] (4530/5357) hornvale-worldgen chamber::tests::the_shipped_composition_keeps_both_guarantees_over_a_panel
        PASS [   0.011s] (4531/5357) hornvale-worldgen character::tests::each_draw_travels_its_own_leg_and_not_a_siblings
        PASS [   0.016s] (4532/5357) hornvale-worldgen character::tests::character_and_barrier_are_keyed_at_the_same_granularity
        PASS [   0.010s] (4533/5357) hornvale-worldgen character::tests::every_re_keyed_label_is_v2
        PASS [   0.010s] (4534/5357) hornvale-worldgen character::tests::the_branch_count_draw_is_byte_pinned_for_known_keys
        PASS [   0.011s] (4535/5357) hornvale-worldgen character::tests::the_barrier_draw_is_byte_pinned_for_known_keys
        PASS [   0.044s] (4536/5357) hornvale-worldgen chamber::tests::the_two_seam_directions_read_one_edge_set
        PASS [   0.011s] (4537/5357) hornvale-worldgen character::tests::the_character_draw_is_byte_pinned_for_known_keys
        PASS [  14.660s] (4538/5357) hornvale-vessel::suite the_roll::the_roster_listing_and_why_use_names
        PASS [   0.010s] (4539/5357) hornvale-worldgen character::tests::the_three_branch_labels_are_distinct
        PASS [   0.010s] (4540/5357) hornvale-worldgen chorus::tests::beyond_teaching_horizon_reads_true_past_the_prediction_horizon
        PASS [   0.011s] (4541/5357) hornvale-worldgen chorus::tests::bind_agent_covers_every_deity_bearing_schema
        PASS [   0.013s] (4542/5357) hornvale-worldgen chorus::tests::bind_agent_stays_none_for_every_other_schema
        PASS [   0.009s] (4543/5357) hornvale-worldgen chorus::tests::doctrine_day_binding_is_none_without_any_period_match
        PASS [   0.011s] (4544/5357) hornvale-worldgen chorus::tests::doctrine_day_binding_prefers_the_period_matched_high_god
        PASS [   0.011s] (4545/5357) hornvale-worldgen chorus::tests::doctrine_day_binding_falls_back_when_the_high_god_is_not_period_compatible
        PASS [   0.010s] (4546/5357) hornvale-worldgen chorus::tests::doctrine_moons_binding_falls_back_when_the_high_god_is_day_matched
        PASS [   0.010s] (4547/5357) hornvale-worldgen chorus::tests::moon_period_ratio_flows_into_chorus_ground
        PASS [   0.010s] (4548/5357) hornvale-worldgen chorus::tests::moon_period_ratio_has_an_observability_row
        PASS [   0.012s] (4549/5357) hornvale-worldgen chorus::tests::doctrine_moons_binding_prefers_the_non_day_matched_high_god
        PASS [   0.009s] (4550/5357) hornvale-worldgen chorus::tests::too_few_witnessed_days_are_never_a_crisis
        PASS [   0.014s] (4551/5357) hornvale-worldgen chorus::tests::the_naive_model_reads_hit_hit_hit_miss_and_no_crisis_yet
        PASS [   0.021s] (4552/5357) hornvale-worldgen chorus::tests::two_consecutive_misses_read_a_live_crisis
        PASS [   0.014s] (4553/5357) hornvale-worldgen circuit::tests::budget_is_derived_from_rock_and_workmanship
        PASS [   0.017s] (4554/5357) hornvale-worldgen circuit::tests::a_tree_has_zero_loop_share_and_a_cycle_has_full
        PASS [   0.106s] (4555/5357) hornvale-worldgen circuit::tests::cycle_membership_share_is_a_ratio_and_zero_on_a_bare_path
        PASS [   0.021s] (4556/5357) hornvale-worldgen circuit::tests::every_grid_cell_overlaps_its_twin_one_rung_down
        PASS [   0.216s] (4557/5357) hornvale-worldgen circuit::tests::every_edge_is_grid_adjacent_or_a_vertical_stair
        PASS [   0.010s] (4558/5357) hornvale-worldgen circuit::tests::length_class_follows_the_frozen_rule
        PASS [  14.446s] (4559/5357) hornvale-vessel::suite the_roll::the_roster_never_reorders
        PASS [   0.217s] (4560/5357) hornvale-worldgen circuit::tests::every_node_is_reachable_from_the_entrance
        PASS [   0.221s] (4561/5357) hornvale-worldgen circuit::tests::realm_ownership_is_innermost_and_parents_contain_their_children
        SLOW [> 60.000s] (─────────) hornvale-vessel::suite the_detent::h5_witness_the_hazard_reads_terrain_samples_on_the_bench_shape
        PASS [   1.328s] (4562/5357) hornvale-worldgen chorus::tests::unbindable_cultures_stay_plain_lost
        PASS [   0.016s] (4563/5357) hornvale-worldgen circuit::tests::region_rects_tile_the_extent_with_one_cell_walls
        PASS [   0.015s] (4564/5357) hornvale-worldgen circuit::tests::some_seed_produces_a_cross_floor_realm
        PASS [  14.071s] (4565/5357) hornvale-vessel::suite the_roll::two_herds_of_one_species_at_different_vertices_are_disjoint
        PASS [   0.053s] (4566/5357) hornvale-worldgen circuit::tests::the_plan_is_deterministic_and_reads_the_vertex
        PASS [   0.013s] (4567/5357) hornvale-worldgen circuit::tests::the_rank_zero_grid_is_five_by_three
        PASS [   4.809s] (4568/5357) hornvale-worldgen alchemy::tests::same_seed_yields_the_same_substances_and_productions
        PASS [   0.018s] (4569/5357) hornvale-worldgen components::tests::canonical_registries_pass_integrity
        PASS [   0.016s] (4570/5357) hornvale-worldgen components::tests::integrity_accepts_a_minded_gregarious_kind_carrying_society
        PASS [   0.020s] (4571/5357) hornvale-worldgen components::tests::integrity_rejects_a_solitary_kind_carrying_society
        PASS [   0.023s] (4572/5357) hornvale-worldgen components::tests::integrity_rejects_a_speaker_with_no_perception
        PASS [   0.021s] (4573/5357) hornvale-worldgen components::tests::key_set_mismatch_between_psyche_and_articulation_fails_loudly
        PASS [   0.026s] (4574/5357) hornvale-worldgen components::tests::key_set_mismatch_between_psyche_and_lexicon_fails_loudly
        PASS [   0.013s] (4575/5357) hornvale-worldgen components::tests::key_set_mismatch_between_psyche_and_perception_fails_loudly
        PASS [   0.030s] (4576/5357) hornvale-worldgen components::tests::kinds_with_biosphere_is_the_full_roster_and_psyche_is_the_peopled_subset
        PASS [   0.026s] (4577/5357) hornvale-worldgen components::tests::kinds_with_covers_the_new_component_tags
        PASS [   0.014s] (4578/5357) hornvale-worldgen components::tests::multi_member_family_missing_its_proto_fails_loudly
        PASS [   0.028s] (4579/5357) hornvale-worldgen components::tests::peopled_kind_missing_biosphere_row_fails_loudly
        PASS [   0.014s] (4580/5357) hornvale-worldgen components::tests::peopled_kind_missing_family_row_fails_loudly
        PASS [   0.018s] (4581/5357) hornvale-worldgen components::tests::psyche_without_speech_passes
        PASS [   0.023s] (4582/5357) hornvale-worldgen components::tests::settled_missing_a_peopled_component_fails
        PASS [   0.023s] (4583/5357) hornvale-worldgen components::tests::speech_without_psyche_fails
        PASS [   0.022s] (4584/5357) hornvale-worldgen components::tests::the_kind_roster_is_the_union_of_all_stores
        SLOW [> 60.000s] (─────────) hornvale-vessel::suite the_detent::rule_four_witness_the_emitter_timeline_copy
        PASS [   4.267s] (4585/5357) hornvale-worldgen brattice::tests::a_worked_karst_descent_eventually_carries_a_door_and_a_wild_one_never_does
        PASS [   6.121s] (4586/5357) hornvale-worldgen alchemy::tests::materially_different_geology_reaches_materially_different_productions
        PASS [   0.023s] (4587/5357) hornvale-worldgen delve_seating::tests::an_indifferent_niche_scores_zero
        PASS [   0.027s] (4588/5357) hornvale-worldgen delve_seating::tests::every_cave_kind_matches_a_corpus_genus
        PASS [   0.027s] (4589/5357) hornvale-worldgen delve_seating::tests::every_formation_and_depth_class_scores
        PASS [   0.014s] (4590/5357) hornvale-worldgen delve_seating::tests::the_genus_extends_the_cave_kinds_own_name
        PASS [   0.011s] (4591/5357) hornvale-worldgen delve_seating::tests::the_surface_rung_has_no_chamber_fit
        PASS [   0.012s] (4592/5357) hornvale-worldgen delve_seating::tests::two_formations_do_not_score_identically
        PASS [   0.019s] (4593/5357) hornvale-worldgen disposition::tests::an_unclamped_axis_realizes_the_authored_standard_deviation
        PASS [   0.011s] (4594/5357) hornvale-worldgen disposition::tests::the_unit_halfwidth_is_the_square_root_of_three
        PASS [   0.011s] (4595/5357) hornvale-worldgen disposition::tests::the_year_key_rounds_to_the_nearest_whole_year
        PASS [   0.011s] (4596/5357) hornvale-worldgen energy::tests::detrital_import_needs_drainage
        PASS [   0.011s] (4597/5357) hornvale-worldgen energy::tests::every_chemotrophic_source_needs_water
        PASS [   0.013s] (4598/5357) hornvale-worldgen energy::tests::every_source_is_a_ratio
        SLOW [> 60.000s] (─────────) hornvale-vessel::suite the_detent::the_detent_seed_42_walk_is_deterministic
        PASS [   0.018s] (4599/5357) hornvale-worldgen energy::tests::sulphide_oxidation_peaks_at_intermediate_depth
        PASS [   0.023s] (4600/5357) hornvale-worldgen energy::tests::sulphide_oxidation_peaks_in_underdeep_across_the_legal_gradient_range
        PASS [   0.010s] (4601/5357) hornvale-worldgen energy::tests::the_three_silica_sources_peak_at_different_silica
        PASS [   0.017s] (4602/5357) hornvale-worldgen gazetteer::tests::a_volcanos_salt_is_its_bare_vertex_id
        PASS [   4.745s] (4603/5357) hornvale-worldgen brattice::tests::detour_cost_is_at_least_one_and_none_without_a_realized_requirement
        PASS [   0.017s] (4604/5357) hornvale-worldgen gazetteer::tests::the_salt_is_injective_over_class_and_vertex
        PASS [   0.010s] (4605/5357) hornvale-worldgen gazetteer::tests::two_classes_at_one_vertex_do_not_share_a_name
        PASS [   0.011s] (4606/5357) hornvale-worldgen gazetteer::tests::two_peoples_name_one_feature_differently
        PASS [ 101.441s] (4607/5357) hornvale-vessel::suite resident_folds::rule_two_witness_agent_at_commit_order_versus_day_order
        PASS [   2.075s] (4608/5357) hornvale-worldgen delve_seating::tests::a_column_nobody_settled_is_found_and_wild_on_every_rung
        PASS [   0.019s] (4609/5357) hornvale-worldgen gazetteer_wiring_tests::gazetteer_peoples_is_the_settled_roster_at_fifteen
        PASS [   1.154s] (4610/5357) hornvale-worldgen gazetteer_wiring_tests::gazetteer_class_entries_carries_real_names_for_every_people
        PASS [   0.011s] (4611/5357) hornvale-worldgen graph_derive::tests::a_frozen_mire_travels_better_than_a_wet_one
        PASS [   1.505s] (4612/5357) hornvale-worldgen gazetteer::tests::a_volcanos_vertices_group_into_one_feature_per_source
        PASS [   0.011s] (4613/5357) hornvale-worldgen graph_derive::tests::dry_ground_is_unmodified
        PASS [   5.337s] (4614/5357) hornvale-worldgen circuit::tests::dof_counts_every_draw
        PASS [   0.011s] (4615/5357) hornvale-worldgen graph_derive::tests::mud_and_snow_each_impede_travel
        PASS [   0.011s] (4616/5357) hornvale-worldgen graph_derive::tests::the_factor_never_leaves_the_unit_interval
        PASS [   0.010s] (4617/5357) hornvale-worldgen harvest::tests::amplitude_table_covers_every_variant_in_range
        PASS [   0.011s] (4618/5357) hornvale-worldgen harvest::tests::lat_deg_rejects_out_of_range
        PASS [   0.012s] (4619/5357) hornvale-worldgen harvest::tests::near_zero_in_winter_and_single_peak_at_harvest
        PASS [   0.010s] (4620/5357) hornvale-worldgen harvest::tests::periodic_over_one_year
        PASS [   0.010s] (4621/5357) hornvale-worldgen harvest::tests::southern_hemisphere_is_half_a_year_out_of_phase
        PASS [   2.120s] (4622/5357) hornvale-worldgen gazetteer_wiring_tests::gazetteer_class_summaries_agree_with_the_capped_entries_they_reshape
        PASS [   0.271s] (4623/5357) hornvale-worldgen hazard::tests::a_transform_boundary_is_seismic_and_never_volcanic
        PASS [   0.290s] (4624/5357) hornvale-worldgen hazard::tests::an_amagmatic_vertex_never_erupts
        PASS [  13.868s] (4625/5357) hornvale-vessel::suite turn_budget::a_chamber_wait_derives_a_shadowcast_on_each_side_of_its_tick
        PASS [  14.332s] (4626/5357) hornvale-vessel::suite turn_budget::a_chamber_step_performs_no_folds_and_one_shadowcast
        PASS [   0.595s] (4627/5357) hornvale-worldgen hazard::tests::an_empty_or_reversed_window_yields_nothing
        PASS [  13.307s] (4628/5357) hornvale-vessel::suite turn_budget::a_snapshot_performs_no_folds
        PASS [   0.283s] (4629/5357) hornvale-worldgen hazard::tests::every_interval_lies_inside_its_authored_bracket
        PASS [   1.210s] (4630/5357) hornvale-worldgen hazard::tests::an_edifice_sources_field_value_is_the_rate_its_eruptions_are_drawn_at
        PASS [   0.736s] (4631/5357) hornvale-worldgen hazard::tests::busier_ground_produces_more_events
        SLOW [> 60.000s] (─────────) hornvale-vessel::suite the_kerf::the_kerf_seed_17_walk_is_deterministic_with_its_floors
        PASS [   0.658s] (4632/5357) hornvale-worldgen hazard::tests::events_in_is_a_pure_read
        PASS [   0.276s] (4633/5357) hornvale-worldgen hazard::tests::hazard_is_pure_and_carries_no_state
        PASS [   0.283s] (4634/5357) hornvale-worldgen hazard::tests::higher_unrest_shortens_the_seismic_interval
        PASS [   0.011s] (4635/5357) hornvale-worldgen hazard::tests::the_block_count_inverts_the_poisson_cdf
        PASS [  13.669s] (4636/5357) hornvale-vessel::suite turn_budget::a_wait_folds_the_roll_and_nothing_more
        PASS [   0.010s] (4637/5357) hornvale-worldgen hazard::tests::the_block_lattice_covers_negative_days
        PASS [   0.646s] (4638/5357) hornvale-worldgen hazard::tests::events_lie_inside_the_window_and_are_ordered
        PASS [   0.012s] (4639/5357) hornvale-worldgen hazard::tests::the_event_key_spelling_is_pinned
        PASS [   0.009s] (4640/5357) hornvale-worldgen hazard::tests::the_magnitude_law_is_truncated_and_not_clamped
        PASS [   0.285s] (4641/5357) hornvale-worldgen hazard::tests::volcanic_recurrence_exists_exactly_where_an_edifice_does
        PASS [   0.337s] (4642/5357) hornvale-worldgen hazard::tests::magnitudes_lie_inside_their_authored_brackets
        PASS [  14.394s] (4643/5357) hornvale-vessel::suite turn_budget::a_turn_derives_one_shadowcast
        PASS [   0.012s] (4644/5357) hornvale-worldgen history_bake::tests::a_busy_patron_extracts_harder_from_the_same_vassal_than_a_quiet_one
        PASS [   0.012s] (4645/5357) hornvale-worldgen history_bake::tests::a_cascade_runs_three_hops_and_dies_of_dissipation
        PASS [  84.006s] (4646/5357) hornvale-vessel::suite session::write_is_the_verb_and_the_margin_answers
        PASS [   0.011s] (4647/5357) hornvale-worldgen history_bake::tests::a_cheaply_reached_holder_is_raided_and_a_dearly_reached_one_is_not
        PASS [   0.011s] (4648/5357) hornvale-worldgen history_bake::tests::a_community_curve_amplitude_is_its_biome_class_amplitude
        PASS [   0.014s] (4649/5357) hornvale-worldgen history_bake::tests::a_flight_with_nowhere_to_go_is_a_death_not_a_departure
        PASS [   0.012s] (4650/5357) hornvale-worldgen history_bake::tests::a_generational_patron_declines_a_vassal_too_small_to_farm
        PASS [   0.017s] (4651/5357) hornvale-worldgen history_bake::tests::a_long_run_assessment_neither_diverges_nor_absorbs_at_zero
        PASS [   0.030s] (4652/5357) hornvale-worldgen history_bake::tests::a_generational_patron_leaves_a_markedly_larger_vassal_than_an_immediate_one
        PASS [   0.011s] (4653/5357) hornvale-worldgen history_bake::tests::a_lords_claim_travels_and_a_runaways_obligation_does_not
        PASS [   0.604s] (4654/5357) hornvale-worldgen hazard::tests::the_window_is_half_open_at_both_ends
        PASS [   0.011s] (4655/5357) hornvale-worldgen history_bake::tests::a_non_finite_radius_conceals_nothing
        PASS [   0.011s] (4656/5357) hornvale-worldgen history_bake::tests::a_patron_accumulates_stores_without_its_pressure_rising
        PASS [   0.020s] (4657/5357) hornvale-worldgen history_bake::tests::a_patron_driven_off_its_land_keeps_its_vassals_and_arrives_weakened
        PASS [   0.013s] (4658/5357) hornvale-worldgen history_bake::tests::a_patron_is_not_itself_subordinated
        PASS [   0.013s] (4659/5357) hornvale-worldgen history_bake::tests::a_patron_raises_its_demand_on_a_vassal_that_grew_and_eases_it_on_one_that_shrank
        PASS [   0.011s] (4660/5357) hornvale-worldgen history_bake::tests::a_patrons_effective_horizon_falls_monotonically_and_never_wraps
        PASS [   0.014s] (4661/5357) hornvale-worldgen history_bake::tests::a_raider_strikes_in_the_depleted_phase_not_at_the_epoch_boundary
        PASS [   0.011s] (4662/5357) hornvale-worldgen history_bake::tests::a_relation_naming_a_dead_community_collects_nothing
        PASS [   0.025s] (4663/5357) hornvale-worldgen history_bake::tests::a_people_that_cannot_survive_winning_does_not_fight
        PASS [   0.012s] (4664/5357) hornvale-worldgen history_bake::tests::a_resettle_at_the_head_of_a_relaxation_is_counted_exactly_once
        PASS [   0.010s] (4665/5357) hornvale-worldgen history_bake::tests::a_roller_takes_a_near_home_over_a_richer_distant_one
        PASS [   0.016s] (4666/5357) hornvale-worldgen history_bake::tests::a_rival_that_cannot_out_muscle_the_incumbent_leaves_the_relation_alone
        PASS [   0.018s] (4667/5357) hornvale-worldgen history_bake::tests::a_roller_takes_the_rich_held_vertex_over_the_marginal_vacant_one
        PASS [   0.010s] (4668/5357) hornvale-worldgen history_bake::tests::a_roller_widens_its_search_past_an_unusable_neighbourhood
        PASS [   0.013s] (4669/5357) hornvale-worldgen history_bake::tests::a_roller_will_not_displace_a_starving_holder
        PASS [   0.012s] (4670/5357) hornvale-worldgen history_bake::tests::a_second_scan_on_a_target_already_ours_forms_nothing
        PASS [   0.013s] (4671/5357) hornvale-worldgen history_bake::tests::a_setpoint_never_sits_below_the_farm_floor
        PASS [   0.013s] (4672/5357) hornvale-worldgen history_bake::tests::a_starving_target_is_not_worth_raiding
        PASS [   0.012s] (4673/5357) hornvale-worldgen history_bake::tests::a_timid_people_does_not_raid_however_strong_it_is
        PASS [   0.020s] (4674/5357) hornvale-worldgen history_bake::tests::a_subterranean_community_no_longer_displaces_a_surface_one
        PASS [   0.021s] (4675/5357) hornvale-worldgen history_bake::tests::a_stronger_rival_takes_over_a_standing_relation
        PASS [   0.013s] (4676/5357) hornvale-worldgen history_bake::tests::a_vassal_at_its_patrons_setpoint_hands_over_nothing
        PASS [   0.018s] (4677/5357) hornvale-worldgen history_bake::tests::a_timid_people_driven_off_its_land_flees_rather_than_rolling_over_a_holder
        PASS [   0.018s] (4678/5357) hornvale-worldgen history_bake::tests::a_tribute_relation_dies_with_either_party
        PASS [   0.012s] (4679/5357) hornvale-worldgen history_bake::tests::a_vassal_taxed_past_what_it_can_regrow_leaves
        PASS [   0.016s] (4680/5357) hornvale-worldgen history_bake::tests::a_vassal_takes_no_vassal_of_its_own
        PASS [   0.015s] (4681/5357) hornvale-worldgen history_bake::tests::a_vassal_that_outgrows_its_patron_throws_off_the_relation
        PASS [   0.011s] (4682/5357) hornvale-worldgen history_bake::tests::a_weak_roller_flees_to_the_empties_instead_of_preying
        PASS [   0.010s] (4683/5357) hornvale-worldgen history_bake::tests::an_insular_subordinate_remits_less_than_an_expansive_one
        PASS [   0.024s] (4684/5357) hornvale-worldgen history_bake::tests::a_vertex_still_holds_exactly_one_surface_community
        PASS [   0.013s] (4685/5357) hornvale-worldgen history_bake::tests::an_over_milked_vassal_shrinks_and_its_patron_eases_off
        PASS [   0.013s] (4686/5357) hornvale-worldgen history_bake::tests::an_unauthored_patron_is_read_at_the_neutral_middle
        PASS [   0.010s] (4687/5357) hornvale-worldgen history_bake::tests::approach_ease_is_zero_for_an_isolated_vertex
        PASS [   0.011s] (4688/5357) hornvale-worldgen history_bake::tests::communities_at_opposite_hemispheres_carry_curves_half_a_year_out_of_phase
        PASS [   0.012s] (4689/5357) hornvale-worldgen history_bake::tests::granary_clamps_at_zero_through_the_lean_half
        PASS [   0.012s] (4690/5357) hornvale-worldgen history_bake::tests::granary_integration_preserves_the_annual_increment
        PASS [   0.025s] (4691/5357) hornvale-worldgen history_bake::tests::approach_ease_sums_traversable_conductance_only
        PASS [   0.014s] (4692/5357) hornvale-worldgen history_bake::tests::no_patron_may_demand_more_than_the_land_could_ever_produce
        PASS [   0.010s] (4693/5357) hornvale-worldgen history_bake::tests::record_cascade_bins_by_log2_and_skips_zero
        PASS [   0.020s] (4694/5357) hornvale-worldgen history_bake::tests::phase_shares_sum_to_one_across_curves
        PASS [   0.028s] (4695/5357) hornvale-worldgen history_bake::tests::no_subordinate_is_farmed_below_the_farm_floor_by_tribute
        PASS [   0.012s] (4696/5357) hornvale-worldgen history_bake::tests::stores_raise_strength_but_never_pressure
        PASS [   0.016s] (4697/5357) hornvale-worldgen history_bake::tests::relocate_founds_from_the_specific_predecessor_not_the_lineage_ancestor
        PASS [   0.014s] (4698/5357) hornvale-worldgen history_bake::tests::the_assessment_can_actually_bind_against_the_logistic_ceiling
        PASS [   0.012s] (4699/5357) hornvale-worldgen history_bake::tests::the_assessment_reads_the_subordinates_vertex_not_the_raiders
        PASS [   0.020s] (4700/5357) hornvale-worldgen history_bake::tests::subordination_leaves_both_communities_exactly_where_they_stand
        PASS [   1.151s] (4701/5357) hornvale-worldgen hazard::tests::every_vertex_of_one_cone_shares_one_eruption_history
        PASS [   0.011s] (4702/5357) hornvale-worldgen history_bake::tests::the_low_root_is_exactly_where_the_opening_demand_stops_being_payable
        PASS [   0.012s] (4703/5357) hornvale-worldgen history_bake::tests::the_depth_cap_truncates_a_cascade_and_the_dropped_remnant_is_tallied
        PASS [   0.012s] (4704/5357) hornvale-worldgen history_bake::tests::the_patron_measures_against_its_last_visit_not_against_the_conquest
        PASS [   0.017s] (4705/5357) hornvale-worldgen history_bake::tests::the_demand_binds_on_a_subordinate_at_peak_productivity
        PASS [   0.011s] (4706/5357) hornvale-worldgen history_bake::tests::the_settled_premium_makes_a_held_vertex_outbid_an_equal_vacant_one
        PASS [   0.010s] (4707/5357) hornvale-worldgen history_bake::tests::traversable_neighbors_dedups_parallel_edges
        PASS [   0.012s] (4708/5357) hornvale-worldgen history_bake::tests::the_size_gate_never_vetoes_an_eviction
        PASS [   0.016s] (4709/5357) hornvale-worldgen history_bake::tests::traversable_neighbors_excludes_ocean_includes_lanes
        PASS [   0.010s] (4710/5357) hornvale-worldgen history_bake::tests::two_underworld_communities_can_share_a_column_at_different_rungs
        PASS [   0.010s] (4711/5357) hornvale-worldgen history_bake::tests::working_site_never_reaches_past_the_supply_bound
        PASS [   0.013s] (4712/5357) hornvale-worldgen history_bake::tests::two_settlements_of_one_people_can_differ_in_raiding
        PASS [   0.012s] (4713/5357) hornvale-worldgen knownness::tests::a_holder_with_no_generation_length_falls_back_on_the_allometry_anchor
        PASS [  14.213s] (4714/5357) hornvale-vessel::suite walker_battery::the_walker_battery_holds_the_four_invariants
        PASS [   1.124s] (4715/5357) hornvale-worldgen knownness::tests::a_dangerous_mountain_can_be_wholly_forgotten
        PASS [   1.132s] (4716/5357) hornvale-worldgen knownness::tests::every_vertex_of_one_cone_is_remembered_alike
        PASS [   1.241s] (4717/5357) hornvale-worldgen knownness::tests::a_vertex_with_no_edifice_has_nothing_to_remember
        PASS [   1.096s] (4718/5357) hornvale-worldgen knownness::tests::knownness_decays_to_nothing_when_the_mountain_is_quiet
        PASS [   1.122s] (4719/5357) hornvale-worldgen knownness::tests::knownness_peaks_at_an_eruption_and_decays_after_it
        PASS [   1.119s] (4720/5357) hornvale-worldgen knownness::tests::the_half_life_rides_the_holders_generation_length
        PASS [   1.335s] (4721/5357) hornvale-worldgen knownness::tests::knownness_is_pure_and_carries_no_state
        PASS [  11.003s] (4722/5357) hornvale-worldgen chorus::tests::moon_period_ratio_is_explained_with_an_admitted_schema
        PASS [   0.027s] (4723/5357) hornvale-worldgen observer::tests::observer_roster_is_sorted_ascending
        PASS [   0.024s] (4724/5357) hornvale-worldgen observer::tests::ocular_reason_rounds_the_merge_fraction_for_display
        PASS [   0.049s] (4725/5357) hornvale-worldgen observer::tests::scotopic_gain_is_unity_below_the_luminance_switch
        PASS [   0.023s] (4726/5357) hornvale-worldgen person_promote::tests::a_drop_costs_one_founder_and_is_not_backfilled
        PASS [   0.022s] (4727/5357) hornvale-worldgen person_promote::tests::a_tie_resolves_the_same_way_whichever_order_it_arrives_in
        PASS [   0.024s] (4728/5357) hornvale-worldgen person_promote::tests::each_people_is_capped_at_memory_depth
        PASS [   0.025s] (4729/5357) hornvale-worldgen person_promote::tests::indistinguishable_occupations_promote_one_and_record_the_other
        PASS [   0.027s] (4730/5357) hornvale-worldgen person_promote::tests::selection_takes_the_largest_and_is_order_independent
        PASS [   1.198s] (4731/5357) hornvale-worldgen knownness::tests::the_most_recent_eruption_wins_over_an_earlier_one_in_the_same_horizon
        PASS [   0.109s] (4732/5357) hornvale-worldgen placement::tests::a_cave_and_an_exotic_site_at_one_vertex_do_not_share_a_facet
        PASS [   0.072s] (4733/5357) hornvale-worldgen placement::tests::a_placement_stays_inside_its_vertexs_own_quad
        PASS [   0.105s] (4734/5357) hornvale-worldgen placement::tests::a_placement_is_not_just_the_vertexs_own_facet
        PASS [   0.012s] (4735/5357) hornvale-worldgen placement::tests::the_placement_key_spelling_is_pinned
        PASS [   0.073s] (4736/5357) hornvale-worldgen placement::tests::the_seed_42_placement_is_byte_pinned
        PASS [   0.142s] (4737/5357) hornvale-worldgen placement::tests::a_walk_depth_at_the_quad_leaves_nothing_to_draw
        PASS [   1.187s] (4738/5357) hornvale-worldgen knownness::tests::the_stock_is_not_a_function_of_the_hazard_field
        PASS [   0.030s] (4739/5357) hornvale-worldgen plat::tests::the_drawn_level_reads_as_drawn
        PASS [   0.036s] (4740/5357) hornvale-worldgen plat::tests::the_reading_is_pure
        PASS [   0.022s] (4741/5357) hornvale-worldgen render::tests::every_kind_valence_pair_has_a_distinct_palette_color
        PASS [   0.028s] (4742/5357) hornvale-worldgen render::tests::most_dread_picks_the_highest_dread_layer_breaking_ties_first
        PASS [   0.019s] (4743/5357) hornvale-worldgen render::tests::venerated_and_forgotten_read_distinctly_within_a_kind
        PASS [   1.211s] (4744/5357) hornvale-worldgen knownness::tests::the_stock_names_the_people_that_holds_it
        PASS [   4.710s] (4745/5357) hornvale-worldgen hazard::tests::off_source_the_local_field_is_never_more_active_than_the_drawn_rate
        PASS [  10.684s] (4746/5357) hornvale-worldgen circuit::tests::the_all_found_plan_grammar_is_pinned
        PASS [   2.531s] (4747/5357) hornvale-worldgen knownness::tests::the_stock_never_leaves_the_unit_interval
        PASS [ 112.614s] (4748/5357) hornvale-vessel::suite resident_folds::rule_six_witness_hazard_memory_reads_run_at_past_instants
        PASS [  70.317s] (4749/5357) hornvale-vessel::suite the_detent::the_detent_seed_42_walk_is_deterministic
        PASS [  18.335s] (4750/5357) hornvale-vessel::suite world_context::a_reused_context_produces_identical_sessions
        PASS [  15.807s] (4751/5357) hornvale-worldgen brattice::tests::gates_and_keys_claim_at_most_once_and_add_nothing
        PASS [   0.017s] (4752/5357) hornvale-worldgen resolve::tests::an_empty_index_resolves_to_none
        PASS [   0.022s] (4753/5357) hornvale-worldgen resolve::tests::an_undiscovered_inner_link_does_not_borrow_the_outer_links_name
        PASS [ 114.699s] (4754/5357) hornvale-vessel::suite resident_folds::rule_six_witness_belief_reads_run_at_past_instants
        PASS [   0.018s] (4755/5357) hornvale-worldgen resolve::tests::format_chain_of_no_links_is_none
        PASS [   0.022s] (4756/5357) hornvale-worldgen resolve::tests::an_undiscovered_outer_link_keeps_its_class_but_loses_its_name
        PASS [   1.334s] (4757/5357) hornvale-worldgen resolve::tests::a_covered_vertex_resolves_to_the_most_specific_features_name
        PASS [   0.017s] (4758/5357) hornvale-worldgen schedule::tests::a_dependency_violating_order_is_rejected
        PASS [   0.014s] (4759/5357) hornvale-worldgen schedule::tests::derived_schedule_is_pinned
        PASS [   0.029s] (4760/5357) hornvale-worldgen schedule::tests::genesis_declarations_pass_the_single_writer_check
        PASS [   0.036s] (4761/5357) hornvale-worldgen schedule::tests::hand_order_is_a_valid_topological_sort_of_the_declarations
        PASS [   0.045s] (4762/5357) hornvale-worldgen seed_sweep::tests::a_worker_panic_propagates_and_an_empty_sweep_is_empty
        PASS [   0.070s] (4763/5357) hornvale-worldgen seed_sweep::tests::every_worker_count_agrees_with_the_serial_sweep
        PASS [  13.092s] (4764/5357) hornvale-worldgen delve_seating::tests::a_settled_column_is_made_at_its_seated_rung_and_nowhere_else
        PASS [   0.011s] (4765/5357) hornvale-worldgen seed_sweep::tests::the_thread_override_refuses_zero_and_nonsense
        PASS [   0.012s] (4766/5357) hornvale-worldgen settlement_pins::tests::default_pins_pin_nothing
        PASS [   0.011s] (4767/5357) hornvale-worldgen settlement_pins::tests::species_pin_round_trips_through_parse_pin
        PASS [   0.014s] (4768/5357) hornvale-worldgen settlement_pins::tests::unknown_keys_are_user_facing_errors
        PASS [   0.013s] (4769/5357) hornvale-worldgen tests::a_clear_sky_occludes_nothing_by_construction
        PASS [   0.099s] (4770/5357) hornvale-worldgen tests::a_culture_has_a_dominant_shape_and_a_tail
        PASS [   1.195s] (4771/5357) hornvale-worldgen resolve::tests::the_chain_names_every_feature_most_specific_first
        PASS [   0.015s] (4772/5357) hornvale-worldgen tests::a_deeper_rung_is_warmer_under_the_same_surface
        PASS [   1.259s] (4773/5357) hornvale-worldgen resolve::tests::resolve_chain_at_genuinely_asks_its_predicate
        PASS [   0.024s] (4774/5357) hornvale-worldgen tests::a_long_lived_settled_people_drifts_slower_than_a_short_lived_one
        PASS [   0.503s] (4775/5357) hornvale-worldgen seed_sweep::tests::map_seeds_returns_results_in_seed_order
        PASS [  12.793s] (4776/5357) hornvale-worldgen graph_derive::tests::connection_graph_from_does_not_rederive_terrain_or_climate
        PASS [   5.966s] (4777/5357) hornvale-worldgen plat::tests::every_level_has_one_entry_one_sanctum_and_at_most_one_heart
        PASS [   9.645s] (4778/5357) hornvale-worldgen history_emit::tests::occupation_records_reconstruct_from_the_ledger
        PASS [   0.013s] (4779/5357) hornvale-worldgen tests::a_storm_hides_the_sky_entirely
        PASS [   0.023s] (4780/5357) hornvale-worldgen tests::a_world_with_no_sky_provider_fact_is_an_error_not_a_fallback
        PASS [ 115.327s] (4781/5357) hornvale-vessel::suite resident_folds::the_cost_of_a_read_does_not_grow_with_the_tick_index_for_a_creature_that_never_resets
        PASS [ 212.047s] (4782/5357) hornvale-vessel liveness::tests::seed_42_home_settlements_real_walk_reachability_is_a_measured_t5_finding
        PASS [  19.248s] (4783/5357) hornvale-worldgen circuit::tests::realm_class_is_recomputed_from_the_realized_paths
        PASS [   0.017s] (4784/5357) hornvale-worldgen tests::an_ametabolic_kind_is_never_asked_for_a_lifespan
        PASS [   0.036s] (4785/5357) hornvale-worldgen tests::axis_supply_agrees_with_the_hoisted_form
        PASS [  12.843s] (4786/5357) hornvale-worldgen herds::tests::the_filter_is_shared
        PASS [ 117.829s] (4787/5357) hornvale-vessel::suite resident_folds::segments_integrated_per_turn_does_not_grow_with_the_tick_index_for_a_creature_that_drinks
        PASS [   0.172s] (4788/5357) hornvale-worldgen tests::build_world_generates_settlements_and_no_vale
        PASS [  13.378s] (4789/5357) hornvale-worldgen herds::tests::headcount_is_the_rendered_count
        PASS [   0.183s] (4790/5357) hornvale-worldgen tests::build_world_produces_the_full_cascade
        PASS [   0.021s] (4791/5357) hornvale-worldgen tests::cascade_regime_of_matches_the_authored_regime_map
        PASS [  13.311s] (4792/5357) hornvale-worldgen herds::tests::the_window_selects
        PASS [   1.440s] (4793/5357) hornvale-worldgen tests::biome_lines_describe_the_globe
        PASS [   0.111s] (4794/5357) hornvale-worldgen tests::culture_lines_name_the_flagship_and_its_subsistence
        PASS [   0.017s] (4795/5357) hornvale-worldgen tests::deity_name_seed_is_pure_and_entity_id_free
        PASS [   9.987s] (4796/5357) hornvale-worldgen residents::tests::a_draw_does_not_depend_on_the_cohort
        PASS [  10.138s] (4797/5357) hornvale-worldgen residents::tests::dials_are_clamped_ratios_and_vary
        PASS [  10.487s] (4798/5357) hornvale-worldgen residents::tests::a_settlement_with_no_site_fails_loudly
        PASS [  31.136s] (4799/5357) hornvale-vessel::suite tick_commit_budget::the_commit_rate_is_carried_by_the_settled_rosters_even_churn
        PASS [   0.013s] (4800/5357) hornvale-worldgen tests::domains_roster_crate_names_are_unique_and_nonempty
        PASS [   0.014s] (4801/5357) hornvale-worldgen tests::domains_roster_registers_language_after_its_lenders
        PASS [   0.014s] (4802/5357) hornvale-worldgen tests::domains_roster_registers_thing_after_its_borrowed_owners
        PASS [   5.595s] (4803/5357) hornvale-worldgen tests::a_settlement_name_gloss_is_truthful_to_its_own_site_facts
        SLOW [>120.000s] (─────────) hornvale-vessel::suite resident_folds::the_hazard_folds_integration_does_not_grow_with_the_tick_index
        PASS [  24.077s] (4804/5357) hornvale-worldgen brattice::tests::no_row_is_dead_data
        PASS [  24.266s] (4805/5357) hornvale-worldgen brattice::tests::no_cross_floor_realm_is_short_short
        PASS [   2.524s] (4806/5357) hornvale-worldgen tests::climate_reconstructs_deterministically_and_maps_biomes
        PASS [  10.215s] (4807/5357) hornvale-worldgen residents::tests::draws_are_deterministic
        PASS [   9.907s] (4808/5357) hornvale-worldgen residents::tests::the_stream_order_is_pinned
        PASS [  32.210s] (4809/5357) hornvale-vessel::suite tick_commit_budget::facts_committed_per_agent_per_tick_stays_bounded
        PASS [   0.015s] (4810/5357) hornvale-worldgen tests::exactly_one_axis_is_unfloored_and_it_is_the_undercutter
        PASS [   2.526s] (4811/5357) hornvale-worldgen tests::corrupt_scenario_pin_errors_instead_of_panicking_through_every_accessor
        PASS [  10.219s] (4812/5357) hornvale-worldgen residents::tests::names_are_distinct_within_a_settlement
        PASS [  19.446s] (4813/5357) hornvale-worldgen graph_derive::tests::a_day_less_config_leaves_the_graph_byte_identical
        PASS [   8.669s] (4814/5357) hornvale-worldgen tests::a_locked_worlds_pantheon_sees_exactly_one_hemisphere
        PASS [   1.290s] (4815/5357) hornvale-worldgen tests::firmament_lines_report_the_sky_at_both_sample_sites
        PASS [  13.077s] (4816/5357) hornvale-worldgen render::tests::vestige_png_is_well_formed_and_byte_deterministic
        PASS [   0.103s] (4817/5357) hornvale-worldgen tests::flagship_has_a_non_empty_subsistence_and_castes
        PASS [   1.518s] (4818/5357) hornvale-worldgen tests::every_goblinoid_word_is_in_its_inventory
        PASS [   0.160s] (4819/5357) hornvale-worldgen tests::generated_sky_reconstructs_and_beliefs_are_non_empty
        SLOW [> 60.000s] (─────────) hornvale-vessel::suite the_rack::every_slots_position_is_the_ledgers
        SLOW [> 60.000s] (─────────) hornvale-vessel::suite the_rack::the_chart_marks_a_creature_where_it_now_stands_not_where_it_lives
        PASS [   2.387s] (4820/5357) hornvale-worldgen tests::flagship_castes_match_the_structure_recomputed_from_its_environment
        PASS [   0.011s] (4821/5357) hornvale-worldgen tests::goblin_lens_is_exactly_identity
        PASS [   1.483s] (4822/5357) hornvale-worldgen tests::globe_level_pin_selects_the_canonical_grid
        PASS [  22.097s] (4823/5357) hornvale-worldgen graph_derive::tests::gating_on_a_day_changes_some_edge_conductance
        PASS [   0.025s] (4824/5357) hornvale-worldgen tests::goblin_voice_params_sit_at_the_manikin_identity
        PASS [  10.725s] (4825/5357) hornvale-worldgen tests::a_settled_people_emits_the_same_seventeen_facts_in_the_same_order
        PASS [  11.157s] (4826/5357) hornvale-worldgen tests::a_dragon_emits_mind_perception_and_speech_but_no_society
        PASS [   9.393s] (4827/5357) hornvale-worldgen tests::almanac_context_carries_sightline_and_slow_fire
        PASS [   9.135s] (4828/5357) hornvale-worldgen tests::almanac_context_gathers_everything
        PASS [   1.416s] (4829/5357) hornvale-worldgen tests::goblin_lexicon_mechanism_is_stable_given_fixed_exposures
        PASS [   0.014s] (4830/5357) hornvale-worldgen tests::high_cirrus_over_a_clear_sky_dims_only_slightly
        PASS [   0.015s] (4831/5357) hornvale-worldgen tests::insolation_is_dark_at_every_depth_and_moisture_stays_in_range
        PASS [   0.014s] (4832/5357) hornvale-worldgen tests::kinds_before_the_vacancy_t8_get_no_supply_from_the_marine_axis
        PASS [   0.011s] (4833/5357) hornvale-worldgen tests::kinds_outside_the_gloss_codomain_stay_silent
        PASS [   2.623s] (4834/5357) hornvale-worldgen tests::generated_sky_round_trips_through_save_and_load
        PASS [   0.015s] (4835/5357) hornvale-worldgen tests::kobold_lens_matches_the_spec_derivation
        PASS [   0.138s] (4836/5357) hornvale-worldgen tests::heliacal_lines_render_at_most_three_and_cap_the_year_phase_absence
        PASS [   9.439s] (4837/5357) hornvale-worldgen tests::almanac_context_dates_eclipses_and_the_ladder
        PASS [  11.614s] (4838/5357) hornvale-worldgen tests::a_nocturnal_observer_on_a_spinning_world_sees_night_stars
        PASS [   1.405s] (4839/5357) hornvale-worldgen tests::goblinoid_daughters_actually_diverge
        PASS [   1.378s] (4840/5357) hornvale-worldgen tests::goblinoid_daughters_are_cognate_where_both_hold_a_root
        PASS [   5.026s] (4841/5357) hornvale-worldgen tests::dominant_people_returns_none_when_no_peopled_race_is_placed
        PASS [   5.025s] (4842/5357) hornvale-worldgen tests::fauna_are_skipped_by_settlement_genesis
        PASS [   1.167s] (4843/5357) hornvale-worldgen tests::land_lines_describe_the_globe
        PASS [  11.086s] (4844/5357) hornvale-worldgen tests::a_sky_with_zero_figures_renders_no_figures_line
        PASS [   1.428s] (4845/5357) hornvale-worldgen tests::ground_lines_name_the_dominant_rock_and_soil
        PASS [   0.014s] (4846/5357) hornvale-worldgen tests::moisture_is_no_longer_a_world_constant
        PASS [   0.013s] (4847/5357) hornvale-worldgen tests::name_gloss_predicate_is_registered_functional
        PASS [   1.428s] (4848/5357) hornvale-worldgen tests::kobold_lexicon_mechanism_is_stable_given_fixed_exposures
        PASS [   0.066s] (4849/5357) hornvale-worldgen tests::no_zero_population_settlements
        PASS [   2.224s] (4850/5357) hornvale-worldgen tests::land_lines_name_point_observation_notables_when_present
        PASS [  31.840s] (4851/5357) hornvale-worldgen brattice::tests::every_plan_is_solvable_for_a_body_holding_nothing
        PASS [   0.024s] (4852/5357) hornvale-worldgen tests::occlusion_composes_with_species_perception
        PASS [   2.973s] (4853/5357) hornvale-worldgen tests::land_stays_fully_occupied_after_the_gate
        PASS [   0.012s] (4854/5357) hornvale-worldgen tests::pacing_elves_harder_than_dwarves_changes_no_drift_regime
        PASS [   2.322s] (4855/5357) hornvale-worldgen tests::marine_forage_is_zero_on_land_and_positive_in_the_shallows
        PASS [  89.467s] (4856/5357) hornvale-vessel::suite the_detent::rule_four_witness_the_emitter_timeline_copy
        PASS [   3.167s] (4857/5357) hornvale-worldgen tests::niche_k_differentiates_species_with_different_temperature_optima
        PASS [  11.287s] (4858/5357) hornvale-worldgen tests::built_world_names_and_classifies_its_planet
        PASS [   3.690s] (4859/5357) hornvale-worldgen tests::menagerie_distinct_dominants_diversify_and_xorn_holds_a_stronghold
        PASS [   1.432s] (4860/5357) hornvale-worldgen tests::pinning_a_fauna_species_fails_loudly_instead_of_panicking
        PASS [   0.639s] (4861/5357) hornvale-worldgen tests::placed_peoples_lists_flagship_holders_in_registry_order
        PASS [  10.098s] (4862/5357) hornvale-worldgen tests::dominant_people_changes_when_the_winners_mass_is_crushed
        PASS [  10.551s] (4863/5357) hornvale-worldgen tests::diurnal_lines_feed_the_almanac_context
        PASS [   0.028s] (4864/5357) hornvale-worldgen tests::referent_ord_discriminates_on_concept
        PASS [   0.013s] (4865/5357) hornvale-worldgen tests::register_all_via_roster_registers_name_gloss
        PASS [   9.932s] (4866/5357) hornvale-worldgen tests::dominant_people_changes_when_the_winners_population_is_crushed
        PASS [   9.742s] (4867/5357) hornvale-worldgen tests::each_placed_people_has_a_named_instance_of_collective
        PASS [  10.264s] (4868/5357) hornvale-worldgen tests::dominant_people_is_always_a_placed_race
        PASS [  92.630s] (4869/5357) hornvale-vessel::suite the_detent::h5_witness_the_hazard_reads_terrain_samples_on_the_bench_shape
        PASS [  10.448s] (4870/5357) hornvale-worldgen tests::firmament_lines_feed_the_almanac_context
        PASS [  12.787s] (4871/5357) hornvale-worldgen tests::deposit_of_overlays_laterite_and_passes_through_primary_deposits
        PASS [  10.604s] (4872/5357) hornvale-worldgen tests::genesis_observes_an_unoccluded_sky
        PASS [   0.658s] (4873/5357) hornvale-worldgen tests::settlement_lines_describe_the_people
        PASS [  12.797s] (4874/5357) hornvale-worldgen tests::dominant_people_weights_by_mass_not_headcount
        PASS [   0.141s] (4875/5357) hornvale-worldgen tests::settlement_populations_are_the_conserved_field_readout
        PASS [   0.160s] (4876/5357) hornvale-worldgen tests::settlements_and_deities_gain_name_gloss_facts_when_a_gloss_exists
        PASS [   8.577s] (4877/5357) hornvale-worldgen tests::locked_rotation_pin_yields_a_tidally_locked_calendar_line
        PASS [   8.111s] (4878/5357) hornvale-worldgen tests::observation_time_is_zero_for_a_locked_sky
        PASS [   9.876s] (4879/5357) hornvale-worldgen tests::locked_insolation_peaks_at_substellar_and_zeroes_on_night_side
        PASS [   0.015s] (4880/5357) hornvale-worldgen tests::sky_of_rejects_an_unparseable_scenario_pin
        PASS [   0.014s] (4881/5357) hornvale-worldgen tests::sky_of_rejects_an_unrecognized_sky_provider_value
        PASS [   0.013s] (4882/5357) hornvale-worldgen tests::social_form_selects_the_settled_and_wild_sets
        PASS [  11.302s] (4883/5357) hornvale-worldgen tests::ground_lines_feed_the_almanac_context
        PASS [   0.116s] (4884/5357) hornvale-worldgen tests::species_facts_touch_no_pre_existing_predicate
        PASS [  12.410s] (4885/5357) hornvale-worldgen tests::goblin_observation_reproduces_the_unlensed_path_bytewise
        PASS [   1.329s] (4886/5357) hornvale-worldgen tests::sky_and_climate_reports_come_from_the_composition_root
        PASS [   0.055s] (4887/5357) hornvale-worldgen tests::terrain_facts_are_committed_at_build
        PASS [  11.190s] (4888/5357) hornvale-worldgen tests::nowhere_in_particular_has_no_weather
        PASS [   9.553s] (4889/5357) hornvale-worldgen tests::one_peoples_pantheons_withhold_attribution
        PASS [   0.017s] (4890/5357) hornvale-worldgen tests::the_composition_root_hands_the_bake_the_authored_dispersion
        PASS [   2.289s] (4891/5357) hornvale-worldgen tests::soil_of_land_vertices_show_at_least_two_orders
        PASS [  20.283s] (4892/5357) hornvale-worldgen tests::build_world_is_deterministic
        PASS [   0.177s] (4893/5357) hornvale-worldgen tests::the_flagship_pantheon_reflects_its_society
        PASS [   0.010s] (4894/5357) hornvale-worldgen tests::the_formation_keyed_class_matches_the_biome_keyed_one_for_every_biome
        PASS [   0.016s] (4895/5357) hornvale-worldgen tests::the_gloss_reads_only_the_referent
        PASS [   0.012s] (4896/5357) hornvale-worldgen tests::the_liebig_shortcut_equals_the_eager_minimum
        SLOW [>300.000s] (─────────) hornvale-lab::suite reticence_calibration::h4_does_the_prior_move_observable_testimony_at_all
        PASS [  14.036s] (4897/5357) hornvale-worldgen tests::land_list_lines_are_all_distinct_at_seed_42
        PASS [   0.018s] (4898/5357) hornvale-worldgen tests::the_shape_profile_reads_the_vector_dimensions_its_doc_comments_claim
        PASS [   3.149s] (4899/5357) hornvale-worldgen tests::spinning_worlds_are_byte_identical_across_the_fix
        PASS [   5.632s] (4900/5357) hornvale-worldgen tests::settlement_site_concepts_orders_a_real_multi_concept_vector_most_specific_first
        PASS [   0.020s] (4901/5357) hornvale-worldgen tests::the_supply_axis_order_matches_both_capacity_loops
        PASS [   3.084s] (4902/5357) hornvale-worldgen tests::substrate_field_is_finite_and_insolation_peaks_at_the_equator
        PASS [   0.010s] (4903/5357) hornvale-worldgen tests::thicker_cloud_occludes_monotonically
        PASS [  10.102s] (4904/5357) hornvale-worldgen tests::plain_fauna_still_emits_only_its_name
        PASS [   2.139s] (4905/5357) hornvale-worldgen tests::terrain_reconstructs_from_seed_and_pins
        PASS [  20.101s] (4906/5357) hornvale-worldgen tests::diurnal_lines_show_dry_interior_and_ocean_and_are_empty_when_locked
        PASS [   0.011s] (4907/5357) hornvale-worldgen tests::two_vertices_at_one_rung_differ_when_their_crust_differs
        PASS [   2.710s] (4908/5357) hornvale-worldgen tests::the_default_vantage_resolves_to_the_flagship_and_is_deterministic
        PASS [  10.466s] (4909/5357) hornvale-worldgen tests::rains_lines_feed_the_almanac_context
        PASS [  10.477s] (4910/5357) hornvale-worldgen tests::seas_lines_feed_the_almanac_context
        PASS [  10.000s] (4911/5357) hornvale-worldgen tests::seed_42_names_are_non_english_and_not_degenerate
        PASS [  10.403s] (4912/5357) hornvale-worldgen tests::seed_42_names_both_its_peoples_pantheons
        PASS [  13.393s] (4913/5357) hornvale-worldgen tests::paleoclimate_is_deterministic_and_records_a_glacial_history
        PASS [   0.011s] (4914/5357) hornvale-worldgen traversal::tests::a_lone_high_vertex_costs_more_than_the_flat_base_cost
        PASS [   0.018s] (4915/5357) hornvale-worldgen traversal::tests::every_marine_biome_is_impassable
        PASS [   0.027s] (4916/5357) hornvale-worldgen traversal::tests::zero_slope_yields_exactly_the_base_cost
        PASS [  11.120s] (4917/5357) hornvale-worldgen tests::seed_23_generated_default_has_genesis_notes
        PASS [   2.752s] (4918/5357) hornvale-worldgen tests::the_sky_report_names_the_weather
        PASS [   1.296s] (4919/5357) hornvale-worldgen tests::water_lines_report_a_nonzero_fresh_water_share
        PASS [   7.805s] (4920/5357) hornvale-worldgen tests::settlements_reorganize_between_spinning_and_locked
        PASS [  20.085s] (4921/5357) hornvale-worldgen tests::glossed_names_are_stable_across_two_builds
        PASS [  13.322s] (4922/5357) hornvale-worldgen tests::predator_pressure_is_deterministic_and_nontrivial
        PASS [   9.282s] (4923/5357) hornvale-worldgen tests::settlements_carry_founding_alignments
        PASS [   1.493s] (4924/5357) hornvale-worldgen underworld_readout::tests::no_chamber_exists_past_its_runs_drawn_length
        PASS [   1.564s] (4925/5357) hornvale-worldgen underworld_readout::tests::every_chamber_is_counted_under_exactly_one_origin
        PASS [   1.493s] (4926/5357) hornvale-worldgen underworld_readout::tests::no_chamber_exists_past_its_systems_drawn_branches
        PASS [  13.651s] (4927/5357) hornvale-worldgen tests::prey_pressure_is_deterministic_nontrivial_and_the_predator_dual
        PASS [   0.019s] (4928/5357) hornvale-worldgen vestige::tests::a_living_ward_is_maintained_and_venerated
        PASS [   0.023s] (4929/5357) hornvale-worldgen vestige::tests::a_maintained_ward_reads_as_safe
        PASS [  80.631s] (4930/5357) hornvale-vessel::suite the_rack::every_slots_position_is_the_ledgers
        PASS [   0.010s] (4931/5357) hornvale-worldgen vestige::tests::a_plague_end_yields_a_pestilent_hazard
        PASS [   0.021s] (4932/5357) hornvale-worldgen vestige::tests::a_numinous_hazard_no_longer_implies_a_prehuman_site
        PASS [   0.017s] (4933/5357) hornvale-worldgen vestige::tests::a_recent_breach_is_legible
        PASS [   0.021s] (4934/5357) hornvale-worldgen vestige::tests::an_ancient_breach_is_dreaded_and_illegible
        PASS [   0.011s] (4935/5357) hornvale-worldgen vestige::tests::an_ancient_ruin_is_breached_and_forgotten_with_a_lost_warning
        PASS [   1.573s] (4936/5357) hornvale-worldgen underworld_readout::tests::some_transect_row_carries_the_past_branch_glyph
        PASS [   1.472s] (4937/5357) hornvale-worldgen underworld_readout::tests::some_transect_row_carries_the_past_run_glyph
        PASS [   1.858s] (4938/5357) hornvale-worldgen underworld_readout::tests::reachability_is_reported_and_equals_existence
        PASS [   1.459s] (4939/5357) hornvale-worldgen underworld_readout::tests::the_transect_walks_the_lattice_ceiling_rather_than_the_drawn_count
        PASS [   5.647s] (4940/5357) hornvale-worldgen tests::the_site_vector_is_wider_than_biome_and_sky
        PASS [   1.520s] (4941/5357) hornvale-worldgen underworld_readout::tests::the_witness_walks_drawn_entrances_and_sees_a_plural_one
        PASS [   1.651s] (4942/5357) hornvale-worldgen underworld_readout::tests::the_readout_witnesses_a_populated_underworld
        PASS [   1.297s] (4943/5357) hornvale-worldgen volcano::tests::a_globe_carries_both_eruption_styles
        PASS [   1.074s] (4944/5357) hornvale-worldgen volcano::tests::a_volcanos_name_is_stable_for_one_people
        PASS [  14.439s] (4945/5357) hornvale-worldgen tests::seed_9_generated_default_has_a_pole_star_line
        PASS [   0.011s] (4946/5357) hornvale-worldgen volcano::tests::the_volcano_key_spelling_is_pinned
        PASS [   1.175s] (4947/5357) hornvale-worldgen volcano::tests::distinct_volcanoes_carry_distinct_names_for_one_people
        PASS [   2.936s] (4948/5357) hornvale-worldgen underworld_readout::tests::the_readout_is_byte_identical_across_two_builds_of_one_seed
        PASS [  20.413s] (4949/5357) hornvale-worldgen tests::locked_and_spinning_biome_maps_reorganize_from_the_same_land
        PASS [   1.237s] (4950/5357) hornvale-worldgen volcano::tests::every_vertex_of_one_edifice_resolves_to_one_volcano
        PASS [   0.034s] (4951/5357) hornvale-worldgen::suite artifacts::astronomy_depth_produces_no_terrain_and_no_climate
        PASS [  15.446s] (4952/5357) hornvale-worldgen tests::seed_6_generated_default_has_a_figures_summary_line
        PASS [   1.081s] (4953/5357) hornvale-worldgen volcano::tests::one_volcano_carries_a_different_name_in_each_language
        PASS [   2.209s] (4954/5357) hornvale-worldgen volcano::tests::a_volcano_is_identical_across_independent_recomputations
        PASS [   1.110s] (4955/5357) hornvale-worldgen volcano::tests::volcano_identity_actually_depends_on_the_seed
        PASS [   1.145s] (4956/5357) hornvale-worldgen::gazetteer_naming seed_42_names_a_useful_number_of_features
        PASS [   0.011s] (4957/5357) hornvale-worldgen::suite axis_geometry::axis_distance_orders_the_affinity_ladder
        PASS [   0.012s] (4958/5357) hornvale-worldgen::suite axis_geometry::every_rated_biome_resolves_to_an_assigned_name
        PASS [   0.013s] (4959/5357) hornvale-worldgen::suite beholding_probe::a_dichromat_separates_red_from_green_less_than_a_trichromat_does
        PASS [   0.013s] (4960/5357) hornvale-worldgen::suite beholding_probe::each_arm_declares_its_own_projection_name_preserves_and_slot_ordered_norms
        PASS [   0.013s] (4961/5357) hornvale-worldgen::suite beholding_probe::species_with_distinct_night_vision_see_distinctly
        PASS [   0.011s] (4962/5357) hornvale-worldgen::suite beholding_probe::the_human_row_derives_exactly_the_standard_observer
        PASS [   0.011s] (4963/5357) hornvale-worldgen::suite beholding_probe::the_roster_names_resolve_and_an_unknown_one_does_not
        PASS [   1.258s] (4964/5357) hornvale-worldgen::gazetteer_naming seed_42_within_people_name_collisions
        PASS [   0.011s] (4965/5357) hornvale-worldgen::suite branch_character::a_character_only_occupies_its_declared_bands
        PASS [   0.019s] (4966/5357) hornvale-worldgen::suite branch_character::a_drow_tier_civilization_is_a_character_draw_not_a_band
        PASS [   0.023s] (4967/5357) hornvale-worldgen::suite branch_character::most_systems_have_one_branch_and_none_has_more_than_four
        PASS [   0.015s] (4968/5357) hornvale-worldgen::suite branch_character::one_branch_at_one_band_has_one_character_across_its_floors
        PASS [   0.013s] (4969/5357) hornvale-worldgen::suite branch_character::the_barrier_is_deterministic_and_keyed_on_the_branch
        PASS [   9.485s] (4970/5357) hornvale-worldgen tests::the_planet_is_the_world_root_fact_holder
        PASS [   1.748s] (4971/5357) hornvale-worldgen::gazetteer_naming seed_42_peoples_diverge_on_landform_names
        PASS [  11.156s] (4972/5357) hornvale-worldgen tests::terrain_pins_round_trip_through_the_ledger
        PASS [   1.116s] (4973/5357) hornvale-worldgen::suite artifacts::terrain_depth_produces_terrain_but_no_climate
        PASS [  19.234s] (4974/5357) hornvale-worldgen tests::planet_facts_are_deterministic
        PASS [   9.950s] (4975/5357) hornvale-worldgen tests::two_moon_pin_yields_first_and_second_moon_lines
        PASS [  10.096s] (4976/5357) hornvale-worldgen tests::water_lines_feed_the_almanac_context
        PASS [  20.081s] (4977/5357) hornvale-worldgen tests::seas_lines_report_a_coastal_current_and_are_empty_when_locked
        PASS [  11.497s] (4978/5357) hornvale-worldgen tests::two_places_can_have_different_skies_on_the_same_day
        SLOW [> 60.000s] (─────────) hornvale-vessel::suite underworld_level_generation::measure_flooded_cell_reachability_across_the_descent
        PASS [  21.784s] (4979/5357) hornvale-worldgen tests::rains_lines_report_both_sample_sites_and_are_present_on_a_spinning_world
        PASS [   7.873s] (4980/5357) hornvale-worldgen volcano::tests::an_edifices_source_is_itself_an_edifice
        PASS [  12.746s] (4981/5357) hornvale-worldgen tests::vestige_dread_is_deterministic_in_range_and_reads_higher_where_haunted
        PASS [   0.016s] (4982/5357) hornvale-worldgen::suite chorus_params::sky_capability_matches_the_authored_roster
        PASS [   0.012s] (4983/5357) hornvale-worldgen::suite color_naming::a_speaker_never_reaches_past_its_ladder_depth
        PASS [   0.012s] (4984/5357) hornvale-worldgen::suite color_naming::a_surface_that_does_move_between_noon_and_dusk
        PASS [   0.012s] (4985/5357) hornvale-worldgen::suite color_naming::every_hue_term_is_reachable_by_some_sample
        PASS [   0.012s] (4986/5357) hornvale-worldgen::suite color_naming::naming_is_deterministic_across_repeated_calls
        PASS [   0.015s] (4987/5357) hornvale-worldgen::suite color_naming::naming_is_invariant_under_uniform_illuminant_rescale
        PASS [   0.013s] (4988/5357) hornvale-worldgen::suite color_naming::the_outcrop_keeps_its_name_between_noon_and_dusk
        PASS [   0.015s] (4989/5357) hornvale-worldgen::suite color_naming::the_same_outcrop_is_named_differently_by_two_species
        PASS [  13.895s] (4990/5357) hornvale-worldgen tests::the_wild_never_mints_a_sea_creature
        PASS [  15.625s] (4991/5357) hornvale-worldgen tests::the_pantheon_reorganizes_between_spinning_and_locked
        PASS [  10.677s] (4992/5357) hornvale-worldgen vestige::tests::a_shallow_young_vertex_yields_no_prehuman_vestige
        PASS [  14.035s] (4993/5357) hornvale-worldgen tests::wanderer_lines_render_one_sentence_per_pinned_wanderer
        PASS [  13.429s] (4994/5357) hornvale-worldgen tests::wild_concentrations_are_deterministic_beasts
        PASS [   0.026s] (4995/5357) hornvale-worldgen::suite consonance_properties::expressibility_tracks_the_rung_honestly
        PASS [   0.023s] (4996/5357) hornvale-worldgen::suite consonance_properties::non_degeneracy_some_worlds_match_some_dont
        PASS [   0.026s] (4997/5357) hornvale-worldgen::suite consonance_properties::purity_same_inputs_same_output
        PASS [  11.164s] (4998/5357) hornvale-worldgen vestige::tests::vestiges_at_with_no_prehuman_layer_starts_with_people_only
        PASS [  12.784s] (4999/5357) hornvale-worldgen vestige::tests::a_deep_ancient_vertex_can_yield_a_prehuman_gate_scar
        PASS [  10.332s] (5000/5357) hornvale-worldgen::suite artifacts::full_depth_produces_both
        PASS [  10.811s] (5001/5357) hornvale-worldgen::suite artifacts::hoisted_terrain_equals_the_re_derived_terrain
        SLOW [> 60.000s] (─────────) hornvale-worldgen circuit::tests::no_two_stairways_share_a_coordinate_at_either_end
        PASS [  13.866s] (5002/5357) hornvale-worldgen vestige::tests::vestiges_field_matches_vestiges_at_per_vertex
        PASS [  11.096s] (5003/5357) hornvale-worldgen::suite artifacts::hoisted_terrain_equals_the_re_derived_terrain_under_pins
        SLOW [> 60.000s] (─────────) hornvale-worldgen circuit::tests::realms_are_the_mesh_count_and_every_level_is_inside_the_clip
        SLOW [> 60.000s] (─────────) hornvale-worldgen circuit_readout::tests::the_panel_is_deterministic_and_carries_every_verdict
        PASS [  10.854s] (5004/5357) hornvale-worldgen::suite chorus_params::goblin_params_derive_from_existing_state_only
        PASS [   0.035s] (5005/5357) hornvale-worldgen::suite deep_realm_chamber::a_cave_mouth_reaches_at_least_one_chamber
        PASS [   0.017s] (5006/5357) hornvale-worldgen::suite deep_realm_chamber::a_chamber_reports_both_its_rung_and_its_stratum
        PASS [   0.019s] (5007/5357) hornvale-worldgen::suite deep_realm_chamber::an_addresss_meaning_does_not_depend_on_which_other_chambers_exist
        PASS [   0.015s] (5008/5357) hornvale-worldgen::suite deep_realm_chamber::an_override_wins_over_the_derived_default
        PASS [   0.043s] (5009/5357) hornvale-worldgen::suite deep_realm_chamber::descending_from_a_runs_last_floor_lands_on_floor_zero_of_the_next_band
        PASS [   0.058s] (5010/5357) hornvale-worldgen::suite deep_realm_chamber::descending_from_an_earlier_floor_stays_in_the_band
        PASS [   0.029s] (5011/5357) hornvale-worldgen::suite deep_realm_chamber::every_non_surface_rungs_frozen_range_draws_at_least_one_floor
        PASS [  42.407s] (5012/5357) hornvale-worldgen tests::different_seeds_differ
        PASS [   0.015s] (5013/5357) hornvale-worldgen::suite deep_realm_chamber::every_passage_is_traversable_in_both_directions
        PASS [   0.038s] (5014/5357) hornvale-worldgen::suite deep_realm_chamber::every_passage_is_one_step_of_the_descent_sequence
        PASS [   0.019s] (5015/5357) hornvale-worldgen::suite deep_realm_chamber::every_realized_floor_descends_unless_it_ends_the_deepest_band
        PASS [   0.015s] (5016/5357) hornvale-worldgen::suite deep_realm_chamber::the_deepest_bands_last_floor_has_no_downward_neighbour
        PASS [   0.039s] (5017/5357) hornvale-worldgen::suite deep_realm_chamber::the_bands_index_and_the_reported_rung_are_the_same_ladder
        PASS [   0.019s] (5018/5357) hornvale-worldgen::suite deep_realm_chamber::the_lattice_is_fixed_and_existence_is_sparse
        PASS [   0.033s] (5019/5357) hornvale-worldgen::suite deep_realm_mutation::a_shallow_cave_has_a_shallow_graph
        PASS [  11.828s] (5020/5357) hornvale-worldgen::suite chorus_params::accounts_are_deterministic
        PASS [  11.663s] (5021/5357) hornvale-worldgen::suite chorus_params::hobgoblin_reads_rivals_where_goblin_reads_neighbors
        PASS [   0.026s] (5022/5357) hornvale-worldgen::suite defensibility_field::defensibility_is_deterministic_across_recomputation
        PASS [   0.022s] (5023/5357) hornvale-worldgen::suite defensibility_field::defensibility_rises_strictly_as_the_route_gets_dearer
        PASS [   0.016s] (5024/5357) hornvale-worldgen::suite defensibility_field::parallel_edges_resolve_by_maximum_conductance
        PASS [   1.278s] (5025/5357) hornvale-worldgen::suite deep_realm_mutation::the_pipeline_hands_chamber_exists_the_budget_terrain_actually_authored
        PASS [   0.014s] (5026/5357) hornvale-worldgen::suite defensibility_field::the_bounds_are_approached_and_never_attained
        PASS [   0.015s] (5027/5357) hornvale-worldgen::suite defensibility_field::the_median_approach_is_exactly_neutral
        PASS [   0.013s] (5028/5357) hornvale-worldgen::suite defensibility_field::weakest_point_defensibility_ignores_a_parallel_easier_route_between_the_same_pair
        PASS [   0.011s] (5029/5357) hornvale-worldgen::suite defensibility_field::weakest_point_defensibility_is_def_max_with_no_traversable_approach
        PASS [   0.015s] (5030/5357) hornvale-worldgen::suite defensibility_field::weakest_point_defensibility_is_the_minimum_over_distinct_approaches
        PASS [   9.790s] (5031/5357) hornvale-worldgen::suite confluence::settlement_count_stays_in_the_sane_band_after_the_freshwater_repoint
        SLOW [>120.000s] (─────────) hornvale-vessel::suite the_kerf::the_kerf_seed_17_walk_is_deterministic_with_its_floors
        PASS [  11.941s] (5032/5357) hornvale-worldgen::suite confluence::k_biomass_gradient_grounding_holds_after_the_freshwater_repoint
        PASS [   0.010s] (5033/5357) hornvale-worldgen::suite delver_bind_audit::elevation_binds_everywhere_when_its_devotion_is_below_the_sovereignty_floor
        PASS [   0.020s] (5034/5357) hornvale-worldgen::suite delver_readout::p5_generation_length_reads_the_paced_schedule
        PASS [   0.015s] (5035/5357) hornvale-worldgen::suite delver_readout::p5_the_cascade_regime_reads_the_paced_schedule
        PASS [   0.013s] (5036/5357) hornvale-worldgen::suite delver_readout::the_dwarf_floors_are_what_the_roster_was_authored_against
        PASS [   0.012s] (5037/5357) hornvale-worldgen::suite demesne::different_uptake_vectors_peak_in_different_vertices
        PASS [   0.013s] (5038/5357) hornvale-worldgen::suite demesne::forage_supply_is_a_fraction_of_base_carrying_and_deterministic
        PASS [  10.683s] (5039/5357) hornvale-worldgen::suite confluence::settlements_condense_near_rivers_emergently
        PASS [  12.796s] (5040/5357) hornvale-worldgen::suite chorus_params::pathological_pole_exercises_loss_and_collision
        PASS [  12.353s] (5041/5357) hornvale-worldgen::suite confluence::k_spikes_near_rivers_on_seed_42
        PASS [  13.514s] (5042/5357) hornvale-worldgen::suite chorus_params::kobold_keeps_the_moons_goblin_loses
        PASS [  18.717s] (5043/5357) hornvale-worldgen::suite artifacts::the_wrapper_world_is_unchanged
        PASS [  11.318s] (5044/5357) hornvale-worldgen::suite deep_grammar::day_schema_from_matches_the_explained_entry
        PASS [   4.750s] (5045/5357) hornvale-worldgen::suite deep_realm_rehome::rust_monster_live_path_reproduces_c2as_subterranean_asymmetry
        PASS [  23.171s] (5046/5357) hornvale-worldgen vestige::tests::vestiges_at_orders_prehuman_first_then_people_and_is_deterministic
        PASS [  12.257s] (5047/5357) hornvale-worldgen::suite consonance_properties::witnessed_access_and_explanation_hold_over_a_real_world
        PASS [  19.720s] (5048/5357) hornvale-worldgen::suite beta_calibration_freeze::beta_yields_realistic_coexistence
        PASS [   5.131s] (5049/5357) hornvale-worldgen::suite deep_realm_rehome::xorn_live_path_no_longer_reproduces_c2as_flat_ratio
        PASS [   1.066s] (5050/5357) hornvale-worldgen::suite depth::astronomy_depth_is_a_prefix_of_terrain_depth
        PASS [   9.949s] (5051/5357) hornvale-worldgen::suite deep_grammar::morphology_is_deterministic
        SLOW [> 60.000s] (─────────) hornvale-worldgen plat_readout::tests::the_section_speaks_in_the_specs_frozen_words
        PASS [ 126.096s] (5052/5357) hornvale-vessel::suite the_kerf::the_kerf_seed_17_walk_is_deterministic_with_its_floors
        PASS [  20.162s] (5053/5357) hornvale-worldgen::suite confluence::seed_42_is_byte_identical_across_two_builds_after_the_confluence
        PASS [  10.051s] (5054/5357) hornvale-worldgen::suite depth::a_shallow_request_hands_the_same_artifacts_at_the_rungs_it_does_reach
        PASS [  11.878s] (5055/5357) hornvale-worldgen::suite demesne::k_biomass_gradient_grounding_is_unaffected_by_the_vector_supply
        PASS [  11.806s] (5056/5357) hornvale-worldgen::suite demesne::mineral_supply_tracks_prospectivity_spatially
        PASS [   0.026s] (5057/5357) hornvale-worldgen::suite descent_graph::a_people_outside_the_canonical_roster_still_gets_distinct_founders
        PASS [   9.982s] (5058/5357) hornvale-worldgen::suite depth::the_observer_fires_once_per_rung_in_ladder_order
        PASS [   0.025s] (5059/5357) hornvale-worldgen::suite descent_graph::forebear_of_is_none_when_the_generation_length_cannot_be_derived
        PASS [  10.031s] (5060/5357) hornvale-worldgen::suite depth::the_observer_hands_each_rung_exactly_the_artifacts_that_rung_built
        PASS [  10.925s] (5061/5357) hornvale-worldgen::suite depth::terrain_depth_is_a_prefix_of_full
        PASS [  12.746s] (5062/5357) hornvale-worldgen::suite demesne::no_species_draws_carrying_capacity_from_the_wrong_medium
        PASS [  13.268s] (5063/5357) hornvale-worldgen::suite demesne::settlements_and_dominants_diversify_on_seed_42
        PASS [ 115.790s] (5064/5357) hornvale-vessel::suite the_rack::the_chart_marks_a_creature_where_it_now_stands_not_where_it_lives
        PASS [  54.113s] (5065/5357) hornvale-worldgen tests::locked_rotation_changes_the_flagship_cascade
        SLOW [>180.000s] (─────────) hornvale-vessel::suite resident_folds::the_hazard_folds_integration_does_not_grow_with_the_tick_index
        PASS [  10.737s] (5066/5357) hornvale-worldgen::suite depth::the_observer_reports_only_the_rungs_a_shallow_request_reaches
        PASS [  10.211s] (5067/5357) hornvale-worldgen::suite descent_graph::a_founders_handle_does_not_depend_on_how_the_community_ended
        PASS [  92.325s] (5068/5357) hornvale-vessel::suite underworld_level_generation::measure_flooded_cell_reachability_across_the_descent
        PASS [  43.146s] (5069/5357) hornvale-worldgen tests::zero_forcing_world_has_no_glacial_history
        PASS [   9.807s] (5070/5357) hornvale-worldgen::suite descent_graph::a_genesis_occupation_is_its_own_clan_root_and_has_no_forebear
        PASS [  19.587s] (5071/5357) hornvale-worldgen::suite depth::an_observed_build_is_byte_identical_to_an_unobserved_one
        PASS [   0.012s] (5072/5357) hornvale-worldgen::suite dissolve_equivalence::assemble_holds_every_kind_and_passes_integrity
        PASS [   0.012s] (5073/5357) hornvale-worldgen::suite dissolve_equivalence::every_multi_member_family_has_a_proto
        PASS [   0.012s] (5074/5357) hornvale-worldgen::suite dissolve_equivalence::language_speech_registries_cover_exactly_the_peopled_kinds
        PASS [  19.585s] (5075/5357) hornvale-worldgen::suite depth::full_depth_is_byte_identical_to_the_ordinary_full_build
        PASS [  19.581s] (5076/5357) hornvale-worldgen::suite depth::settlements_depth_is_a_prefix_of_full
        PASS [  30.215s] (5077/5357) hornvale-worldgen::suite deep_grammar::depth_landscape_measured
        PASS [   0.173s] (5078/5357) hornvale-worldgen::suite doctrine::synthetic_folk_flagship_gates_doctrine_to_none
        PASS [   9.891s] (5079/5357) hornvale-worldgen::suite descent_graph::a_long_lived_people_founds_by_siblings_where_a_short_lived_one_founds_by_descendants
        PASS [   9.805s] (5080/5357) hornvale-worldgen::suite descent_graph::every_occupation_has_a_founder_and_the_handle_is_stable
        PASS [  21.907s] (5081/5357) hornvale-worldgen::suite demesne::seed_42_is_byte_identical_across_two_builds_after_the_demesne
        PASS [   0.016s] (5082/5357) hornvale-worldgen::suite drift_reach_probe::every_frozen_arm_is_reachable_and_no_gap_is_rounded_into_a_passing_arm
        PASS [  30.624s] (5083/5357) hornvale-worldgen::suite deep_grammar::every_placed_people_assembles_its_drawn_paradigm
        PASS [   0.026s] (5084/5357) hornvale-worldgen::suite era_substrate::eustatic_change_never_raises_sea_level
        PASS [   9.814s] (5085/5357) hornvale-worldgen::suite descent_graph::generation_length_is_resolved_per_species_and_differs_across_the_roster
        PASS [   9.779s] (5086/5357) hornvale-worldgen::suite descent_graph::generation_length_of_is_none_for_a_species_outside_the_roster
        PASS [   9.900s] (5087/5357) hornvale-worldgen::suite descent_graph::some_edges_resolve_to_siblings_and_some_to_ancestors
        PASS [   0.011s] (5088/5357) hornvale-worldgen::suite explanations::beta_matches_the_preregistered_roster
        PASS [  30.473s] (5089/5357) hornvale-worldgen::suite deep_grammar::every_placed_people_draws_a_full_pronoun_inventory
        PASS [ 187.488s] (5090/5357) hornvale-vessel::suite resident_folds::the_hazard_folds_integration_does_not_grow_with_the_tick_index
        PASS [  20.941s] (5091/5357) hornvale-worldgen::suite depth::the_ladder_is_monotone
        PASS [  10.947s] (5092/5357) hornvale-worldgen::suite descent_graph::founder_handles_are_free_of_the_entity_id
        PASS [   9.885s] (5093/5357) hornvale-worldgen::suite descent_graph::the_clan_walk_terminates_for_every_occupation
        PASS [  10.030s] (5094/5357) hornvale-worldgen::suite descent_graph::two_different_occupations_have_two_different_founders
        PASS [   1.348s] (5095/5357) hornvale-worldgen::suite exposure::a_dragon_perceives_with_its_own_eyes_not_the_goblins
        PASS [   1.515s] (5096/5357) hornvale-worldgen::suite exposure::a_dragon_observes_phenomena_with_its_own_eyes
        PASS [  28.108s] (5097/5357) hornvale-worldgen::suite delve_depth::an_occupation_that_is_not_a_working_never_delves
        PASS [  28.439s] (5098/5357) hornvale-worldgen::suite delve_depth::a_mine_has_a_nonzero_delve_depth
        PASS [   1.324s] (5099/5357) hornvale-worldgen::suite exposure::a_kind_without_perception_fails_loudly_instead_of_borrowing_goblin_eyes
        PASS [   1.325s] (5100/5357) hornvale-worldgen::suite exposure::a_kind_without_perception_fails_loudly_when_observing_phenomena_too
        PASS [  12.031s] (5101/5357) hornvale-worldgen::suite diachronic::a_crisis_has_a_predicted_and_an_actual_day_and_its_culture_holds_a_doctrine
        PASS [   1.306s] (5102/5357) hornvale-worldgen::suite exposure::a_species_outside_the_component_set_is_an_error_not_a_panic
        PASS [  28.571s] (5103/5357) hornvale-worldgen::suite delve_depth::delve_depth_survives_a_save_load_round_trip
        PASS [   1.495s] (5104/5357) hornvale-worldgen::suite exposure::every_people_compounds_the_intercardinals_and_roots_the_cardinals
        PASS [   1.393s] (5105/5357) hornvale-worldgen::suite exposure::every_unknown_entrys_reason_is_non_empty
        PASS [   1.568s] (5106/5357) hornvale-worldgen::suite exposure::exposure_from_is_pure_across_two_calls
        PASS [  13.481s] (5107/5357) hornvale-worldgen::suite diachronic::diachronic_is_deterministic
        PASS [   1.452s] (5108/5357) hornvale-worldgen::suite exposure::felt_state_exposure_derives_from_mind_vector_and_differs_by_species
        PASS [   0.025s] (5109/5357) hornvale-worldgen::suite exposure::human_is_the_hue_ladders_deepest_witness
        PASS [   1.840s] (5110/5357) hornvale-worldgen::suite exposure::extradiegetic_concepts_never_reach_the_proto_root_universe
        PASS [   1.386s] (5111/5357) hornvale-worldgen::suite exposure::goblin_lexicon_has_a_root_for_water_the_universal_concept
        PASS [   1.421s] (5112/5357) hornvale-worldgen::suite exposure::kobold_blue_is_a_perceptual_gap_and_goblin_blue_is_not
        PASS [   0.029s] (5113/5357) hornvale-worldgen::suite exposure::no_other_domain_claims_an_extradiegetic_concept_name
        PASS [   0.024s] (5114/5357) hornvale-worldgen::suite exposure::pack_depths_at_the_draconic_clade_value_opens_exactly_dark_light_red
        PASS [   1.849s] (5115/5357) hornvale-worldgen::suite exposure::lexicon_from_in_over_the_canonical_set_equals_lexicon_from
        PASS [   2.270s] (5116/5357) hornvale-worldgen::suite exposure::hill_partition_is_total_and_discriminating_at_seed_42
        PASS [  11.343s] (5117/5357) hornvale-worldgen::suite doctrine::doctrine_is_deterministic
        PASS [   0.063s] (5118/5357) hornvale-worldgen::suite exposure::the_bearing_exposure_check_runs_over_a_real_roster
        PASS [  11.922s] (5119/5357) hornvale-worldgen::suite diachronic::the_witness_law
        PASS [  10.975s] (5120/5357) hornvale-worldgen::suite doctrine::the_selection_bias_law_field_by_field
        PASS [  11.132s] (5121/5357) hornvale-worldgen::suite doctrine::the_high_god_takes_the_day_where_compatible
        PASS [   0.109s] (5122/5357) hornvale-worldgen::suite fixture::the_fixture_is_a_real_world
        PASS [  11.434s] (5123/5357) hornvale-worldgen::suite doctrine::doctrine_voices_never_enter_the_dial_roster
        PASS [   2.429s] (5124/5357) hornvale-worldgen::suite exposure::marsh_partition_is_total_and_discriminating_at_seed_42
        PASS [   6.868s] (5125/5357) hornvale-worldgen::suite exposure::an_unplaced_species_gets_a_gap_for_every_toponymic_terrain_concept
        SLOW [>360.000s] (─────────) hornvale-lab::suite reticence_calibration::h4_does_the_prior_move_observable_testimony_at_all
        PASS [   7.077s] (5126/5357) hornvale-worldgen::suite exposure::an_unplaced_species_still_gets_a_total_reasoned_exposure_map
        PASS [   0.020s] (5127/5357) hornvale-worldgen::suite graph_derive::a_land_route_links_the_pass_connected_settlements
        PASS [   0.023s] (5128/5357) hornvale-worldgen::suite graph_derive::a_shelf_joins_two_uplands_only_at_the_glacial_low_stand
        PASS [   0.017s] (5129/5357) hornvale-worldgen::suite graph_derive::a_water_route_links_the_two_coasts
        PASS [   0.023s] (5130/5357) hornvale-worldgen::suite graph_derive::land_route_attempts_are_bounded_on_the_fixture
        PASS [   0.020s] (5131/5357) hornvale-worldgen::suite graph_derive::no_land_route_crosses_the_peak
        PASS [   0.020s] (5132/5357) hornvale-worldgen::suite graph_derive::the_graph_is_deterministic_across_rebuilds
        PASS [  12.390s] (5133/5357) hornvale-worldgen::suite doctrine::doctrine_keeps_what_folk_lose
        PASS [   0.023s] (5134/5357) hornvale-worldgen::suite history_bake::a_hostile_vertex_in_a_full_world_starves_instead_of_cascading
        PASS [   0.028s] (5135/5357) hornvale-worldgen::suite history_bake::a_strong_community_raids_a_weaker_richer_neighbour_with_land_to_spare
        PASS [   0.040s] (5136/5357) hornvale-worldgen::suite history_bake::a_strong_community_subordinates_a_productive_neighbour_it_would_not_evict
        PASS [   0.174s] (5137/5357) hornvale-worldgen::suite history_bake::a_displaced_people_rolls_downhill_and_the_cascade_is_recorded
        PASS [   0.077s] (5138/5357) hornvale-worldgen::suite history_bake::different_seeds_diverge
        PASS [   0.032s] (5139/5357) hornvale-worldgen::suite history_bake::ocean_sunders_and_a_lane_leapfrogs
        PASS [   0.071s] (5140/5357) hornvale-worldgen::suite history_bake::same_seed_bakes_byte_identical_history
        PASS [   0.039s] (5141/5357) hornvale-worldgen::suite history_bake::the_workload_fires_climate_displacement_at_volume_without_conflict
        PASS [   0.023s] (5142/5357) hornvale-worldgen::suite history_bake::tribute_flows_along_a_standing_relation
        SLOW [> 60.000s] (─────────) hornvale-worldgen tests::toponymic_shape_is_per_culture_not_one_world_wide_distribution
        PASS [   2.389s] (5143/5357) hornvale-worldgen::suite exposure::spring_partition_is_total_and_discriminating_at_seed_42
        PASS [   2.321s] (5144/5357) hornvale-worldgen::suite exposure::toponymic_terrain_concepts_resolve_to_a_word_or_a_reasoned_gap
        PASS [   0.012s] (5145/5357) hornvale-worldgen::suite history_emit::a_standing_tribute_relation_is_committed_as_a_dated_entity_fact
        PASS [   2.367s] (5146/5357) hornvale-worldgen::suite exposure::valley_partition_is_total_and_discriminating_at_seed_42
        PASS [   0.012s] (5147/5357) hornvale-worldgen::suite history_emit::emit_is_deterministic
        PASS [   0.012s] (5148/5357) hornvale-worldgen::suite history_emit::end_of_life_facts_are_day_stamped_at_ended_not_founded
        PASS [   0.035s] (5149/5357) hornvale-worldgen::suite history_emit::founded_from_and_ended_by_resolve_to_the_right_entities
        PASS [   0.028s] (5150/5357) hornvale-worldgen::suite history_emit::occupation_records_round_trip_every_committed_field
        PASS [   0.020s] (5151/5357) hornvale-worldgen::suite history_emit::present_frame_crosses_the_bake_year_by_days_per_year
        PASS [   0.027s] (5152/5357) hornvale-worldgen::suite history_emit::same_day_layers_order_by_material_facts_not_mint_order
        PASS [   0.024s] (5153/5357) hornvale-worldgen::suite history_emit::territories_group_alive_occupations_by_people
        PASS [  12.447s] (5154/5357) hornvale-worldgen::suite era_substrate::a_glacial_era_moves_temperature_and_the_shoreline
        PASS [   0.024s] (5155/5357) hornvale-worldgen::suite history_emit::the_deep_past_is_queryable_not_replayed
        PASS [   0.013s] (5156/5357) hornvale-worldgen::suite history_emit::the_present_fallback_reads_back_in_years_too
        PASS [   0.021s] (5157/5357) hornvale-worldgen::suite history_emit::the_present_is_the_live_occupations
        PASS [  12.398s] (5158/5357) hornvale-worldgen::suite explanations::moons_explained_only_where_kept
        PASS [  12.103s] (5159/5357) hornvale-worldgen::suite explanations::the_day_binds_by_period_match_never_identity
        PASS [  12.525s] (5160/5357) hornvale-worldgen::suite explanations::explanations_are_deterministic
        PASS [   1.789s] (5161/5357) hornvale-worldgen::suite history_bake::concealment_moves_what_a_patron_collects_and_under_the_setpoint_it_moves_it_down
        PASS [ 102.506s] (5162/5357) hornvale-worldgen circuit_readout::tests::the_panel_is_deterministic_and_carries_every_verdict
        PASS [   6.560s] (5163/5357) hornvale-worldgen::suite exposure::river_exposure_tracks_real_proximity
        PASS [  12.362s] (5164/5357) hornvale-worldgen::suite exposure::each_placed_species_holds_a_root_for_every_placed_species_kind
        PASS [   9.384s] (5165/5357) hornvale-worldgen::suite founder_collision::a_dropped_founder_is_not_backfilled
        SLOW [> 60.000s] (─────────) hornvale-worldgen::suite breach::a_breach_names_nothing_that_came_through
        PASS [  10.114s] (5166/5357) hornvale-worldgen::suite fixture::the_fixture_equals_a_live_build
        SLOW [> 60.000s] (─────────) hornvale-worldgen::suite breach::a_breach_survives_a_save_load_round_trip
        SLOW [> 60.000s] (─────────) hornvale-worldgen::suite breach::a_later_culture_reads_all_three_states_of_a_breach
        SLOW [> 60.000s] (─────────) hornvale-worldgen::suite breach::a_working_can_break_through
        SLOW [> 60.000s] (─────────) hornvale-worldgen::suite breach::breaching_is_a_hazard_not_a_certainty
        PASS [  10.445s] (5167/5357) hornvale-worldgen::suite founder_collision::a_colliding_seed_builds_to_full_depth_instead_of_panicking
        SLOW [> 60.000s] (─────────) hornvale-worldgen::suite breach::nothing_but_a_working_ever_breaches
        PASS [   9.887s] (5168/5357) hornvale-worldgen::suite history_byte_identity::history_now_is_committed_and_matches_the_bake_end_year
        PASS [   0.011s] (5169/5357) hornvale-worldgen::suite history_tithe::spearman_reads_known_orderings
        SLOW [> 60.000s] (─────────) hornvale-worldgen::suite breach::the_almanac_names_a_breach_only_where_one_happened
        PASS [  23.362s] (5170/5357) hornvale-worldgen::suite doctrine::the_soc1_gate_is_the_flagship_cult_form
        PASS [   9.635s] (5171/5357) hornvale-worldgen::suite history_gates::stratigraphy_emerged
        PASS [   9.163s] (5172/5357) hornvale-worldgen::suite history_placement::history_is_the_sole_settlement_provider
        PASS [  10.267s] (5173/5357) hornvale-worldgen::suite history_placement::emergent_settlement_count_stays_in_the_sane_band
        PASS [  10.782s] (5174/5357) hornvale-worldgen::suite history_gates::territories_are_separated
        PASS [  13.535s] (5175/5357) hornvale-worldgen::suite graph_byte_identity::connection_graph_is_derived_not_committed
        PASS [   9.818s] (5176/5357) hornvale-worldgen::suite history_sundering::the_map_is_not_depopulated
        PASS [  27.351s] (5177/5357) hornvale-worldgen::suite era_substrate::present_era_capacity_is_bit_identical_to_the_unparameterised_field
        PASS [   7.900s] (5178/5357) hornvale-worldgen::suite history_tithe::every_standing_relation_names_two_living_communities
        PASS [   8.393s] (5179/5357) hornvale-worldgen::suite history_tithe::extraction_does_not_depopulate_the_map
        PASS [  18.540s] (5180/5357) hornvale-worldgen::suite graph_byte_identity::connection_graph_is_byte_identical_across_two_derivations
        PASS [  77.295s] (5181/5357) hornvale-worldgen tests::toponymic_shape_is_per_culture_not_one_world_wide_distribution
        PASS [   8.558s] (5182/5357) hornvale-worldgen::suite history_tithe::no_emitted_tribute_fact_predates_either_party
        PASS [  13.885s] (5183/5357) hornvale-worldgen::suite history_sundering::isolation_predicts_divergence
        PASS [  17.289s] (5184/5357) hornvale-worldgen::suite history_gates::migration_events_counts_climate_displacement_only
        PASS [   0.017s] (5185/5357) hornvale-worldgen::suite hollow_readout::the_restated_h2_rejects_a_collapsed_and_a_two_valued_depth
        PASS [   0.014s] (5186/5357) hornvale-worldgen::suite hollow_readout::the_retired_h2_estimator_is_satisfied_by_its_own_generator
        PASS [   8.522s] (5187/5357) hornvale-worldgen::suite history_tithe::subordination_fires_at_volume
        SLOW [>120.000s] (─────────) hornvale-worldgen circuit::tests::no_two_stairways_share_a_coordinate_at_either_end
        SLOW [> 60.000s] (─────────) hornvale-worldgen::suite deep_grammar::the_coherence_law
        SLOW [>120.000s] (─────────) hornvale-worldgen circuit::tests::realms_are_the_mesh_count_and_every_level_is_inside_the_clip
        PASS [  18.903s] (5188/5357) hornvale-worldgen::suite history_byte_identity::history_skeleton_is_byte_identical_across_two_builds
        PASS [   8.325s] (5189/5357) hornvale-worldgen::suite history_tithe::the_structure_accumulates_without_starving_its_holder
        PASS [   1.261s] (5190/5357) hornvale-worldgen::suite junctions::a_junction_is_the_derivation_rule_and_nothing_else
        PASS [   1.349s] (5191/5357) hornvale-worldgen::suite junctions::a_junction_never_crosses_a_band
        PASS [   1.337s] (5192/5357) hornvale-worldgen::suite junctions::a_junction_past_the_ladder_is_empty
        PASS [   8.386s] (5193/5357) hornvale-worldgen::suite history_tumult::conflict_fires_at_volume
        PASS [   1.103s] (5194/5357) hornvale-worldgen::suite junctions::the_character_gate_actually_binds
        PASS [   1.295s] (5195/5357) hornvale-worldgen::suite junctions::nowhere_has_no_junctions
        PASS [   1.350s] (5196/5357) hornvale-worldgen::suite junctions::junctions_are_symmetric
        PASS [   1.228s] (5197/5357) hornvale-worldgen::suite junctions::the_projection_ignores_level
        PASS [   1.423s] (5198/5357) hornvale-worldgen::suite junctions::the_projection_is_scoped_to_the_branch
        PASS [  10.410s] (5199/5357) hornvale-worldgen::suite history_units::a_founding_fact_is_stamped_on_the_day_it_records
        PASS [  10.210s] (5200/5357) hornvale-worldgen::suite history_units::a_promoted_founder_can_die
        PASS [  37.871s] (5201/5357) hornvale-worldgen::suite diachronic::observations_at_day_zero_are_empty
        PASS [  11.349s] (5202/5357) hornvale-worldgen::suite history_units::a_founder_is_founded_the_same_day_as_their_community
        PASS [   0.022s] (5203/5357) hornvale-worldgen::suite lantern_probe::probe_do_the_lights_differ
        PASS [   0.016s] (5204/5357) hornvale-worldgen::suite lantern_probe::probe_does_night_vision_cash_out_in_the_dark
        PASS [  38.995s] (5205/5357) hornvale-worldgen::suite diachronic::the_accumulation_law
        PASS [  65.636s] (5206/5357) hornvale-worldgen::suite deep_grammar::the_coherence_law
        PASS [  10.558s] (5207/5357) hornvale-worldgen::suite history_units::no_founder_is_an_impossible_number_of_generations_removed
        PASS [  10.314s] (5208/5357) hornvale-worldgen::suite history_units::the_committed_present_is_a_span_of_days_not_years
        PASS [  10.697s] (5209/5357) hornvale-worldgen::suite history_units::reading_a_founding_back_out_of_the_ledger_is_lossless
        PASS [   0.017s] (5210/5357) hornvale-worldgen::suite name_pattern::an_insular_people_carries_fewer_elements_than_an_expansive_one
        PASS [   0.012s] (5211/5357) hornvale-worldgen::suite name_pattern::deeds_legitimate_in_a_communal_people
        PASS [   0.030s] (5212/5357) hornvale-worldgen::suite name_pattern::descent_legitimates_in_a_hierarchic_people
        PASS [   0.033s] (5213/5357) hornvale-worldgen::suite name_pattern::every_pattern_opens_with_a_given_name
        PASS [   9.238s] (5214/5357) hornvale-worldgen::suite history_units::the_two_disposition_paths_agree_on_a_real_world
        PASS [   0.017s] (5215/5357) hornvale-worldgen::suite name_pattern::knowledge_status_cites_the_mentor_not_the_parent
        PASS [   0.015s] (5216/5357) hornvale-worldgen::suite name_pattern::the_midpoint_radius_keeps_the_sociality_citation_exactly
        PASS [   0.012s] (5217/5357) hornvale-worldgen::suite name_pattern::the_roster_produces_at_least_three_distinct_signatures
        PASS [   0.012s] (5218/5357) hornvale-worldgen::suite name_pattern::the_three_radius_bands_differ_only_in_their_tail
        PASS [   0.016s] (5219/5357) hornvale-worldgen::suite niche_breadth_probe::mirrored_viability_thresholds_are_self_consistent
        PASS [  10.117s] (5220/5357) hornvale-worldgen::suite history_units::the_present_reads_back_as_the_bake_year_it_was_committed_from
        PASS [  38.216s] (5221/5357) hornvale-worldgen::suite explanations::schema_competition_is_real_across_the_roster
        PASS [  17.504s] (5222/5357) hornvale-worldgen::suite history_tumult::cascades_do_not_depopulate_the_world
        PASS [   1.373s] (5223/5357) hornvale-worldgen::suite portolan_resolution::seed_42_index_order_is_independent_of_build_input_order
        SLOW [>120.000s] (─────────) hornvale-worldgen plat_readout::tests::the_section_speaks_in_the_specs_frozen_words
        PASS [  10.089s] (5224/5357) hornvale-worldgen::suite kinship_facts::a_direct_forebear_ancestor_1_yields_a_parent_of_fact_with_the_forebear_as_subject
        PASS [   0.017s] (5225/5357) hornvale-worldgen::suite promoted_forebear_yield::positive_control_a_capped_people_yields_near_zero
        PASS [   0.020s] (5226/5357) hornvale-worldgen::suite proto_goblinoid_golden::both_snapshots_are_non_empty_and_reference_a_shared_seed
        PASS [   0.039s] (5227/5357) hornvale-worldgen::suite proto_goblinoid_golden::proto_goblinoid_inventory_matches_the_committed_snapshot
        PASS [   0.043s] (5228/5357) hornvale-worldgen::suite proto_goblinoid_golden::proto_goblinoid_root_table_matches_the_committed_snapshot
        PASS [   0.036s] (5229/5357) hornvale-worldgen::suite radiation_admission::drow_alone_is_subterranean
        PASS [   0.034s] (5230/5357) hornvale-worldgen::suite radiation_admission::drows_elevation_curve_is_woods_and_says_nothing_about_depth
        PASS [   0.030s] (5231/5357) hornvale-worldgen::suite radiation_admission::every_elf_carries_the_full_peopled_cluster
        PASS [   0.027s] (5232/5357) hornvale-worldgen::suite radiation_admission::every_elf_clears_the_affinity_precondition
        PASS [   0.025s] (5233/5357) hornvale-worldgen::suite radiation_admission::every_elf_diverges_from_the_proto_and_from_its_siblings
        PASS [   0.017s] (5234/5357) hornvale-worldgen::suite radiation_admission::the_sea_elf_draws_on_the_marine_supply_axis
        PASS [   0.015s] (5235/5357) hornvale-worldgen::suite radiation_admission::wood_and_high_differ_in_mind_and_not_in_body
        PASS [   0.025s] (5236/5357) hornvale-worldgen::suite radiation_affinity::all_six_elves_carry_an_affinity_row
        PASS [   0.032s] (5237/5357) hornvale-worldgen::suite radiation_affinity::drows_affinity_is_wood_elfs
        PASS [   0.026s] (5238/5357) hornvale-worldgen::suite radiation_affinity::every_row_is_the_ladder_mapped_through_the_kinds_sovereignty_floor
        PASS [   0.023s] (5239/5357) hornvale-worldgen::suite radiation_affinity::high_elfs_affinity_is_wood_elfs
        PASS [   0.024s] (5240/5357) hornvale-worldgen::suite radiation_affinity::the_sea_elf_is_confined_to_the_shelf_band
        PASS [   0.015s] (5241/5357) hornvale-worldgen::suite radiation_readout::every_elf_has_a_proper_nonempty_stronghold_set
        PASS [   0.032s] (5242/5357) hornvale-worldgen::suite radiation_readout::the_arms_differ_from_the_shipped_roster_in_exactly_the_row_they_name
        PASS [   0.028s] (5243/5357) hornvale-worldgen::suite radiation_readout::the_two_p2_rosters_partition_the_family_exactly_once
        PASS [  42.182s] (5244/5357) hornvale-worldgen::suite era_substrate::present_era_substrate_is_bit_identical_to_the_unparameterised_field
        PASS [  10.258s] (5245/5357) hornvale-worldgen::suite kinship_facts::a_forebear_with_more_than_one_descendant_carries_more_than_one_fact_without_contradiction
        PASS [  10.125s] (5246/5357) hornvale-worldgen::suite kinship_facts::a_root_founder_appears_as_no_ones_object
        PASS [  10.128s] (5247/5357) hornvale-worldgen::suite kinship_facts::a_sibling_edge_renders_as_kin_of_never_as_parent_of
        PASS [   0.016s] (5248/5357) hornvale-worldgen::suite range_readout::every_authored_affinity_row_is_well_formed
        PASS [   0.027s] (5249/5357) hornvale-worldgen::suite range_readout::every_occupant_has_climate_curves_the_minimum_currently_discards
        PASS [  10.417s] (5250/5357) hornvale-worldgen::suite kinship_facts::a_kinship_facts_day_is_the_descendants_founding_day_not_the_forebears
        PASS [  42.728s] (5251/5357) hornvale-worldgen::suite era_substrate::ocean_is_never_settleable_at_any_era
        PASS [   9.968s] (5252/5357) hornvale-worldgen::suite kinship_facts::an_ancestor_more_than_one_generation_removed_renders_as_kin_of_never_as_parent_of
        PASS [   0.030s] (5253/5357) hornvale-worldgen::suite repose_exposure::the_siting_path_does_not_read_soil
        PASS [   2.934s] (5254/5357) hornvale-worldgen::suite portolan_resolution::seed_42_resolution_is_stable_across_an_independent_rebuild
        PASS [   0.420s] (5255/5357) hornvale-worldgen::suite repose_laws::drawn_eruption_sizes_recover_the_authored_vei_law
        PASS [  31.889s] (5256/5357) hornvale-worldgen::suite history_emit::the_material_fourth_key_barely_moves_the_stratigraphy
        PASS [   9.902s] (5257/5357) hornvale-worldgen::suite kinship_facts::person_facts_are_unperturbed_relative_to_the_pre_task_baseline
        PASS [   1.681s] (5258/5357) hornvale-worldgen::suite repose_laws::a_sub_window_query_returns_exactly_the_enclosing_windows_events
        PASS [   1.019s] (5259/5357) hornvale-worldgen::suite repose_laws::drawn_magnitudes_recover_the_authored_gutenberg_richter_b_value
        PASS [  10.411s] (5260/5357) hornvale-worldgen::suite kinship_facts::an_unpromoted_forebear_yields_no_fact_naming_the_descendant
        PASS [   1.893s] (5261/5357) hornvale-worldgen::suite repose_laws::inter_event_times_recover_the_authored_recurrence
        PASS [  35.197s] (5262/5357) hornvale-worldgen::suite history_emit::distinct_layers_tie_only_on_genuine_material_matches
        PASS [  10.304s] (5263/5357) hornvale-worldgen::suite person_promotion::every_person_is_born_before_they_die_and_after_their_community
        PASS [   0.020s] (5264/5357) hornvale-worldgen::suite species_worlds::minting_validates_the_kind_against_the_union_roster
        PASS [  10.447s] (5265/5357) hornvale-worldgen::suite profile::profiled_records_the_nine_stages
        PASS [   0.012s] (5266/5357) hornvale-worldgen::suite stope_variety_probe::a_tie_for_the_modal_branch_count_is_not_rounded_into_the_passing_arm
        PASS [   2.879s] (5267/5357) hornvale-worldgen::suite subterranean_energy_probe::every_field_entry_reproduces_the_pure_function_at_its_own_rung
        PASS [  19.827s] (5268/5357) hornvale-worldgen::suite kinship_facts::kinship_pass_is_deterministic_across_two_independent_builds
        PASS [   6.337s] (5269/5357) hornvale-worldgen::suite species_worlds::species_pin_restricts_and_unknown_species_fail_loudly
        PASS [  11.051s] (5270/5357) hornvale-worldgen::suite species_worlds::default_world_carries_all_four_peoples_with_their_own_flagships
        PASS [  11.408s] (5271/5357) hornvale-worldgen::suite solitary_tongue::dragon_cascades_stay_within_the_frozen_regime_at_seed_42
        PASS [  13.591s] (5272/5357) hornvale-worldgen::suite range_affinity::the_affinity_reaches_the_capacity_path_too
        PASS [   0.012s] (5273/5357) hornvale-worldgen::suite termination_probe::branch_table::every_habitation_rung_has_exactly_one_bucket
        PASS [   0.010s] (5274/5357) hornvale-worldgen::suite termination_probe::branch_table::the_branch_table_is_implemented_as_written
        PASS [   0.010s] (5275/5357) hornvale-worldgen::suite tolerance_draw::a_people_with_no_authored_mind_has_no_disposition
        PASS [   0.012s] (5276/5357) hornvale-worldgen::suite tolerance_draw::a_settlements_disposition_survives_an_earlier_entity_being_minted
        PASS [   0.011s] (5277/5357) hornvale-worldgen::suite tolerance_draw::a_zero_dispersion_people_draws_its_authored_vector_exactly
        PASS [   0.012s] (5278/5357) hornvale-worldgen::suite tolerance_draw::an_entity_that_is_not_an_occupation_has_no_disposition
        PASS [   0.016s] (5279/5357) hornvale-worldgen::suite tolerance_draw::every_drawn_dimension_stays_inside_the_unit_interval
        PASS [   0.036s] (5280/5357) hornvale-worldgen::suite tolerance_draw::the_bake_side_key_path_and_the_ledger_side_wrapper_agree
        PASS [   0.011s] (5281/5357) hornvale-worldgen::suite tolerance_draw::the_draw_is_byte_pinned_for_a_known_key
        PASS [  14.023s] (5282/5357) hornvale-worldgen::suite range_affinity::an_absent_affinity_is_bit_identical
        PASS [   0.013s] (5283/5357) hornvale-worldgen::suite tolerance_draw::the_draw_moves_with_both_halves_of_its_key
        PASS [   0.014s] (5284/5357) hornvale-worldgen::suite tolerance_draw::the_gate_side_scalar_is_the_full_draws_threat_response
        PASS [   0.029s] (5285/5357) hornvale-worldgen::suite tolerance_draw::the_three_mind_dimensions_are_drawn_independently
        PASS [   0.031s] (5286/5357) hornvale-worldgen::suite tolerance_draw::the_year_key_survives_the_ledger_crossing_and_its_quantization
        PASS [   0.024s] (5287/5357) hornvale-worldgen::suite tolerance_mutation::every_zeroed_draw_is_the_authored_location
        PASS [  14.181s] (5288/5357) hornvale-worldgen::suite range_affinity::a_declared_affinity_multiplies_outside_the_minimum
        PASS [   0.014s] (5289/5357) hornvale-worldgen::suite traversal::a_flat_lowland_vertex_reads_the_base_cost
        PASS [  11.901s] (5290/5357) hornvale-worldgen::suite solitary_tongue::peoples_lexicons_are_unchanged_from_the_pre_campaign_golden
        PASS [   0.025s] (5291/5357) hornvale-worldgen::suite traversal::a_shelf_vertex_is_ocean_at_present_but_a_bridge_at_glacial_low_stand
        PASS [   0.013s] (5292/5357) hornvale-worldgen::suite traversal::a_steep_peak_reads_a_strictly_higher_cost_than_the_flat_vertex
        PASS [   0.012s] (5293/5357) hornvale-worldgen::suite traversal::the_field_is_deterministic_across_rebuilds
        PASS [   0.025s] (5294/5357) hornvale-worldgen::suite traversal::an_ocean_vertex_is_impassable
        PASS [  14.182s] (5295/5357) hornvale-worldgen::suite range_identity::a_declared_realm_changes_a_peopled_kinds_capacity_field
        PASS [  43.742s] (5296/5357) hornvale-worldgen::suite history_gates::migration_fires_at_volume
        PASS [   0.012s] (5297/5357) hornvale-worldgen::suite underworld_separation::the_candidate_fit_tables_and_the_elevation_precondition
        PASS [   0.012s] (5298/5357) hornvale-worldgen::suite underworld_separation::the_lattice_band_is_the_ladder_position
        SLOW [> 60.000s] (─────────) hornvale-worldgen::suite diachronic::the_ladder_and_prophecy_laws
        PASS [   9.976s] (5299/5357) hornvale-worldgen::suite species_worlds::genesis_commits_one_instance_of_fact_per_placed_people
        PASS [  19.590s] (5300/5357) hornvale-worldgen::suite person_promotion::the_cast_is_byte_identical_across_two_builds
        PASS [   2.790s] (5301/5357) hornvale-worldgen::suite underworld_conditions_probe::shallower_rungs_are_cooler_than_the_deepest
        PASS [   2.713s] (5302/5357) hornvale-worldgen::suite underworld_conditions_probe::the_live_substrate_field_carries_depth
        PASS [   2.791s] (5303/5357) hornvale-worldgen::suite underworld_conditions_probe::the_deepest_rung_reproduces_todays_per_vertex_reading
        PASS [   1.334s] (5304/5357) hornvale-worldgen::suite weft_fieldpack::drainage_is_total_over_the_grid_and_matches_the_accessor
        SLOW [> 60.000s] (─────────) hornvale-worldgen::suite explanations::no_deity_bearing_schema_ever_fires_agentless
        PASS [   1.333s] (5305/5357) hornvale-worldgen::suite weft_fieldpack::land_is_total_over_the_grid_and_matches_is_ocean
        PASS [   1.360s] (5306/5357) hornvale-worldgen::suite weft_fieldpack::induration_is_total_over_the_grid_and_in_range
        PASS [   1.374s] (5307/5357) hornvale-worldgen::suite weft_fieldpack::moisture_is_total_over_the_grid_and_matches_the_accessor
        PASS [   0.060s] (5308/5357) hornvale-worldgen::suite weft_ledger_guard::the_seed_42_byte_golden_fact_count_is_unmoved
        PASS [   1.314s] (5309/5357) hornvale-worldgen::suite weft_fieldpack::slope_is_total_over_the_grid_and_matches_local_slope
        PASS [   1.283s] (5310/5357) hornvale-worldgen::suite weft_fieldpack::the_field_pack_is_total_over_the_grid_and_in_range
        PASS [   1.330s] (5311/5357) hornvale-worldgen::suite weft_fieldpack::temperature_is_total_over_the_grid_and_matches_mean_temperature_at
        PASS [   1.420s] (5312/5357) hornvale-worldgen::suite weft_prevalence::prepared_weights_preserve_every_kinds_prevalence_bits
        PASS [   2.350s] (5313/5357) hornvale-worldgen::suite weft_prevalence::spring_never_occurs_off_land
        PASS [   1.371s] (5314/5357) hornvale-worldgen::suite weft_window::cached_reads_are_byte_identical_to_direct_derivation
        PASS [   5.296s] (5315/5357) hornvale-worldgen::suite weft_prevalence::prevalence_autocorrelation_is_not_address_hashed
        PASS [  32.224s] (5316/5357) hornvale-worldgen::suite mines_exist::a_workings_founding_radius_stays_inside_the_supply_bound
        PASS [   1.458s] (5317/5357) hornvale-worldgen::suite weft_window::the_window_is_byte_identical_to_no_window
        PASS [  31.438s] (5318/5357) hornvale-worldgen::suite mines_exist::agrarian_settlements_are_not_confined_to_ore_bearing_ground
        PASS [   5.289s] (5319/5357) hornvale-worldgen::suite weft_prevalence::prevalence_is_continuous_across_adjacent_facets
        PASS [ 106.935s] (5320/5357) hornvale-worldgen::suite breach::a_working_can_break_through
        PASS [   1.369s] (5321/5357) hornvale-worldgen::suite weft_window::two_globe_levels_do_not_contaminate_the_same_window
        PASS [   5.434s] (5322/5357) hornvale-worldgen::suite weft_prevalence::the_walk_is_not_degenerate
        PASS [  21.467s] (5323/5357) hornvale-worldgen::suite species_worlds::every_registry_people_can_flagship_when_pinned_alone
        PASS [  32.296s] (5324/5357) hornvale-worldgen::suite mines_exist::every_mine_stands_on_ore_bearing_ground
        PASS [   1.352s] (5325/5357) hornvale-worldgen::suite weft_window::two_seeds_do_not_contaminate_the_same_window
        PASS [ 107.330s] (5326/5357) hornvale-worldgen::suite breach::nothing_but_a_working_ever_breaches
        PASS [   1.448s] (5327/5357) hornvale-worldgen::suite weft_window::window_survives_chaos_eviction
        PASS [  31.921s] (5328/5357) hornvale-worldgen::suite mines_exist::mines_are_a_minority_of_occupations
        PASS [ 108.796s] (5329/5357) hornvale-worldgen::suite breach::a_breach_names_nothing_that_came_through
        PASS [  12.640s] (5330/5357) hornvale-worldgen::suite warren_gate::a_subterranean_kind_scores_zero_where_there_is_no_cave
        PASS [ 109.596s] (5331/5357) hornvale-worldgen::suite breach::a_breach_survives_a_save_load_round_trip
        PASS [  12.507s] (5332/5357) hornvale-worldgen::suite warren_gate::a_surface_kind_is_bit_identical_to_the_realm_free_arithmetic
        PASS [  32.421s] (5333/5357) hornvale-worldgen::suite mines_exist::mines_are_founded_on_the_panel
        SLOW [> 60.000s] (─────────) hornvale-worldgen::suite founder_collision::the_dropped_founders_are_pinned_per_seed
        PASS [ 108.607s] (5334/5357) hornvale-worldgen::suite breach::the_almanac_names_a_breach_only_where_one_happened
        SLOW [>420.000s] (─────────) hornvale-lab::suite reticence_calibration::h4_does_the_prior_move_observable_testimony_at_all
        PASS [  15.857s] (5335/5357) hornvale-worldgen::suite threading_equivalence::from_variants_are_pure_over_the_same_world
        PASS [ 111.701s] (5336/5357) hornvale-worldgen::suite breach::breaching_is_a_hazard_not_a_certainty
        PASS [  75.578s] (5337/5357) hornvale-worldgen::suite diachronic::the_ladder_and_prophecy_laws
        PASS [  46.158s] (5338/5357) hornvale-worldgen::suite hollow_readout::report_cave_substrate
        PASS [  46.966s] (5339/5357) hornvale-worldgen::suite hollow_readout::cave_substrate_meets_preregistered_criteria
        PASS [ 117.152s] (5340/5357) hornvale-worldgen::suite breach::a_later_culture_reads_all_three_states_of_a_breach
        PASS [  21.523s] (5341/5357) hornvale-worldgen::suite tolerance_draw::the_draw_key_is_reachable_and_its_uniqueness_has_the_measured_shape
        PASS [  33.258s] (5342/5357) hornvale-worldgen::suite solitary_tongue::chromatic_dragons_diverge_less_than_the_goblinoid_family
        PASS [ 168.130s] (5343/5357) hornvale-worldgen circuit::tests::realms_are_the_mesh_count_and_every_level_is_inside_the_clip
        PASS [ 168.927s] (5344/5357) hornvale-worldgen circuit::tests::no_two_stairways_share_a_coordinate_at_either_end
        PASS [  27.737s] (5345/5357) hornvale-worldgen::suite survivorship_probe::the_four_seed_control_agrees_in_direction_and_cannot_decide
        PASS [  46.844s] (5346/5357) hornvale-worldgen::suite non_void_roster::every_kind_is_viable_somewhere
        PASS [  46.398s] (5347/5357) hornvale-worldgen::suite range_readout::the_arid_share_of_gnoll_settlements_rises
        PASS [  47.105s] (5348/5357) hornvale-worldgen::suite range_readout::the_fauna_occupant_moves_no_settlement
        PASS [  47.778s] (5349/5357) hornvale-worldgen::suite range_readout::the_affinity_differentiates_gnoll_from_the_other_peoples
        PASS [  35.450s] (5350/5357) hornvale-worldgen::suite tolerance_mutation::the_shipped_bake_gates_on_a_drawn_value_not_the_authored_constant
        PASS [  97.955s] (5351/5357) hornvale-worldgen::suite explanations::no_deity_bearing_schema_ever_fires_agentless
        SLOW [>180.000s] (─────────) hornvale-worldgen plat_readout::tests::the_section_speaks_in_the_specs_frozen_words
        SLOW [> 60.000s] (─────────) hornvale-worldgen::suite survivorship_probe::breached_delvings_are_deeper_with_overlap
        SLOW [> 60.000s] (─────────) hornvale-worldgen::suite survivorship_probe::the_separation_survives_conditioning_on_tenure
        SLOW [> 60.000s] (─────────) hornvale-worldgen::suite survivorship_probe::the_still_open_population_is_not_a_third_arm_of_the_comparison
        PASS [ 470.181s] (5352/5357) hornvale-lab::suite reticence_calibration::h4_does_the_prior_move_observable_testimony_at_all
        PASS [  71.278s] (5353/5357) hornvale-worldgen::suite survivorship_probe::breached_delvings_are_deeper_with_overlap
        PASS [  69.505s] (5354/5357) hornvale-worldgen::suite survivorship_probe::the_still_open_population_is_not_a_third_arm_of_the_comparison
        PASS [  71.797s] (5355/5357) hornvale-worldgen::suite survivorship_probe::the_separation_survives_conditioning_on_tenure
        SLOW [>120.000s] (─────────) hornvale-worldgen::suite founder_collision::the_dropped_founders_are_pinned_per_seed
        PASS [ 131.442s] (5356/5357) hornvale-worldgen::suite founder_collision::the_dropped_founders_are_pinned_per_seed
        SLOW [>240.000s] (─────────) hornvale-worldgen plat_readout::tests::the_section_speaks_in_the_specs_frozen_words
        SLOW [>300.000s] (─────────) hornvale-worldgen plat_readout::tests::the_section_speaks_in_the_specs_frozen_words
        PASS [ 322.044s] (5357/5357) hornvale-worldgen plat_readout::tests::the_section_speaks_in_the_specs_frozen_words
────────────
     Summary [ 688.618s] 5357 tests run: 5357 passed (57 slow), 218 skipped

running 1 test
.
test result: ok. 1 passed; 0 failed; 0 ignored; 0 measured; 0 filtered out; finished in 0.08s


running 0 tests

test result: ok. 0 passed; 0 failed; 0 ignored; 0 measured; 0 filtered out; finished in 0.00s


running 0 tests

test result: ok. 0 passed; 0 failed; 0 ignored; 0 measured; 0 filtered out; finished in 0.00s


running 0 tests

test result: ok. 0 passed; 0 failed; 0 ignored; 0 measured; 0 filtered out; finished in 0.00s


running 0 tests

test result: ok. 0 passed; 0 failed; 0 ignored; 0 measured; 0 filtered out; finished in 0.00s


running 0 tests

test result: ok. 0 passed; 0 failed; 0 ignored; 0 measured; 0 filtered out; finished in 0.00s


running 0 tests

test result: ok. 0 passed; 0 failed; 0 ignored; 0 measured; 0 filtered out; finished in 0.00s


running 0 tests

test result: ok. 0 passed; 0 failed; 0 ignored; 0 measured; 0 filtered out; finished in 0.00s


running 0 tests

test result: ok. 0 passed; 0 failed; 0 ignored; 0 measured; 0 filtered out; finished in 0.00s


running 0 tests

test result: ok. 0 passed; 0 failed; 0 ignored; 0 measured; 0 filtered out; finished in 0.00s


running 0 tests

test result: ok. 0 passed; 0 failed; 0 ignored; 0 measured; 0 filtered out; finished in 0.00s


running 0 tests

test result: ok. 0 passed; 0 failed; 0 ignored; 0 measured; 0 filtered out; finished in 0.00s


running 0 tests

test result: ok. 0 passed; 0 failed; 0 ignored; 0 measured; 0 filtered out; finished in 0.00s


running 3 tests
ii.
test result: ok. 1 passed; 0 failed; 2 ignored; 0 measured; 0 filtered out; finished in 0.00s


running 1 test
.
test result: ok. 1 passed; 0 failed; 0 ignored; 0 measured; 0 filtered out; finished in 0.10s

all doctests ran in 0.72s; merged doctests compilation took 0.61s

running 0 tests

test result: ok. 0 passed; 0 failed; 0 ignored; 0 measured; 0 filtered out; finished in 0.00s


running 0 tests

test result: ok. 0 passed; 0 failed; 0 ignored; 0 measured; 0 filtered out; finished in 0.00s


running 0 tests

test result: ok. 0 passed; 0 failed; 0 ignored; 0 measured; 0 filtered out; finished in 0.00s


running 0 tests

test result: ok. 0 passed; 0 failed; 0 ignored; 0 measured; 0 filtered out; finished in 0.00s


running 0 tests

test result: ok. 0 passed; 0 failed; 0 ignored; 0 measured; 0 filtered out; finished in 0.00s


running 0 tests

test result: ok. 0 passed; 0 failed; 0 ignored; 0 measured; 0 filtered out; finished in 0.00s


running 0 tests

test result: ok. 0 passed; 0 failed; 0 ignored; 0 measured; 0 filtered out; finished in 0.00s


running 0 tests

test result: ok. 0 passed; 0 failed; 0 ignored; 0 measured; 0 filtered out; finished in 0.00s


running 0 tests

test result: ok. 0 passed; 0 failed; 0 ignored; 0 measured; 0 filtered out; finished in 0.00s


running 0 tests

test result: ok. 0 passed; 0 failed; 0 ignored; 0 measured; 0 filtered out; finished in 0.00s


running 1 test
.
test result: ok. 1 passed; 0 failed; 0 ignored; 0 measured; 0 filtered out; finished in 0.00s


running 1 test
.
test result: ok. 1 passed; 0 failed; 0 ignored; 0 measured; 0 filtered out; finished in 0.08s

all doctests ran in 0.80s; merged doctests compilation took 0.70s

running 0 tests

test result: ok. 0 passed; 0 failed; 0 ignored; 0 measured; 0 filtered out; finished in 0.00s


running 0 tests

test result: ok. 0 passed; 0 failed; 0 ignored; 0 measured; 0 filtered out; finished in 0.00s


running 0 tests

test result: ok. 0 passed; 0 failed; 0 ignored; 0 measured; 0 filtered out; finished in 0.00s


running 0 tests

test result: ok. 0 passed; 0 failed; 0 ignored; 0 measured; 0 filtered out; finished in 0.00s


running 2 tests
.timekeeper: sluice-stage:codex/counterpart-full12-diagnostic (pid 1021398) is holding this box, so timings are contended and NOT enforced. Observed 0 per-test shift(s), suite shift: false.
.
test result: ok. 2 passed; 0 failed; 0 ignored; 0 measured; 319 filtered out; finished in 0.04s

ci-record: 5357 durations (1305 rows after folding below 1s) -> /home/nathan/Projects/hornvale-sluice-wt/docs/timings/test-baseline-lefford.tsv
wrote /home/nathan/Projects/hornvale-sluice-wt/docs/timings/subfloor-roster.tsv (4053 tests)

== detail written to ==
  target/nextest/ci/run.json   structured per-test durations
  target/nextest/ci/run.log    human output, including failures
  docs/timings/test-baseline-lefford.tsv   recorded baseline
note: heavy running: pid 1021398 (nathan@lefford) since 2026-09-05T22:52:17Z, writing yes, running sluice-stage:codex/counterpart-full12-diagnostic @ 921beef713c4ef543cbbb5a75610c19b89f99190
note: your timings will be contended — see docs/timings.md's cpu_ratio column.
timed.sh: 'sluice:gate' wall=749.846s user=20355.029s sys=520.779s cpu_ratio=27.84 (recorded) rc=0
sluice-run: committed tracked drift from gate
sluice-run: === phase clients ===
clients: vessel-check-run OK
clients: world-check-run OK
clients: game-check-run OK
clients: atlas-check OK
----- vessel-check-run -----
rustup target add wasm32-unknown-unknown 2>/dev/null || true
cargo build --manifest-path clients/vessel/wasm/Cargo.toml --release --target wasm32-unknown-unknown
    Blocking waiting for file lock on package cache
    Blocking waiting for file lock on package cache
    Blocking waiting for file lock on package cache
    Finished `release` profile [optimized] target(s) in 0.30s
cp clients/vessel/wasm/target/wasm32-unknown-unknown/release/hornvale_vessel_wasm.wasm book/src/gallery/vessel.wasm
cd clients/vessel && deno fmt --check && deno lint && deno task check && deno task test
Checked 20 files
Checked 19 files
[0m[32mTask[0m [0m[36mcheck[0m deno check src/
[0m[32mTask[0m [0m[36mtest[0m deno test --allow-read src/
[0m[38;5;245mrunning 4 tests from ./src/main_render_test.ts[0m
a sim-authored noun containing markup becomes text, never an element ... [0m[32mok[0m [0m[38;5;245m(63ms)[0m
like-coloured neighbours share one span ... [0m[32mok[0m [0m[38;5;245m(2ms)[0m
the caption states whose eyes and what the projection drops ... [0m[32mok[0m [0m[38;5;245m(2ms)[0m
a dim run reaches the DOM as a class, composed with its colour ... [0m[32mok[0m [0m[38;5;245m(1ms)[0m
[0m[38;5;245mrunning 5 tests from ./src/pane_cell_test.ts[0m
runsOf coalesces adjacent like-coloured cells ... [0m[32mok[0m [0m[38;5;245m(1ms)[0m
runsOf does not merge across a colour change ... [0m[32mok[0m [0m[38;5;245m(150µs)[0m
runsOf does not merge across a WEIGHT change either ... [0m[32mok[0m [0m[38;5;245m(202µs)[0m
an absent `dim` and an explicit `dim: false` are the same run ... [0m[32mok[0m [0m[38;5;245m(136µs)[0m
parseColor accepts only a 3-length array of integers in 0..=255 ... [0m[32mok[0m [0m[38;5;245m(352µs)[0m
[0m[38;5;245mrunning 29 tests from ./src/pane_chart_test.ts[0m
a real walk snapshot renders a non-empty chart ... [0m[32mok[0m [0m[38;5;245m(5ms)[0m
the observer is marked, and exactly once ... [0m[32mok[0m [0m[38;5;245m(2ms)[0m
the ball is symmetric about the observer, not sheared ... [0m[32mok[0m [0m[38;5;245m(1ms)[0m
a chart with no schema tag draws nothing ... [0m[32mok[0m [0m[38;5;245m(258µs)[0m
a chart with an unrecognised schema tag draws nothing ... [0m[32mok[0m [0m[38;5;245m(167µs)[0m
a chart with the current schema tag renders ... [0m[32mok[0m [0m[38;5;245m(172µs)[0m
a chamber-band snapshot draws no chart ... [0m[32mok[0m [0m[38;5;245m(118µs)[0m
a snapshot with no spatial channel draws no chart ... [0m[32mok[0m [0m[38;5;245m(104µs)[0m
a seam cell is drawn, at the box its bearing puts it in ... [0m[32mok[0m [0m[38;5;245m(398µs)[0m
a chart with no cells array draws nothing ... [0m[32mok[0m [0m[38;5;245m(135µs)[0m
a chart with an empty cells array draws nothing ... [0m[32mok[0m [0m[38;5;245m(106µs)[0m
a spatial channel with a null chart draws nothing ... [0m[32mok[0m [0m[38;5;245m(95µs)[0m
a malformed cell (not an object) is skipped, not thrown on ... [0m[32mok[0m [0m[38;5;245m(172µs)[0m
a cell with no bearing or distance is skipped, not placed at the observer ... [0m[32mok[0m [0m[38;5;245m(192µs)[0m
a chart whose radius is absent, fractional or past the ceiling draws nothing ... [0m[32mok[0m [0m[38;5;245m(533µs)[0m
a non-string water_legend entry does not shift subsequent indices ... [0m[32mok[0m [0m[38;5;245m(220µs)[0m
a real dry-land cell does not render as water ... [0m[32mok[0m [0m[38;5;245m(230µs)[0m
a chart cell carries the sim's colour, and only where it is ground ... [0m[32mok[0m [0m[38;5;245m(323µs)[0m
the observer's own cell withholds colour even when the payload supplies one ... [0m[32mok[0m [0m[38;5;245m(158µs)[0m
a cell with no colour key is uncoloured, not crashed ... [0m[32mok[0m [0m[38;5;245m(134µs)[0m
a malformed colour is refused, not passed through ... [0m[32mok[0m [0m[38;5;245m(385µs)[0m
the pane places cells exactly where the sim's own renderer does ... [0m[32mok[0m [0m[38;5;245m(1ms)[0m
the more salient of two colliding cells keeps the box ... [0m[32mok[0m [0m[38;5;245m(403µs)[0m
a marked cell outranks an unmarked one in either document order ... [0m[32mok[0m [0m[38;5;245m(272µs)[0m
the observer never loses their own box ... [0m[32mok[0m [0m[38;5;245m(163µs)[0m
rounding is half away from zero, matching the sim and not Math.round ... [0m[32mok[0m [0m[38;5;245m(203µs)[0m
a remembered cell keeps its glyph and changes only its weight ... [0m[32mok[0m [0m[38;5;245m(322µs)[0m
weight applies to water and to the observer, not only to land ... [0m[32mok[0m [0m[38;5;245m(173µs)[0m
a remembered cell keeps its colour as well as its glyph ... [0m[32mok[0m [0m[38;5;245m(171µs)[0m
[0m[38;5;245mrunning 8 tests from ./src/pane_plan_marks_test.ts[0m
a mark renders its glyph at its cell ... [0m[32mok[0m [0m[38;5;245m(2ms)[0m
marks draw over the floor but never over `@` ... [0m[32mok[0m [0m[38;5;245m(605µs)[0m
a mark's cell withholds colour even when the floor beneath it supplies one ... [0m[32mok[0m [0m[38;5;245m(209µs)[0m
a mark outside the extent is ignored, not thrown on and not clamped ... [0m[32mok[0m [0m[38;5;245m(200µs)[0m
an absent `marks` key renders the plan unchanged ... [0m[32mok[0m [0m[38;5;245m(257µs)[0m
a malformed mark entry is refused, not thrown on — and its siblings still draw ... [0m[32mok[0m [0m[38;5;245m(251µs)[0m
an extent missing x/y is refused, not thrown on, once a mark is present ... [0m[32mok[0m [0m[38;5;245m(165µs)[0m
two marks on the same cell: last in the array wins, deliberately ... [0m[32mok[0m [0m[38;5;245m(179µs)[0m
[0m[38;5;245mrunning 12 tests from ./src/pane_plan_test.ts[0m
a real chamber snapshot renders one row per lattice row ... [0m[32mok[0m [0m[38;5;245m(2ms)[0m
the standing cell is marked, and exactly once ... [0m[32mok[0m [0m[38;5;245m(681µs)[0m
a walk-band snapshot draws no plan ... [0m[32mok[0m [0m[38;5;245m(147µs)[0m
a snapshot with no spatial channel draws no plan ... [0m[32mok[0m [0m[38;5;245m(113µs)[0m
a grid whose length disagrees with its extent is refused ... [0m[32mok[0m [0m[38;5;245m(182µs)[0m
an index past the end of the palette is refused ... [0m[32mok[0m [0m[38;5;245m(222µs)[0m
an unknown extra field still renders; a known one (color) flows through ... [0m[32mok[0m [0m[38;5;245m(466µs)[0m
an unknown cell kind renders as the fallback, not a throw ... [0m[32mok[0m [0m[38;5;245m(191µs)[0m
a plan with no `you` at all is refused, not thrown ... [0m[32mok[0m [0m[38;5;245m(167µs)[0m
a null palette entry is refused, not thrown on ... [0m[32mok[0m [0m[38;5;245m(158µs)[0m
a palette entry naming 'constructor' as its kind does not leak the prototype chain ... [0m[32mok[0m [0m[38;5;245m(165µs)[0m
a `you` with a non-integer coordinate is refused ... [0m[32mok[0m [0m[38;5;245m(144µs)[0m
[0m[38;5;245mrunning 3 tests from ./src/protocol_test.ts[0m
parseSeed accepts plain decimal u64 ... [0m[32mok[0m [0m[38;5;245m(2ms)[0m
parseSeed rejects everything that is not a u64 ... [0m[32mok[0m [0m[38;5;245m(349µs)[0m
seedFromSearch reads ?seed=N and falls back to 42 ... [0m[32mok[0m [0m[38;5;245m(1ms)[0m
[0m[38;5;245mrunning 8 tests from ./src/snapshot_test.ts[0m
parseSnapshot accepts a v2 payload ... [0m[32mok[0m [0m[38;5;245m(2ms)[0m
parseSnapshot rejects junk and a wrong schema rather than throwing ... [0m[32mok[0m [0m[38;5;245m(1ms)[0m
narrationOf returns the prose verbatim ... [0m[32mok[0m [0m[38;5;245m(312µs)[0m
waysOf filters compass edges, so no `ways` field is needed ... [0m[32mok[0m [0m[38;5;245m(1ms)[0m
sightOf reads every field off a well-formed sight block ... [0m[32mok[0m [0m[38;5;245m(969µs)[0m
sightOf is null when the chart carries no sight key at all ... [0m[32mok[0m [0m[38;5;245m(341µs)[0m
sightOf is null on a partially malformed block — never a partial object ... [0m[32mok[0m [0m[38;5;245m(364µs)[0m
sightOf is null on a chamber-band snapshot, even with a walk-shaped sight lying around ... [0m[32mok[0m [0m[38;5;245m(388µs)[0m
[0m[38;5;245mrunning 7 tests from ./src/transcript_test.ts[0m
room header and ways lines are meta; prose is prose ... [0m[32mok[0m [0m[38;5;245m(1ms)[0m
the outdoor nearest-ground sentence is meta, not prose (The Rhumb, F2) ... [0m[32mok[0m [0m[38;5;245m(234µs)[0m
the submerged 'Ways on: surface.' footer is meta ... [0m[32mok[0m [0m[38;5;245m(171µs)[0m
plain single-line responses are prose ... [0m[32mok[0m [0m[38;5;245m(124µs)[0m
empty lines are preserved as prose spacers ... [0m[32mok[0m [0m[38;5;245m(161µs)[0m
a chart's lines take the map class, not the prose one ... [0m[32mok[0m [0m[38;5;245m(178µs)[0m
map mode ends at the chart's own legend line, not only on a blank line ... [0m[32mok[0m [0m[38;5;245m(171µs)[0m

[0m[32mok[0m | 76 passed | 0 failed [0m[38;5;245m(1s)[0m

cargo fmt --check --manifest-path clients/vessel/wasm/Cargo.toml
cargo clippy --manifest-path clients/vessel/wasm/Cargo.toml --target wasm32-unknown-unknown -- -D warnings
    Finished `dev` profile [optimized + debuginfo] target(s) in 0.10s
node clients/vessel/wasm/drive.mjs book/src/gallery/vessel.wasm
casement smoke OK — 2156 KiB wasm, seed-42 genesis 27448 ms
----- world-check-run -----
rustup target add wasm32-unknown-unknown 2>/dev/null || true
cargo build --manifest-path clients/world-wasm/Cargo.toml --release --target wasm32-unknown-unknown
    Blocking waiting for file lock on package cache
    Blocking waiting for file lock on package cache
    Blocking waiting for file lock on package cache
    Finished `release` profile [optimized] target(s) in 0.28s
wasm-opt -Oz applied
cargo fmt --check --manifest-path clients/world-wasm/Cargo.toml
cargo clippy --manifest-path clients/world-wasm/Cargo.toml --target wasm32-unknown-unknown -- -D warnings
    Finished `dev` profile [optimized + debuginfo] target(s) in 0.26s
cargo run -p hornvale -- new --seed 42 --out /tmp/hv-wc.json
    Finished `dev` profile [optimized + debuginfo] target(s) in 0.12s
     Running `target/debug/hornvale new --seed 42 --out /tmp/hv-wc.json`
world of seed 42 written to /tmp/hv-wc.json (21728 facts; village: Doaba)
cargo run -p hornvale -- scene system --world /tmp/hv-wc.json > /tmp/hv-wc-system.json
    Finished `dev` profile [optimized + debuginfo] target(s) in 0.07s
     Running `target/debug/hornvale scene system --world /tmp/hv-wc.json`
cargo run -p hornvale -- scene tiles --world /tmp/hv-wc.json --width 256 > /tmp/hv-wc-tiles.json
    Finished `dev` profile [optimized + debuginfo] target(s) in 0.07s
     Running `target/debug/hornvale scene tiles --world /tmp/hv-wc.json --width 256`
cargo run -p hornvale -- scene tiles-region --world /tmp/hv-wc.json --face 0 --level 3 --ix 4 --iy 4 --samples 16 > /tmp/hv-wc-region.json
    Finished `dev` profile [optimized + debuginfo] target(s) in 0.07s
     Running `target/debug/hornvale scene tiles-region --world /tmp/hv-wc.json --face 0 --level 3 --ix 4 --iy 4 --samples 16`
cargo run -p hornvale -- new --seed 42 --plates 12 --out /tmp/hv-wc-pinned.json
    Finished `dev` profile [optimized + debuginfo] target(s) in 0.10s
     Running `target/debug/hornvale new --seed 42 --plates 12 --out /tmp/hv-wc-pinned.json`
world of seed 42 written to /tmp/hv-wc-pinned.json (29350 facts; village: Dodo)
cargo run -p hornvale -- scene tiles --world /tmp/hv-wc-pinned.json --width 256 > /tmp/hv-wc-pinned-tiles.json
    Finished `dev` profile [optimized + debuginfo] target(s) in 0.15s
     Running `target/debug/hornvale scene tiles --world /tmp/hv-wc-pinned.json --width 256`
node clients/world-wasm/drive.mjs \
  clients/world-wasm/target/wasm32-unknown-unknown/release/hornvale_world_wasm.wasm \
  /tmp/hv-wc-system.json /tmp/hv-wc-tiles.json 256 /tmp/hv-wc-pinned-tiles.json /tmp/hv-wc-region.json
world-wasm smoke OK (system + tiles + tiles-region + pinned byte-identical; projection omits what was not asked for and preserves what was, byte for byte; error envelopes sound; scene context reset)
world wasm size: 415922 bytes gzipped (1072314 raw)
----- game-check-run -----
cargo fmt --check --manifest-path clients/game/core/Cargo.toml
cargo fmt --check --manifest-path clients/game/bin/Cargo.toml
cargo clippy --manifest-path clients/game/core/Cargo.toml --all-targets -- -D warnings
    Checking hornvale-game-core v0.1.0 (/home/nathan/Projects/hornvale-sluice-wt/clients/game/core)
    Finished `dev` profile [optimized + debuginfo] target(s) in 1.44s
cargo clippy --manifest-path clients/game/bin/Cargo.toml --all-targets -- -D warnings
    Finished `dev` profile [optimized + debuginfo] target(s) in 0.21s
cargo test --manifest-path clients/game/core/Cargo.toml
   Compiling hornvale-game-core v0.1.0 (/home/nathan/Projects/hornvale-sluice-wt/clients/game/core)
    Finished `test` profile [optimized + debuginfo] target(s) in 1.20s
     Running unittests src/lib.rs (clients/game/target/debug/deps/hornvale_game_core-73f5de7f26f6079d)

running 102 tests
test cell::tests::absent_wire_colour_is_plain_ink ... ok
test cell::tests::no_color_env_forces_plain_ink ... ok
test cell::tests::the_world_plate_has_its_own_provenance_and_it_is_not_chrome ... ok
test chart::tests::a_band_with_no_distance_collapses_to_the_origin ... ok
test chart::tests::a_coloured_cell_draws_rgb_ink ... ok
test chart::tests::a_marked_cell_outranks_an_unmarked_one_in_either_document_order ... ok
test chart::tests::a_seam_cell_is_drawn_under_north_up ... ok
test chart::tests::an_uncoloured_cell_draws_plain_ink ... ok
test chart::tests::cell_at_finds_the_same_box_draw_paints ... ok
test chart::tests::cell_at_obeys_box_rank_on_a_collision ... ok
test chart::tests::cell_at_of_an_unoccupied_box_is_none ... ok
test chart::tests::disclosure_names_observer_projection_and_lost_axis ... ok
test chart::tests::dominant_mark_is_the_lowest_salience_number ... ok
test chart::tests::dominant_mark_of_no_marks_is_none ... ok
test chart::tests::every_epistemic_state_maps_to_its_documented_weight ... ok
test chart::tests::no_color_suppresses_tint_through_draw ... ok
test chart::tests::project_puts_north_up_east_right_and_doubles_the_column ... ok
test chart::tests::the_more_salient_of_two_colliding_cells_keeps_the_box ... ok
test chart::tests::the_observer_never_loses_its_own_box ... ok
test chart::tests::the_observer_projects_to_the_origin ... ok
test endpaper::tests::draw_carries_no_vitals ... ok
test endpaper::tests::draw_writes_species_settlement_population_day_and_turn ... ok
test entry::tests::a_bare_escape_does_not_swallow_the_line ... ok
test entry::tests::a_line_exactly_as_wide_as_the_pane_lands_the_caret_on_its_last_column ... ok
test entry::tests::a_line_wider_than_the_pane_keeps_the_caret_on_screen ... ok
test entry::tests::ambiguous_hint_renders_beneath_the_command_row_with_bold_stems ... ok
test entry::tests::an_alpine_row_that_fits_survives_verbatim ... ok
test entry::tests::an_echoed_line_that_fits_shows_no_truncation_marker ... ok
test entry::tests::an_echoed_line_wider_than_the_pane_is_clipped_with_a_visible_marker ... ok
test entry::tests::draw_places_the_prompt_on_the_last_row ... ok
test entry::tests::one_repeated_letter_is_a_picture_and_two_different_ones_are_prose ... ok
test entry::tests::overlong_hint_collapses_to_fitting_matches_plus_a_count ... ok
test entry::tests::overflowing_prose_gets_a_visible_truncation_marker_not_a_silent_drop ... ok
test entry::tests::short_prose_never_shows_the_truncation_marker ... ok
test entry::tests::sgr_is_stripped_before_the_width_is_measured ... ok
test entry::tests::the_buffer_is_drawn_after_the_prompt_and_the_caret_is_reported ... ok
test entry::tests::the_caret_is_not_reported_when_the_map_is_focused ... ok
test entry::tests::the_caret_reports_the_index_not_the_end ... ok
test entry::tests::the_echoed_line_is_drawn_immediately_above_the_command_row ... ok
test entry::tests::with_no_echo_the_row_above_the_command_line_is_ordinary_prose_space ... ok
test entry::tests::wrap_clips_an_over_wide_alpine_row_rather_than_re_flowing_it ... ok
test entry::tests::wrap_clips_an_over_wide_line_and_never_reflows_it ... ok
test entry::tests::wrap_drops_sgr_before_it_reaches_the_grid ... ok
test entry::tests::wrap_never_drops_a_word_even_when_it_exceeds_width ... ok
test entry::tests::wrap_preserves_a_line_that_fits_verbatim ... ok
test entry::tests::wrap_preserves_explicit_newlines_as_hard_breaks ... ok
test entry::tests::wrap_splits_only_at_whitespace ... ok
test entry::tests::wrap_still_wraps_ordinary_prose ... ok
test entry::tests::wrap_still_wraps_prose_that_carries_no_lower_case ... ok
test entry::tests::wrap_wraps_a_captioned_picture_by_the_line ... ok
test level::tests::a_door_mark_draws_a_doorway_and_every_other_mark_draws_the_mark_glyph ... ok
test level::tests::a_mark_draws_a_glyph_distinguishable_from_the_terrain_beneath ... ok
test level::tests::a_mark_outside_the_grid_is_silently_skipped ... ok
test level::tests::a_nonzero_extent_origin_is_honoured ... ok
test level::tests::a_point_outside_the_grid_is_silently_skipped ... ok
test level::tests::a_remembered_cell_and_a_lit_cell_draw_different_glyphs ... ok
test level::tests::an_unrecognised_kind_draws_as_wall ... ok
test level::tests::glyph_of_matches_the_shipped_vocabulary ... ok
test level::tests::no_cell_carries_a_colour ... ok
test level::tests::origin_offsets_every_cell ... ok
test level::tests::sparse_cells_land_at_their_named_position_and_you_overwrites_here ... ok
test lexicon::tests::ambiguous_prefix_yields_stem_and_matches ... ok
test lexicon::tests::case_insensitive_match_preserves_candidate_casing ... ok
test lexicon::tests::current_turn_nouns_starts_empty_then_reflects_the_latest_narration ... ok
test lexicon::tests::exact_single_match_still_reports_unique ... ok
test lexicon::tests::lexicon_with_no_scopes_is_empty ... ok
test lexicon::tests::no_match_is_none_and_empty_prefix_is_none ... ok
test lexicon::tests::stem_is_computed_char_wise_not_byte_wise ... ok
test lexicon::tests::the_lexicon_folds_scopes_first_wins ... ok
test lexicon::tests::unique_prefix_completes ... ok
test lexicon::tests::unknown_kind_strings_parse_leniently ... ok
test plan::tests::a_furnishing_mark_draws_its_own_glyph_and_never_erases_you ... ok
test plan::tests::a_mark_outside_the_extent_is_silently_skipped ... ok
test plan::tests::a_non_agent_mark_still_redraws_its_own_underlying_glyph ... ok
test plan::tests::a_non_agent_marks_own_glyph_draws_untinted ... ok
test plan::tests::a_nonzero_extent_origin_is_honoured ... ok
test plan::tests::an_agent_mark_draws_its_creature_glyph_and_never_erases_you ... ok
test plan::tests::an_agent_marks_creature_glyph_draws_untinted ... ok
test plan::tests::an_unrecognised_kind_draws_as_wall ... ok
test plan::tests::cells_land_at_their_row_major_position ... ok
test plan::tests::glyph_of_matches_the_shipped_vocabulary ... ok
test plan::tests::origin_offsets_every_cell ... ok
test plan::tests::palette_colour_reaches_the_cell ... ok
test plan::tests::the_you_mark_stays_plain_over_a_coloured_cell ... ok
test strip::tests::a_different_offset_draws_a_different_window_and_never_rewrites_the_text ... ok
test strip::tests::an_offset_past_the_end_draws_nothing_rather_than_wrapping_or_panicking ... ok
test strip::tests::drawn_text_is_attributed_to_look_not_chrome ... ok
test strip::tests::an_overlong_strip_truncates_rather_than_wrapping ... ok
test strip::tests::the_strip_never_writes_past_the_plate ... ok
test tests::render_of_invalid_json_is_a_parse_error ... ok
test tests::render_one_column_short_of_the_floor_is_too_small ... ok
test tests::render_one_row_short_of_the_floor_is_too_small ... ok
test tests::too_small_is_reported_even_for_invalid_json ... ok
test tests::walk_is_the_default_focus ... ok
test spread::tests::compose_draws_the_strip_beneath_the_plate ... ok
test spread::tests::compose_dispatches_the_plate_by_band ... ok
test spread::tests::compose_threads_strip_offset_through_to_the_drawn_window ... ok
test spread::tests::compose_fills_the_requested_dimensions ... ok
test tests::the_eighty_by_twentyfour_floor_survives_the_strip ... ok
test tests::the_caret_is_not_reported_when_the_map_is_focused ... ok
test tests::walk_reports_no_cursor_at_all ... ok
test tests::the_cursor_occupies_no_cell ... ok

test result: ok. 102 passed; 0 failed; 0 ignored; 0 measured; 0 filtered out; finished in 0.01s

     Running tests/cell.rs (clients/game/target/debug/deps/cell-dea14071eaa311b5)

running 7 tests
test a_fresh_grid_is_unmarked_paper ... ok
test out_of_bounds_reads_return_none_not_wrapped ... ok
test out_of_bounds_writes_are_refused_not_wrapped ... ok
test the_weight_map_joins_multiple_rows_in_order ... ok
test the_weight_map_renders_three_levels_and_absence ... ok
test width_and_height_are_read_correctly ... ok
test writing_a_cell_places_it_exactly ... ok

test result: ok. 7 passed; 0 failed; 0 ignored; 0 measured; 0 filtered out; finished in 0.00s

     Running tests/chart.rs (clients/game/target/debug/deps/chart-008ba6c7385eda0b)

running 9 tests
test a_creatures_glyph_is_stable_through_chart_draw_regardless_of_company ... ok
test the_ladder_ascends_with_impedance ... ok
test the_fixture_cells_carry_colour_off_the_wire ... ok
test exactly_one_cell_is_here_and_it_is_bold ... ok
test every_drawn_glyph_is_claimed_by_the_register ... ok
test the_shape_matches_the_sims_own_ascii_render ... ok
test the_unknown_is_paper_not_void ... ok
test the_walk_band_draws_an_ordinal_ladder_not_one_glyph ... ok
test the_weight_map_discriminates_the_epistemic_states ... ok

test result: ok. 9 passed; 0 failed; 0 ignored; 0 measured; 0 filtered out; finished in 0.00s

     Running tests/lexicon.rs (clients/game/target/debug/deps/lexicon-b7d99a9cf3e913be)

running 7 tests
test a_fifteenth_people_needs_no_edit ... ok
test a_noun_with_no_ascii_initial_still_draws_something ... ok
test a_goblin_and_a_bugbear_draw_differently ... ok
test the_glyph_is_stable_regardless_of_who_else_is_present ... ok
test same_initial_species_deliberately_share_a_glyph ... ok
test the_glyph_is_the_nouns_own_initial ... ok
test the_real_twelve_noun_roster_from_task_5_is_stable_not_distinct ... ok

test result: ok. 7 passed; 0 failed; 0 ignored; 0 measured; 0 filtered out; finished in 0.00s

     Running tests/monochrome_floor.rs (clients/game/target/debug/deps/monochrome_floor-cecca7646ba8f0bd)

running 1 test
test the_monochrome_floor_holds_in_both_bands ... ok

test result: ok. 1 passed; 0 failed; 0 ignored; 0 measured; 0 filtered out; finished in 0.00s

     Running tests/plan.rs (clients/game/target/debug/deps/plan-178d3dc3960f26c0)

running 7 tests
test a_creatures_glyph_is_stable_through_plan_draw_regardless_of_company ... ok
test the_plan_draws_the_shipped_vocabulary ... ok
test every_drawn_glyph_is_claimed_by_the_register ... ok
test the_shape_matches_the_sims_own_ascii_render ... ok
test a_furnishing_mark_draws_its_glyph_at_its_own_position ... ok
test you_are_drawn_exactly_once ... ok
test you_lands_at_the_plans_own_coordinate ... ok

test result: ok. 7 passed; 0 failed; 0 ignored; 0 measured; 0 filtered out; finished in 0.00s

     Running tests/provenance.rs (clients/game/target/debug/deps/provenance-5925b7def08dba7e)

running 8 tests
test every_drawn_cell_names_its_channel_in_the_underground_band ... ok
test every_drawn_cell_names_its_channel_in_the_chamber_band ... ok
test provenance_of_a_blank_grid_is_empty_not_vacuously_clean ... ok
test no_cell_claims_the_social_channel_in_the_chamber_band ... ok
test every_drawn_cell_names_its_channel ... ok
test no_cell_claims_the_social_channel ... ok
test the_typed_buffer_is_reachable_from_a_real_render ... ok
test the_echoed_line_is_reachable_from_a_real_render ... ok

test result: ok. 8 passed; 0 failed; 0 ignored; 0 measured; 0 filtered out; finished in 0.00s

     Running tests/register.rs (clients/game/target/debug/deps/register-4e4af93189151de0)

running 3 tests
test every_binding_is_reachable_by_lookup ... ok
test no_character_is_bound_twice ... ok
test the_subterranean_region_is_reserved_and_empty ... ok

test result: ok. 3 passed; 0 failed; 0 ignored; 0 measured; 0 filtered out; finished in 0.00s

     Running tests/schema.rs (clients/game/target/debug/deps/schema-ebb4798934871312)

running 7 tests
test the_chamber_band_parses_and_the_plan_is_internally_consistent ... ok
test the_carrying_fixture_names_a_thing_in_hand ... ok
test the_agent_id_is_read_as_a_string ... ok
test the_fixture_parses ... ok
test the_client_can_parse_every_band_the_sim_emits ... ok
test no_id_in_the_fixture_is_a_bare_number_a_javascript_client_would_round ... ok
test social_is_present_in_the_document_and_absent_from_the_mirror ... ok

test result: ok. 7 passed; 0 failed; 0 ignored; 0 measured; 0 filtered out; finished in 0.01s

     Running tests/spread.rs (clients/game/target/debug/deps/spread-4a657f6abbf83796)

running 10 tests
test the_noun_namespaces_join ... ok
test all_three_regions_are_drawn ... ok
test the_spread_fits_eighty_by_twenty_four ... ok
test a_supplied_world_plate_replaces_the_band_view_and_nothing_else ... ok
test the_square_footprint_preference_decides_the_width_when_it_can_afford_to ... ok
test the_gutter_row_carries_no_ink ... ok
test the_prose_is_not_reworded ... ok
test the_entry_pane_keeps_a_legible_minimum ... ok
test the_plate_claims_at_least_half_the_terminal ... ok
test a_supplied_world_plate_widens_the_pane_in_every_focus ... ok

test result: ok. 10 passed; 0 failed; 0 ignored; 0 measured; 0 filtered out; finished in 0.01s

   Doc-tests hornvale_game_core

running 0 tests

test result: ok. 0 passed; 0 failed; 0 ignored; 0 measured; 0 filtered out; finished in 0.00s

cargo test --manifest-path clients/game/bin/Cargo.toml
    Finished `test` profile [optimized + debuginfo] target(s) in 0.08s
     Running unittests src/lib.rs (clients/game/target/debug/deps/hornvale_game-0951c09c99a112f1)

running 282 tests
test cache::tests::distinct_pins_produce_distinct_fingerprints ... ok
test cache::tests::a_missing_cache_directory_is_refused_not_a_panic ... ok
test cache::tests::distinct_seeds_produce_distinct_fingerprints ... ok
test discovery::tests::a_different_face_is_never_visited ... ok
test discovery::tests::a_sibling_branch_is_not_visited ... ok
test discovery::tests::discovered_is_idempotent ... ok
test discovery::tests::site_kinds_at_the_same_vertex_are_distinct ... ok
test discovery::tests::walking_a_room_marks_it_and_every_coarser_ancestor ... ok
test driver::caption_tests::colour_allowed_appends_the_disclosure ... ok
test driver::caption_tests::no_sight_no_caption ... ok
test driver::caption_tests::no_color_suppresses_the_caption ... ok
test driver::completion_tests::decision_layer_edge_cases ... ok
test cache::tests::a_moved_label_is_refused ... ok
test cache::tests::a_cache_with_different_pins_is_refused ... ok
test cache::tests::a_cache_with_a_different_seed_is_refused ... ok
test driver::portolan_tests::a_starless_world_resolves_season_bucket_zero ... ok
test cache::tests::a_cache_with_the_same_seed_and_pins_survives_layer_one ... ok
test cache::tests::an_empty_stamp_claims_nothing_moved_and_is_accepted ... ok
test cache::tests::a_cache_whose_world_disagrees_with_its_own_sidecar_is_refused ... ok
test cache::tests::the_prefix_tripwire_is_quiet_on_an_unchanged_tree ... ok
test cache::tests::the_full_cache_hit_path_accepts_the_unmutated_seed_42_world ... ok
test driver::completion_tests::history_recall_closes_an_open_cycle_rotation ... ok
test driver::completion_tests::complete_on_an_empty_buffer_is_a_noop ... ok
test driver::completion_tests::typing_clears_a_pending_hint ... ok
test driver::completion_tests::backspace_and_submit_also_clear_completion_state ... ok
test driver::noun_prompt_tests::bare_x_enters_the_prompt_instead_of_burning_a_turn ... ok
test driver::portolan_tests::a_cursor_move_inside_the_plate_does_not_re_render_it ... ok
test driver::portolan_tests::a_saturating_press_on_a_plate_taller_than_the_chart_moves_nothing ... ok
test driver::completion_tests::unique_match_replaces_the_token ... ok
test driver::noun_prompt_tests::backspace_clamps_at_the_dispatched_prefix ... ok
test driver::noun_prompt_tests::esc_cancels_and_restores_the_saved_buffer ... ok
test driver::noun_prompt_tests::typing_builds_the_noun_after_the_prefix ... ok
test driver::portolan_tests::at_the_charts_polar_edge_the_cursor_moves_because_the_window_cannot ... ok
test driver::portolan_tests::centring_survives_a_plate_wider_than_the_whole_chart ... ok
test driver::portolan_tests::a_coarse_rung_draws_the_observer_and_no_marks ... ok
test driver::portolan_tests::leaving_the_map_returns_the_walker_to_band_b ... ok
test driver::portolan_tests::composing_the_perception_layer_does_not_parse_the_snapshot ... ok
test driver::portolan_tests::h6_discovery_is_monotonic ... ok
test driver::portolan_tests::h5_the_map_is_useful_before_it_is_complete ... ok
test driver::portolan_tests::entering_the_map_does_not_open_at_the_walk_band_rung ... ok
test driver::completion_tests::cycle_rotation_walks_matches_in_order_then_wraps ... ok
test driver::portolan_tests::a_discovery_redraws_the_features_without_re_rendering_the_terrain ... ok
test driver::completion_tests::ambiguous_match_extends_to_stem_and_sets_hint ... ok
test driver::portolan_tests::band_b_still_shows_the_observer_over_its_own_terrain ... ok
test driver::portolan_tests::f5_the_resolved_vertex_always_matches_the_drawn_glyph_after_the_fix ... ok
test driver::portolan_tests::a_player_action_alone_does_not_move_the_marquee ... ok
test driver::portolan_tests::a_strip_that_fits_is_not_scrolling ... ok
test driver::noun_prompt_tests::submitting_the_prompt_dispatches_examine_and_exits ... ok
test driver::portolan_tests::a_cache_hit_returns_what_a_fresh_render_would_have_drawn ... ok
test driver::portolan_tests::every_rung_of_the_ladder_is_reachable_and_distinct ... ok
test driver::portolan_tests::band_b_keeps_the_sight_caption_and_a_coarse_rung_does_not ... ok
test driver::completion_tests::typing_closes_an_open_cycle_rotation ... ok
test driver::portolan_tests::a_zoom_re_renders_the_plate ... ok
test driver::portolan_tests::band_b_centres_on_the_observer_not_the_arctic_corner ... ok
test driver::portolan_tests::h4_locked_worlds_settlements_are_never_in_the_clamp ... ok
test driver::portolan_tests::off_band_b_the_overlay_paints_the_observer_and_no_marks ... ok
test driver::portolan_tests::many_zoom_ins_climb_to_band_b_and_stop_there ... ok
test driver::portolan_tests::recentre_rolls_the_projection_and_cursor_motion_alone_does_not ... ok
test driver::portolan_tests::recentre_keeps_the_same_geographic_point_under_the_cursor ... ok
test driver::portolan_tests::recentre_rolls_the_projection_at_band_b_too ... ok
test driver::portolan_tests::recentring_a_spinning_world_off_the_equator_never_claims_the_terminator ... ok
test driver::portolan_tests::a_zoom_step_keeps_the_same_geographic_point_under_the_cursor ... ok
test driver::portolan_tests::the_cached_redraw_path_draws_what_an_uncached_world_plate_would ... ok
test driver::portolan_tests::the_rejected_polar_placement_really_does_disagree ... ok
test driver::portolan_tests::strip_offset_stays_zero_when_the_text_fits_the_plate ... ok
test driver::portolan_tests::the_chamber_band_keeps_its_own_plan_and_never_the_raster ... ok
test driver::portolan_tests::the_cursor_reaches_columns_the_walk_bands_fixed_width_cannot ... ok
test driver::portolan_tests::the_map_opens_at_the_coarsest_rung_the_mesh_can_fill ... ok
test driver::portolan_tests::the_anchor_is_a_no_op_at_an_unchanged_rung ... ok
test driver::portolan_tests::the_cursor_clamp_tracks_the_active_plate_at_band_b_too ... ok
test history::tests::an_empty_history_recalls_nothing ... ok
test history::tests::next_walks_forwards_and_returns_none_past_the_newest ... ok
test history::tests::prev_stops_at_the_oldest_rather_than_wrapping ... ok
test history::tests::prev_walks_backwards_from_the_most_recent ... ok
test history::tests::pushing_resets_the_walk ... ok
test input::tests::a_chord_is_inert_in_any_focus ... ok
test input::tests::a_printable_character_bounces_focus_back_to_the_cli_and_types ... ok
test input::tests::a_printable_character_bounces_from_walk_too ... ok
test input::tests::a_release_event_is_inert_in_any_focus ... ok
test input::tests::chords_and_releases_stay_inert_when_walking ... ok
test input::tests::every_printable_character_types_itself_when_the_cli_is_focused ... ok
test input::tests::shift_plus_control_is_still_inert_in_any_focus ... ok
test input::tests::shift_still_types_a_capital_and_q_no_longer_releases ... ok
test input::tests::tab_completes_only_under_the_cli ... ok
test input::tests::the_movement_keys_send_move_actions_when_walking ... ok
test input::tests::the_named_keys_route_predictably_when_walking ... ok
test input::tests::the_named_keys_route_predictably_with_the_cli_focused ... ok
test input::tests::the_named_keys_route_predictably_with_the_map_focused ... ok
test input::tests::the_recentre_key_recentres_on_the_map_and_types_on_the_cli ... ok
test input::tests::the_zoom_keys_zoom_on_the_map_and_type_on_the_cli ... ok
test line::tests::a_multi_byte_character_does_not_break_the_caret ... ok
test line::tests::backspace_deletes_before_the_caret_and_is_a_no_op_at_the_start ... ok
test line::tests::replace_word_at_caret_at_whitespace_is_a_documented_noop ... ok
test line::tests::replace_word_at_caret_on_empty_buffer_inserts_nothing ... ok
test line::tests::replace_word_at_caret_replaces_a_partial_word_and_preserves_the_suffix ... ok
test line::tests::replace_word_at_caret_swaps_only_the_trailing_token ... ok
test line::tests::take_empties_the_buffer_and_resets_the_caret ... ok
test line::tests::the_caret_moves_and_insertion_follows_it ... ok
test line::tests::the_caret_never_leaves_the_buffer ... ok
test line::tests::typing_appends_at_the_caret_and_advances_it ... ok
test mercator::tests::a_locked_world_holds_the_terminator_and_clamps_the_substellar_point ... ok
test mercator::tests::a_recentred_locked_frame_claims_neither_the_equator_nor_the_terminator ... ok
test mercator::tests::a_recentred_spinning_frame_claims_neither_the_equator_nor_the_terminator ... ok
test mercator::tests::a_spinning_world_holds_the_geographic_equator ... ok
test mercator::tests::centre_on_puts_the_point_on_the_new_frames_equator ... ok
test mercator::tests::centre_on_the_equator_itself_is_well_defined ... ok
test mercator::tests::the_clamp_caption_names_the_equator_on_a_spinning_world ... ok
test mercator::tests::the_clamp_caption_names_the_terminator_on_a_locked_world ... ok
test mercator::tests::unproject_inverts_project_in_both_frames ... ok
test observer::tests::a_truecolor_observer_renders_a_triple ... ok
test observer::tests::the_none_observer_renders_no_colour_at_all ... ok
test observer::tests::the_sixteen_colour_observer_emits_at_most_sixteen_distinct_triples ... ok
test driver::portolan_tests::the_ladder_runs_from_the_globe_rung_to_band_b_and_refuses_past_both ... ok
test driver::portolan_tests::h6b_co_location_does_not_discover_a_settlement ... ok
test driver::portolan_tests::the_perception_overlay_lands_exactly_where_the_raster_puts_that_facet ... ok
test overture::almanac::tests::no_oceans_does_not_fire_from_absence_before_terrain ... ok
test overture::almanac::tests::no_oceans_fires_below_the_threshold ... ok
test driver::portolan_tests::the_marquee_advances_on_ticks_with_no_player_action ... ok
test driver::portolan_tests::the_resolved_vertex_matches_the_actually_drawn_glyph_at_fine_zoom ... ok
test driver::portolan_tests::the_rung_line_discloses_that_the_picture_outruns_the_terrain_field ... ok
test overture::almanac::tests::tidally_locked_fires_when_the_fact_is_committed ... ok
test overture::almanac::tests::wasteland_does_not_fire_on_an_oceanic_world_with_fully_habitable_land ... ok
test overture::almanac::tests::wasteland_line_discriminates_above_and_below_its_threshold ... ok
test driver::portolan_tests::the_strip_names_the_current_rung ... ok
test overture::atlas::tests::fit_depth_is_the_finest_rung_that_still_fits ... ok
test overture::atlas::tests::fit_depth_never_exceeds_the_drawn_plate ... ok
test driver::portolan_tests::typing_map_at_a_coarse_rung_brings_the_reader_home ... ok
test driver::portolan_tests::h7_the_map_gate_costs_nothing_in_the_ledger ... ok
test driver::portolan_tests::the_map_shows_the_observer_at_the_rung_it_opens_at ... ok
test driver::portolan_tests::the_strip_stops_naming_the_walk_bands_chart_once_the_world_view_is_on ... ok
test driver::portolan_tests::the_site_roster_carries_every_kind_and_only_placed_kinds_carry_a_facet ... ok
test driver::portolan_tests::the_strip_carries_the_whole_containment_chain_most_specific_first ... ok
test overture::atlas::tests::the_atlas_is_silent_before_terrain_and_speaks_after ... ok
test driver::portolan_tests::update_discovery_records_a_placed_site_the_possession_stands_in ... ok
test driver::portolan_tests::the_rung_line_is_distinct_at_every_rung_and_names_the_ladders_ends ... ok
test overture::component::tests::a_component_is_skipped_until_its_rung_lands ... ok
test overture::component::tests::a_landed_component_with_nothing_true_to_say_is_silently_absent ... ok
test overture::component::tests::render_order_matches_registration_order ... ok
test driver::portolan_tests::the_resolution_disclosure_speaks_at_a_rung_coarser_than_the_mesh ... ok
test overture::genesis::tests::a_failed_build_is_reported_as_genesis_not_as_a_lost_worker ... ok
test overture::genesis::tests::a_worker_that_dies_silently_ends_the_loop_instead_of_hanging ... ok
test overture::genesis::tests::a_finished_build_hands_back_the_world_the_worker_built ... ok
test overture::genesis::tests::every_rung_waiting_on_the_channel_reaches_the_frame_before_a_redraw ... ok
test driver::portolan_tests::the_resolution_disclosure_is_silent_at_every_shipped_rung ... ok
test overture::progress::tests::a_phase_that_outruns_its_baseline_says_so_instead_of_sitting_full ... ok
test overture::progress::tests::a_first_ever_run_shows_names_and_a_fact_count_and_no_bar ... ok
test overture::progress::tests::a_non_finite_fraction_is_unknown_rather_than_zero ... ok
test overture::progress::tests::a_pending_phase_is_never_drawn_as_a_bar ... ok
test driver::portolan_tests::every_input_the_plate_reads_is_in_its_cache_key ... ok
test overture::progress::tests::every_phase_is_named_on_the_line_not_only_the_current_one ... ok
test overture::progress::tests::grouping_a_fact_count_puts_separators_only_between_triples ... ok
test overture::progress::tests::phase_keys_round_trip_and_survive_the_tsv_format ... ok
test overture::genesis::tests::space_cycles_the_view_and_the_slideshow_does_so_unattended ... ok
test overture::progress::tests::the_bar_tracks_the_fraction_and_never_draws_itself_full ... ok
test overture::progress::tests::the_fact_count_is_its_own_row_and_is_never_omitted ... ok
test overture::progress::tests::the_progress_substrate_names_phases_and_never_a_global_percentage ... ok
test overture::progress::tests::the_rung_to_phase_map_is_injective_over_the_whole_ladder ... ok
test overture::sky::tests::a_star_lands_where_its_own_coordinates_put_it ... ok
test overture::progress::tests::the_substrate_fits_the_eighty_column_floor_in_every_state ... ok
test overture::sky::tests::a_neighbor_missing_a_coordinate_fact_is_skipped_not_guessed ... ok
test overture::sky::tests::median_brightness_is_not_dragged_by_one_dominant_outlier ... ok
test overture::sky::tests::a_subject_with_no_captioned_facts_gets_no_caption_band ... ok
test overture::sky::tests::the_north_pole_star_is_preferred_when_both_are_somehow_committed ... ok
test overture::sky::tests::every_caption_is_drawn_when_its_own_fact_is_committed ... ok
test overture::sky::tests::median_brightness_splits_a_tie_at_the_tied_value ... ok
test overture::sky::tests::zero_counts_are_not_captioned_as_a_placeholder ... ok
test overture::tests::an_empty_roster_neither_panics_nor_claims_a_view ... ok
test overture::tests::a_rung_landing_does_not_yank_the_screen_off_the_players_choice ... ok
test overture::tests::a_view_may_memoise_across_rungs_because_render_takes_mut_self ... ok
test overture::tests::before_the_first_rung_nothing_speaks_and_nothing_is_named ... ok
test overture::tests::space_cycles_only_among_views_that_can_speak ... ok
test overture::tests::the_composed_screen_carries_the_current_panel_and_the_substrate ... ok
test driver::portolan_tests::the_vertex_under_the_cursor_matches_the_window_at_every_zoom_and_offset ... ok
test driver::portolan_tests::the_overlay_leaves_ordinary_ground_to_the_raster ... ok
test driver::portolan_tests::the_world_view_strip_names_the_equator_on_the_spinning_default_world ... ok
test overture::tests::the_whole_substrate_is_on_screen_at_the_eighty_column_floor ... ok
test overture::tests::with_no_timings_on_disk_the_frame_draws_no_bar ... ok
test overture::timings::tests::a_damaged_file_degrades_to_the_lines_it_can_read ... ok
test overture::timings::tests::a_fraction_needs_a_nonzero_baseline_and_reports_an_overrun_honestly ... ok
test overture::timings::tests::the_clock_advances_no_further_than_the_last_phase ... ok
test overture::timings::tests::the_clock_attributes_each_duration_to_the_phase_it_closed ... ok
test overture::timings::tests::an_absent_file_is_the_first_ever_run_not_an_error ... ok
test overture::timings::tests::the_file_round_trips_every_phase_including_a_measured_zero ... ok
test overture::timings::tests::the_format_is_the_one_the_module_doc_states ... ok
test overture::timings::tests::saving_then_loading_is_the_identity_and_creates_the_directory ... ok
test overture::almanac::tests::no_oceans_and_wasteland_are_silent_one_rung_early_via_the_registry ... ok
test overture::almanac::tests::wasteland_does_not_fire_from_absent_climate_before_settlements ... ok
test overture::tests::a_view_that_cannot_speak_at_a_rung_is_skipped_not_blanked ... ok
test overture::tests::the_phase_in_progress_is_the_one_after_the_last_completed_rung ... ok
test overture::tests::the_fact_count_comes_off_the_observed_world_not_a_guess ... ok
test overture::tests::the_silent_view_joins_the_cycle_once_its_rung_lands ... ok
test overture::tests::the_composed_screen_never_shows_a_stale_panel_under_a_no_view_header ... ok
test overture::tongue::tests::the_tongue_is_silent_before_there_are_peoples ... ok
test overture::tests::every_phase_including_the_one_with_no_rung_can_be_closed_and_recorded ... ok
test plate::tests::a_discovery_does_not_change_the_terrain_layer ... ok
test plate::tests::a_cave_that_wins_no_vote_is_still_drawn ... ok
test plate::tests::a_band_b_plate_costs_far_fewer_searches_than_it_has_tiles ... ok
test plate::tests::a_drawn_river_has_no_interior ... ok
test plate::tests::a_narrow_plate_draws_a_subrect_of_the_wide_one ... ok
test plate::tests::a_drawn_river_is_connected_at_every_rung ... ok
test plate::tests::a_land_cell_tints_when_colour_is_allowed_and_is_plain_when_it_is_not ... ok
test plate::tests::a_settlement_outranks_a_cave_on_the_same_cell ... ok
test plate::tests::a_placed_site_draws_at_its_facet_and_not_at_its_vertex ... ok
test plate::tests::a_plate_below_the_grid_carries_a_continuous_height ... ok
test plate::tests::an_unrecognised_mark_kind_still_draws ... ok
test plate::tests::a_tile_resolves_to_the_facet_that_contains_it ... ok
test plate::tests::draw_with_still_gates_a_volcano_on_discovery ... ok
test plate::tests::every_bin_glyph_constant_resolves_to_its_intended_population ... ok
test plate::tests::draw_with_draws_a_point_site_whether_or_not_it_is_discovered ... ok
test plate::tests::draw_with_is_the_composition_of_its_layers ... ok
test driver::portolan_tests::walk_band_scene_reads_the_cached_packet_not_a_fresh_purview_call ... ok
test plate::tests::sites_of_orders_by_salience_and_places_only_placed_kinds ... ok
test plate::tests::the_chart_width_is_the_meshs_own_equatorial_facet_count ... ok
test plate::tests::the_clamped_mercator_is_nearly_square_in_tiles ... ok
test plate::tests::every_blended_reading_stays_inside_its_own_samples ... ok
test plate::tests::mesh_addressing_agrees_with_the_spatial_search ... ok
test driver::portolan_tests::zoom_out_at_the_coarsest_rung_does_nothing_further ... ok
test plate::tests::the_perception_overlay_paints_the_observer_and_marks_and_never_bare_ground ... ok
test plate::tests::the_perception_overlay_settles_a_contested_box_by_rank_in_either_order ... ok
test plate::tests::standing_in_a_placed_sites_room_finds_it_and_its_vertexs_room_does_not ... ok
test plate::tests::virtual_dims_come_from_the_mesh_not_the_plate ... ok
test rate::tests::a_layer_reading_faster_data_than_its_own_rate_is_a_violation ... ok
test rate::tests::a_layer_reading_only_slower_or_equal_data_is_clean ... ok
test state_dir::tests::a_relative_override_is_refused_and_falls_through ... ok
test state_dir::tests::an_empty_or_whitespace_value_counts_as_unset ... ok
test state_dir::tests::home_is_the_last_resort_and_lands_under_dot_cache ... ok
test state_dir::tests::nothing_set_means_nowhere_to_keep_state ... ok
test state_dir::tests::the_override_wins_over_both_xdg_and_home ... ok
test state_dir::tests::xdg_wins_over_home_and_gains_the_app_directory ... ok
test plate::tests::the_grid_level_is_read_from_the_geosphere ... ok
test overture::genesis::tests::the_real_worker_reports_every_rung_in_order_and_then_the_world ... ok
test overture::atlas::tests::render_is_pure_given_the_same_terrain_reference ... ok
test overture::atlas::tests::settlements_appear_in_the_atlas_only_once_placed ... ok
test overture::atlas::tests::the_memo_rebuilds_for_a_different_terrain_reference ... ok
test plate::tests::the_feature_layer_draws_every_site_whether_or_not_it_is_discovered ... ok
test driver::portolan_tests::zoom_in_climbs_one_step_at_a_time ... ok
test plate::tests::the_finest_rung_needs_no_subsampling ... ok
test plate::tests::the_plate_fits_the_eighty_by_twenty_four_floor_exactly ... ok
test tiles::tests::a_frame_change_evicts_the_old_projections_tiles ... ok
test overture::almanac::tests::peoples_is_silent_at_zero_and_speaks_once_settlements_exist ... ok
test overture::almanac::tests::almanac_view_always_speaks_and_grows_with_rung ... ok
test overture::almanac::tests::a_component_is_skipped_until_its_rung_lands ... ok
test overture::almanac::tests::what_is_strange_names_only_what_is_true_of_this_world ... ok
test driver::portolan_tests::zoom_plus_at_the_ladders_ceiling_keeps_the_players_scroll ... ok
test overture::almanac::tests::wasteland_is_silent_at_settlements_for_a_hospitable_world ... ok
test overture::atlas::tests::the_real_build_observer_reports_how_often_terrain_actually_moves ... ok
test tiles::tests::composing_across_the_seam_matches_the_uncached_draw ... ok
test tiles::tests::a_tile_past_the_chart_is_empty_rather_than_fabricated ... ok
test tiles::tests::a_recentred_frame_is_not_served_the_old_projections_tiles ... ok
test tiles::tests::a_rung_change_does_not_serve_stale_tiles ... ok
test driver::portolan_tests::zoom_plus_on_the_walk_band_alone_is_a_no_op ... ok
test driver::portolan_tests::zoom_in_climbs_to_band_b_and_saturates_there ... ok
test overture::tongue::tests::sample_is_none_before_full ... ok
test overture::tongue::tests::render_before_full_is_blank_rather_than_a_placeholder ... ok
test overture::tongue::tests::flagship_of_finds_no_species_at_settlements_even_though_a_settlement_exists ... ok
test tiles::tests::the_warm_halo_survives_a_short_pan_and_back ... ok
test tiles::tests::a_resize_to_a_subrect_renders_no_new_tiles ... ok
test overture::sky::tests::the_sky_is_complete_at_the_very_first_rung ... ok
test tiles::tests::the_last_tile_row_is_truncated_to_the_charts_own_height ... ok
test overture::tongue::tests::a_tongue_gap_is_shown_honestly_not_hidden ... ok
test overture::tongue::tests::assembling_the_tongue_is_cheap_for_one_speaker ... ok
test overture::tongue::tests::render_shows_both_lines_at_full ... ok
test overture::tongue::tests::one_clause_is_realized_in_common_and_in_the_tongue ... ok
test overture::tongue::tests::render_is_pure_given_the_same_arguments ... ok
test tiles::tests::a_long_pan_evicts_the_far_field_and_keeps_the_hot_ring ... ok
test tiles::tests::two_frames_one_ulp_apart_are_two_entries ... ok
test tiles::tests::composing_matches_the_uncached_draw_at_every_shipped_rung ... ok
test driver::prose_pane_tests::map_out_n_still_returns_the_sims_own_picture ... ok
test driver::portolan_tests::zoom_out_from_band_b_steps_one_rung_into_the_world_view ... ok
test driver::portolan_tests::strip_offset_is_a_pure_function_of_actions_taken_not_of_time_elapsed ... ok
test tiles::tests::scrolling_one_column_reuses_every_tile_but_the_new_edge ... ok
test driver::prose_pane_tests::no_escape_sequence_reaches_the_prose_channel ... ok
test driver::prose_pane_tests::a_bare_map_gesture_does_not_send_the_verb ... ok
test driver::prose_pane_tests::stripping_the_escapes_leaves_the_picture_standing ... ok
test driver::portolan_tests::zooming_out_of_band_b_lands_where_the_reader_was_looking ... ok
test driver::portolan_tests::standing_in_a_placed_sites_room_discovers_it_and_the_map_keeps_drawing_it ... ok
test driver::prose_pane_tests::a_bare_map_gesture_from_the_map_still_sends_nothing ... ok
test driver::prose_pane_tests::the_chart_vocabulary_carries_at_most_one_letter ... ok
test driver::prose_pane_tests::the_tinted_fixture_really_does_make_the_sim_emit_escapes ... ok
test tiles::tests::cache_pressure_gives_up_the_warm_halo_and_keeps_the_hot_ring ... ok
test driver::portolan_tests::site_drawing_never_depends_on_discovery_and_the_cursor_never_leaks_a_name ... ok
test tiles::tests::a_moving_sun_does_not_grow_the_cache_without_bound ... ok

test result: ok. 282 passed; 0 failed; 0 ignored; 0 measured; 0 filtered out; finished in 58.30s

     Running unittests src/main.rs (clients/game/target/debug/deps/hornvale_game-586af83b8ec54afc)

running 0 tests

test result: ok. 0 passed; 0 failed; 0 ignored; 0 measured; 0 filtered out; finished in 0.00s

     Running tests/boot.rs (clients/game/target/debug/deps/boot-251c554a242dd166)

running 1 test
test a_failing_genesis_still_leaves_the_terminal_restored ... ok

test result: ok. 1 passed; 0 failed; 0 ignored; 0 measured; 0 filtered out; finished in 0.00s

     Running tests/driver.rs (clients/game/target/debug/deps/driver-c131e901efd57c15)

running 25 tests
test handling_a_verb_advances_the_turn ... ok
test submitting_empties_the_buffer ... ok
test the_driver_yields_json_the_core_can_render ... ok
test a_move_action_echoes_historys_and_leaves_the_buffer_alone ... ok
test startup_focus_is_walk ... ok
test esc_and_map_submissions_walk_the_three_focuses ... ok
test handle_return_value_reports_whether_the_session_released ... ok
test a_printable_key_on_the_map_bounces_focus_and_types ... ok
test the_submitted_line_is_echoed_into_the_entry ... ok
test enter_on_an_empty_line_costs_no_turn ... ok
test map_focus_at_an_unresolved_band_refuses_rather_than_resolving ... ok
test map_focus_at_band_b_keeps_the_picture_the_cursor_and_the_strip_on_one_plate ... ok
test an_ordinary_verb_does_not_report_a_release ... ok
test map_focus_at_the_walk_band_resolves_a_real_name ... ok
test the_cursor_clamp_tracks_the_real_plate_height_too ... ok
test releasing_still_returns_a_parseable_snapshot ... ok
test the_walk_view_draws_the_raster_across_at_least_half_the_terminal ... ok
test resize_re_centres_band_b_on_the_observer_at_the_new_plate_height ... ok
test the_walk_view_follows_the_walker_across_a_long_walk ... ok
test both_release_synonyms_end_the_possession ... ok
test moving_the_cursor_off_the_observers_box_changes_the_strip ... ok
test leaving_the_map_at_a_coarse_rung_returns_the_walker_to_their_own_band ... ok
test a_whole_typed_line_reaches_the_sim_and_its_answer_returns ... ok
test the_most_populous_target_selects_a_different_settlement_than_flagship ... ok
test only_bare_map_enters_the_map ... ok

test result: ok. 25 passed; 0 failed; 0 ignored; 0 measured; 0 filtered out; finished in 52.88s

     Running tests/plate_vocabulary.rs (clients/game/target/debug/deps/plate_vocabulary-db1ad81e21d65a3c)

running 4 tests
test the_ocean_land_boundary_still_agrees_with_the_terrain ... ok
test seed_42_draws_more_than_two_distinct_terrain_glyphs ... ok
test every_drawn_glyph_is_claimed_by_the_register ... ok
test seed_42_draws_at_least_one_of_each_landform_it_actually_has ... ok

test result: ok. 4 passed; 0 failed; 0 ignored; 0 measured; 0 filtered out; finished in 1.00s

     Running tests/state_dir.rs (clients/game/target/debug/deps/state_dir-6b21d32656e904aa)

running 2 tests
test a_relative_override_is_ignored_by_the_real_resolver_too ... ok
test the_real_disk_glue_round_trips_through_the_env_override ... ok

test result: ok. 2 passed; 0 failed; 0 ignored; 0 measured; 0 filtered out; finished in 0.00s

     Running tests/walk_band_agreement.rs (clients/game/target/debug/deps/walk_band_agreement-5c9d6746f3ce8850)

running 1 test
test band_b_is_drawn_at_the_sims_own_walk_depth ... ok

test result: ok. 1 passed; 0 failed; 0 ignored; 0 measured; 0 filtered out; finished in 2.22s

     Running tests/wash.rs (clients/game/target/debug/deps/wash-c5d2d56012485126)

running 18 tests
test an_unplaceable_sun_lights_the_plate_flat ... ok
test the_reflectance_key_changes_between_midwinter_and_midsummer ... ok
test two_instants_in_one_season_share_a_bucket ... ok
test wash_collapse::the_glyph_still_carries_elevation_order ... ok
test wash_collapse::the_plates_declared_layers_satisfy_the_rate_spine ... ok
test wash_collapse::the_rate_ladder_runs_coarse_to_fine_in_the_declared_order ... ok
test wash_collapse::the_spine_still_objects_to_a_terrain_layer_declared_coarser_than_its_light ... ok
test wash_collapse::the_same_plate_does_claim_colour_when_the_terminal_can_show_it ... ok
test two_tiles_in_one_band_with_different_ground_differ_spectrally ... ok
test wash_collapse::the_plate_renders_more_distinct_colours_than_the_elevation_ladder_could ... ok
test wash_collapse::the_plates_colours_differ_in_hue_and_not_only_in_value ... ok
test wash_collapse::a_no_colour_plate_emits_no_colour_and_still_shows_relief ... ok
test a_low_sun_is_warmer_than_a_high_one ... ok
test a_same_season_redraw_is_served_from_the_cache_rather_than_recomputed ... ok
test a_redraw_in_the_same_season_adds_no_cache_entries ... ok
test plate_illuminant_at_is_deterministic_across_repeated_calls ... ok
test a_redraw_in_a_different_season_misses_and_mints_a_new_entry ... ok
test wash_seasonal::midwinter_differs_from_midsummer_directionally_at_a_place_that_snows ... ok

test result: ok. 18 passed; 0 failed; 0 ignored; 0 measured; 0 filtered out; finished in 19.34s

   Doc-tests hornvale_game

running 2 tests
test bin/src/overture/mod.rs - overture::Frame (line 80) - compile ... ok
test bin/src/overture/mod.rs - overture::Frame::finish_phase (line 219) - compile ... ok

test result: ok. 2 passed; 0 failed; 0 ignored; 0 measured; 0 filtered out; finished in 0.00s

all doctests ran in 0.56s; merged doctests compilation took 0.55s
ok: hornvale-game-core has no hornvale dependency
----- atlas-check -----
cd clients/atlas && deno fmt --check && deno lint && deno task check && deno task test
Checked 10 files
Checked 9 files
[0m[32mTask[0m [0m[36mcheck[0m deno check src/
[0m[32mTask[0m [0m[36mtest[0m deno test --allow-read src/
[0m[38;5;245mrunning 2 tests from ./src/hittest_test.ts[0m
readout carries every field ... [0m[32mok[0m [0m[38;5;245m(4ms)[0m
feature hover finds the flagship near its canvas point ... [0m[32mok[0m [0m[38;5;245m(2ms)[0m
[0m[38;5;245mrunning 7 tests from ./src/palette_test.ts[0m
every layer paints every tile opaquely ... [0m[32mok[0m [0m[38;5;245m(6ms)[0m
biome tile 0 wears the ice color ... [0m[32mok[0m [0m[38;5;245m(1ms)[0m
deep ocean is darker than shallow ... [0m[32mok[0m [0m[38;5;245m(1ms)[0m
plate colors follow slot order mod 8 ... [0m[32mok[0m [0m[38;5;245m(1ms)[0m
unrest buckets are monotonic in lightness ... [0m[32mok[0m [0m[38;5;245m(940µs)[0m
biome index beyond the palette renders neutral gray ... [0m[32mok[0m [0m[38;5;245m(1ms)[0m
ocean layer is two-valued ... [0m[32mok[0m [0m[38;5;245m(714µs)[0m
[0m[38;5;245mrunning 6 tests from ./src/projection_test.ts[0m
initial viewport shows the whole lattice ... [0m[32mok[0m [0m[38;5;245m(3ms)[0m
canvas-tile round trip at zoom ... [0m[32mok[0m [0m[38;5;245m(682µs)[0m
zoom clamps to 1..16 ... [0m[32mok[0m [0m[38;5;245m(450µs)[0m
pan clamps so the lattice never fully leaves view ... [0m[32mok[0m [0m[38;5;245m(412µs)[0m
tile centers follow the schema grid convention ... [0m[32mok[0m [0m[38;5;245m(398µs)[0m
the clamp keeps the lattice covering the whole canvas ... [0m[32mok[0m [0m[38;5;245m(829µs)[0m
[0m[38;5;245mrunning 10 tests from ./src/scene_test.ts[0m
a valid document parses ... [0m[32mok[0m [0m[38;5;245m(6ms)[0m
wrong schema string is rejected by name ... [0m[32mok[0m [0m[38;5;245m(4ms)[0m
mismatched layer length is rejected by layer name ... [0m[32mok[0m [0m[38;5;245m(1ms)[0m
out-of-range biome index is rejected ... [0m[32mok[0m [0m[38;5;245m(1ms)[0m
height must be width over two ... [0m[32mok[0m [0m[38;5;245m(2ms)[0m
malformed feature is rejected ... [0m[32mok[0m [0m[38;5;245m(1ms)[0m
non-object documents are rejected as scene errors ... [0m[32mok[0m [0m[38;5;245m(1ms)[0m
fractional dimensions are rejected ... [0m[32mok[0m [0m[38;5;245m(1ms)[0m
the committed gallery scene parses ... [0m[32mok[0m [0m[38;5;245m(251ms)[0m
the crate's golden fixture parses ... [0m[32mok[0m [0m[38;5;245m(3ms)[0m

[0m[32mok[0m | 25 passed | 0 failed [0m[38;5;245m(1s)[0m

cd clients/atlas && deno task build
[0m[32mTask[0m [0m[36mbuild[0m deno bundle --platform browser --minify -o ../../book/src/gallery/atlas.js src/main.ts
⚠️  [0m[36mdeno bundle[0m is experimental and subject to changes
[0m[32mBundled[0m 5 modules in 22ms
  [0m[36m../../book/src/gallery/atlas.js[0m [0m[38;5;245m6.85KB[0m

timed.sh: 'sluice:clients' wall=140.876s user=2068.204s sys=166.747s cpu_ratio=15.86 (recorded) rc=0
sluice-run: committed tracked drift from clients
sluice-run: all phases green at 177cf5572.
sluice-run: STAGE REPORT — every phase green on merge product f8796bb0df318f2b2b56d6aaf80f1eb934526e49 (final tree 177cf5572cab137fd138225ffd41a01dce5b00a6).
sluice-run: nothing pushed; main is unchanged at 5dbfefee38c54a4375907c28d23b39841cd49452. kind=stage.
sluice-run: finished 2026-09-05T19:18:59-04:00 rc=0 why=exit
