{"schema":"scene/moons/v1","seed":42,"moons":[{"index":0,"mass_rel":2.2430426,"radius_km":2274.7776,"surface_gravity_ms2":2.1241234,"albedo":0.084477593,"cratering":0.29697289,"maria_fraction":0.69371891,"tint":[0.75070696,0.68400633,0.68077909],"surface_class":"maria-rich","density_g_cm3":3.34,"formation":"giant-impact"},{"index":1,"mass_rel":0.69991131,"radius_km":1599.1254,"surface_gravity_ms2":1.3412141,"albedo":0.14140231,"cratering":0.73712226,"maria_fraction":0.19465874,"tint":[0.72242237,0.67958543,0.69486849],"surface_class":"heavily-cratered","density_g_cm3":3.0,"formation":"capture"}]}
