{"schema":"scene/system/v1","seed":42,"star":{"class_name":"yellow dwarf (G)","luminosity_rel":0.7007954206338779,"hz_inner_au":0.7952784840054927,"hz_outer_au":1.1468752874605528},"world":{"orbit_au":0.9716464747336115,"year_days":368.05357093462703,"day_length_days":0.8798799803519574,"obliquity_deg":0.9593056670606165,"year_phase_offset":0.20941867934994152},"moons":[{"sidereal_days":15.993805342676167,"phase_offset":0.8575980840168401,"distance_mm":307.7443854122819,"size_rel":1.6350802728303127},{"sidereal_days":32.55499951908771,"phase_offset":0.25842259237949694,"distance_mm":494.27357925778716,"size_rel":0.6904999509033241}]}
