{"schema":"scene/system/v1","seed":42,"star":{"class_name":"yellow dwarf (G)","luminosity_rel":0.70079542,"hz_inner_au":0.79527848,"hz_outer_au":1.1468753},"world":{"orbit_au":0.97164647,"year_days":368.05357,"day_length_days":0.87987998,"obliquity_deg":0.95930567,"year_phase_offset":0.20941868},"moons":[{"sidereal_days":15.993805,"phase_offset":0.85759808,"distance_mm":307.74439,"size_rel":1.6350803},{"sidereal_days":32.555,"phase_offset":0.25842259,"distance_mm":494.27358,"size_rel":0.69049995}]}
